"model","reference_date","horizon","target_end_date","target_group","output_type","output_type_id","value"
"Regular Baseline","2026-07-11",-2,"2026-06-27","Adults","quantile","0.01",128
"Regular Baseline","2026-07-11",-2,"2026-06-27","Adults","quantile","0.025",137
"Regular Baseline","2026-07-11",-2,"2026-06-27","Adults","quantile","0.05",143
"Regular Baseline","2026-07-11",-2,"2026-06-27","Adults","quantile","0.1",152
"Regular Baseline","2026-07-11",-2,"2026-06-27","Adults","quantile","0.15",159
"Regular Baseline","2026-07-11",-2,"2026-06-27","Adults","quantile","0.2",163
"Regular Baseline","2026-07-11",-2,"2026-06-27","Adults","quantile","0.25",166
"Regular Baseline","2026-07-11",-2,"2026-06-27","Adults","quantile","0.3",169
"Regular Baseline","2026-07-11",-2,"2026-06-27","Adults","quantile","0.35",171
"Regular Baseline","2026-07-11",-2,"2026-06-27","Adults","quantile","0.4",174
"Regular Baseline","2026-07-11",-2,"2026-06-27","Adults","quantile","0.45",176
"Regular Baseline","2026-07-11",-2,"2026-06-27","Adults","quantile","0.5",179
"Regular Baseline","2026-07-11",-2,"2026-06-27","Adults","quantile","0.55",182
"Regular Baseline","2026-07-11",-2,"2026-06-27","Adults","quantile","0.6",184
"Regular Baseline","2026-07-11",-2,"2026-06-27","Adults","quantile","0.65",187
"Regular Baseline","2026-07-11",-2,"2026-06-27","Adults","quantile","0.7",190
"Regular Baseline","2026-07-11",-2,"2026-06-27","Adults","quantile","0.75",192
"Regular Baseline","2026-07-11",-2,"2026-06-27","Adults","quantile","0.8",195
"Regular Baseline","2026-07-11",-2,"2026-06-27","Adults","quantile","0.85",200
"Regular Baseline","2026-07-11",-2,"2026-06-27","Adults","quantile","0.9",208
"Regular Baseline","2026-07-11",-2,"2026-06-27","Adults","quantile","0.95",219
"Regular Baseline","2026-07-11",-2,"2026-06-27","Adults","quantile","0.975",227
"Regular Baseline","2026-07-11",-2,"2026-06-27","Adults","quantile","0.99",238
"Regular Baseline","2026-07-11",-1,"2026-07-04","Adults","quantile","0.01",113
"Regular Baseline","2026-07-11",-1,"2026-07-04","Adults","quantile","0.025",123
"Regular Baseline","2026-07-11",-1,"2026-07-04","Adults","quantile","0.05",131
"Regular Baseline","2026-07-11",-1,"2026-07-04","Adults","quantile","0.1",142
"Regular Baseline","2026-07-11",-1,"2026-07-04","Adults","quantile","0.15",149
"Regular Baseline","2026-07-11",-1,"2026-07-04","Adults","quantile","0.2",155
"Regular Baseline","2026-07-11",-1,"2026-07-04","Adults","quantile","0.25",160
"Regular Baseline","2026-07-11",-1,"2026-07-04","Adults","quantile","0.3",164
"Regular Baseline","2026-07-11",-1,"2026-07-04","Adults","quantile","0.35",168
"Regular Baseline","2026-07-11",-1,"2026-07-04","Adults","quantile","0.4",172
"Regular Baseline","2026-07-11",-1,"2026-07-04","Adults","quantile","0.45",175
"Regular Baseline","2026-07-11",-1,"2026-07-04","Adults","quantile","0.5",179
"Regular Baseline","2026-07-11",-1,"2026-07-04","Adults","quantile","0.55",182
"Regular Baseline","2026-07-11",-1,"2026-07-04","Adults","quantile","0.6",186
"Regular Baseline","2026-07-11",-1,"2026-07-04","Adults","quantile","0.65",190
"Regular Baseline","2026-07-11",-1,"2026-07-04","Adults","quantile","0.7",195
"Regular Baseline","2026-07-11",-1,"2026-07-04","Adults","quantile","0.75",200
"Regular Baseline","2026-07-11",-1,"2026-07-04","Adults","quantile","0.8",205
"Regular Baseline","2026-07-11",-1,"2026-07-04","Adults","quantile","0.85",212
"Regular Baseline","2026-07-11",-1,"2026-07-04","Adults","quantile","0.9",220
"Regular Baseline","2026-07-11",-1,"2026-07-04","Adults","quantile","0.95",234
"Regular Baseline","2026-07-11",-1,"2026-07-04","Adults","quantile","0.975",247
"Regular Baseline","2026-07-11",-1,"2026-07-04","Adults","quantile","0.99",263
"Regular Baseline","2026-07-11",0,"2026-07-11","Adults","quantile","0.01",99
"Regular Baseline","2026-07-11",0,"2026-07-11","Adults","quantile","0.025",111
"Regular Baseline","2026-07-11",0,"2026-07-11","Adults","quantile","0.05",121
"Regular Baseline","2026-07-11",0,"2026-07-11","Adults","quantile","0.1",133
"Regular Baseline","2026-07-11",0,"2026-07-11","Adults","quantile","0.15",142
"Regular Baseline","2026-07-11",0,"2026-07-11","Adults","quantile","0.2",149
"Regular Baseline","2026-07-11",0,"2026-07-11","Adults","quantile","0.25",154
"Regular Baseline","2026-07-11",0,"2026-07-11","Adults","quantile","0.3",160
"Regular Baseline","2026-07-11",0,"2026-07-11","Adults","quantile","0.35",165
"Regular Baseline","2026-07-11",0,"2026-07-11","Adults","quantile","0.4",170
"Regular Baseline","2026-07-11",0,"2026-07-11","Adults","quantile","0.45",174
"Regular Baseline","2026-07-11",0,"2026-07-11","Adults","quantile","0.5",179
"Regular Baseline","2026-07-11",0,"2026-07-11","Adults","quantile","0.55",183
"Regular Baseline","2026-07-11",0,"2026-07-11","Adults","quantile","0.6",188
"Regular Baseline","2026-07-11",0,"2026-07-11","Adults","quantile","0.65",193
"Regular Baseline","2026-07-11",0,"2026-07-11","Adults","quantile","0.7",198
"Regular Baseline","2026-07-11",0,"2026-07-11","Adults","quantile","0.75",204
"Regular Baseline","2026-07-11",0,"2026-07-11","Adults","quantile","0.8",211
"Regular Baseline","2026-07-11",0,"2026-07-11","Adults","quantile","0.85",219
"Regular Baseline","2026-07-11",0,"2026-07-11","Adults","quantile","0.9",230
"Regular Baseline","2026-07-11",0,"2026-07-11","Adults","quantile","0.95",247
"Regular Baseline","2026-07-11",0,"2026-07-11","Adults","quantile","0.975",261
"Regular Baseline","2026-07-11",0,"2026-07-11","Adults","quantile","0.99",281
"Regular Baseline","2026-07-11",1,"2026-07-18","Adults","quantile","0.01",91
"Regular Baseline","2026-07-11",1,"2026-07-18","Adults","quantile","0.025",102
"Regular Baseline","2026-07-11",1,"2026-07-18","Adults","quantile","0.05",114
"Regular Baseline","2026-07-11",1,"2026-07-18","Adults","quantile","0.1",128
"Regular Baseline","2026-07-11",1,"2026-07-18","Adults","quantile","0.15",137
"Regular Baseline","2026-07-11",1,"2026-07-18","Adults","quantile","0.2",145
"Regular Baseline","2026-07-11",1,"2026-07-18","Adults","quantile","0.25",151
"Regular Baseline","2026-07-11",1,"2026-07-18","Adults","quantile","0.3",157
"Regular Baseline","2026-07-11",1,"2026-07-18","Adults","quantile","0.35",163
"Regular Baseline","2026-07-11",1,"2026-07-18","Adults","quantile","0.4",168
"Regular Baseline","2026-07-11",1,"2026-07-18","Adults","quantile","0.45",174
"Regular Baseline","2026-07-11",1,"2026-07-18","Adults","quantile","0.5",179
"Regular Baseline","2026-07-11",1,"2026-07-18","Adults","quantile","0.55",184
"Regular Baseline","2026-07-11",1,"2026-07-18","Adults","quantile","0.6",190
"Regular Baseline","2026-07-11",1,"2026-07-18","Adults","quantile","0.65",195
"Regular Baseline","2026-07-11",1,"2026-07-18","Adults","quantile","0.7",202
"Regular Baseline","2026-07-11",1,"2026-07-18","Adults","quantile","0.75",208
"Regular Baseline","2026-07-11",1,"2026-07-18","Adults","quantile","0.8",216
"Regular Baseline","2026-07-11",1,"2026-07-18","Adults","quantile","0.85",226
"Regular Baseline","2026-07-11",1,"2026-07-18","Adults","quantile","0.9",238
"Regular Baseline","2026-07-11",1,"2026-07-18","Adults","quantile","0.95",259
"Regular Baseline","2026-07-11",1,"2026-07-18","Adults","quantile","0.975",278
"Regular Baseline","2026-07-11",1,"2026-07-18","Adults","quantile","0.99",301
"Regular Baseline","2026-07-11",2,"2026-07-25","Adults","quantile","0.01",84
"Regular Baseline","2026-07-11",2,"2026-07-25","Adults","quantile","0.025",97
"Regular Baseline","2026-07-11",2,"2026-07-25","Adults","quantile","0.05",108
"Regular Baseline","2026-07-11",2,"2026-07-25","Adults","quantile","0.1",123
"Regular Baseline","2026-07-11",2,"2026-07-25","Adults","quantile","0.15",133
"Regular Baseline","2026-07-11",2,"2026-07-25","Adults","quantile","0.2",142
"Regular Baseline","2026-07-11",2,"2026-07-25","Adults","quantile","0.25",149
"Regular Baseline","2026-07-11",2,"2026-07-25","Adults","quantile","0.3",155
"Regular Baseline","2026-07-11",2,"2026-07-25","Adults","quantile","0.35",161
"Regular Baseline","2026-07-11",2,"2026-07-25","Adults","quantile","0.4",167
"Regular Baseline","2026-07-11",2,"2026-07-25","Adults","quantile","0.45",173
"Regular Baseline","2026-07-11",2,"2026-07-25","Adults","quantile","0.5",179
"Regular Baseline","2026-07-11",2,"2026-07-25","Adults","quantile","0.55",185
"Regular Baseline","2026-07-11",2,"2026-07-25","Adults","quantile","0.6",191
"Regular Baseline","2026-07-11",2,"2026-07-25","Adults","quantile","0.65",198
"Regular Baseline","2026-07-11",2,"2026-07-25","Adults","quantile","0.7",205
"Regular Baseline","2026-07-11",2,"2026-07-25","Adults","quantile","0.75",212
"Regular Baseline","2026-07-11",2,"2026-07-25","Adults","quantile","0.8",221
"Regular Baseline","2026-07-11",2,"2026-07-25","Adults","quantile","0.85",232
"Regular Baseline","2026-07-11",2,"2026-07-25","Adults","quantile","0.9",245
"Regular Baseline","2026-07-11",2,"2026-07-25","Adults","quantile","0.95",269
"Regular Baseline","2026-07-11",2,"2026-07-25","Adults","quantile","0.975",288
"Regular Baseline","2026-07-11",2,"2026-07-25","Adults","quantile","0.99",313
"Regular Baseline","2026-07-11",3,"2026-08-01","Adults","quantile","0.01",75
"Regular Baseline","2026-07-11",3,"2026-08-01","Adults","quantile","0.025",89
"Regular Baseline","2026-07-11",3,"2026-08-01","Adults","quantile","0.05",102
"Regular Baseline","2026-07-11",3,"2026-08-01","Adults","quantile","0.1",117
"Regular Baseline","2026-07-11",3,"2026-08-01","Adults","quantile","0.15",129
"Regular Baseline","2026-07-11",3,"2026-08-01","Adults","quantile","0.2",138
"Regular Baseline","2026-07-11",3,"2026-08-01","Adults","quantile","0.25",145
"Regular Baseline","2026-07-11",3,"2026-08-01","Adults","quantile","0.3",152
"Regular Baseline","2026-07-11",3,"2026-08-01","Adults","quantile","0.35",159
"Regular Baseline","2026-07-11",3,"2026-08-01","Adults","quantile","0.4",165
"Regular Baseline","2026-07-11",3,"2026-08-01","Adults","quantile","0.45",172
"Regular Baseline","2026-07-11",3,"2026-08-01","Adults","quantile","0.5",179
"Regular Baseline","2026-07-11",3,"2026-08-01","Adults","quantile","0.55",185
"Regular Baseline","2026-07-11",3,"2026-08-01","Adults","quantile","0.6",192
"Regular Baseline","2026-07-11",3,"2026-08-01","Adults","quantile","0.65",200
"Regular Baseline","2026-07-11",3,"2026-08-01","Adults","quantile","0.7",208
"Regular Baseline","2026-07-11",3,"2026-08-01","Adults","quantile","0.75",217
"Regular Baseline","2026-07-11",3,"2026-08-01","Adults","quantile","0.8",226
"Regular Baseline","2026-07-11",3,"2026-08-01","Adults","quantile","0.85",238
"Regular Baseline","2026-07-11",3,"2026-08-01","Adults","quantile","0.9",254
"Regular Baseline","2026-07-11",3,"2026-08-01","Adults","quantile","0.95",277
"Regular Baseline","2026-07-11",3,"2026-08-01","Adults","quantile","0.975",299
"Regular Baseline","2026-07-11",3,"2026-08-01","Adults","quantile","0.99",330
"Regular Baseline","2026-07-11",-2,"2026-06-27","Overall","quantile","0.01",227
"Regular Baseline","2026-07-11",-2,"2026-06-27","Overall","quantile","0.025",242
"Regular Baseline","2026-07-11",-2,"2026-06-27","Overall","quantile","0.05",257
"Regular Baseline","2026-07-11",-2,"2026-06-27","Overall","quantile","0.1",272
"Regular Baseline","2026-07-11",-2,"2026-06-27","Overall","quantile","0.15",281
"Regular Baseline","2026-07-11",-2,"2026-06-27","Overall","quantile","0.2",288
"Regular Baseline","2026-07-11",-2,"2026-06-27","Overall","quantile","0.25",295
"Regular Baseline","2026-07-11",-2,"2026-06-27","Overall","quantile","0.3",299
"Regular Baseline","2026-07-11",-2,"2026-06-27","Overall","quantile","0.35",303
"Regular Baseline","2026-07-11",-2,"2026-06-27","Overall","quantile","0.4",309
"Regular Baseline","2026-07-11",-2,"2026-06-27","Overall","quantile","0.45",314
"Regular Baseline","2026-07-11",-2,"2026-06-27","Overall","quantile","0.5",318
"Regular Baseline","2026-07-11",-2,"2026-06-27","Overall","quantile","0.55",322
"Regular Baseline","2026-07-11",-2,"2026-06-27","Overall","quantile","0.6",327
"Regular Baseline","2026-07-11",-2,"2026-06-27","Overall","quantile","0.65",333
"Regular Baseline","2026-07-11",-2,"2026-06-27","Overall","quantile","0.7",338
"Regular Baseline","2026-07-11",-2,"2026-06-27","Overall","quantile","0.75",342
"Regular Baseline","2026-07-11",-2,"2026-06-27","Overall","quantile","0.8",350
"Regular Baseline","2026-07-11",-2,"2026-06-27","Overall","quantile","0.85",358
"Regular Baseline","2026-07-11",-2,"2026-06-27","Overall","quantile","0.9",367
"Regular Baseline","2026-07-11",-2,"2026-06-27","Overall","quantile","0.95",386
"Regular Baseline","2026-07-11",-2,"2026-06-27","Overall","quantile","0.975",404
"Regular Baseline","2026-07-11",-2,"2026-06-27","Overall","quantile","0.99",424
"Regular Baseline","2026-07-11",-1,"2026-07-04","Overall","quantile","0.01",197
"Regular Baseline","2026-07-11",-1,"2026-07-04","Overall","quantile","0.025",216
"Regular Baseline","2026-07-11",-1,"2026-07-04","Overall","quantile","0.05",233
"Regular Baseline","2026-07-11",-1,"2026-07-04","Overall","quantile","0.1",252
"Regular Baseline","2026-07-11",-1,"2026-07-04","Overall","quantile","0.15",264
"Regular Baseline","2026-07-11",-1,"2026-07-04","Overall","quantile","0.2",274
"Regular Baseline","2026-07-11",-1,"2026-07-04","Overall","quantile","0.25",283
"Regular Baseline","2026-07-11",-1,"2026-07-04","Overall","quantile","0.3",292
"Regular Baseline","2026-07-11",-1,"2026-07-04","Overall","quantile","0.35",299
"Regular Baseline","2026-07-11",-1,"2026-07-04","Overall","quantile","0.4",305
"Regular Baseline","2026-07-11",-1,"2026-07-04","Overall","quantile","0.45",311
"Regular Baseline","2026-07-11",-1,"2026-07-04","Overall","quantile","0.5",318
"Regular Baseline","2026-07-11",-1,"2026-07-04","Overall","quantile","0.55",325
"Regular Baseline","2026-07-11",-1,"2026-07-04","Overall","quantile","0.6",331
"Regular Baseline","2026-07-11",-1,"2026-07-04","Overall","quantile","0.65",338
"Regular Baseline","2026-07-11",-1,"2026-07-04","Overall","quantile","0.7",345
"Regular Baseline","2026-07-11",-1,"2026-07-04","Overall","quantile","0.75",353
"Regular Baseline","2026-07-11",-1,"2026-07-04","Overall","quantile","0.8",362
"Regular Baseline","2026-07-11",-1,"2026-07-04","Overall","quantile","0.85",375
"Regular Baseline","2026-07-11",-1,"2026-07-04","Overall","quantile","0.9",390
"Regular Baseline","2026-07-11",-1,"2026-07-04","Overall","quantile","0.95",413
"Regular Baseline","2026-07-11",-1,"2026-07-04","Overall","quantile","0.975",434
"Regular Baseline","2026-07-11",-1,"2026-07-04","Overall","quantile","0.99",459
"Regular Baseline","2026-07-11",0,"2026-07-11","Overall","quantile","0.01",177
"Regular Baseline","2026-07-11",0,"2026-07-11","Overall","quantile","0.025",198
"Regular Baseline","2026-07-11",0,"2026-07-11","Overall","quantile","0.05",216
"Regular Baseline","2026-07-11",0,"2026-07-11","Overall","quantile","0.1",239
"Regular Baseline","2026-07-11",0,"2026-07-11","Overall","quantile","0.15",253
"Regular Baseline","2026-07-11",0,"2026-07-11","Overall","quantile","0.2",266
"Regular Baseline","2026-07-11",0,"2026-07-11","Overall","quantile","0.25",276
"Regular Baseline","2026-07-11",0,"2026-07-11","Overall","quantile","0.3",286
"Regular Baseline","2026-07-11",0,"2026-07-11","Overall","quantile","0.35",294
"Regular Baseline","2026-07-11",0,"2026-07-11","Overall","quantile","0.4",302
"Regular Baseline","2026-07-11",0,"2026-07-11","Overall","quantile","0.45",310
"Regular Baseline","2026-07-11",0,"2026-07-11","Overall","quantile","0.5",318
"Regular Baseline","2026-07-11",0,"2026-07-11","Overall","quantile","0.55",326
"Regular Baseline","2026-07-11",0,"2026-07-11","Overall","quantile","0.6",334
"Regular Baseline","2026-07-11",0,"2026-07-11","Overall","quantile","0.65",343
"Regular Baseline","2026-07-11",0,"2026-07-11","Overall","quantile","0.7",352
"Regular Baseline","2026-07-11",0,"2026-07-11","Overall","quantile","0.75",363
"Regular Baseline","2026-07-11",0,"2026-07-11","Overall","quantile","0.8",375
"Regular Baseline","2026-07-11",0,"2026-07-11","Overall","quantile","0.85",389
"Regular Baseline","2026-07-11",0,"2026-07-11","Overall","quantile","0.9",407
"Regular Baseline","2026-07-11",0,"2026-07-11","Overall","quantile","0.95",437
"Regular Baseline","2026-07-11",0,"2026-07-11","Overall","quantile","0.975",464
"Regular Baseline","2026-07-11",0,"2026-07-11","Overall","quantile","0.99",496
"Regular Baseline","2026-07-11",1,"2026-07-18","Overall","quantile","0.01",159
"Regular Baseline","2026-07-11",1,"2026-07-18","Overall","quantile","0.025",181
"Regular Baseline","2026-07-11",1,"2026-07-18","Overall","quantile","0.05",204
"Regular Baseline","2026-07-11",1,"2026-07-18","Overall","quantile","0.1",228
"Regular Baseline","2026-07-11",1,"2026-07-18","Overall","quantile","0.15",245
"Regular Baseline","2026-07-11",1,"2026-07-18","Overall","quantile","0.2",259
"Regular Baseline","2026-07-11",1,"2026-07-18","Overall","quantile","0.25",270
"Regular Baseline","2026-07-11",1,"2026-07-18","Overall","quantile","0.3",280
"Regular Baseline","2026-07-11",1,"2026-07-18","Overall","quantile","0.35",289
"Regular Baseline","2026-07-11",1,"2026-07-18","Overall","quantile","0.4",299
"Regular Baseline","2026-07-11",1,"2026-07-18","Overall","quantile","0.45",308
"Regular Baseline","2026-07-11",1,"2026-07-18","Overall","quantile","0.5",318
"Regular Baseline","2026-07-11",1,"2026-07-18","Overall","quantile","0.55",327
"Regular Baseline","2026-07-11",1,"2026-07-18","Overall","quantile","0.6",337
"Regular Baseline","2026-07-11",1,"2026-07-18","Overall","quantile","0.65",348
"Regular Baseline","2026-07-11",1,"2026-07-18","Overall","quantile","0.7",359
"Regular Baseline","2026-07-11",1,"2026-07-18","Overall","quantile","0.75",372
"Regular Baseline","2026-07-11",1,"2026-07-18","Overall","quantile","0.8",386
"Regular Baseline","2026-07-11",1,"2026-07-18","Overall","quantile","0.85",403
"Regular Baseline","2026-07-11",1,"2026-07-18","Overall","quantile","0.9",425
"Regular Baseline","2026-07-11",1,"2026-07-18","Overall","quantile","0.95",458
"Regular Baseline","2026-07-11",1,"2026-07-18","Overall","quantile","0.975",489
"Regular Baseline","2026-07-11",1,"2026-07-18","Overall","quantile","0.99",524
"Regular Baseline","2026-07-11",2,"2026-07-25","Overall","quantile","0.01",148
"Regular Baseline","2026-07-11",2,"2026-07-25","Overall","quantile","0.025",169
"Regular Baseline","2026-07-11",2,"2026-07-25","Overall","quantile","0.05",190
"Regular Baseline","2026-07-11",2,"2026-07-25","Overall","quantile","0.1",218
"Regular Baseline","2026-07-11",2,"2026-07-25","Overall","quantile","0.15",236
"Regular Baseline","2026-07-11",2,"2026-07-25","Overall","quantile","0.2",252
"Regular Baseline","2026-07-11",2,"2026-07-25","Overall","quantile","0.25",264
"Regular Baseline","2026-07-11",2,"2026-07-25","Overall","quantile","0.3",275
"Regular Baseline","2026-07-11",2,"2026-07-25","Overall","quantile","0.35",286
"Regular Baseline","2026-07-11",2,"2026-07-25","Overall","quantile","0.4",297
"Regular Baseline","2026-07-11",2,"2026-07-25","Overall","quantile","0.45",308
"Regular Baseline","2026-07-11",2,"2026-07-25","Overall","quantile","0.5",318
"Regular Baseline","2026-07-11",2,"2026-07-25","Overall","quantile","0.55",329
"Regular Baseline","2026-07-11",2,"2026-07-25","Overall","quantile","0.6",341
"Regular Baseline","2026-07-11",2,"2026-07-25","Overall","quantile","0.65",353
"Regular Baseline","2026-07-11",2,"2026-07-25","Overall","quantile","0.7",365
"Regular Baseline","2026-07-11",2,"2026-07-25","Overall","quantile","0.75",380
"Regular Baseline","2026-07-11",2,"2026-07-25","Overall","quantile","0.8",396
"Regular Baseline","2026-07-11",2,"2026-07-25","Overall","quantile","0.85",414
"Regular Baseline","2026-07-11",2,"2026-07-25","Overall","quantile","0.9",440
"Regular Baseline","2026-07-11",2,"2026-07-25","Overall","quantile","0.95",480
"Regular Baseline","2026-07-11",2,"2026-07-25","Overall","quantile","0.975",514
"Regular Baseline","2026-07-11",2,"2026-07-25","Overall","quantile","0.99",556
"Regular Baseline","2026-07-11",3,"2026-08-01","Overall","quantile","0.01",132
"Regular Baseline","2026-07-11",3,"2026-08-01","Overall","quantile","0.025",158
"Regular Baseline","2026-07-11",3,"2026-08-01","Overall","quantile","0.05",180
"Regular Baseline","2026-07-11",3,"2026-08-01","Overall","quantile","0.1",207
"Regular Baseline","2026-07-11",3,"2026-08-01","Overall","quantile","0.15",227
"Regular Baseline","2026-07-11",3,"2026-08-01","Overall","quantile","0.2",244
"Regular Baseline","2026-07-11",3,"2026-08-01","Overall","quantile","0.25",259
"Regular Baseline","2026-07-11",3,"2026-08-01","Overall","quantile","0.3",272
"Regular Baseline","2026-07-11",3,"2026-08-01","Overall","quantile","0.35",284
"Regular Baseline","2026-07-11",3,"2026-08-01","Overall","quantile","0.4",295
"Regular Baseline","2026-07-11",3,"2026-08-01","Overall","quantile","0.45",306
"Regular Baseline","2026-07-11",3,"2026-08-01","Overall","quantile","0.5",318
"Regular Baseline","2026-07-11",3,"2026-08-01","Overall","quantile","0.55",330
"Regular Baseline","2026-07-11",3,"2026-08-01","Overall","quantile","0.6",344
"Regular Baseline","2026-07-11",3,"2026-08-01","Overall","quantile","0.65",356
"Regular Baseline","2026-07-11",3,"2026-08-01","Overall","quantile","0.7",370
"Regular Baseline","2026-07-11",3,"2026-08-01","Overall","quantile","0.75",384
"Regular Baseline","2026-07-11",3,"2026-08-01","Overall","quantile","0.8",403
"Regular Baseline","2026-07-11",3,"2026-08-01","Overall","quantile","0.85",425
"Regular Baseline","2026-07-11",3,"2026-08-01","Overall","quantile","0.9",452
"Regular Baseline","2026-07-11",3,"2026-08-01","Overall","quantile","0.95",496
"Regular Baseline","2026-07-11",3,"2026-08-01","Overall","quantile","0.975",534
"Regular Baseline","2026-07-11",3,"2026-08-01","Overall","quantile","0.99",582
"Regular Baseline","2026-07-11",-2,"2026-06-27","Pediatrics","quantile","0.01",82
"Regular Baseline","2026-07-11",-2,"2026-06-27","Pediatrics","quantile","0.025",93
"Regular Baseline","2026-07-11",-2,"2026-06-27","Pediatrics","quantile","0.05",102
"Regular Baseline","2026-07-11",-2,"2026-06-27","Pediatrics","quantile","0.1",108
"Regular Baseline","2026-07-11",-2,"2026-06-27","Pediatrics","quantile","0.15",114
"Regular Baseline","2026-07-11",-2,"2026-06-27","Pediatrics","quantile","0.2",120
"Regular Baseline","2026-07-11",-2,"2026-06-27","Pediatrics","quantile","0.25",123
"Regular Baseline","2026-07-11",-2,"2026-06-27","Pediatrics","quantile","0.3",125
"Regular Baseline","2026-07-11",-2,"2026-06-27","Pediatrics","quantile","0.35",128
"Regular Baseline","2026-07-11",-2,"2026-06-27","Pediatrics","quantile","0.4",131
"Regular Baseline","2026-07-11",-2,"2026-06-27","Pediatrics","quantile","0.45",135
"Regular Baseline","2026-07-11",-2,"2026-06-27","Pediatrics","quantile","0.5",139
"Regular Baseline","2026-07-11",-2,"2026-06-27","Pediatrics","quantile","0.55",143
"Regular Baseline","2026-07-11",-2,"2026-06-27","Pediatrics","quantile","0.6",147
"Regular Baseline","2026-07-11",-2,"2026-06-27","Pediatrics","quantile","0.65",150
"Regular Baseline","2026-07-11",-2,"2026-06-27","Pediatrics","quantile","0.7",153
"Regular Baseline","2026-07-11",-2,"2026-06-27","Pediatrics","quantile","0.75",157
"Regular Baseline","2026-07-11",-2,"2026-06-27","Pediatrics","quantile","0.8",160
"Regular Baseline","2026-07-11",-2,"2026-06-27","Pediatrics","quantile","0.85",166
"Regular Baseline","2026-07-11",-2,"2026-06-27","Pediatrics","quantile","0.9",173
"Regular Baseline","2026-07-11",-2,"2026-06-27","Pediatrics","quantile","0.95",182
"Regular Baseline","2026-07-11",-2,"2026-06-27","Pediatrics","quantile","0.975",194
"Regular Baseline","2026-07-11",-2,"2026-06-27","Pediatrics","quantile","0.99",211
"Regular Baseline","2026-07-11",-1,"2026-07-04","Pediatrics","quantile","0.01",65
"Regular Baseline","2026-07-11",-1,"2026-07-04","Pediatrics","quantile","0.025",75
"Regular Baseline","2026-07-11",-1,"2026-07-04","Pediatrics","quantile","0.05",85
"Regular Baseline","2026-07-11",-1,"2026-07-04","Pediatrics","quantile","0.1",97
"Regular Baseline","2026-07-11",-1,"2026-07-04","Pediatrics","quantile","0.15",105
"Regular Baseline","2026-07-11",-1,"2026-07-04","Pediatrics","quantile","0.2",111
"Regular Baseline","2026-07-11",-1,"2026-07-04","Pediatrics","quantile","0.25",116
"Regular Baseline","2026-07-11",-1,"2026-07-04","Pediatrics","quantile","0.3",121
"Regular Baseline","2026-07-11",-1,"2026-07-04","Pediatrics","quantile","0.35",125
"Regular Baseline","2026-07-11",-1,"2026-07-04","Pediatrics","quantile","0.4",130
"Regular Baseline","2026-07-11",-1,"2026-07-04","Pediatrics","quantile","0.45",134
"Regular Baseline","2026-07-11",-1,"2026-07-04","Pediatrics","quantile","0.5",139
"Regular Baseline","2026-07-11",-1,"2026-07-04","Pediatrics","quantile","0.55",144
"Regular Baseline","2026-07-11",-1,"2026-07-04","Pediatrics","quantile","0.6",149
"Regular Baseline","2026-07-11",-1,"2026-07-04","Pediatrics","quantile","0.65",154
"Regular Baseline","2026-07-11",-1,"2026-07-04","Pediatrics","quantile","0.7",160
"Regular Baseline","2026-07-11",-1,"2026-07-04","Pediatrics","quantile","0.75",165
"Regular Baseline","2026-07-11",-1,"2026-07-04","Pediatrics","quantile","0.8",172
"Regular Baseline","2026-07-11",-1,"2026-07-04","Pediatrics","quantile","0.85",179
"Regular Baseline","2026-07-11",-1,"2026-07-04","Pediatrics","quantile","0.9",190
"Regular Baseline","2026-07-11",-1,"2026-07-04","Pediatrics","quantile","0.95",206
"Regular Baseline","2026-07-11",-1,"2026-07-04","Pediatrics","quantile","0.975",224
"Regular Baseline","2026-07-11",-1,"2026-07-04","Pediatrics","quantile","0.99",244
"Regular Baseline","2026-07-11",0,"2026-07-11","Pediatrics","quantile","0.01",52
"Regular Baseline","2026-07-11",0,"2026-07-11","Pediatrics","quantile","0.025",64
"Regular Baseline","2026-07-11",0,"2026-07-11","Pediatrics","quantile","0.05",75
"Regular Baseline","2026-07-11",0,"2026-07-11","Pediatrics","quantile","0.1",88
"Regular Baseline","2026-07-11",0,"2026-07-11","Pediatrics","quantile","0.15",97
"Regular Baseline","2026-07-11",0,"2026-07-11","Pediatrics","quantile","0.2",104
"Regular Baseline","2026-07-11",0,"2026-07-11","Pediatrics","quantile","0.25",111
"Regular Baseline","2026-07-11",0,"2026-07-11","Pediatrics","quantile","0.3",117
"Regular Baseline","2026-07-11",0,"2026-07-11","Pediatrics","quantile","0.35",123
"Regular Baseline","2026-07-11",0,"2026-07-11","Pediatrics","quantile","0.4",128
"Regular Baseline","2026-07-11",0,"2026-07-11","Pediatrics","quantile","0.45",134
"Regular Baseline","2026-07-11",0,"2026-07-11","Pediatrics","quantile","0.5",139
"Regular Baseline","2026-07-11",0,"2026-07-11","Pediatrics","quantile","0.55",145
"Regular Baseline","2026-07-11",0,"2026-07-11","Pediatrics","quantile","0.6",150
"Regular Baseline","2026-07-11",0,"2026-07-11","Pediatrics","quantile","0.65",157
"Regular Baseline","2026-07-11",0,"2026-07-11","Pediatrics","quantile","0.7",163
"Regular Baseline","2026-07-11",0,"2026-07-11","Pediatrics","quantile","0.75",171
"Regular Baseline","2026-07-11",0,"2026-07-11","Pediatrics","quantile","0.8",180
"Regular Baseline","2026-07-11",0,"2026-07-11","Pediatrics","quantile","0.85",190
"Regular Baseline","2026-07-11",0,"2026-07-11","Pediatrics","quantile","0.9",203
"Regular Baseline","2026-07-11",0,"2026-07-11","Pediatrics","quantile","0.95",224
"Regular Baseline","2026-07-11",0,"2026-07-11","Pediatrics","quantile","0.975",244
"Regular Baseline","2026-07-11",0,"2026-07-11","Pediatrics","quantile","0.99",268
"Regular Baseline","2026-07-11",1,"2026-07-18","Pediatrics","quantile","0.01",43
"Regular Baseline","2026-07-11",1,"2026-07-18","Pediatrics","quantile","0.025",55
"Regular Baseline","2026-07-11",1,"2026-07-18","Pediatrics","quantile","0.05",66
"Regular Baseline","2026-07-11",1,"2026-07-18","Pediatrics","quantile","0.1",81
"Regular Baseline","2026-07-11",1,"2026-07-18","Pediatrics","quantile","0.15",91
"Regular Baseline","2026-07-11",1,"2026-07-18","Pediatrics","quantile","0.2",99
"Regular Baseline","2026-07-11",1,"2026-07-18","Pediatrics","quantile","0.25",106
"Regular Baseline","2026-07-11",1,"2026-07-18","Pediatrics","quantile","0.3",114
"Regular Baseline","2026-07-11",1,"2026-07-18","Pediatrics","quantile","0.35",121
"Regular Baseline","2026-07-11",1,"2026-07-18","Pediatrics","quantile","0.4",127
"Regular Baseline","2026-07-11",1,"2026-07-18","Pediatrics","quantile","0.45",133
"Regular Baseline","2026-07-11",1,"2026-07-18","Pediatrics","quantile","0.5",139
"Regular Baseline","2026-07-11",1,"2026-07-18","Pediatrics","quantile","0.55",146
"Regular Baseline","2026-07-11",1,"2026-07-18","Pediatrics","quantile","0.6",153
"Regular Baseline","2026-07-11",1,"2026-07-18","Pediatrics","quantile","0.65",160
"Regular Baseline","2026-07-11",1,"2026-07-18","Pediatrics","quantile","0.7",168
"Regular Baseline","2026-07-11",1,"2026-07-18","Pediatrics","quantile","0.75",177
"Regular Baseline","2026-07-11",1,"2026-07-18","Pediatrics","quantile","0.8",187
"Regular Baseline","2026-07-11",1,"2026-07-18","Pediatrics","quantile","0.85",199
"Regular Baseline","2026-07-11",1,"2026-07-18","Pediatrics","quantile","0.9",215
"Regular Baseline","2026-07-11",1,"2026-07-18","Pediatrics","quantile","0.95",237
"Regular Baseline","2026-07-11",1,"2026-07-18","Pediatrics","quantile","0.975",260
"Regular Baseline","2026-07-11",1,"2026-07-18","Pediatrics","quantile","0.99",288
"Regular Baseline","2026-07-11",2,"2026-07-25","Pediatrics","quantile","0.01",33
"Regular Baseline","2026-07-11",2,"2026-07-25","Pediatrics","quantile","0.025",48
"Regular Baseline","2026-07-11",2,"2026-07-25","Pediatrics","quantile","0.05",60
"Regular Baseline","2026-07-11",2,"2026-07-25","Pediatrics","quantile","0.1",74
"Regular Baseline","2026-07-11",2,"2026-07-25","Pediatrics","quantile","0.15",85
"Regular Baseline","2026-07-11",2,"2026-07-25","Pediatrics","quantile","0.2",95
"Regular Baseline","2026-07-11",2,"2026-07-25","Pediatrics","quantile","0.25",103
"Regular Baseline","2026-07-11",2,"2026-07-25","Pediatrics","quantile","0.3",112
"Regular Baseline","2026-07-11",2,"2026-07-25","Pediatrics","quantile","0.35",119
"Regular Baseline","2026-07-11",2,"2026-07-25","Pediatrics","quantile","0.4",125
"Regular Baseline","2026-07-11",2,"2026-07-25","Pediatrics","quantile","0.45",132
"Regular Baseline","2026-07-11",2,"2026-07-25","Pediatrics","quantile","0.5",139
"Regular Baseline","2026-07-11",2,"2026-07-25","Pediatrics","quantile","0.55",146
"Regular Baseline","2026-07-11",2,"2026-07-25","Pediatrics","quantile","0.6",154
"Regular Baseline","2026-07-11",2,"2026-07-25","Pediatrics","quantile","0.65",163
"Regular Baseline","2026-07-11",2,"2026-07-25","Pediatrics","quantile","0.7",172
"Regular Baseline","2026-07-11",2,"2026-07-25","Pediatrics","quantile","0.75",182
"Regular Baseline","2026-07-11",2,"2026-07-25","Pediatrics","quantile","0.8",193
"Regular Baseline","2026-07-11",2,"2026-07-25","Pediatrics","quantile","0.85",207
"Regular Baseline","2026-07-11",2,"2026-07-25","Pediatrics","quantile","0.9",225
"Regular Baseline","2026-07-11",2,"2026-07-25","Pediatrics","quantile","0.95",254
"Regular Baseline","2026-07-11",2,"2026-07-25","Pediatrics","quantile","0.975",278
"Regular Baseline","2026-07-11",2,"2026-07-25","Pediatrics","quantile","0.99",307
"Regular Baseline","2026-07-11",3,"2026-08-01","Pediatrics","quantile","0.01",30
"Regular Baseline","2026-07-11",3,"2026-08-01","Pediatrics","quantile","0.025",41
"Regular Baseline","2026-07-11",3,"2026-08-01","Pediatrics","quantile","0.05",52
"Regular Baseline","2026-07-11",3,"2026-08-01","Pediatrics","quantile","0.1",68
"Regular Baseline","2026-07-11",3,"2026-08-01","Pediatrics","quantile","0.15",80
"Regular Baseline","2026-07-11",3,"2026-08-01","Pediatrics","quantile","0.2",90
"Regular Baseline","2026-07-11",3,"2026-08-01","Pediatrics","quantile","0.25",99
"Regular Baseline","2026-07-11",3,"2026-08-01","Pediatrics","quantile","0.3",107
"Regular Baseline","2026-07-11",3,"2026-08-01","Pediatrics","quantile","0.35",116
"Regular Baseline","2026-07-11",3,"2026-08-01","Pediatrics","quantile","0.4",123
"Regular Baseline","2026-07-11",3,"2026-08-01","Pediatrics","quantile","0.45",131
"Regular Baseline","2026-07-11",3,"2026-08-01","Pediatrics","quantile","0.5",139
"Regular Baseline","2026-07-11",3,"2026-08-01","Pediatrics","quantile","0.55",147
"Regular Baseline","2026-07-11",3,"2026-08-01","Pediatrics","quantile","0.6",156
"Regular Baseline","2026-07-11",3,"2026-08-01","Pediatrics","quantile","0.65",165
"Regular Baseline","2026-07-11",3,"2026-08-01","Pediatrics","quantile","0.7",176
"Regular Baseline","2026-07-11",3,"2026-08-01","Pediatrics","quantile","0.75",187
"Regular Baseline","2026-07-11",3,"2026-08-01","Pediatrics","quantile","0.8",198
"Regular Baseline","2026-07-11",3,"2026-08-01","Pediatrics","quantile","0.85",214
"Regular Baseline","2026-07-11",3,"2026-08-01","Pediatrics","quantile","0.9",235
"Regular Baseline","2026-07-11",3,"2026-08-01","Pediatrics","quantile","0.95",265
"Regular Baseline","2026-07-11",3,"2026-08-01","Pediatrics","quantile","0.975",293
"Regular Baseline","2026-07-11",3,"2026-08-01","Pediatrics","quantile","0.99",326
"Seasonal Baseline","2026-07-11",-2,"2026-06-27","Adults","quantile","0.01",79
"Seasonal Baseline","2026-07-11",-2,"2026-06-27","Adults","quantile","0.025",88
"Seasonal Baseline","2026-07-11",-2,"2026-06-27","Adults","quantile","0.05",95
"Seasonal Baseline","2026-07-11",-2,"2026-06-27","Adults","quantile","0.1",106
"Seasonal Baseline","2026-07-11",-2,"2026-06-27","Adults","quantile","0.15",113
"Seasonal Baseline","2026-07-11",-2,"2026-06-27","Adults","quantile","0.2",119
"Seasonal Baseline","2026-07-11",-2,"2026-06-27","Adults","quantile","0.25",125
"Seasonal Baseline","2026-07-11",-2,"2026-06-27","Adults","quantile","0.3",130
"Seasonal Baseline","2026-07-11",-2,"2026-06-27","Adults","quantile","0.35",135
"Seasonal Baseline","2026-07-11",-2,"2026-06-27","Adults","quantile","0.4",140
"Seasonal Baseline","2026-07-11",-2,"2026-06-27","Adults","quantile","0.45",145
"Seasonal Baseline","2026-07-11",-2,"2026-06-27","Adults","quantile","0.5",149
"Seasonal Baseline","2026-07-11",-2,"2026-06-27","Adults","quantile","0.55",155
"Seasonal Baseline","2026-07-11",-2,"2026-06-27","Adults","quantile","0.6",160
"Seasonal Baseline","2026-07-11",-2,"2026-06-27","Adults","quantile","0.65",166
"Seasonal Baseline","2026-07-11",-2,"2026-06-27","Adults","quantile","0.7",173
"Seasonal Baseline","2026-07-11",-2,"2026-06-27","Adults","quantile","0.75",180
"Seasonal Baseline","2026-07-11",-2,"2026-06-27","Adults","quantile","0.8",188
"Seasonal Baseline","2026-07-11",-2,"2026-06-27","Adults","quantile","0.85",198
"Seasonal Baseline","2026-07-11",-2,"2026-06-27","Adults","quantile","0.9",210
"Seasonal Baseline","2026-07-11",-2,"2026-06-27","Adults","quantile","0.95",232
"Seasonal Baseline","2026-07-11",-2,"2026-06-27","Adults","quantile","0.975",255
"Seasonal Baseline","2026-07-11",-2,"2026-06-27","Adults","quantile","0.99",284
"Seasonal Baseline","2026-07-11",-1,"2026-07-04","Adults","quantile","0.01",76
"Seasonal Baseline","2026-07-11",-1,"2026-07-04","Adults","quantile","0.025",85
"Seasonal Baseline","2026-07-11",-1,"2026-07-04","Adults","quantile","0.05",92
"Seasonal Baseline","2026-07-11",-1,"2026-07-04","Adults","quantile","0.1",102
"Seasonal Baseline","2026-07-11",-1,"2026-07-04","Adults","quantile","0.15",109
"Seasonal Baseline","2026-07-11",-1,"2026-07-04","Adults","quantile","0.2",115
"Seasonal Baseline","2026-07-11",-1,"2026-07-04","Adults","quantile","0.25",121
"Seasonal Baseline","2026-07-11",-1,"2026-07-04","Adults","quantile","0.3",126
"Seasonal Baseline","2026-07-11",-1,"2026-07-04","Adults","quantile","0.35",131
"Seasonal Baseline","2026-07-11",-1,"2026-07-04","Adults","quantile","0.4",136
"Seasonal Baseline","2026-07-11",-1,"2026-07-04","Adults","quantile","0.45",141
"Seasonal Baseline","2026-07-11",-1,"2026-07-04","Adults","quantile","0.5",146
"Seasonal Baseline","2026-07-11",-1,"2026-07-04","Adults","quantile","0.55",151
"Seasonal Baseline","2026-07-11",-1,"2026-07-04","Adults","quantile","0.6",156
"Seasonal Baseline","2026-07-11",-1,"2026-07-04","Adults","quantile","0.65",162
"Seasonal Baseline","2026-07-11",-1,"2026-07-04","Adults","quantile","0.7",168
"Seasonal Baseline","2026-07-11",-1,"2026-07-04","Adults","quantile","0.75",175
"Seasonal Baseline","2026-07-11",-1,"2026-07-04","Adults","quantile","0.8",182
"Seasonal Baseline","2026-07-11",-1,"2026-07-04","Adults","quantile","0.85",192
"Seasonal Baseline","2026-07-11",-1,"2026-07-04","Adults","quantile","0.9",206
"Seasonal Baseline","2026-07-11",-1,"2026-07-04","Adults","quantile","0.95",228
"Seasonal Baseline","2026-07-11",-1,"2026-07-04","Adults","quantile","0.975",248
"Seasonal Baseline","2026-07-11",-1,"2026-07-04","Adults","quantile","0.99",274
"Seasonal Baseline","2026-07-11",0,"2026-07-11","Adults","quantile","0.01",75
"Seasonal Baseline","2026-07-11",0,"2026-07-11","Adults","quantile","0.025",83
"Seasonal Baseline","2026-07-11",0,"2026-07-11","Adults","quantile","0.05",90
"Seasonal Baseline","2026-07-11",0,"2026-07-11","Adults","quantile","0.1",100
"Seasonal Baseline","2026-07-11",0,"2026-07-11","Adults","quantile","0.15",107
"Seasonal Baseline","2026-07-11",0,"2026-07-11","Adults","quantile","0.2",113
"Seasonal Baseline","2026-07-11",0,"2026-07-11","Adults","quantile","0.25",118
"Seasonal Baseline","2026-07-11",0,"2026-07-11","Adults","quantile","0.3",123
"Seasonal Baseline","2026-07-11",0,"2026-07-11","Adults","quantile","0.35",127
"Seasonal Baseline","2026-07-11",0,"2026-07-11","Adults","quantile","0.4",133
"Seasonal Baseline","2026-07-11",0,"2026-07-11","Adults","quantile","0.45",137
"Seasonal Baseline","2026-07-11",0,"2026-07-11","Adults","quantile","0.5",142
"Seasonal Baseline","2026-07-11",0,"2026-07-11","Adults","quantile","0.55",147
"Seasonal Baseline","2026-07-11",0,"2026-07-11","Adults","quantile","0.6",152
"Seasonal Baseline","2026-07-11",0,"2026-07-11","Adults","quantile","0.65",158
"Seasonal Baseline","2026-07-11",0,"2026-07-11","Adults","quantile","0.7",165
"Seasonal Baseline","2026-07-11",0,"2026-07-11","Adults","quantile","0.75",171
"Seasonal Baseline","2026-07-11",0,"2026-07-11","Adults","quantile","0.8",179
"Seasonal Baseline","2026-07-11",0,"2026-07-11","Adults","quantile","0.85",189
"Seasonal Baseline","2026-07-11",0,"2026-07-11","Adults","quantile","0.9",202
"Seasonal Baseline","2026-07-11",0,"2026-07-11","Adults","quantile","0.95",223
"Seasonal Baseline","2026-07-11",0,"2026-07-11","Adults","quantile","0.975",243
"Seasonal Baseline","2026-07-11",0,"2026-07-11","Adults","quantile","0.99",268
"Seasonal Baseline","2026-07-11",1,"2026-07-18","Adults","quantile","0.01",74
"Seasonal Baseline","2026-07-11",1,"2026-07-18","Adults","quantile","0.025",81
"Seasonal Baseline","2026-07-11",1,"2026-07-18","Adults","quantile","0.05",89
"Seasonal Baseline","2026-07-11",1,"2026-07-18","Adults","quantile","0.1",98
"Seasonal Baseline","2026-07-11",1,"2026-07-18","Adults","quantile","0.15",105
"Seasonal Baseline","2026-07-11",1,"2026-07-18","Adults","quantile","0.2",110
"Seasonal Baseline","2026-07-11",1,"2026-07-18","Adults","quantile","0.25",115
"Seasonal Baseline","2026-07-11",1,"2026-07-18","Adults","quantile","0.3",120
"Seasonal Baseline","2026-07-11",1,"2026-07-18","Adults","quantile","0.35",125
"Seasonal Baseline","2026-07-11",1,"2026-07-18","Adults","quantile","0.4",129
"Seasonal Baseline","2026-07-11",1,"2026-07-18","Adults","quantile","0.45",134
"Seasonal Baseline","2026-07-11",1,"2026-07-18","Adults","quantile","0.5",139
"Seasonal Baseline","2026-07-11",1,"2026-07-18","Adults","quantile","0.55",144
"Seasonal Baseline","2026-07-11",1,"2026-07-18","Adults","quantile","0.6",149
"Seasonal Baseline","2026-07-11",1,"2026-07-18","Adults","quantile","0.65",154
"Seasonal Baseline","2026-07-11",1,"2026-07-18","Adults","quantile","0.7",160
"Seasonal Baseline","2026-07-11",1,"2026-07-18","Adults","quantile","0.75",167
"Seasonal Baseline","2026-07-11",1,"2026-07-18","Adults","quantile","0.8",175
"Seasonal Baseline","2026-07-11",1,"2026-07-18","Adults","quantile","0.85",185
"Seasonal Baseline","2026-07-11",1,"2026-07-18","Adults","quantile","0.9",197
"Seasonal Baseline","2026-07-11",1,"2026-07-18","Adults","quantile","0.95",218
"Seasonal Baseline","2026-07-11",1,"2026-07-18","Adults","quantile","0.975",239
"Seasonal Baseline","2026-07-11",1,"2026-07-18","Adults","quantile","0.99",262
"Seasonal Baseline","2026-07-11",2,"2026-07-25","Adults","quantile","0.01",72
"Seasonal Baseline","2026-07-11",2,"2026-07-25","Adults","quantile","0.025",79
"Seasonal Baseline","2026-07-11",2,"2026-07-25","Adults","quantile","0.05",86
"Seasonal Baseline","2026-07-11",2,"2026-07-25","Adults","quantile","0.1",95
"Seasonal Baseline","2026-07-11",2,"2026-07-25","Adults","quantile","0.15",102
"Seasonal Baseline","2026-07-11",2,"2026-07-25","Adults","quantile","0.2",107
"Seasonal Baseline","2026-07-11",2,"2026-07-25","Adults","quantile","0.25",112
"Seasonal Baseline","2026-07-11",2,"2026-07-25","Adults","quantile","0.3",117
"Seasonal Baseline","2026-07-11",2,"2026-07-25","Adults","quantile","0.35",121
"Seasonal Baseline","2026-07-11",2,"2026-07-25","Adults","quantile","0.4",126
"Seasonal Baseline","2026-07-11",2,"2026-07-25","Adults","quantile","0.45",130
"Seasonal Baseline","2026-07-11",2,"2026-07-25","Adults","quantile","0.5",135
"Seasonal Baseline","2026-07-11",2,"2026-07-25","Adults","quantile","0.55",140
"Seasonal Baseline","2026-07-11",2,"2026-07-25","Adults","quantile","0.6",145
"Seasonal Baseline","2026-07-11",2,"2026-07-25","Adults","quantile","0.65",150
"Seasonal Baseline","2026-07-11",2,"2026-07-25","Adults","quantile","0.7",156
"Seasonal Baseline","2026-07-11",2,"2026-07-25","Adults","quantile","0.75",162
"Seasonal Baseline","2026-07-11",2,"2026-07-25","Adults","quantile","0.8",170
"Seasonal Baseline","2026-07-11",2,"2026-07-25","Adults","quantile","0.85",178
"Seasonal Baseline","2026-07-11",2,"2026-07-25","Adults","quantile","0.9",191
"Seasonal Baseline","2026-07-11",2,"2026-07-25","Adults","quantile","0.95",210
"Seasonal Baseline","2026-07-11",2,"2026-07-25","Adults","quantile","0.975",230
"Seasonal Baseline","2026-07-11",2,"2026-07-25","Adults","quantile","0.99",253
"Seasonal Baseline","2026-07-11",3,"2026-08-01","Adults","quantile","0.01",70
"Seasonal Baseline","2026-07-11",3,"2026-08-01","Adults","quantile","0.025",78
"Seasonal Baseline","2026-07-11",3,"2026-08-01","Adults","quantile","0.05",84
"Seasonal Baseline","2026-07-11",3,"2026-08-01","Adults","quantile","0.1",93
"Seasonal Baseline","2026-07-11",3,"2026-08-01","Adults","quantile","0.15",99
"Seasonal Baseline","2026-07-11",3,"2026-08-01","Adults","quantile","0.2",105
"Seasonal Baseline","2026-07-11",3,"2026-08-01","Adults","quantile","0.25",110
"Seasonal Baseline","2026-07-11",3,"2026-08-01","Adults","quantile","0.3",115
"Seasonal Baseline","2026-07-11",3,"2026-08-01","Adults","quantile","0.35",119
"Seasonal Baseline","2026-07-11",3,"2026-08-01","Adults","quantile","0.4",123
"Seasonal Baseline","2026-07-11",3,"2026-08-01","Adults","quantile","0.45",127
"Seasonal Baseline","2026-07-11",3,"2026-08-01","Adults","quantile","0.5",132
"Seasonal Baseline","2026-07-11",3,"2026-08-01","Adults","quantile","0.55",137
"Seasonal Baseline","2026-07-11",3,"2026-08-01","Adults","quantile","0.6",142
"Seasonal Baseline","2026-07-11",3,"2026-08-01","Adults","quantile","0.65",147
"Seasonal Baseline","2026-07-11",3,"2026-08-01","Adults","quantile","0.7",153
"Seasonal Baseline","2026-07-11",3,"2026-08-01","Adults","quantile","0.75",160
"Seasonal Baseline","2026-07-11",3,"2026-08-01","Adults","quantile","0.8",167
"Seasonal Baseline","2026-07-11",3,"2026-08-01","Adults","quantile","0.85",176
"Seasonal Baseline","2026-07-11",3,"2026-08-01","Adults","quantile","0.9",187
"Seasonal Baseline","2026-07-11",3,"2026-08-01","Adults","quantile","0.95",206
"Seasonal Baseline","2026-07-11",3,"2026-08-01","Adults","quantile","0.975",224
"Seasonal Baseline","2026-07-11",3,"2026-08-01","Adults","quantile","0.99",250
"Seasonal Baseline","2026-07-11",-2,"2026-06-27","Overall","quantile","0.01",165
"Seasonal Baseline","2026-07-11",-2,"2026-06-27","Overall","quantile","0.025",183
"Seasonal Baseline","2026-07-11",-2,"2026-06-27","Overall","quantile","0.05",197
"Seasonal Baseline","2026-07-11",-2,"2026-06-27","Overall","quantile","0.1",215
"Seasonal Baseline","2026-07-11",-2,"2026-06-27","Overall","quantile","0.15",229
"Seasonal Baseline","2026-07-11",-2,"2026-06-27","Overall","quantile","0.2",241
"Seasonal Baseline","2026-07-11",-2,"2026-06-27","Overall","quantile","0.25",252
"Seasonal Baseline","2026-07-11",-2,"2026-06-27","Overall","quantile","0.3",262
"Seasonal Baseline","2026-07-11",-2,"2026-06-27","Overall","quantile","0.35",272
"Seasonal Baseline","2026-07-11",-2,"2026-06-27","Overall","quantile","0.4",281
"Seasonal Baseline","2026-07-11",-2,"2026-06-27","Overall","quantile","0.45",290
"Seasonal Baseline","2026-07-11",-2,"2026-06-27","Overall","quantile","0.5",299
"Seasonal Baseline","2026-07-11",-2,"2026-06-27","Overall","quantile","0.55",309
"Seasonal Baseline","2026-07-11",-2,"2026-06-27","Overall","quantile","0.6",319
"Seasonal Baseline","2026-07-11",-2,"2026-06-27","Overall","quantile","0.65",330
"Seasonal Baseline","2026-07-11",-2,"2026-06-27","Overall","quantile","0.7",341
"Seasonal Baseline","2026-07-11",-2,"2026-06-27","Overall","quantile","0.75",354
"Seasonal Baseline","2026-07-11",-2,"2026-06-27","Overall","quantile","0.8",370
"Seasonal Baseline","2026-07-11",-2,"2026-06-27","Overall","quantile","0.85",389
"Seasonal Baseline","2026-07-11",-2,"2026-06-27","Overall","quantile","0.9",415
"Seasonal Baseline","2026-07-11",-2,"2026-06-27","Overall","quantile","0.95",453
"Seasonal Baseline","2026-07-11",-2,"2026-06-27","Overall","quantile","0.975",496
"Seasonal Baseline","2026-07-11",-2,"2026-06-27","Overall","quantile","0.99",545
"Seasonal Baseline","2026-07-11",-1,"2026-07-04","Overall","quantile","0.01",157
"Seasonal Baseline","2026-07-11",-1,"2026-07-04","Overall","quantile","0.025",172
"Seasonal Baseline","2026-07-11",-1,"2026-07-04","Overall","quantile","0.05",185
"Seasonal Baseline","2026-07-11",-1,"2026-07-04","Overall","quantile","0.1",204
"Seasonal Baseline","2026-07-11",-1,"2026-07-04","Overall","quantile","0.15",217
"Seasonal Baseline","2026-07-11",-1,"2026-07-04","Overall","quantile","0.2",228
"Seasonal Baseline","2026-07-11",-1,"2026-07-04","Overall","quantile","0.25",239
"Seasonal Baseline","2026-07-11",-1,"2026-07-04","Overall","quantile","0.3",249
"Seasonal Baseline","2026-07-11",-1,"2026-07-04","Overall","quantile","0.35",258
"Seasonal Baseline","2026-07-11",-1,"2026-07-04","Overall","quantile","0.4",267
"Seasonal Baseline","2026-07-11",-1,"2026-07-04","Overall","quantile","0.45",276
"Seasonal Baseline","2026-07-11",-1,"2026-07-04","Overall","quantile","0.5",284
"Seasonal Baseline","2026-07-11",-1,"2026-07-04","Overall","quantile","0.55",293
"Seasonal Baseline","2026-07-11",-1,"2026-07-04","Overall","quantile","0.6",303
"Seasonal Baseline","2026-07-11",-1,"2026-07-04","Overall","quantile","0.65",313
"Seasonal Baseline","2026-07-11",-1,"2026-07-04","Overall","quantile","0.7",325
"Seasonal Baseline","2026-07-11",-1,"2026-07-04","Overall","quantile","0.75",337
"Seasonal Baseline","2026-07-11",-1,"2026-07-04","Overall","quantile","0.8",352
"Seasonal Baseline","2026-07-11",-1,"2026-07-04","Overall","quantile","0.85",370
"Seasonal Baseline","2026-07-11",-1,"2026-07-04","Overall","quantile","0.9",394
"Seasonal Baseline","2026-07-11",-1,"2026-07-04","Overall","quantile","0.95",435
"Seasonal Baseline","2026-07-11",-1,"2026-07-04","Overall","quantile","0.975",474
"Seasonal Baseline","2026-07-11",-1,"2026-07-04","Overall","quantile","0.99",517
"Seasonal Baseline","2026-07-11",0,"2026-07-11","Overall","quantile","0.01",150
"Seasonal Baseline","2026-07-11",0,"2026-07-11","Overall","quantile","0.025",164
"Seasonal Baseline","2026-07-11",0,"2026-07-11","Overall","quantile","0.05",178
"Seasonal Baseline","2026-07-11",0,"2026-07-11","Overall","quantile","0.1",196
"Seasonal Baseline","2026-07-11",0,"2026-07-11","Overall","quantile","0.15",209
"Seasonal Baseline","2026-07-11",0,"2026-07-11","Overall","quantile","0.2",220
"Seasonal Baseline","2026-07-11",0,"2026-07-11","Overall","quantile","0.25",229
"Seasonal Baseline","2026-07-11",0,"2026-07-11","Overall","quantile","0.3",238
"Seasonal Baseline","2026-07-11",0,"2026-07-11","Overall","quantile","0.35",246
"Seasonal Baseline","2026-07-11",0,"2026-07-11","Overall","quantile","0.4",255
"Seasonal Baseline","2026-07-11",0,"2026-07-11","Overall","quantile","0.45",264
"Seasonal Baseline","2026-07-11",0,"2026-07-11","Overall","quantile","0.5",272
"Seasonal Baseline","2026-07-11",0,"2026-07-11","Overall","quantile","0.55",280
"Seasonal Baseline","2026-07-11",0,"2026-07-11","Overall","quantile","0.6",290
"Seasonal Baseline","2026-07-11",0,"2026-07-11","Overall","quantile","0.65",300
"Seasonal Baseline","2026-07-11",0,"2026-07-11","Overall","quantile","0.7",310
"Seasonal Baseline","2026-07-11",0,"2026-07-11","Overall","quantile","0.75",324
"Seasonal Baseline","2026-07-11",0,"2026-07-11","Overall","quantile","0.8",337
"Seasonal Baseline","2026-07-11",0,"2026-07-11","Overall","quantile","0.85",354
"Seasonal Baseline","2026-07-11",0,"2026-07-11","Overall","quantile","0.9",376
"Seasonal Baseline","2026-07-11",0,"2026-07-11","Overall","quantile","0.95",416
"Seasonal Baseline","2026-07-11",0,"2026-07-11","Overall","quantile","0.975",452
"Seasonal Baseline","2026-07-11",0,"2026-07-11","Overall","quantile","0.99",494
"Seasonal Baseline","2026-07-11",1,"2026-07-18","Overall","quantile","0.01",143
"Seasonal Baseline","2026-07-11",1,"2026-07-18","Overall","quantile","0.025",160
"Seasonal Baseline","2026-07-11",1,"2026-07-18","Overall","quantile","0.05",172
"Seasonal Baseline","2026-07-11",1,"2026-07-18","Overall","quantile","0.1",188
"Seasonal Baseline","2026-07-11",1,"2026-07-18","Overall","quantile","0.15",201
"Seasonal Baseline","2026-07-11",1,"2026-07-18","Overall","quantile","0.2",212
"Seasonal Baseline","2026-07-11",1,"2026-07-18","Overall","quantile","0.25",221
"Seasonal Baseline","2026-07-11",1,"2026-07-18","Overall","quantile","0.3",230
"Seasonal Baseline","2026-07-11",1,"2026-07-18","Overall","quantile","0.35",237
"Seasonal Baseline","2026-07-11",1,"2026-07-18","Overall","quantile","0.4",245
"Seasonal Baseline","2026-07-11",1,"2026-07-18","Overall","quantile","0.45",254
"Seasonal Baseline","2026-07-11",1,"2026-07-18","Overall","quantile","0.5",262
"Seasonal Baseline","2026-07-11",1,"2026-07-18","Overall","quantile","0.55",271
"Seasonal Baseline","2026-07-11",1,"2026-07-18","Overall","quantile","0.6",280
"Seasonal Baseline","2026-07-11",1,"2026-07-18","Overall","quantile","0.65",290
"Seasonal Baseline","2026-07-11",1,"2026-07-18","Overall","quantile","0.7",301
"Seasonal Baseline","2026-07-11",1,"2026-07-18","Overall","quantile","0.75",313
"Seasonal Baseline","2026-07-11",1,"2026-07-18","Overall","quantile","0.8",326
"Seasonal Baseline","2026-07-11",1,"2026-07-18","Overall","quantile","0.85",343
"Seasonal Baseline","2026-07-11",1,"2026-07-18","Overall","quantile","0.9",365
"Seasonal Baseline","2026-07-11",1,"2026-07-18","Overall","quantile","0.95",400
"Seasonal Baseline","2026-07-11",1,"2026-07-18","Overall","quantile","0.975",435
"Seasonal Baseline","2026-07-11",1,"2026-07-18","Overall","quantile","0.99",477
"Seasonal Baseline","2026-07-11",2,"2026-07-25","Overall","quantile","0.01",144
"Seasonal Baseline","2026-07-11",2,"2026-07-25","Overall","quantile","0.025",156
"Seasonal Baseline","2026-07-11",2,"2026-07-25","Overall","quantile","0.05",168
"Seasonal Baseline","2026-07-11",2,"2026-07-25","Overall","quantile","0.1",186
"Seasonal Baseline","2026-07-11",2,"2026-07-25","Overall","quantile","0.15",198
"Seasonal Baseline","2026-07-11",2,"2026-07-25","Overall","quantile","0.2",208
"Seasonal Baseline","2026-07-11",2,"2026-07-25","Overall","quantile","0.25",217
"Seasonal Baseline","2026-07-11",2,"2026-07-25","Overall","quantile","0.3",226
"Seasonal Baseline","2026-07-11",2,"2026-07-25","Overall","quantile","0.35",234
"Seasonal Baseline","2026-07-11",2,"2026-07-25","Overall","quantile","0.4",242
"Seasonal Baseline","2026-07-11",2,"2026-07-25","Overall","quantile","0.45",250
"Seasonal Baseline","2026-07-11",2,"2026-07-25","Overall","quantile","0.5",258
"Seasonal Baseline","2026-07-11",2,"2026-07-25","Overall","quantile","0.55",266
"Seasonal Baseline","2026-07-11",2,"2026-07-25","Overall","quantile","0.6",275
"Seasonal Baseline","2026-07-11",2,"2026-07-25","Overall","quantile","0.65",285
"Seasonal Baseline","2026-07-11",2,"2026-07-25","Overall","quantile","0.7",296
"Seasonal Baseline","2026-07-11",2,"2026-07-25","Overall","quantile","0.75",308
"Seasonal Baseline","2026-07-11",2,"2026-07-25","Overall","quantile","0.8",321
"Seasonal Baseline","2026-07-11",2,"2026-07-25","Overall","quantile","0.85",339
"Seasonal Baseline","2026-07-11",2,"2026-07-25","Overall","quantile","0.9",361
"Seasonal Baseline","2026-07-11",2,"2026-07-25","Overall","quantile","0.95",396
"Seasonal Baseline","2026-07-11",2,"2026-07-25","Overall","quantile","0.975",429
"Seasonal Baseline","2026-07-11",2,"2026-07-25","Overall","quantile","0.99",470
"Seasonal Baseline","2026-07-11",3,"2026-08-01","Overall","quantile","0.01",143
"Seasonal Baseline","2026-07-11",3,"2026-08-01","Overall","quantile","0.025",155
"Seasonal Baseline","2026-07-11",3,"2026-08-01","Overall","quantile","0.05",169
"Seasonal Baseline","2026-07-11",3,"2026-08-01","Overall","quantile","0.1",187
"Seasonal Baseline","2026-07-11",3,"2026-08-01","Overall","quantile","0.15",200
"Seasonal Baseline","2026-07-11",3,"2026-08-01","Overall","quantile","0.2",209
"Seasonal Baseline","2026-07-11",3,"2026-08-01","Overall","quantile","0.25",219
"Seasonal Baseline","2026-07-11",3,"2026-08-01","Overall","quantile","0.3",228
"Seasonal Baseline","2026-07-11",3,"2026-08-01","Overall","quantile","0.35",236
"Seasonal Baseline","2026-07-11",3,"2026-08-01","Overall","quantile","0.4",244
"Seasonal Baseline","2026-07-11",3,"2026-08-01","Overall","quantile","0.45",251
"Seasonal Baseline","2026-07-11",3,"2026-08-01","Overall","quantile","0.5",259
"Seasonal Baseline","2026-07-11",3,"2026-08-01","Overall","quantile","0.55",267
"Seasonal Baseline","2026-07-11",3,"2026-08-01","Overall","quantile","0.6",276
"Seasonal Baseline","2026-07-11",3,"2026-08-01","Overall","quantile","0.65",286
"Seasonal Baseline","2026-07-11",3,"2026-08-01","Overall","quantile","0.7",297
"Seasonal Baseline","2026-07-11",3,"2026-08-01","Overall","quantile","0.75",308
"Seasonal Baseline","2026-07-11",3,"2026-08-01","Overall","quantile","0.8",320
"Seasonal Baseline","2026-07-11",3,"2026-08-01","Overall","quantile","0.85",338
"Seasonal Baseline","2026-07-11",3,"2026-08-01","Overall","quantile","0.9",358
"Seasonal Baseline","2026-07-11",3,"2026-08-01","Overall","quantile","0.95",394
"Seasonal Baseline","2026-07-11",3,"2026-08-01","Overall","quantile","0.975",428
"Seasonal Baseline","2026-07-11",3,"2026-08-01","Overall","quantile","0.99",471
"Seasonal Baseline","2026-07-11",-2,"2026-06-27","Pediatrics","quantile","0.01",66
"Seasonal Baseline","2026-07-11",-2,"2026-06-27","Pediatrics","quantile","0.025",75
"Seasonal Baseline","2026-07-11",-2,"2026-06-27","Pediatrics","quantile","0.05",83
"Seasonal Baseline","2026-07-11",-2,"2026-06-27","Pediatrics","quantile","0.1",95
"Seasonal Baseline","2026-07-11",-2,"2026-06-27","Pediatrics","quantile","0.15",103
"Seasonal Baseline","2026-07-11",-2,"2026-06-27","Pediatrics","quantile","0.2",110
"Seasonal Baseline","2026-07-11",-2,"2026-06-27","Pediatrics","quantile","0.25",116
"Seasonal Baseline","2026-07-11",-2,"2026-06-27","Pediatrics","quantile","0.3",122
"Seasonal Baseline","2026-07-11",-2,"2026-06-27","Pediatrics","quantile","0.35",128
"Seasonal Baseline","2026-07-11",-2,"2026-06-27","Pediatrics","quantile","0.4",134
"Seasonal Baseline","2026-07-11",-2,"2026-06-27","Pediatrics","quantile","0.45",140
"Seasonal Baseline","2026-07-11",-2,"2026-06-27","Pediatrics","quantile","0.5",146
"Seasonal Baseline","2026-07-11",-2,"2026-06-27","Pediatrics","quantile","0.55",152
"Seasonal Baseline","2026-07-11",-2,"2026-06-27","Pediatrics","quantile","0.6",159
"Seasonal Baseline","2026-07-11",-2,"2026-06-27","Pediatrics","quantile","0.65",166
"Seasonal Baseline","2026-07-11",-2,"2026-06-27","Pediatrics","quantile","0.7",174
"Seasonal Baseline","2026-07-11",-2,"2026-06-27","Pediatrics","quantile","0.75",184
"Seasonal Baseline","2026-07-11",-2,"2026-06-27","Pediatrics","quantile","0.8",194
"Seasonal Baseline","2026-07-11",-2,"2026-06-27","Pediatrics","quantile","0.85",208
"Seasonal Baseline","2026-07-11",-2,"2026-06-27","Pediatrics","quantile","0.9",226
"Seasonal Baseline","2026-07-11",-2,"2026-06-27","Pediatrics","quantile","0.95",255
"Seasonal Baseline","2026-07-11",-2,"2026-06-27","Pediatrics","quantile","0.975",282
"Seasonal Baseline","2026-07-11",-2,"2026-06-27","Pediatrics","quantile","0.99",321
"Seasonal Baseline","2026-07-11",-1,"2026-07-04","Pediatrics","quantile","0.01",60
"Seasonal Baseline","2026-07-11",-1,"2026-07-04","Pediatrics","quantile","0.025",68
"Seasonal Baseline","2026-07-11",-1,"2026-07-04","Pediatrics","quantile","0.05",75
"Seasonal Baseline","2026-07-11",-1,"2026-07-04","Pediatrics","quantile","0.1",85
"Seasonal Baseline","2026-07-11",-1,"2026-07-04","Pediatrics","quantile","0.15",93
"Seasonal Baseline","2026-07-11",-1,"2026-07-04","Pediatrics","quantile","0.2",99
"Seasonal Baseline","2026-07-11",-1,"2026-07-04","Pediatrics","quantile","0.25",105
"Seasonal Baseline","2026-07-11",-1,"2026-07-04","Pediatrics","quantile","0.3",110
"Seasonal Baseline","2026-07-11",-1,"2026-07-04","Pediatrics","quantile","0.35",115
"Seasonal Baseline","2026-07-11",-1,"2026-07-04","Pediatrics","quantile","0.4",120
"Seasonal Baseline","2026-07-11",-1,"2026-07-04","Pediatrics","quantile","0.45",126
"Seasonal Baseline","2026-07-11",-1,"2026-07-04","Pediatrics","quantile","0.5",131
"Seasonal Baseline","2026-07-11",-1,"2026-07-04","Pediatrics","quantile","0.55",136
"Seasonal Baseline","2026-07-11",-1,"2026-07-04","Pediatrics","quantile","0.6",143
"Seasonal Baseline","2026-07-11",-1,"2026-07-04","Pediatrics","quantile","0.65",149
"Seasonal Baseline","2026-07-11",-1,"2026-07-04","Pediatrics","quantile","0.7",156
"Seasonal Baseline","2026-07-11",-1,"2026-07-04","Pediatrics","quantile","0.75",164
"Seasonal Baseline","2026-07-11",-1,"2026-07-04","Pediatrics","quantile","0.8",174
"Seasonal Baseline","2026-07-11",-1,"2026-07-04","Pediatrics","quantile","0.85",185
"Seasonal Baseline","2026-07-11",-1,"2026-07-04","Pediatrics","quantile","0.9",201
"Seasonal Baseline","2026-07-11",-1,"2026-07-04","Pediatrics","quantile","0.95",227
"Seasonal Baseline","2026-07-11",-1,"2026-07-04","Pediatrics","quantile","0.975",249
"Seasonal Baseline","2026-07-11",-1,"2026-07-04","Pediatrics","quantile","0.99",285
"Seasonal Baseline","2026-07-11",0,"2026-07-11","Pediatrics","quantile","0.01",54
"Seasonal Baseline","2026-07-11",0,"2026-07-11","Pediatrics","quantile","0.025",61
"Seasonal Baseline","2026-07-11",0,"2026-07-11","Pediatrics","quantile","0.05",68
"Seasonal Baseline","2026-07-11",0,"2026-07-11","Pediatrics","quantile","0.1",77
"Seasonal Baseline","2026-07-11",0,"2026-07-11","Pediatrics","quantile","0.15",83
"Seasonal Baseline","2026-07-11",0,"2026-07-11","Pediatrics","quantile","0.2",89
"Seasonal Baseline","2026-07-11",0,"2026-07-11","Pediatrics","quantile","0.25",94
"Seasonal Baseline","2026-07-11",0,"2026-07-11","Pediatrics","quantile","0.3",99
"Seasonal Baseline","2026-07-11",0,"2026-07-11","Pediatrics","quantile","0.35",104
"Seasonal Baseline","2026-07-11",0,"2026-07-11","Pediatrics","quantile","0.4",108
"Seasonal Baseline","2026-07-11",0,"2026-07-11","Pediatrics","quantile","0.45",113
"Seasonal Baseline","2026-07-11",0,"2026-07-11","Pediatrics","quantile","0.5",118
"Seasonal Baseline","2026-07-11",0,"2026-07-11","Pediatrics","quantile","0.55",123
"Seasonal Baseline","2026-07-11",0,"2026-07-11","Pediatrics","quantile","0.6",128
"Seasonal Baseline","2026-07-11",0,"2026-07-11","Pediatrics","quantile","0.65",134
"Seasonal Baseline","2026-07-11",0,"2026-07-11","Pediatrics","quantile","0.7",140
"Seasonal Baseline","2026-07-11",0,"2026-07-11","Pediatrics","quantile","0.75",147
"Seasonal Baseline","2026-07-11",0,"2026-07-11","Pediatrics","quantile","0.8",156
"Seasonal Baseline","2026-07-11",0,"2026-07-11","Pediatrics","quantile","0.85",166
"Seasonal Baseline","2026-07-11",0,"2026-07-11","Pediatrics","quantile","0.9",179
"Seasonal Baseline","2026-07-11",0,"2026-07-11","Pediatrics","quantile","0.95",203
"Seasonal Baseline","2026-07-11",0,"2026-07-11","Pediatrics","quantile","0.975",228
"Seasonal Baseline","2026-07-11",0,"2026-07-11","Pediatrics","quantile","0.99",259
"Seasonal Baseline","2026-07-11",1,"2026-07-18","Pediatrics","quantile","0.01",50
"Seasonal Baseline","2026-07-11",1,"2026-07-18","Pediatrics","quantile","0.025",57
"Seasonal Baseline","2026-07-11",1,"2026-07-18","Pediatrics","quantile","0.05",64
"Seasonal Baseline","2026-07-11",1,"2026-07-18","Pediatrics","quantile","0.1",72
"Seasonal Baseline","2026-07-11",1,"2026-07-18","Pediatrics","quantile","0.15",78
"Seasonal Baseline","2026-07-11",1,"2026-07-18","Pediatrics","quantile","0.2",84
"Seasonal Baseline","2026-07-11",1,"2026-07-18","Pediatrics","quantile","0.25",89
"Seasonal Baseline","2026-07-11",1,"2026-07-18","Pediatrics","quantile","0.3",93
"Seasonal Baseline","2026-07-11",1,"2026-07-18","Pediatrics","quantile","0.35",98
"Seasonal Baseline","2026-07-11",1,"2026-07-18","Pediatrics","quantile","0.4",102
"Seasonal Baseline","2026-07-11",1,"2026-07-18","Pediatrics","quantile","0.45",107
"Seasonal Baseline","2026-07-11",1,"2026-07-18","Pediatrics","quantile","0.5",112
"Seasonal Baseline","2026-07-11",1,"2026-07-18","Pediatrics","quantile","0.55",116
"Seasonal Baseline","2026-07-11",1,"2026-07-18","Pediatrics","quantile","0.6",121
"Seasonal Baseline","2026-07-11",1,"2026-07-18","Pediatrics","quantile","0.65",126
"Seasonal Baseline","2026-07-11",1,"2026-07-18","Pediatrics","quantile","0.7",132
"Seasonal Baseline","2026-07-11",1,"2026-07-18","Pediatrics","quantile","0.75",139
"Seasonal Baseline","2026-07-11",1,"2026-07-18","Pediatrics","quantile","0.8",147
"Seasonal Baseline","2026-07-11",1,"2026-07-18","Pediatrics","quantile","0.85",157
"Seasonal Baseline","2026-07-11",1,"2026-07-18","Pediatrics","quantile","0.9",170
"Seasonal Baseline","2026-07-11",1,"2026-07-18","Pediatrics","quantile","0.95",192
"Seasonal Baseline","2026-07-11",1,"2026-07-18","Pediatrics","quantile","0.975",210
"Seasonal Baseline","2026-07-11",1,"2026-07-18","Pediatrics","quantile","0.99",240
"Seasonal Baseline","2026-07-11",2,"2026-07-25","Pediatrics","quantile","0.01",51
"Seasonal Baseline","2026-07-11",2,"2026-07-25","Pediatrics","quantile","0.025",58
"Seasonal Baseline","2026-07-11",2,"2026-07-25","Pediatrics","quantile","0.05",64
"Seasonal Baseline","2026-07-11",2,"2026-07-25","Pediatrics","quantile","0.1",73
"Seasonal Baseline","2026-07-11",2,"2026-07-25","Pediatrics","quantile","0.15",79
"Seasonal Baseline","2026-07-11",2,"2026-07-25","Pediatrics","quantile","0.2",85
"Seasonal Baseline","2026-07-11",2,"2026-07-25","Pediatrics","quantile","0.25",89
"Seasonal Baseline","2026-07-11",2,"2026-07-25","Pediatrics","quantile","0.3",94
"Seasonal Baseline","2026-07-11",2,"2026-07-25","Pediatrics","quantile","0.35",98
"Seasonal Baseline","2026-07-11",2,"2026-07-25","Pediatrics","quantile","0.4",103
"Seasonal Baseline","2026-07-11",2,"2026-07-25","Pediatrics","quantile","0.45",107
"Seasonal Baseline","2026-07-11",2,"2026-07-25","Pediatrics","quantile","0.5",112
"Seasonal Baseline","2026-07-11",2,"2026-07-25","Pediatrics","quantile","0.55",117
"Seasonal Baseline","2026-07-11",2,"2026-07-25","Pediatrics","quantile","0.6",122
"Seasonal Baseline","2026-07-11",2,"2026-07-25","Pediatrics","quantile","0.65",128
"Seasonal Baseline","2026-07-11",2,"2026-07-25","Pediatrics","quantile","0.7",134
"Seasonal Baseline","2026-07-11",2,"2026-07-25","Pediatrics","quantile","0.75",140
"Seasonal Baseline","2026-07-11",2,"2026-07-25","Pediatrics","quantile","0.8",148
"Seasonal Baseline","2026-07-11",2,"2026-07-25","Pediatrics","quantile","0.85",158
"Seasonal Baseline","2026-07-11",2,"2026-07-25","Pediatrics","quantile","0.9",171
"Seasonal Baseline","2026-07-11",2,"2026-07-25","Pediatrics","quantile","0.95",193
"Seasonal Baseline","2026-07-11",2,"2026-07-25","Pediatrics","quantile","0.975",216
"Seasonal Baseline","2026-07-11",2,"2026-07-25","Pediatrics","quantile","0.99",243
"Seasonal Baseline","2026-07-11",3,"2026-08-01","Pediatrics","quantile","0.01",55
"Seasonal Baseline","2026-07-11",3,"2026-08-01","Pediatrics","quantile","0.025",62
"Seasonal Baseline","2026-07-11",3,"2026-08-01","Pediatrics","quantile","0.05",70
"Seasonal Baseline","2026-07-11",3,"2026-08-01","Pediatrics","quantile","0.1",79
"Seasonal Baseline","2026-07-11",3,"2026-08-01","Pediatrics","quantile","0.15",86
"Seasonal Baseline","2026-07-11",3,"2026-08-01","Pediatrics","quantile","0.2",92
"Seasonal Baseline","2026-07-11",3,"2026-08-01","Pediatrics","quantile","0.25",98
"Seasonal Baseline","2026-07-11",3,"2026-08-01","Pediatrics","quantile","0.3",103
"Seasonal Baseline","2026-07-11",3,"2026-08-01","Pediatrics","quantile","0.35",108
"Seasonal Baseline","2026-07-11",3,"2026-08-01","Pediatrics","quantile","0.4",112
"Seasonal Baseline","2026-07-11",3,"2026-08-01","Pediatrics","quantile","0.45",117
"Seasonal Baseline","2026-07-11",3,"2026-08-01","Pediatrics","quantile","0.5",122
"Seasonal Baseline","2026-07-11",3,"2026-08-01","Pediatrics","quantile","0.55",128
"Seasonal Baseline","2026-07-11",3,"2026-08-01","Pediatrics","quantile","0.6",133
"Seasonal Baseline","2026-07-11",3,"2026-08-01","Pediatrics","quantile","0.65",139
"Seasonal Baseline","2026-07-11",3,"2026-08-01","Pediatrics","quantile","0.7",146
"Seasonal Baseline","2026-07-11",3,"2026-08-01","Pediatrics","quantile","0.75",154
"Seasonal Baseline","2026-07-11",3,"2026-08-01","Pediatrics","quantile","0.8",163
"Seasonal Baseline","2026-07-11",3,"2026-08-01","Pediatrics","quantile","0.85",174
"Seasonal Baseline","2026-07-11",3,"2026-08-01","Pediatrics","quantile","0.9",189
"Seasonal Baseline","2026-07-11",3,"2026-08-01","Pediatrics","quantile","0.95",213
"Seasonal Baseline","2026-07-11",3,"2026-08-01","Pediatrics","quantile","0.975",238
"Seasonal Baseline","2026-07-11",3,"2026-08-01","Pediatrics","quantile","0.99",267
"Opt Baseline","2026-07-11",-2,"2026-06-27","Adults","quantile","0.01",139
"Opt Baseline","2026-07-11",-2,"2026-06-27","Adults","quantile","0.025",141
"Opt Baseline","2026-07-11",-2,"2026-06-27","Adults","quantile","0.05",145
"Opt Baseline","2026-07-11",-2,"2026-06-27","Adults","quantile","0.1",155
"Opt Baseline","2026-07-11",-2,"2026-06-27","Adults","quantile","0.15",163
"Opt Baseline","2026-07-11",-2,"2026-06-27","Adults","quantile","0.2",166
"Opt Baseline","2026-07-11",-2,"2026-06-27","Adults","quantile","0.25",167
"Opt Baseline","2026-07-11",-2,"2026-06-27","Adults","quantile","0.3",169
"Opt Baseline","2026-07-11",-2,"2026-06-27","Adults","quantile","0.35",173
"Opt Baseline","2026-07-11",-2,"2026-06-27","Adults","quantile","0.4",176
"Opt Baseline","2026-07-11",-2,"2026-06-27","Adults","quantile","0.45",177
"Opt Baseline","2026-07-11",-2,"2026-06-27","Adults","quantile","0.5",179
"Opt Baseline","2026-07-11",-2,"2026-06-27","Adults","quantile","0.55",181
"Opt Baseline","2026-07-11",-2,"2026-06-27","Adults","quantile","0.6",182
"Opt Baseline","2026-07-11",-2,"2026-06-27","Adults","quantile","0.65",186
"Opt Baseline","2026-07-11",-2,"2026-06-27","Adults","quantile","0.7",189
"Opt Baseline","2026-07-11",-2,"2026-06-27","Adults","quantile","0.75",192
"Opt Baseline","2026-07-11",-2,"2026-06-27","Adults","quantile","0.8",193
"Opt Baseline","2026-07-11",-2,"2026-06-27","Adults","quantile","0.85",196
"Opt Baseline","2026-07-11",-2,"2026-06-27","Adults","quantile","0.9",205
"Opt Baseline","2026-07-11",-2,"2026-06-27","Adults","quantile","0.95",217
"Opt Baseline","2026-07-11",-2,"2026-06-27","Adults","quantile","0.975",222
"Opt Baseline","2026-07-11",-2,"2026-06-27","Adults","quantile","0.99",224
"Opt Baseline","2026-07-11",-1,"2026-07-04","Adults","quantile","0.01",121
"Opt Baseline","2026-07-11",-1,"2026-07-04","Adults","quantile","0.025",129
"Opt Baseline","2026-07-11",-1,"2026-07-04","Adults","quantile","0.05",136
"Opt Baseline","2026-07-11",-1,"2026-07-04","Adults","quantile","0.1",146
"Opt Baseline","2026-07-11",-1,"2026-07-04","Adults","quantile","0.15",152
"Opt Baseline","2026-07-11",-1,"2026-07-04","Adults","quantile","0.2",157
"Opt Baseline","2026-07-11",-1,"2026-07-04","Adults","quantile","0.25",162
"Opt Baseline","2026-07-11",-1,"2026-07-04","Adults","quantile","0.3",165
"Opt Baseline","2026-07-11",-1,"2026-07-04","Adults","quantile","0.35",169
"Opt Baseline","2026-07-11",-1,"2026-07-04","Adults","quantile","0.4",173
"Opt Baseline","2026-07-11",-1,"2026-07-04","Adults","quantile","0.45",176
"Opt Baseline","2026-07-11",-1,"2026-07-04","Adults","quantile","0.5",179
"Opt Baseline","2026-07-11",-1,"2026-07-04","Adults","quantile","0.55",182
"Opt Baseline","2026-07-11",-1,"2026-07-04","Adults","quantile","0.6",186
"Opt Baseline","2026-07-11",-1,"2026-07-04","Adults","quantile","0.65",189
"Opt Baseline","2026-07-11",-1,"2026-07-04","Adults","quantile","0.7",193
"Opt Baseline","2026-07-11",-1,"2026-07-04","Adults","quantile","0.75",197
"Opt Baseline","2026-07-11",-1,"2026-07-04","Adults","quantile","0.8",202
"Opt Baseline","2026-07-11",-1,"2026-07-04","Adults","quantile","0.85",207
"Opt Baseline","2026-07-11",-1,"2026-07-04","Adults","quantile","0.9",215
"Opt Baseline","2026-07-11",-1,"2026-07-04","Adults","quantile","0.95",226
"Opt Baseline","2026-07-11",-1,"2026-07-04","Adults","quantile","0.975",235
"Opt Baseline","2026-07-11",-1,"2026-07-04","Adults","quantile","0.99",247
"Opt Baseline","2026-07-11",0,"2026-07-11","Adults","quantile","0.01",110
"Opt Baseline","2026-07-11",0,"2026-07-11","Adults","quantile","0.025",120
"Opt Baseline","2026-07-11",0,"2026-07-11","Adults","quantile","0.05",129
"Opt Baseline","2026-07-11",0,"2026-07-11","Adults","quantile","0.1",139
"Opt Baseline","2026-07-11",0,"2026-07-11","Adults","quantile","0.15",146
"Opt Baseline","2026-07-11",0,"2026-07-11","Adults","quantile","0.2",152
"Opt Baseline","2026-07-11",0,"2026-07-11","Adults","quantile","0.25",157
"Opt Baseline","2026-07-11",0,"2026-07-11","Adults","quantile","0.3",162
"Opt Baseline","2026-07-11",0,"2026-07-11","Adults","quantile","0.35",167
"Opt Baseline","2026-07-11",0,"2026-07-11","Adults","quantile","0.4",171
"Opt Baseline","2026-07-11",0,"2026-07-11","Adults","quantile","0.45",175
"Opt Baseline","2026-07-11",0,"2026-07-11","Adults","quantile","0.5",179
"Opt Baseline","2026-07-11",0,"2026-07-11","Adults","quantile","0.55",183
"Opt Baseline","2026-07-11",0,"2026-07-11","Adults","quantile","0.6",187
"Opt Baseline","2026-07-11",0,"2026-07-11","Adults","quantile","0.65",191
"Opt Baseline","2026-07-11",0,"2026-07-11","Adults","quantile","0.7",196
"Opt Baseline","2026-07-11",0,"2026-07-11","Adults","quantile","0.75",201
"Opt Baseline","2026-07-11",0,"2026-07-11","Adults","quantile","0.8",207
"Opt Baseline","2026-07-11",0,"2026-07-11","Adults","quantile","0.85",215
"Opt Baseline","2026-07-11",0,"2026-07-11","Adults","quantile","0.9",223
"Opt Baseline","2026-07-11",0,"2026-07-11","Adults","quantile","0.95",237
"Opt Baseline","2026-07-11",0,"2026-07-11","Adults","quantile","0.975",249
"Opt Baseline","2026-07-11",0,"2026-07-11","Adults","quantile","0.99",265
"Opt Baseline","2026-07-11",1,"2026-07-18","Adults","quantile","0.01",103
"Opt Baseline","2026-07-11",1,"2026-07-18","Adults","quantile","0.025",113
"Opt Baseline","2026-07-11",1,"2026-07-18","Adults","quantile","0.05",122
"Opt Baseline","2026-07-11",1,"2026-07-18","Adults","quantile","0.1",134
"Opt Baseline","2026-07-11",1,"2026-07-18","Adults","quantile","0.15",142
"Opt Baseline","2026-07-11",1,"2026-07-18","Adults","quantile","0.2",149
"Opt Baseline","2026-07-11",1,"2026-07-18","Adults","quantile","0.25",154
"Opt Baseline","2026-07-11",1,"2026-07-18","Adults","quantile","0.3",160
"Opt Baseline","2026-07-11",1,"2026-07-18","Adults","quantile","0.35",165
"Opt Baseline","2026-07-11",1,"2026-07-18","Adults","quantile","0.4",169
"Opt Baseline","2026-07-11",1,"2026-07-18","Adults","quantile","0.45",174
"Opt Baseline","2026-07-11",1,"2026-07-18","Adults","quantile","0.5",179
"Opt Baseline","2026-07-11",1,"2026-07-18","Adults","quantile","0.55",184
"Opt Baseline","2026-07-11",1,"2026-07-18","Adults","quantile","0.6",189
"Opt Baseline","2026-07-11",1,"2026-07-18","Adults","quantile","0.65",194
"Opt Baseline","2026-07-11",1,"2026-07-18","Adults","quantile","0.7",199
"Opt Baseline","2026-07-11",1,"2026-07-18","Adults","quantile","0.75",205
"Opt Baseline","2026-07-11",1,"2026-07-18","Adults","quantile","0.8",212
"Opt Baseline","2026-07-11",1,"2026-07-18","Adults","quantile","0.85",220
"Opt Baseline","2026-07-11",1,"2026-07-18","Adults","quantile","0.9",231
"Opt Baseline","2026-07-11",1,"2026-07-18","Adults","quantile","0.95",247
"Opt Baseline","2026-07-11",1,"2026-07-18","Adults","quantile","0.975",262
"Opt Baseline","2026-07-11",1,"2026-07-18","Adults","quantile","0.99",279
"Opt Baseline","2026-07-11",2,"2026-07-25","Adults","quantile","0.01",95
"Opt Baseline","2026-07-11",2,"2026-07-25","Adults","quantile","0.025",107
"Opt Baseline","2026-07-11",2,"2026-07-25","Adults","quantile","0.05",117
"Opt Baseline","2026-07-11",2,"2026-07-25","Adults","quantile","0.1",129
"Opt Baseline","2026-07-11",2,"2026-07-25","Adults","quantile","0.15",138
"Opt Baseline","2026-07-11",2,"2026-07-25","Adults","quantile","0.2",145
"Opt Baseline","2026-07-11",2,"2026-07-25","Adults","quantile","0.25",151
"Opt Baseline","2026-07-11",2,"2026-07-25","Adults","quantile","0.3",157
"Opt Baseline","2026-07-11",2,"2026-07-25","Adults","quantile","0.35",163
"Opt Baseline","2026-07-11",2,"2026-07-25","Adults","quantile","0.4",168
"Opt Baseline","2026-07-11",2,"2026-07-25","Adults","quantile","0.45",174
"Opt Baseline","2026-07-11",2,"2026-07-25","Adults","quantile","0.5",179
"Opt Baseline","2026-07-11",2,"2026-07-25","Adults","quantile","0.55",184
"Opt Baseline","2026-07-11",2,"2026-07-25","Adults","quantile","0.6",190
"Opt Baseline","2026-07-11",2,"2026-07-25","Adults","quantile","0.65",195
"Opt Baseline","2026-07-11",2,"2026-07-25","Adults","quantile","0.7",201
"Opt Baseline","2026-07-11",2,"2026-07-25","Adults","quantile","0.75",209
"Opt Baseline","2026-07-11",2,"2026-07-25","Adults","quantile","0.8",216
"Opt Baseline","2026-07-11",2,"2026-07-25","Adults","quantile","0.85",226
"Opt Baseline","2026-07-11",2,"2026-07-25","Adults","quantile","0.9",238
"Opt Baseline","2026-07-11",2,"2026-07-25","Adults","quantile","0.95",256
"Opt Baseline","2026-07-11",2,"2026-07-25","Adults","quantile","0.975",273
"Opt Baseline","2026-07-11",2,"2026-07-25","Adults","quantile","0.99",292
"Opt Baseline","2026-07-11",3,"2026-08-01","Adults","quantile","0.01",87
"Opt Baseline","2026-07-11",3,"2026-08-01","Adults","quantile","0.025",101
"Opt Baseline","2026-07-11",3,"2026-08-01","Adults","quantile","0.05",111
"Opt Baseline","2026-07-11",3,"2026-08-01","Adults","quantile","0.1",124
"Opt Baseline","2026-07-11",3,"2026-08-01","Adults","quantile","0.15",134
"Opt Baseline","2026-07-11",3,"2026-08-01","Adults","quantile","0.2",142
"Opt Baseline","2026-07-11",3,"2026-08-01","Adults","quantile","0.25",149
"Opt Baseline","2026-07-11",3,"2026-08-01","Adults","quantile","0.3",155
"Opt Baseline","2026-07-11",3,"2026-08-01","Adults","quantile","0.35",161
"Opt Baseline","2026-07-11",3,"2026-08-01","Adults","quantile","0.4",168
"Opt Baseline","2026-07-11",3,"2026-08-01","Adults","quantile","0.45",173
"Opt Baseline","2026-07-11",3,"2026-08-01","Adults","quantile","0.5",179
"Opt Baseline","2026-07-11",3,"2026-08-01","Adults","quantile","0.55",185
"Opt Baseline","2026-07-11",3,"2026-08-01","Adults","quantile","0.6",191
"Opt Baseline","2026-07-11",3,"2026-08-01","Adults","quantile","0.65",197
"Opt Baseline","2026-07-11",3,"2026-08-01","Adults","quantile","0.7",204
"Opt Baseline","2026-07-11",3,"2026-08-01","Adults","quantile","0.75",212
"Opt Baseline","2026-07-11",3,"2026-08-01","Adults","quantile","0.8",220
"Opt Baseline","2026-07-11",3,"2026-08-01","Adults","quantile","0.85",231
"Opt Baseline","2026-07-11",3,"2026-08-01","Adults","quantile","0.9",244
"Opt Baseline","2026-07-11",3,"2026-08-01","Adults","quantile","0.95",265
"Opt Baseline","2026-07-11",3,"2026-08-01","Adults","quantile","0.975",284
"Opt Baseline","2026-07-11",3,"2026-08-01","Adults","quantile","0.99",307
"Opt Baseline","2026-07-11",-2,"2026-06-27","Overall","quantile","0.01",242
"Opt Baseline","2026-07-11",-2,"2026-06-27","Overall","quantile","0.025",245
"Opt Baseline","2026-07-11",-2,"2026-06-27","Overall","quantile","0.05",250
"Opt Baseline","2026-07-11",-2,"2026-06-27","Overall","quantile","0.1",263
"Opt Baseline","2026-07-11",-2,"2026-06-27","Overall","quantile","0.15",276
"Opt Baseline","2026-07-11",-2,"2026-06-27","Overall","quantile","0.2",285
"Opt Baseline","2026-07-11",-2,"2026-06-27","Overall","quantile","0.25",298
"Opt Baseline","2026-07-11",-2,"2026-06-27","Overall","quantile","0.3",303
"Opt Baseline","2026-07-11",-2,"2026-06-27","Overall","quantile","0.35",307
"Opt Baseline","2026-07-11",-2,"2026-06-27","Overall","quantile","0.4",316
"Opt Baseline","2026-07-11",-2,"2026-06-27","Overall","quantile","0.45",317
"Opt Baseline","2026-07-11",-2,"2026-06-27","Overall","quantile","0.5",318
"Opt Baseline","2026-07-11",-2,"2026-06-27","Overall","quantile","0.55",319
"Opt Baseline","2026-07-11",-2,"2026-06-27","Overall","quantile","0.6",320
"Opt Baseline","2026-07-11",-2,"2026-06-27","Overall","quantile","0.65",329
"Opt Baseline","2026-07-11",-2,"2026-06-27","Overall","quantile","0.7",333
"Opt Baseline","2026-07-11",-2,"2026-06-27","Overall","quantile","0.75",339
"Opt Baseline","2026-07-11",-2,"2026-06-27","Overall","quantile","0.8",353
"Opt Baseline","2026-07-11",-2,"2026-06-27","Overall","quantile","0.85",363
"Opt Baseline","2026-07-11",-2,"2026-06-27","Overall","quantile","0.9",379
"Opt Baseline","2026-07-11",-2,"2026-06-27","Overall","quantile","0.95",395
"Opt Baseline","2026-07-11",-2,"2026-06-27","Overall","quantile","0.975",401
"Opt Baseline","2026-07-11",-2,"2026-06-27","Overall","quantile","0.99",404
"Opt Baseline","2026-07-11",-1,"2026-07-04","Overall","quantile","0.01",197
"Opt Baseline","2026-07-11",-1,"2026-07-04","Overall","quantile","0.025",214
"Opt Baseline","2026-07-11",-1,"2026-07-04","Overall","quantile","0.05",233
"Opt Baseline","2026-07-11",-1,"2026-07-04","Overall","quantile","0.1",247
"Opt Baseline","2026-07-11",-1,"2026-07-04","Overall","quantile","0.15",260
"Opt Baseline","2026-07-11",-1,"2026-07-04","Overall","quantile","0.2",271
"Opt Baseline","2026-07-11",-1,"2026-07-04","Overall","quantile","0.25",281
"Opt Baseline","2026-07-11",-1,"2026-07-04","Overall","quantile","0.3",289
"Opt Baseline","2026-07-11",-1,"2026-07-04","Overall","quantile","0.35",299
"Opt Baseline","2026-07-11",-1,"2026-07-04","Overall","quantile","0.4",305
"Opt Baseline","2026-07-11",-1,"2026-07-04","Overall","quantile","0.45",313
"Opt Baseline","2026-07-11",-1,"2026-07-04","Overall","quantile","0.5",318
"Opt Baseline","2026-07-11",-1,"2026-07-04","Overall","quantile","0.55",323
"Opt Baseline","2026-07-11",-1,"2026-07-04","Overall","quantile","0.6",331
"Opt Baseline","2026-07-11",-1,"2026-07-04","Overall","quantile","0.65",338
"Opt Baseline","2026-07-11",-1,"2026-07-04","Overall","quantile","0.7",348
"Opt Baseline","2026-07-11",-1,"2026-07-04","Overall","quantile","0.75",358
"Opt Baseline","2026-07-11",-1,"2026-07-04","Overall","quantile","0.8",369
"Opt Baseline","2026-07-11",-1,"2026-07-04","Overall","quantile","0.85",382
"Opt Baseline","2026-07-11",-1,"2026-07-04","Overall","quantile","0.9",397
"Opt Baseline","2026-07-11",-1,"2026-07-04","Overall","quantile","0.95",415
"Opt Baseline","2026-07-11",-1,"2026-07-04","Overall","quantile","0.975",439
"Opt Baseline","2026-07-11",-1,"2026-07-04","Overall","quantile","0.99",461
"Opt Baseline","2026-07-11",0,"2026-07-11","Overall","quantile","0.01",180
"Opt Baseline","2026-07-11",0,"2026-07-11","Overall","quantile","0.025",198
"Opt Baseline","2026-07-11",0,"2026-07-11","Overall","quantile","0.05",215
"Opt Baseline","2026-07-11",0,"2026-07-11","Overall","quantile","0.1",237
"Opt Baseline","2026-07-11",0,"2026-07-11","Overall","quantile","0.15",250
"Opt Baseline","2026-07-11",0,"2026-07-11","Overall","quantile","0.2",261
"Opt Baseline","2026-07-11",0,"2026-07-11","Overall","quantile","0.25",272
"Opt Baseline","2026-07-11",0,"2026-07-11","Overall","quantile","0.3",282
"Opt Baseline","2026-07-11",0,"2026-07-11","Overall","quantile","0.35",292
"Opt Baseline","2026-07-11",0,"2026-07-11","Overall","quantile","0.4",301
"Opt Baseline","2026-07-11",0,"2026-07-11","Overall","quantile","0.45",310
"Opt Baseline","2026-07-11",0,"2026-07-11","Overall","quantile","0.5",318
"Opt Baseline","2026-07-11",0,"2026-07-11","Overall","quantile","0.55",327
"Opt Baseline","2026-07-11",0,"2026-07-11","Overall","quantile","0.6",336
"Opt Baseline","2026-07-11",0,"2026-07-11","Overall","quantile","0.65",345
"Opt Baseline","2026-07-11",0,"2026-07-11","Overall","quantile","0.7",356
"Opt Baseline","2026-07-11",0,"2026-07-11","Overall","quantile","0.75",368
"Opt Baseline","2026-07-11",0,"2026-07-11","Overall","quantile","0.8",380
"Opt Baseline","2026-07-11",0,"2026-07-11","Overall","quantile","0.85",395
"Opt Baseline","2026-07-11",0,"2026-07-11","Overall","quantile","0.9",413
"Opt Baseline","2026-07-11",0,"2026-07-11","Overall","quantile","0.95",442
"Opt Baseline","2026-07-11",0,"2026-07-11","Overall","quantile","0.975",465
"Opt Baseline","2026-07-11",0,"2026-07-11","Overall","quantile","0.99",498
"Opt Baseline","2026-07-11",1,"2026-07-18","Overall","quantile","0.01",157
"Opt Baseline","2026-07-11",1,"2026-07-18","Overall","quantile","0.025",180
"Opt Baseline","2026-07-11",1,"2026-07-18","Overall","quantile","0.05",200
"Opt Baseline","2026-07-11",1,"2026-07-18","Overall","quantile","0.1",224
"Opt Baseline","2026-07-11",1,"2026-07-18","Overall","quantile","0.15",240
"Opt Baseline","2026-07-11",1,"2026-07-18","Overall","quantile","0.2",254
"Opt Baseline","2026-07-11",1,"2026-07-18","Overall","quantile","0.25",265
"Opt Baseline","2026-07-11",1,"2026-07-18","Overall","quantile","0.3",277
"Opt Baseline","2026-07-11",1,"2026-07-18","Overall","quantile","0.35",287
"Opt Baseline","2026-07-11",1,"2026-07-18","Overall","quantile","0.4",298
"Opt Baseline","2026-07-11",1,"2026-07-18","Overall","quantile","0.45",308
"Opt Baseline","2026-07-11",1,"2026-07-18","Overall","quantile","0.5",318
"Opt Baseline","2026-07-11",1,"2026-07-18","Overall","quantile","0.55",328
"Opt Baseline","2026-07-11",1,"2026-07-18","Overall","quantile","0.6",338
"Opt Baseline","2026-07-11",1,"2026-07-18","Overall","quantile","0.65",349
"Opt Baseline","2026-07-11",1,"2026-07-18","Overall","quantile","0.7",361
"Opt Baseline","2026-07-11",1,"2026-07-18","Overall","quantile","0.75",374
"Opt Baseline","2026-07-11",1,"2026-07-18","Overall","quantile","0.8",389
"Opt Baseline","2026-07-11",1,"2026-07-18","Overall","quantile","0.85",406
"Opt Baseline","2026-07-11",1,"2026-07-18","Overall","quantile","0.9",428
"Opt Baseline","2026-07-11",1,"2026-07-18","Overall","quantile","0.95",462
"Opt Baseline","2026-07-11",1,"2026-07-18","Overall","quantile","0.975",491
"Opt Baseline","2026-07-11",1,"2026-07-18","Overall","quantile","0.99",530
"Opt Baseline","2026-07-11",2,"2026-07-25","Overall","quantile","0.01",146
"Opt Baseline","2026-07-11",2,"2026-07-25","Overall","quantile","0.025",170
"Opt Baseline","2026-07-11",2,"2026-07-25","Overall","quantile","0.05",189
"Opt Baseline","2026-07-11",2,"2026-07-25","Overall","quantile","0.1",216
"Opt Baseline","2026-07-11",2,"2026-07-25","Overall","quantile","0.15",234
"Opt Baseline","2026-07-11",2,"2026-07-25","Overall","quantile","0.2",247
"Opt Baseline","2026-07-11",2,"2026-07-25","Overall","quantile","0.25",260
"Opt Baseline","2026-07-11",2,"2026-07-25","Overall","quantile","0.3",273
"Opt Baseline","2026-07-11",2,"2026-07-25","Overall","quantile","0.35",284
"Opt Baseline","2026-07-11",2,"2026-07-25","Overall","quantile","0.4",296
"Opt Baseline","2026-07-11",2,"2026-07-25","Overall","quantile","0.45",307
"Opt Baseline","2026-07-11",2,"2026-07-25","Overall","quantile","0.5",318
"Opt Baseline","2026-07-11",2,"2026-07-25","Overall","quantile","0.55",329
"Opt Baseline","2026-07-11",2,"2026-07-25","Overall","quantile","0.6",341
"Opt Baseline","2026-07-11",2,"2026-07-25","Overall","quantile","0.65",355
"Opt Baseline","2026-07-11",2,"2026-07-25","Overall","quantile","0.7",368
"Opt Baseline","2026-07-11",2,"2026-07-25","Overall","quantile","0.75",382
"Opt Baseline","2026-07-11",2,"2026-07-25","Overall","quantile","0.8",400
"Opt Baseline","2026-07-11",2,"2026-07-25","Overall","quantile","0.85",419
"Opt Baseline","2026-07-11",2,"2026-07-25","Overall","quantile","0.9",444
"Opt Baseline","2026-07-11",2,"2026-07-25","Overall","quantile","0.95",480
"Opt Baseline","2026-07-11",2,"2026-07-25","Overall","quantile","0.975",514
"Opt Baseline","2026-07-11",2,"2026-07-25","Overall","quantile","0.99",554
"Opt Baseline","2026-07-11",3,"2026-08-01","Overall","quantile","0.01",134
"Opt Baseline","2026-07-11",3,"2026-08-01","Overall","quantile","0.025",157
"Opt Baseline","2026-07-11",3,"2026-08-01","Overall","quantile","0.05",178
"Opt Baseline","2026-07-11",3,"2026-08-01","Overall","quantile","0.1",205
"Opt Baseline","2026-07-11",3,"2026-08-01","Overall","quantile","0.15",225
"Opt Baseline","2026-07-11",3,"2026-08-01","Overall","quantile","0.2",240
"Opt Baseline","2026-07-11",3,"2026-08-01","Overall","quantile","0.25",254
"Opt Baseline","2026-07-11",3,"2026-08-01","Overall","quantile","0.3",267
"Opt Baseline","2026-07-11",3,"2026-08-01","Overall","quantile","0.35",281
"Opt Baseline","2026-07-11",3,"2026-08-01","Overall","quantile","0.4",294
"Opt Baseline","2026-07-11",3,"2026-08-01","Overall","quantile","0.45",306
"Opt Baseline","2026-07-11",3,"2026-08-01","Overall","quantile","0.5",318
"Opt Baseline","2026-07-11",3,"2026-08-01","Overall","quantile","0.55",330
"Opt Baseline","2026-07-11",3,"2026-08-01","Overall","quantile","0.6",343
"Opt Baseline","2026-07-11",3,"2026-08-01","Overall","quantile","0.65",356
"Opt Baseline","2026-07-11",3,"2026-08-01","Overall","quantile","0.7",372
"Opt Baseline","2026-07-11",3,"2026-08-01","Overall","quantile","0.75",388
"Opt Baseline","2026-07-11",3,"2026-08-01","Overall","quantile","0.8",406
"Opt Baseline","2026-07-11",3,"2026-08-01","Overall","quantile","0.85",428
"Opt Baseline","2026-07-11",3,"2026-08-01","Overall","quantile","0.9",454
"Opt Baseline","2026-07-11",3,"2026-08-01","Overall","quantile","0.95",499
"Opt Baseline","2026-07-11",3,"2026-08-01","Overall","quantile","0.975",537
"Opt Baseline","2026-07-11",3,"2026-08-01","Overall","quantile","0.99",582
"Opt Baseline","2026-07-11",-2,"2026-06-27","Pediatrics","quantile","0.01",103
"Opt Baseline","2026-07-11",-2,"2026-06-27","Pediatrics","quantile","0.025",104
"Opt Baseline","2026-07-11",-2,"2026-06-27","Pediatrics","quantile","0.05",104
"Opt Baseline","2026-07-11",-2,"2026-06-27","Pediatrics","quantile","0.1",105
"Opt Baseline","2026-07-11",-2,"2026-06-27","Pediatrics","quantile","0.15",110
"Opt Baseline","2026-07-11",-2,"2026-06-27","Pediatrics","quantile","0.2",122
"Opt Baseline","2026-07-11",-2,"2026-06-27","Pediatrics","quantile","0.25",122
"Opt Baseline","2026-07-11",-2,"2026-06-27","Pediatrics","quantile","0.3",126
"Opt Baseline","2026-07-11",-2,"2026-06-27","Pediatrics","quantile","0.35",131
"Opt Baseline","2026-07-11",-2,"2026-06-27","Pediatrics","quantile","0.4",135
"Opt Baseline","2026-07-11",-2,"2026-06-27","Pediatrics","quantile","0.45",136
"Opt Baseline","2026-07-11",-2,"2026-06-27","Pediatrics","quantile","0.5",139
"Opt Baseline","2026-07-11",-2,"2026-06-27","Pediatrics","quantile","0.55",142
"Opt Baseline","2026-07-11",-2,"2026-06-27","Pediatrics","quantile","0.6",143
"Opt Baseline","2026-07-11",-2,"2026-06-27","Pediatrics","quantile","0.65",147
"Opt Baseline","2026-07-11",-2,"2026-06-27","Pediatrics","quantile","0.7",153
"Opt Baseline","2026-07-11",-2,"2026-06-27","Pediatrics","quantile","0.75",157
"Opt Baseline","2026-07-11",-2,"2026-06-27","Pediatrics","quantile","0.8",157
"Opt Baseline","2026-07-11",-2,"2026-06-27","Pediatrics","quantile","0.85",172
"Opt Baseline","2026-07-11",-2,"2026-06-27","Pediatrics","quantile","0.9",177
"Opt Baseline","2026-07-11",-2,"2026-06-27","Pediatrics","quantile","0.95",179
"Opt Baseline","2026-07-11",-2,"2026-06-27","Pediatrics","quantile","0.975",179
"Opt Baseline","2026-07-11",-2,"2026-06-27","Pediatrics","quantile","0.99",180
"Opt Baseline","2026-07-11",-1,"2026-07-04","Pediatrics","quantile","0.01",75
"Opt Baseline","2026-07-11",-1,"2026-07-04","Pediatrics","quantile","0.025",80
"Opt Baseline","2026-07-11",-1,"2026-07-04","Pediatrics","quantile","0.05",91
"Opt Baseline","2026-07-11",-1,"2026-07-04","Pediatrics","quantile","0.1",101
"Opt Baseline","2026-07-11",-1,"2026-07-04","Pediatrics","quantile","0.15",107
"Opt Baseline","2026-07-11",-1,"2026-07-04","Pediatrics","quantile","0.2",111
"Opt Baseline","2026-07-11",-1,"2026-07-04","Pediatrics","quantile","0.25",117
"Opt Baseline","2026-07-11",-1,"2026-07-04","Pediatrics","quantile","0.3",121
"Opt Baseline","2026-07-11",-1,"2026-07-04","Pediatrics","quantile","0.35",126
"Opt Baseline","2026-07-11",-1,"2026-07-04","Pediatrics","quantile","0.4",131
"Opt Baseline","2026-07-11",-1,"2026-07-04","Pediatrics","quantile","0.45",136
"Opt Baseline","2026-07-11",-1,"2026-07-04","Pediatrics","quantile","0.5",139
"Opt Baseline","2026-07-11",-1,"2026-07-04","Pediatrics","quantile","0.55",142
"Opt Baseline","2026-07-11",-1,"2026-07-04","Pediatrics","quantile","0.6",147
"Opt Baseline","2026-07-11",-1,"2026-07-04","Pediatrics","quantile","0.65",153
"Opt Baseline","2026-07-11",-1,"2026-07-04","Pediatrics","quantile","0.7",158
"Opt Baseline","2026-07-11",-1,"2026-07-04","Pediatrics","quantile","0.75",162
"Opt Baseline","2026-07-11",-1,"2026-07-04","Pediatrics","quantile","0.8",170
"Opt Baseline","2026-07-11",-1,"2026-07-04","Pediatrics","quantile","0.85",176
"Opt Baseline","2026-07-11",-1,"2026-07-04","Pediatrics","quantile","0.9",184
"Opt Baseline","2026-07-11",-1,"2026-07-04","Pediatrics","quantile","0.95",198
"Opt Baseline","2026-07-11",-1,"2026-07-04","Pediatrics","quantile","0.975",214
"Opt Baseline","2026-07-11",-1,"2026-07-04","Pediatrics","quantile","0.99",222
"Opt Baseline","2026-07-11",0,"2026-07-11","Pediatrics","quantile","0.01",63
"Opt Baseline","2026-07-11",0,"2026-07-11","Pediatrics","quantile","0.025",73
"Opt Baseline","2026-07-11",0,"2026-07-11","Pediatrics","quantile","0.05",81
"Opt Baseline","2026-07-11",0,"2026-07-11","Pediatrics","quantile","0.1",91
"Opt Baseline","2026-07-11",0,"2026-07-11","Pediatrics","quantile","0.15",99
"Opt Baseline","2026-07-11",0,"2026-07-11","Pediatrics","quantile","0.2",106
"Opt Baseline","2026-07-11",0,"2026-07-11","Pediatrics","quantile","0.25",112
"Opt Baseline","2026-07-11",0,"2026-07-11","Pediatrics","quantile","0.3",118
"Opt Baseline","2026-07-11",0,"2026-07-11","Pediatrics","quantile","0.35",123
"Opt Baseline","2026-07-11",0,"2026-07-11","Pediatrics","quantile","0.4",129
"Opt Baseline","2026-07-11",0,"2026-07-11","Pediatrics","quantile","0.45",135
"Opt Baseline","2026-07-11",0,"2026-07-11","Pediatrics","quantile","0.5",139
"Opt Baseline","2026-07-11",0,"2026-07-11","Pediatrics","quantile","0.55",143
"Opt Baseline","2026-07-11",0,"2026-07-11","Pediatrics","quantile","0.6",149
"Opt Baseline","2026-07-11",0,"2026-07-11","Pediatrics","quantile","0.65",155
"Opt Baseline","2026-07-11",0,"2026-07-11","Pediatrics","quantile","0.7",162
"Opt Baseline","2026-07-11",0,"2026-07-11","Pediatrics","quantile","0.75",169
"Opt Baseline","2026-07-11",0,"2026-07-11","Pediatrics","quantile","0.8",176
"Opt Baseline","2026-07-11",0,"2026-07-11","Pediatrics","quantile","0.85",184
"Opt Baseline","2026-07-11",0,"2026-07-11","Pediatrics","quantile","0.9",196
"Opt Baseline","2026-07-11",0,"2026-07-11","Pediatrics","quantile","0.95",214
"Opt Baseline","2026-07-11",0,"2026-07-11","Pediatrics","quantile","0.975",228
"Opt Baseline","2026-07-11",0,"2026-07-11","Pediatrics","quantile","0.99",243
"Opt Baseline","2026-07-11",1,"2026-07-18","Pediatrics","quantile","0.01",54
"Opt Baseline","2026-07-11",1,"2026-07-18","Pediatrics","quantile","0.025",63
"Opt Baseline","2026-07-11",1,"2026-07-18","Pediatrics","quantile","0.05",74
"Opt Baseline","2026-07-11",1,"2026-07-18","Pediatrics","quantile","0.1",86
"Opt Baseline","2026-07-11",1,"2026-07-18","Pediatrics","quantile","0.15",94
"Opt Baseline","2026-07-11",1,"2026-07-18","Pediatrics","quantile","0.2",102
"Opt Baseline","2026-07-11",1,"2026-07-18","Pediatrics","quantile","0.25",109
"Opt Baseline","2026-07-11",1,"2026-07-18","Pediatrics","quantile","0.3",115
"Opt Baseline","2026-07-11",1,"2026-07-18","Pediatrics","quantile","0.35",121
"Opt Baseline","2026-07-11",1,"2026-07-18","Pediatrics","quantile","0.4",127
"Opt Baseline","2026-07-11",1,"2026-07-18","Pediatrics","quantile","0.45",133
"Opt Baseline","2026-07-11",1,"2026-07-18","Pediatrics","quantile","0.5",139
"Opt Baseline","2026-07-11",1,"2026-07-18","Pediatrics","quantile","0.55",145
"Opt Baseline","2026-07-11",1,"2026-07-18","Pediatrics","quantile","0.6",151
"Opt Baseline","2026-07-11",1,"2026-07-18","Pediatrics","quantile","0.65",158
"Opt Baseline","2026-07-11",1,"2026-07-18","Pediatrics","quantile","0.7",165
"Opt Baseline","2026-07-11",1,"2026-07-18","Pediatrics","quantile","0.75",173
"Opt Baseline","2026-07-11",1,"2026-07-18","Pediatrics","quantile","0.8",181
"Opt Baseline","2026-07-11",1,"2026-07-18","Pediatrics","quantile","0.85",192
"Opt Baseline","2026-07-11",1,"2026-07-18","Pediatrics","quantile","0.9",205
"Opt Baseline","2026-07-11",1,"2026-07-18","Pediatrics","quantile","0.95",225
"Opt Baseline","2026-07-11",1,"2026-07-18","Pediatrics","quantile","0.975",245
"Opt Baseline","2026-07-11",1,"2026-07-18","Pediatrics","quantile","0.99",267
"Opt Baseline","2026-07-11",2,"2026-07-25","Pediatrics","quantile","0.01",46
"Opt Baseline","2026-07-11",2,"2026-07-25","Pediatrics","quantile","0.025",56
"Opt Baseline","2026-07-11",2,"2026-07-25","Pediatrics","quantile","0.05",67
"Opt Baseline","2026-07-11",2,"2026-07-25","Pediatrics","quantile","0.1",80
"Opt Baseline","2026-07-11",2,"2026-07-25","Pediatrics","quantile","0.15",90
"Opt Baseline","2026-07-11",2,"2026-07-25","Pediatrics","quantile","0.2",98
"Opt Baseline","2026-07-11",2,"2026-07-25","Pediatrics","quantile","0.25",105
"Opt Baseline","2026-07-11",2,"2026-07-25","Pediatrics","quantile","0.3",112
"Opt Baseline","2026-07-11",2,"2026-07-25","Pediatrics","quantile","0.35",119
"Opt Baseline","2026-07-11",2,"2026-07-25","Pediatrics","quantile","0.4",126
"Opt Baseline","2026-07-11",2,"2026-07-25","Pediatrics","quantile","0.45",133
"Opt Baseline","2026-07-11",2,"2026-07-25","Pediatrics","quantile","0.5",139
"Opt Baseline","2026-07-11",2,"2026-07-25","Pediatrics","quantile","0.55",146
"Opt Baseline","2026-07-11",2,"2026-07-25","Pediatrics","quantile","0.6",152
"Opt Baseline","2026-07-11",2,"2026-07-25","Pediatrics","quantile","0.65",160
"Opt Baseline","2026-07-11",2,"2026-07-25","Pediatrics","quantile","0.7",168
"Opt Baseline","2026-07-11",2,"2026-07-25","Pediatrics","quantile","0.75",177
"Opt Baseline","2026-07-11",2,"2026-07-25","Pediatrics","quantile","0.8",186
"Opt Baseline","2026-07-11",2,"2026-07-25","Pediatrics","quantile","0.85",198
"Opt Baseline","2026-07-11",2,"2026-07-25","Pediatrics","quantile","0.9",215
"Opt Baseline","2026-07-11",2,"2026-07-25","Pediatrics","quantile","0.95",237
"Opt Baseline","2026-07-11",2,"2026-07-25","Pediatrics","quantile","0.975",261
"Opt Baseline","2026-07-11",2,"2026-07-25","Pediatrics","quantile","0.99",284
"Opt Baseline","2026-07-11",3,"2026-08-01","Pediatrics","quantile","0.01",38
"Opt Baseline","2026-07-11",3,"2026-08-01","Pediatrics","quantile","0.025",50
"Opt Baseline","2026-07-11",3,"2026-08-01","Pediatrics","quantile","0.05",62
"Opt Baseline","2026-07-11",3,"2026-08-01","Pediatrics","quantile","0.1",75
"Opt Baseline","2026-07-11",3,"2026-08-01","Pediatrics","quantile","0.15",86
"Opt Baseline","2026-07-11",3,"2026-08-01","Pediatrics","quantile","0.2",94
"Opt Baseline","2026-07-11",3,"2026-08-01","Pediatrics","quantile","0.25",103
"Opt Baseline","2026-07-11",3,"2026-08-01","Pediatrics","quantile","0.3",110
"Opt Baseline","2026-07-11",3,"2026-08-01","Pediatrics","quantile","0.35",118
"Opt Baseline","2026-07-11",3,"2026-08-01","Pediatrics","quantile","0.4",125
"Opt Baseline","2026-07-11",3,"2026-08-01","Pediatrics","quantile","0.45",132
"Opt Baseline","2026-07-11",3,"2026-08-01","Pediatrics","quantile","0.5",139
"Opt Baseline","2026-07-11",3,"2026-08-01","Pediatrics","quantile","0.55",146
"Opt Baseline","2026-07-11",3,"2026-08-01","Pediatrics","quantile","0.6",154
"Opt Baseline","2026-07-11",3,"2026-08-01","Pediatrics","quantile","0.65",162
"Opt Baseline","2026-07-11",3,"2026-08-01","Pediatrics","quantile","0.7",171
"Opt Baseline","2026-07-11",3,"2026-08-01","Pediatrics","quantile","0.75",181
"Opt Baseline","2026-07-11",3,"2026-08-01","Pediatrics","quantile","0.8",192
"Opt Baseline","2026-07-11",3,"2026-08-01","Pediatrics","quantile","0.85",205
"Opt Baseline","2026-07-11",3,"2026-08-01","Pediatrics","quantile","0.9",221
"Opt Baseline","2026-07-11",3,"2026-08-01","Pediatrics","quantile","0.95",247
"Opt Baseline","2026-07-11",3,"2026-08-01","Pediatrics","quantile","0.975",272
"Opt Baseline","2026-07-11",3,"2026-08-01","Pediatrics","quantile","0.99",300
"INFLAenza","2026-07-11",-2,"2026-06-27","Adults","quantile","0.01",108
"INFLAenza","2026-07-11",-2,"2026-06-27","Adults","quantile","0.025",118
"INFLAenza","2026-07-11",-2,"2026-06-27","Adults","quantile","0.05",126
"INFLAenza","2026-07-11",-2,"2026-06-27","Adults","quantile","0.1",134
"INFLAenza","2026-07-11",-2,"2026-06-27","Adults","quantile","0.15",140
"INFLAenza","2026-07-11",-2,"2026-06-27","Adults","quantile","0.2",145
"INFLAenza","2026-07-11",-2,"2026-06-27","Adults","quantile","0.25",149
"INFLAenza","2026-07-11",-2,"2026-06-27","Adults","quantile","0.3",153
"INFLAenza","2026-07-11",-2,"2026-06-27","Adults","quantile","0.35",157
"INFLAenza","2026-07-11",-2,"2026-06-27","Adults","quantile","0.4",161
"INFLAenza","2026-07-11",-2,"2026-06-27","Adults","quantile","0.45",165
"INFLAenza","2026-07-11",-2,"2026-06-27","Adults","quantile","0.5",168
"INFLAenza","2026-07-11",-2,"2026-06-27","Adults","quantile","0.55",172
"INFLAenza","2026-07-11",-2,"2026-06-27","Adults","quantile","0.6",176
"INFLAenza","2026-07-11",-2,"2026-06-27","Adults","quantile","0.65",180
"INFLAenza","2026-07-11",-2,"2026-06-27","Adults","quantile","0.7",184
"INFLAenza","2026-07-11",-2,"2026-06-27","Adults","quantile","0.75",189
"INFLAenza","2026-07-11",-2,"2026-06-27","Adults","quantile","0.8",194
"INFLAenza","2026-07-11",-2,"2026-06-27","Adults","quantile","0.85",201
"INFLAenza","2026-07-11",-2,"2026-06-27","Adults","quantile","0.9",210
"INFLAenza","2026-07-11",-2,"2026-06-27","Adults","quantile","0.95",225
"INFLAenza","2026-07-11",-2,"2026-06-27","Adults","quantile","0.975",237
"INFLAenza","2026-07-11",-2,"2026-06-27","Adults","quantile","0.99",252
"INFLAenza","2026-07-11",-2,"2026-06-27","Overall","quantile","0.01",223
"INFLAenza","2026-07-11",-2,"2026-06-27","Overall","quantile","0.025",233
"INFLAenza","2026-07-11",-2,"2026-06-27","Overall","quantile","0.05",244
"INFLAenza","2026-07-11",-2,"2026-06-27","Overall","quantile","0.1",254
"INFLAenza","2026-07-11",-2,"2026-06-27","Overall","quantile","0.15",262
"INFLAenza","2026-07-11",-2,"2026-06-27","Overall","quantile","0.2",268
"INFLAenza","2026-07-11",-2,"2026-06-27","Overall","quantile","0.25",274
"INFLAenza","2026-07-11",-2,"2026-06-27","Overall","quantile","0.3",280
"INFLAenza","2026-07-11",-2,"2026-06-27","Overall","quantile","0.35",285
"INFLAenza","2026-07-11",-2,"2026-06-27","Overall","quantile","0.4",289
"INFLAenza","2026-07-11",-2,"2026-06-27","Overall","quantile","0.45",294
"INFLAenza","2026-07-11",-2,"2026-06-27","Overall","quantile","0.5",298
"INFLAenza","2026-07-11",-2,"2026-06-27","Overall","quantile","0.55",303
"INFLAenza","2026-07-11",-2,"2026-06-27","Overall","quantile","0.6",309
"INFLAenza","2026-07-11",-2,"2026-06-27","Overall","quantile","0.65",314
"INFLAenza","2026-07-11",-2,"2026-06-27","Overall","quantile","0.7",320
"INFLAenza","2026-07-11",-2,"2026-06-27","Overall","quantile","0.75",327
"INFLAenza","2026-07-11",-2,"2026-06-27","Overall","quantile","0.8",333
"INFLAenza","2026-07-11",-2,"2026-06-27","Overall","quantile","0.85",342
"INFLAenza","2026-07-11",-2,"2026-06-27","Overall","quantile","0.9",353
"INFLAenza","2026-07-11",-2,"2026-06-27","Overall","quantile","0.95",368
"INFLAenza","2026-07-11",-2,"2026-06-27","Overall","quantile","0.975",382
"INFLAenza","2026-07-11",-2,"2026-06-27","Overall","quantile","0.99",396
"INFLAenza","2026-07-11",-2,"2026-06-27","Pediatrics","quantile","0.01",81
"INFLAenza","2026-07-11",-2,"2026-06-27","Pediatrics","quantile","0.025",89
"INFLAenza","2026-07-11",-2,"2026-06-27","Pediatrics","quantile","0.05",94
"INFLAenza","2026-07-11",-2,"2026-06-27","Pediatrics","quantile","0.1",101
"INFLAenza","2026-07-11",-2,"2026-06-27","Pediatrics","quantile","0.15",106
"INFLAenza","2026-07-11",-2,"2026-06-27","Pediatrics","quantile","0.2",109
"INFLAenza","2026-07-11",-2,"2026-06-27","Pediatrics","quantile","0.25",113
"INFLAenza","2026-07-11",-2,"2026-06-27","Pediatrics","quantile","0.3",117
"INFLAenza","2026-07-11",-2,"2026-06-27","Pediatrics","quantile","0.35",120
"INFLAenza","2026-07-11",-2,"2026-06-27","Pediatrics","quantile","0.4",123
"INFLAenza","2026-07-11",-2,"2026-06-27","Pediatrics","quantile","0.45",126
"INFLAenza","2026-07-11",-2,"2026-06-27","Pediatrics","quantile","0.5",129
"INFLAenza","2026-07-11",-2,"2026-06-27","Pediatrics","quantile","0.55",132
"INFLAenza","2026-07-11",-2,"2026-06-27","Pediatrics","quantile","0.6",135
"INFLAenza","2026-07-11",-2,"2026-06-27","Pediatrics","quantile","0.65",138
"INFLAenza","2026-07-11",-2,"2026-06-27","Pediatrics","quantile","0.7",142
"INFLAenza","2026-07-11",-2,"2026-06-27","Pediatrics","quantile","0.75",146
"INFLAenza","2026-07-11",-2,"2026-06-27","Pediatrics","quantile","0.8",150
"INFLAenza","2026-07-11",-2,"2026-06-27","Pediatrics","quantile","0.85",155
"INFLAenza","2026-07-11",-2,"2026-06-27","Pediatrics","quantile","0.9",163
"INFLAenza","2026-07-11",-2,"2026-06-27","Pediatrics","quantile","0.95",175
"INFLAenza","2026-07-11",-2,"2026-06-27","Pediatrics","quantile","0.975",185
"INFLAenza","2026-07-11",-2,"2026-06-27","Pediatrics","quantile","0.99",197
"INFLAenza","2026-07-11",-1,"2026-07-04","Adults","quantile","0.01",89
"INFLAenza","2026-07-11",-1,"2026-07-04","Adults","quantile","0.025",98
"INFLAenza","2026-07-11",-1,"2026-07-04","Adults","quantile","0.05",106
"INFLAenza","2026-07-11",-1,"2026-07-04","Adults","quantile","0.1",115
"INFLAenza","2026-07-11",-1,"2026-07-04","Adults","quantile","0.15",122
"INFLAenza","2026-07-11",-1,"2026-07-04","Adults","quantile","0.2",128
"INFLAenza","2026-07-11",-1,"2026-07-04","Adults","quantile","0.25",133
"INFLAenza","2026-07-11",-1,"2026-07-04","Adults","quantile","0.3",137
"INFLAenza","2026-07-11",-1,"2026-07-04","Adults","quantile","0.35",142
"INFLAenza","2026-07-11",-1,"2026-07-04","Adults","quantile","0.4",147
"INFLAenza","2026-07-11",-1,"2026-07-04","Adults","quantile","0.45",151
"INFLAenza","2026-07-11",-1,"2026-07-04","Adults","quantile","0.5",156
"INFLAenza","2026-07-11",-1,"2026-07-04","Adults","quantile","0.55",160
"INFLAenza","2026-07-11",-1,"2026-07-04","Adults","quantile","0.6",165
"INFLAenza","2026-07-11",-1,"2026-07-04","Adults","quantile","0.65",170
"INFLAenza","2026-07-11",-1,"2026-07-04","Adults","quantile","0.7",175
"INFLAenza","2026-07-11",-1,"2026-07-04","Adults","quantile","0.75",181
"INFLAenza","2026-07-11",-1,"2026-07-04","Adults","quantile","0.8",188
"INFLAenza","2026-07-11",-1,"2026-07-04","Adults","quantile","0.85",196
"INFLAenza","2026-07-11",-1,"2026-07-04","Adults","quantile","0.9",207
"INFLAenza","2026-07-11",-1,"2026-07-04","Adults","quantile","0.95",225
"INFLAenza","2026-07-11",-1,"2026-07-04","Adults","quantile","0.975",237
"INFLAenza","2026-07-11",-1,"2026-07-04","Adults","quantile","0.99",261
"INFLAenza","2026-07-11",-1,"2026-07-04","Overall","quantile","0.01",188
"INFLAenza","2026-07-11",-1,"2026-07-04","Overall","quantile","0.025",200
"INFLAenza","2026-07-11",-1,"2026-07-04","Overall","quantile","0.05",210
"INFLAenza","2026-07-11",-1,"2026-07-04","Overall","quantile","0.1",224
"INFLAenza","2026-07-11",-1,"2026-07-04","Overall","quantile","0.15",234
"INFLAenza","2026-07-11",-1,"2026-07-04","Overall","quantile","0.2",241
"INFLAenza","2026-07-11",-1,"2026-07-04","Overall","quantile","0.25",247
"INFLAenza","2026-07-11",-1,"2026-07-04","Overall","quantile","0.3",253
"INFLAenza","2026-07-11",-1,"2026-07-04","Overall","quantile","0.35",260
"INFLAenza","2026-07-11",-1,"2026-07-04","Overall","quantile","0.4",265
"INFLAenza","2026-07-11",-1,"2026-07-04","Overall","quantile","0.45",271
"INFLAenza","2026-07-11",-1,"2026-07-04","Overall","quantile","0.5",276
"INFLAenza","2026-07-11",-1,"2026-07-04","Overall","quantile","0.55",282
"INFLAenza","2026-07-11",-1,"2026-07-04","Overall","quantile","0.6",288
"INFLAenza","2026-07-11",-1,"2026-07-04","Overall","quantile","0.65",294
"INFLAenza","2026-07-11",-1,"2026-07-04","Overall","quantile","0.7",300
"INFLAenza","2026-07-11",-1,"2026-07-04","Overall","quantile","0.75",307
"INFLAenza","2026-07-11",-1,"2026-07-04","Overall","quantile","0.8",317
"INFLAenza","2026-07-11",-1,"2026-07-04","Overall","quantile","0.85",327
"INFLAenza","2026-07-11",-1,"2026-07-04","Overall","quantile","0.9",341
"INFLAenza","2026-07-11",-1,"2026-07-04","Overall","quantile","0.95",361
"INFLAenza","2026-07-11",-1,"2026-07-04","Overall","quantile","0.975",378
"INFLAenza","2026-07-11",-1,"2026-07-04","Overall","quantile","0.99",397
"INFLAenza","2026-07-11",-1,"2026-07-04","Pediatrics","quantile","0.01",68
"INFLAenza","2026-07-11",-1,"2026-07-04","Pediatrics","quantile","0.025",74
"INFLAenza","2026-07-11",-1,"2026-07-04","Pediatrics","quantile","0.05",80
"INFLAenza","2026-07-11",-1,"2026-07-04","Pediatrics","quantile","0.1",87
"INFLAenza","2026-07-11",-1,"2026-07-04","Pediatrics","quantile","0.15",92
"INFLAenza","2026-07-11",-1,"2026-07-04","Pediatrics","quantile","0.2",97
"INFLAenza","2026-07-11",-1,"2026-07-04","Pediatrics","quantile","0.25",101
"INFLAenza","2026-07-11",-1,"2026-07-04","Pediatrics","quantile","0.3",105
"INFLAenza","2026-07-11",-1,"2026-07-04","Pediatrics","quantile","0.35",108
"INFLAenza","2026-07-11",-1,"2026-07-04","Pediatrics","quantile","0.4",111
"INFLAenza","2026-07-11",-1,"2026-07-04","Pediatrics","quantile","0.45",114
"INFLAenza","2026-07-11",-1,"2026-07-04","Pediatrics","quantile","0.5",118
"INFLAenza","2026-07-11",-1,"2026-07-04","Pediatrics","quantile","0.55",121
"INFLAenza","2026-07-11",-1,"2026-07-04","Pediatrics","quantile","0.6",125
"INFLAenza","2026-07-11",-1,"2026-07-04","Pediatrics","quantile","0.65",128
"INFLAenza","2026-07-11",-1,"2026-07-04","Pediatrics","quantile","0.7",133
"INFLAenza","2026-07-11",-1,"2026-07-04","Pediatrics","quantile","0.75",137
"INFLAenza","2026-07-11",-1,"2026-07-04","Pediatrics","quantile","0.8",143
"INFLAenza","2026-07-11",-1,"2026-07-04","Pediatrics","quantile","0.85",149
"INFLAenza","2026-07-11",-1,"2026-07-04","Pediatrics","quantile","0.9",158
"INFLAenza","2026-07-11",-1,"2026-07-04","Pediatrics","quantile","0.95",172
"INFLAenza","2026-07-11",-1,"2026-07-04","Pediatrics","quantile","0.975",186
"INFLAenza","2026-07-11",-1,"2026-07-04","Pediatrics","quantile","0.99",201
"INFLAenza","2026-07-11",0,"2026-07-11","Adults","quantile","0.01",77
"INFLAenza","2026-07-11",0,"2026-07-11","Adults","quantile","0.025",84
"INFLAenza","2026-07-11",0,"2026-07-11","Adults","quantile","0.05",93
"INFLAenza","2026-07-11",0,"2026-07-11","Adults","quantile","0.1",102
"INFLAenza","2026-07-11",0,"2026-07-11","Adults","quantile","0.15",109
"INFLAenza","2026-07-11",0,"2026-07-11","Adults","quantile","0.2",115
"INFLAenza","2026-07-11",0,"2026-07-11","Adults","quantile","0.25",120
"INFLAenza","2026-07-11",0,"2026-07-11","Adults","quantile","0.3",125
"INFLAenza","2026-07-11",0,"2026-07-11","Adults","quantile","0.35",130
"INFLAenza","2026-07-11",0,"2026-07-11","Adults","quantile","0.4",135
"INFLAenza","2026-07-11",0,"2026-07-11","Adults","quantile","0.45",140
"INFLAenza","2026-07-11",0,"2026-07-11","Adults","quantile","0.5",144
"INFLAenza","2026-07-11",0,"2026-07-11","Adults","quantile","0.55",149
"INFLAenza","2026-07-11",0,"2026-07-11","Adults","quantile","0.6",154
"INFLAenza","2026-07-11",0,"2026-07-11","Adults","quantile","0.65",159
"INFLAenza","2026-07-11",0,"2026-07-11","Adults","quantile","0.7",165
"INFLAenza","2026-07-11",0,"2026-07-11","Adults","quantile","0.75",173
"INFLAenza","2026-07-11",0,"2026-07-11","Adults","quantile","0.8",180
"INFLAenza","2026-07-11",0,"2026-07-11","Adults","quantile","0.85",190
"INFLAenza","2026-07-11",0,"2026-07-11","Adults","quantile","0.9",202
"INFLAenza","2026-07-11",0,"2026-07-11","Adults","quantile","0.95",221
"INFLAenza","2026-07-11",0,"2026-07-11","Adults","quantile","0.975",242
"INFLAenza","2026-07-11",0,"2026-07-11","Adults","quantile","0.99",264
"INFLAenza","2026-07-11",0,"2026-07-11","Overall","quantile","0.01",166
"INFLAenza","2026-07-11",0,"2026-07-11","Overall","quantile","0.025",178
"INFLAenza","2026-07-11",0,"2026-07-11","Overall","quantile","0.05",187
"INFLAenza","2026-07-11",0,"2026-07-11","Overall","quantile","0.1",201
"INFLAenza","2026-07-11",0,"2026-07-11","Overall","quantile","0.15",211
"INFLAenza","2026-07-11",0,"2026-07-11","Overall","quantile","0.2",219
"INFLAenza","2026-07-11",0,"2026-07-11","Overall","quantile","0.25",227
"INFLAenza","2026-07-11",0,"2026-07-11","Overall","quantile","0.3",233
"INFLAenza","2026-07-11",0,"2026-07-11","Overall","quantile","0.35",239
"INFLAenza","2026-07-11",0,"2026-07-11","Overall","quantile","0.4",244
"INFLAenza","2026-07-11",0,"2026-07-11","Overall","quantile","0.45",251
"INFLAenza","2026-07-11",0,"2026-07-11","Overall","quantile","0.5",257
"INFLAenza","2026-07-11",0,"2026-07-11","Overall","quantile","0.55",263
"INFLAenza","2026-07-11",0,"2026-07-11","Overall","quantile","0.6",269
"INFLAenza","2026-07-11",0,"2026-07-11","Overall","quantile","0.65",276
"INFLAenza","2026-07-11",0,"2026-07-11","Overall","quantile","0.7",283
"INFLAenza","2026-07-11",0,"2026-07-11","Overall","quantile","0.75",291
"INFLAenza","2026-07-11",0,"2026-07-11","Overall","quantile","0.8",300
"INFLAenza","2026-07-11",0,"2026-07-11","Overall","quantile","0.85",311
"INFLAenza","2026-07-11",0,"2026-07-11","Overall","quantile","0.9",326
"INFLAenza","2026-07-11",0,"2026-07-11","Overall","quantile","0.95",351
"INFLAenza","2026-07-11",0,"2026-07-11","Overall","quantile","0.975",370
"INFLAenza","2026-07-11",0,"2026-07-11","Overall","quantile","0.99",396
"INFLAenza","2026-07-11",0,"2026-07-11","Pediatrics","quantile","0.01",57
"INFLAenza","2026-07-11",0,"2026-07-11","Pediatrics","quantile","0.025",64
"INFLAenza","2026-07-11",0,"2026-07-11","Pediatrics","quantile","0.05",69
"INFLAenza","2026-07-11",0,"2026-07-11","Pediatrics","quantile","0.1",77
"INFLAenza","2026-07-11",0,"2026-07-11","Pediatrics","quantile","0.15",82
"INFLAenza","2026-07-11",0,"2026-07-11","Pediatrics","quantile","0.2",87
"INFLAenza","2026-07-11",0,"2026-07-11","Pediatrics","quantile","0.25",91
"INFLAenza","2026-07-11",0,"2026-07-11","Pediatrics","quantile","0.3",94
"INFLAenza","2026-07-11",0,"2026-07-11","Pediatrics","quantile","0.35",98
"INFLAenza","2026-07-11",0,"2026-07-11","Pediatrics","quantile","0.4",102
"INFLAenza","2026-07-11",0,"2026-07-11","Pediatrics","quantile","0.45",105
"INFLAenza","2026-07-11",0,"2026-07-11","Pediatrics","quantile","0.5",109
"INFLAenza","2026-07-11",0,"2026-07-11","Pediatrics","quantile","0.55",112
"INFLAenza","2026-07-11",0,"2026-07-11","Pediatrics","quantile","0.6",116
"INFLAenza","2026-07-11",0,"2026-07-11","Pediatrics","quantile","0.65",120
"INFLAenza","2026-07-11",0,"2026-07-11","Pediatrics","quantile","0.7",125
"INFLAenza","2026-07-11",0,"2026-07-11","Pediatrics","quantile","0.75",130
"INFLAenza","2026-07-11",0,"2026-07-11","Pediatrics","quantile","0.8",135
"INFLAenza","2026-07-11",0,"2026-07-11","Pediatrics","quantile","0.85",141
"INFLAenza","2026-07-11",0,"2026-07-11","Pediatrics","quantile","0.9",151
"INFLAenza","2026-07-11",0,"2026-07-11","Pediatrics","quantile","0.95",166
"INFLAenza","2026-07-11",0,"2026-07-11","Pediatrics","quantile","0.975",179
"INFLAenza","2026-07-11",0,"2026-07-11","Pediatrics","quantile","0.99",198
"INFLAenza","2026-07-11",1,"2026-07-18","Adults","quantile","0.01",68
"INFLAenza","2026-07-11",1,"2026-07-18","Adults","quantile","0.025",77
"INFLAenza","2026-07-11",1,"2026-07-18","Adults","quantile","0.05",85
"INFLAenza","2026-07-11",1,"2026-07-18","Adults","quantile","0.1",95
"INFLAenza","2026-07-11",1,"2026-07-18","Adults","quantile","0.15",103
"INFLAenza","2026-07-11",1,"2026-07-18","Adults","quantile","0.2",109
"INFLAenza","2026-07-11",1,"2026-07-18","Adults","quantile","0.25",114
"INFLAenza","2026-07-11",1,"2026-07-18","Adults","quantile","0.3",119
"INFLAenza","2026-07-11",1,"2026-07-18","Adults","quantile","0.35",125
"INFLAenza","2026-07-11",1,"2026-07-18","Adults","quantile","0.4",130
"INFLAenza","2026-07-11",1,"2026-07-18","Adults","quantile","0.45",135
"INFLAenza","2026-07-11",1,"2026-07-18","Adults","quantile","0.5",140
"INFLAenza","2026-07-11",1,"2026-07-18","Adults","quantile","0.55",146
"INFLAenza","2026-07-11",1,"2026-07-18","Adults","quantile","0.6",151
"INFLAenza","2026-07-11",1,"2026-07-18","Adults","quantile","0.65",156
"INFLAenza","2026-07-11",1,"2026-07-18","Adults","quantile","0.7",163
"INFLAenza","2026-07-11",1,"2026-07-18","Adults","quantile","0.75",171
"INFLAenza","2026-07-11",1,"2026-07-18","Adults","quantile","0.8",180
"INFLAenza","2026-07-11",1,"2026-07-18","Adults","quantile","0.85",191
"INFLAenza","2026-07-11",1,"2026-07-18","Adults","quantile","0.9",203
"INFLAenza","2026-07-11",1,"2026-07-18","Adults","quantile","0.95",224
"INFLAenza","2026-07-11",1,"2026-07-18","Adults","quantile","0.975",244
"INFLAenza","2026-07-11",1,"2026-07-18","Adults","quantile","0.99",269
"INFLAenza","2026-07-11",1,"2026-07-18","Overall","quantile","0.01",154
"INFLAenza","2026-07-11",1,"2026-07-18","Overall","quantile","0.025",165
"INFLAenza","2026-07-11",1,"2026-07-18","Overall","quantile","0.05",176
"INFLAenza","2026-07-11",1,"2026-07-18","Overall","quantile","0.1",190
"INFLAenza","2026-07-11",1,"2026-07-18","Overall","quantile","0.15",199
"INFLAenza","2026-07-11",1,"2026-07-18","Overall","quantile","0.2",208
"INFLAenza","2026-07-11",1,"2026-07-18","Overall","quantile","0.25",217
"INFLAenza","2026-07-11",1,"2026-07-18","Overall","quantile","0.3",223
"INFLAenza","2026-07-11",1,"2026-07-18","Overall","quantile","0.35",230
"INFLAenza","2026-07-11",1,"2026-07-18","Overall","quantile","0.4",236
"INFLAenza","2026-07-11",1,"2026-07-18","Overall","quantile","0.45",242
"INFLAenza","2026-07-11",1,"2026-07-18","Overall","quantile","0.5",249
"INFLAenza","2026-07-11",1,"2026-07-18","Overall","quantile","0.55",255
"INFLAenza","2026-07-11",1,"2026-07-18","Overall","quantile","0.6",262
"INFLAenza","2026-07-11",1,"2026-07-18","Overall","quantile","0.65",270
"INFLAenza","2026-07-11",1,"2026-07-18","Overall","quantile","0.7",277
"INFLAenza","2026-07-11",1,"2026-07-18","Overall","quantile","0.75",286
"INFLAenza","2026-07-11",1,"2026-07-18","Overall","quantile","0.8",297
"INFLAenza","2026-07-11",1,"2026-07-18","Overall","quantile","0.85",309
"INFLAenza","2026-07-11",1,"2026-07-18","Overall","quantile","0.9",324
"INFLAenza","2026-07-11",1,"2026-07-18","Overall","quantile","0.95",347
"INFLAenza","2026-07-11",1,"2026-07-18","Overall","quantile","0.975",373
"INFLAenza","2026-07-11",1,"2026-07-18","Overall","quantile","0.99",397
"INFLAenza","2026-07-11",1,"2026-07-18","Pediatrics","quantile","0.01",52
"INFLAenza","2026-07-11",1,"2026-07-18","Pediatrics","quantile","0.025",59
"INFLAenza","2026-07-11",1,"2026-07-18","Pediatrics","quantile","0.05",64
"INFLAenza","2026-07-11",1,"2026-07-18","Pediatrics","quantile","0.1",72
"INFLAenza","2026-07-11",1,"2026-07-18","Pediatrics","quantile","0.15",77
"INFLAenza","2026-07-11",1,"2026-07-18","Pediatrics","quantile","0.2",81
"INFLAenza","2026-07-11",1,"2026-07-18","Pediatrics","quantile","0.25",86
"INFLAenza","2026-07-11",1,"2026-07-18","Pediatrics","quantile","0.3",89
"INFLAenza","2026-07-11",1,"2026-07-18","Pediatrics","quantile","0.35",93
"INFLAenza","2026-07-11",1,"2026-07-18","Pediatrics","quantile","0.4",97
"INFLAenza","2026-07-11",1,"2026-07-18","Pediatrics","quantile","0.45",100
"INFLAenza","2026-07-11",1,"2026-07-18","Pediatrics","quantile","0.5",104
"INFLAenza","2026-07-11",1,"2026-07-18","Pediatrics","quantile","0.55",108
"INFLAenza","2026-07-11",1,"2026-07-18","Pediatrics","quantile","0.6",112
"INFLAenza","2026-07-11",1,"2026-07-18","Pediatrics","quantile","0.65",117
"INFLAenza","2026-07-11",1,"2026-07-18","Pediatrics","quantile","0.7",121
"INFLAenza","2026-07-11",1,"2026-07-18","Pediatrics","quantile","0.75",127
"INFLAenza","2026-07-11",1,"2026-07-18","Pediatrics","quantile","0.8",133
"INFLAenza","2026-07-11",1,"2026-07-18","Pediatrics","quantile","0.85",140
"INFLAenza","2026-07-11",1,"2026-07-18","Pediatrics","quantile","0.9",150
"INFLAenza","2026-07-11",1,"2026-07-18","Pediatrics","quantile","0.95",166
"INFLAenza","2026-07-11",1,"2026-07-18","Pediatrics","quantile","0.975",181
"INFLAenza","2026-07-11",1,"2026-07-18","Pediatrics","quantile","0.99",202
"INFLAenza","2026-07-11",2,"2026-07-25","Adults","quantile","0.01",67
"INFLAenza","2026-07-11",2,"2026-07-25","Adults","quantile","0.025",77
"INFLAenza","2026-07-11",2,"2026-07-25","Adults","quantile","0.05",85
"INFLAenza","2026-07-11",2,"2026-07-25","Adults","quantile","0.1",95
"INFLAenza","2026-07-11",2,"2026-07-25","Adults","quantile","0.15",102
"INFLAenza","2026-07-11",2,"2026-07-25","Adults","quantile","0.2",108
"INFLAenza","2026-07-11",2,"2026-07-25","Adults","quantile","0.25",114
"INFLAenza","2026-07-11",2,"2026-07-25","Adults","quantile","0.3",120
"INFLAenza","2026-07-11",2,"2026-07-25","Adults","quantile","0.35",125
"INFLAenza","2026-07-11",2,"2026-07-25","Adults","quantile","0.4",131
"INFLAenza","2026-07-11",2,"2026-07-25","Adults","quantile","0.45",136
"INFLAenza","2026-07-11",2,"2026-07-25","Adults","quantile","0.5",142
"INFLAenza","2026-07-11",2,"2026-07-25","Adults","quantile","0.55",148
"INFLAenza","2026-07-11",2,"2026-07-25","Adults","quantile","0.6",154
"INFLAenza","2026-07-11",2,"2026-07-25","Adults","quantile","0.65",161
"INFLAenza","2026-07-11",2,"2026-07-25","Adults","quantile","0.7",168
"INFLAenza","2026-07-11",2,"2026-07-25","Adults","quantile","0.75",176
"INFLAenza","2026-07-11",2,"2026-07-25","Adults","quantile","0.8",185
"INFLAenza","2026-07-11",2,"2026-07-25","Adults","quantile","0.85",198
"INFLAenza","2026-07-11",2,"2026-07-25","Adults","quantile","0.9",214
"INFLAenza","2026-07-11",2,"2026-07-25","Adults","quantile","0.95",238
"INFLAenza","2026-07-11",2,"2026-07-25","Adults","quantile","0.975",259
"INFLAenza","2026-07-11",2,"2026-07-25","Adults","quantile","0.99",288
"INFLAenza","2026-07-11",2,"2026-07-25","Overall","quantile","0.01",150
"INFLAenza","2026-07-11",2,"2026-07-25","Overall","quantile","0.025",163
"INFLAenza","2026-07-11",2,"2026-07-25","Overall","quantile","0.05",173
"INFLAenza","2026-07-11",2,"2026-07-25","Overall","quantile","0.1",189
"INFLAenza","2026-07-11",2,"2026-07-25","Overall","quantile","0.15",200
"INFLAenza","2026-07-11",2,"2026-07-25","Overall","quantile","0.2",208
"INFLAenza","2026-07-11",2,"2026-07-25","Overall","quantile","0.25",217
"INFLAenza","2026-07-11",2,"2026-07-25","Overall","quantile","0.3",225
"INFLAenza","2026-07-11",2,"2026-07-25","Overall","quantile","0.35",231
"INFLAenza","2026-07-11",2,"2026-07-25","Overall","quantile","0.4",239
"INFLAenza","2026-07-11",2,"2026-07-25","Overall","quantile","0.45",246
"INFLAenza","2026-07-11",2,"2026-07-25","Overall","quantile","0.5",253
"INFLAenza","2026-07-11",2,"2026-07-25","Overall","quantile","0.55",260
"INFLAenza","2026-07-11",2,"2026-07-25","Overall","quantile","0.6",267
"INFLAenza","2026-07-11",2,"2026-07-25","Overall","quantile","0.65",276
"INFLAenza","2026-07-11",2,"2026-07-25","Overall","quantile","0.7",285
"INFLAenza","2026-07-11",2,"2026-07-25","Overall","quantile","0.75",293
"INFLAenza","2026-07-11",2,"2026-07-25","Overall","quantile","0.8",304
"INFLAenza","2026-07-11",2,"2026-07-25","Overall","quantile","0.85",318
"INFLAenza","2026-07-11",2,"2026-07-25","Overall","quantile","0.9",337
"INFLAenza","2026-07-11",2,"2026-07-25","Overall","quantile","0.95",364
"INFLAenza","2026-07-11",2,"2026-07-25","Overall","quantile","0.975",391
"INFLAenza","2026-07-11",2,"2026-07-25","Overall","quantile","0.99",417
"INFLAenza","2026-07-11",2,"2026-07-25","Pediatrics","quantile","0.01",49
"INFLAenza","2026-07-11",2,"2026-07-25","Pediatrics","quantile","0.025",56
"INFLAenza","2026-07-11",2,"2026-07-25","Pediatrics","quantile","0.05",63
"INFLAenza","2026-07-11",2,"2026-07-25","Pediatrics","quantile","0.1",71
"INFLAenza","2026-07-11",2,"2026-07-25","Pediatrics","quantile","0.15",76
"INFLAenza","2026-07-11",2,"2026-07-25","Pediatrics","quantile","0.2",81
"INFLAenza","2026-07-11",2,"2026-07-25","Pediatrics","quantile","0.25",85
"INFLAenza","2026-07-11",2,"2026-07-25","Pediatrics","quantile","0.3",90
"INFLAenza","2026-07-11",2,"2026-07-25","Pediatrics","quantile","0.35",94
"INFLAenza","2026-07-11",2,"2026-07-25","Pediatrics","quantile","0.4",98
"INFLAenza","2026-07-11",2,"2026-07-25","Pediatrics","quantile","0.45",101
"INFLAenza","2026-07-11",2,"2026-07-25","Pediatrics","quantile","0.5",105
"INFLAenza","2026-07-11",2,"2026-07-25","Pediatrics","quantile","0.55",109
"INFLAenza","2026-07-11",2,"2026-07-25","Pediatrics","quantile","0.6",114
"INFLAenza","2026-07-11",2,"2026-07-25","Pediatrics","quantile","0.65",119
"INFLAenza","2026-07-11",2,"2026-07-25","Pediatrics","quantile","0.7",124
"INFLAenza","2026-07-11",2,"2026-07-25","Pediatrics","quantile","0.75",130
"INFLAenza","2026-07-11",2,"2026-07-25","Pediatrics","quantile","0.8",136
"INFLAenza","2026-07-11",2,"2026-07-25","Pediatrics","quantile","0.85",143
"INFLAenza","2026-07-11",2,"2026-07-25","Pediatrics","quantile","0.9",154
"INFLAenza","2026-07-11",2,"2026-07-25","Pediatrics","quantile","0.95",171
"INFLAenza","2026-07-11",2,"2026-07-25","Pediatrics","quantile","0.975",186
"INFLAenza","2026-07-11",2,"2026-07-25","Pediatrics","quantile","0.99",209
"INFLAenza","2026-07-11",3,"2026-08-01","Adults","quantile","0.01",68
"INFLAenza","2026-07-11",3,"2026-08-01","Adults","quantile","0.025",76
"INFLAenza","2026-07-11",3,"2026-08-01","Adults","quantile","0.05",86
"INFLAenza","2026-07-11",3,"2026-08-01","Adults","quantile","0.1",98
"INFLAenza","2026-07-11",3,"2026-08-01","Adults","quantile","0.15",106
"INFLAenza","2026-07-11",3,"2026-08-01","Adults","quantile","0.2",112
"INFLAenza","2026-07-11",3,"2026-08-01","Adults","quantile","0.25",119
"INFLAenza","2026-07-11",3,"2026-08-01","Adults","quantile","0.3",124
"INFLAenza","2026-07-11",3,"2026-08-01","Adults","quantile","0.35",130
"INFLAenza","2026-07-11",3,"2026-08-01","Adults","quantile","0.4",136
"INFLAenza","2026-07-11",3,"2026-08-01","Adults","quantile","0.45",143
"INFLAenza","2026-07-11",3,"2026-08-01","Adults","quantile","0.5",149
"INFLAenza","2026-07-11",3,"2026-08-01","Adults","quantile","0.55",155
"INFLAenza","2026-07-11",3,"2026-08-01","Adults","quantile","0.6",162
"INFLAenza","2026-07-11",3,"2026-08-01","Adults","quantile","0.65",169
"INFLAenza","2026-07-11",3,"2026-08-01","Adults","quantile","0.7",177
"INFLAenza","2026-07-11",3,"2026-08-01","Adults","quantile","0.75",187
"INFLAenza","2026-07-11",3,"2026-08-01","Adults","quantile","0.8",197
"INFLAenza","2026-07-11",3,"2026-08-01","Adults","quantile","0.85",210
"INFLAenza","2026-07-11",3,"2026-08-01","Adults","quantile","0.9",226
"INFLAenza","2026-07-11",3,"2026-08-01","Adults","quantile","0.95",252
"INFLAenza","2026-07-11",3,"2026-08-01","Adults","quantile","0.975",276
"INFLAenza","2026-07-11",3,"2026-08-01","Adults","quantile","0.99",308
"INFLAenza","2026-07-11",3,"2026-08-01","Overall","quantile","0.01",153
"INFLAenza","2026-07-11",3,"2026-08-01","Overall","quantile","0.025",166
"INFLAenza","2026-07-11",3,"2026-08-01","Overall","quantile","0.05",179
"INFLAenza","2026-07-11",3,"2026-08-01","Overall","quantile","0.1",195
"INFLAenza","2026-07-11",3,"2026-08-01","Overall","quantile","0.15",207
"INFLAenza","2026-07-11",3,"2026-08-01","Overall","quantile","0.2",217
"INFLAenza","2026-07-11",3,"2026-08-01","Overall","quantile","0.25",226
"INFLAenza","2026-07-11",3,"2026-08-01","Overall","quantile","0.3",234
"INFLAenza","2026-07-11",3,"2026-08-01","Overall","quantile","0.35",242
"INFLAenza","2026-07-11",3,"2026-08-01","Overall","quantile","0.4",250
"INFLAenza","2026-07-11",3,"2026-08-01","Overall","quantile","0.45",257
"INFLAenza","2026-07-11",3,"2026-08-01","Overall","quantile","0.5",264
"INFLAenza","2026-07-11",3,"2026-08-01","Overall","quantile","0.55",272
"INFLAenza","2026-07-11",3,"2026-08-01","Overall","quantile","0.6",280
"INFLAenza","2026-07-11",3,"2026-08-01","Overall","quantile","0.65",289
"INFLAenza","2026-07-11",3,"2026-08-01","Overall","quantile","0.7",300
"INFLAenza","2026-07-11",3,"2026-08-01","Overall","quantile","0.75",311
"INFLAenza","2026-07-11",3,"2026-08-01","Overall","quantile","0.8",324
"INFLAenza","2026-07-11",3,"2026-08-01","Overall","quantile","0.85",337
"INFLAenza","2026-07-11",3,"2026-08-01","Overall","quantile","0.9",356
"INFLAenza","2026-07-11",3,"2026-08-01","Overall","quantile","0.95",386
"INFLAenza","2026-07-11",3,"2026-08-01","Overall","quantile","0.975",411
"INFLAenza","2026-07-11",3,"2026-08-01","Overall","quantile","0.99",447
"INFLAenza","2026-07-11",3,"2026-08-01","Pediatrics","quantile","0.01",50
"INFLAenza","2026-07-11",3,"2026-08-01","Pediatrics","quantile","0.025",56
"INFLAenza","2026-07-11",3,"2026-08-01","Pediatrics","quantile","0.05",63
"INFLAenza","2026-07-11",3,"2026-08-01","Pediatrics","quantile","0.1",72
"INFLAenza","2026-07-11",3,"2026-08-01","Pediatrics","quantile","0.15",78
"INFLAenza","2026-07-11",3,"2026-08-01","Pediatrics","quantile","0.2",83
"INFLAenza","2026-07-11",3,"2026-08-01","Pediatrics","quantile","0.25",88
"INFLAenza","2026-07-11",3,"2026-08-01","Pediatrics","quantile","0.3",93
"INFLAenza","2026-07-11",3,"2026-08-01","Pediatrics","quantile","0.35",97
"INFLAenza","2026-07-11",3,"2026-08-01","Pediatrics","quantile","0.4",101
"INFLAenza","2026-07-11",3,"2026-08-01","Pediatrics","quantile","0.45",106
"INFLAenza","2026-07-11",3,"2026-08-01","Pediatrics","quantile","0.5",110
"INFLAenza","2026-07-11",3,"2026-08-01","Pediatrics","quantile","0.55",114
"INFLAenza","2026-07-11",3,"2026-08-01","Pediatrics","quantile","0.6",119
"INFLAenza","2026-07-11",3,"2026-08-01","Pediatrics","quantile","0.65",124
"INFLAenza","2026-07-11",3,"2026-08-01","Pediatrics","quantile","0.7",130
"INFLAenza","2026-07-11",3,"2026-08-01","Pediatrics","quantile","0.75",136
"INFLAenza","2026-07-11",3,"2026-08-01","Pediatrics","quantile","0.8",143
"INFLAenza","2026-07-11",3,"2026-08-01","Pediatrics","quantile","0.85",152
"INFLAenza","2026-07-11",3,"2026-08-01","Pediatrics","quantile","0.9",164
"INFLAenza","2026-07-11",3,"2026-08-01","Pediatrics","quantile","0.95",182
"INFLAenza","2026-07-11",3,"2026-08-01","Pediatrics","quantile","0.975",205
"INFLAenza","2026-07-11",3,"2026-08-01","Pediatrics","quantile","0.99",232
"Copycat","2026-07-11",-2,"2026-06-27","Adults","quantile","0.01",130
"Copycat","2026-07-11",-2,"2026-06-27","Adults","quantile","0.025",135
"Copycat","2026-07-11",-2,"2026-06-27","Adults","quantile","0.05",139
"Copycat","2026-07-11",-2,"2026-06-27","Adults","quantile","0.1",148
"Copycat","2026-07-11",-2,"2026-06-27","Adults","quantile","0.15",153
"Copycat","2026-07-11",-2,"2026-06-27","Adults","quantile","0.2",156
"Copycat","2026-07-11",-2,"2026-06-27","Adults","quantile","0.25",160
"Copycat","2026-07-11",-2,"2026-06-27","Adults","quantile","0.3",162
"Copycat","2026-07-11",-2,"2026-06-27","Adults","quantile","0.35",164
"Copycat","2026-07-11",-2,"2026-06-27","Adults","quantile","0.4",167
"Copycat","2026-07-11",-2,"2026-06-27","Adults","quantile","0.45",170
"Copycat","2026-07-11",-2,"2026-06-27","Adults","quantile","0.5",172
"Copycat","2026-07-11",-2,"2026-06-27","Adults","quantile","0.55",174
"Copycat","2026-07-11",-2,"2026-06-27","Adults","quantile","0.6",177
"Copycat","2026-07-11",-2,"2026-06-27","Adults","quantile","0.65",180
"Copycat","2026-07-11",-2,"2026-06-27","Adults","quantile","0.7",183
"Copycat","2026-07-11",-2,"2026-06-27","Adults","quantile","0.75",186
"Copycat","2026-07-11",-2,"2026-06-27","Adults","quantile","0.8",189
"Copycat","2026-07-11",-2,"2026-06-27","Adults","quantile","0.85",193
"Copycat","2026-07-11",-2,"2026-06-27","Adults","quantile","0.9",198
"Copycat","2026-07-11",-2,"2026-06-27","Adults","quantile","0.95",206
"Copycat","2026-07-11",-2,"2026-06-27","Adults","quantile","0.975",211
"Copycat","2026-07-11",-2,"2026-06-27","Adults","quantile","0.99",222
"Copycat","2026-07-11",-1,"2026-07-04","Adults","quantile","0.01",108
"Copycat","2026-07-11",-1,"2026-07-04","Adults","quantile","0.025",118
"Copycat","2026-07-11",-1,"2026-07-04","Adults","quantile","0.05",125
"Copycat","2026-07-11",-1,"2026-07-04","Adults","quantile","0.1",135
"Copycat","2026-07-11",-1,"2026-07-04","Adults","quantile","0.15",140
"Copycat","2026-07-11",-1,"2026-07-04","Adults","quantile","0.2",146
"Copycat","2026-07-11",-1,"2026-07-04","Adults","quantile","0.25",150
"Copycat","2026-07-11",-1,"2026-07-04","Adults","quantile","0.3",153
"Copycat","2026-07-11",-1,"2026-07-04","Adults","quantile","0.35",156
"Copycat","2026-07-11",-1,"2026-07-04","Adults","quantile","0.4",159
"Copycat","2026-07-11",-1,"2026-07-04","Adults","quantile","0.45",162
"Copycat","2026-07-11",-1,"2026-07-04","Adults","quantile","0.5",166
"Copycat","2026-07-11",-1,"2026-07-04","Adults","quantile","0.55",169
"Copycat","2026-07-11",-1,"2026-07-04","Adults","quantile","0.6",172
"Copycat","2026-07-11",-1,"2026-07-04","Adults","quantile","0.65",175
"Copycat","2026-07-11",-1,"2026-07-04","Adults","quantile","0.7",179
"Copycat","2026-07-11",-1,"2026-07-04","Adults","quantile","0.75",183
"Copycat","2026-07-11",-1,"2026-07-04","Adults","quantile","0.8",187
"Copycat","2026-07-11",-1,"2026-07-04","Adults","quantile","0.85",192
"Copycat","2026-07-11",-1,"2026-07-04","Adults","quantile","0.9",197
"Copycat","2026-07-11",-1,"2026-07-04","Adults","quantile","0.95",208
"Copycat","2026-07-11",-1,"2026-07-04","Adults","quantile","0.975",214
"Copycat","2026-07-11",-1,"2026-07-04","Adults","quantile","0.99",228
"Copycat","2026-07-11",0,"2026-07-11","Adults","quantile","0.01",91
"Copycat","2026-07-11",0,"2026-07-11","Adults","quantile","0.025",106
"Copycat","2026-07-11",0,"2026-07-11","Adults","quantile","0.05",114
"Copycat","2026-07-11",0,"2026-07-11","Adults","quantile","0.1",123
"Copycat","2026-07-11",0,"2026-07-11","Adults","quantile","0.15",130
"Copycat","2026-07-11",0,"2026-07-11","Adults","quantile","0.2",136
"Copycat","2026-07-11",0,"2026-07-11","Adults","quantile","0.25",143
"Copycat","2026-07-11",0,"2026-07-11","Adults","quantile","0.3",146
"Copycat","2026-07-11",0,"2026-07-11","Adults","quantile","0.35",150
"Copycat","2026-07-11",0,"2026-07-11","Adults","quantile","0.4",154
"Copycat","2026-07-11",0,"2026-07-11","Adults","quantile","0.45",159
"Copycat","2026-07-11",0,"2026-07-11","Adults","quantile","0.5",161
"Copycat","2026-07-11",0,"2026-07-11","Adults","quantile","0.55",165
"Copycat","2026-07-11",0,"2026-07-11","Adults","quantile","0.6",168
"Copycat","2026-07-11",0,"2026-07-11","Adults","quantile","0.65",172
"Copycat","2026-07-11",0,"2026-07-11","Adults","quantile","0.7",176
"Copycat","2026-07-11",0,"2026-07-11","Adults","quantile","0.75",182
"Copycat","2026-07-11",0,"2026-07-11","Adults","quantile","0.8",187
"Copycat","2026-07-11",0,"2026-07-11","Adults","quantile","0.85",193
"Copycat","2026-07-11",0,"2026-07-11","Adults","quantile","0.9",201
"Copycat","2026-07-11",0,"2026-07-11","Adults","quantile","0.95",216
"Copycat","2026-07-11",0,"2026-07-11","Adults","quantile","0.975",230
"Copycat","2026-07-11",0,"2026-07-11","Adults","quantile","0.99",253
"Copycat","2026-07-11",1,"2026-07-18","Adults","quantile","0.01",87
"Copycat","2026-07-11",1,"2026-07-18","Adults","quantile","0.025",95
"Copycat","2026-07-11",1,"2026-07-18","Adults","quantile","0.05",102
"Copycat","2026-07-11",1,"2026-07-18","Adults","quantile","0.1",113
"Copycat","2026-07-11",1,"2026-07-18","Adults","quantile","0.15",121
"Copycat","2026-07-11",1,"2026-07-18","Adults","quantile","0.2",128
"Copycat","2026-07-11",1,"2026-07-18","Adults","quantile","0.25",134
"Copycat","2026-07-11",1,"2026-07-18","Adults","quantile","0.3",138
"Copycat","2026-07-11",1,"2026-07-18","Adults","quantile","0.35",143
"Copycat","2026-07-11",1,"2026-07-18","Adults","quantile","0.4",147
"Copycat","2026-07-11",1,"2026-07-18","Adults","quantile","0.45",151
"Copycat","2026-07-11",1,"2026-07-18","Adults","quantile","0.5",156
"Copycat","2026-07-11",1,"2026-07-18","Adults","quantile","0.55",161
"Copycat","2026-07-11",1,"2026-07-18","Adults","quantile","0.6",167
"Copycat","2026-07-11",1,"2026-07-18","Adults","quantile","0.65",171
"Copycat","2026-07-11",1,"2026-07-18","Adults","quantile","0.7",177
"Copycat","2026-07-11",1,"2026-07-18","Adults","quantile","0.75",181
"Copycat","2026-07-11",1,"2026-07-18","Adults","quantile","0.8",187
"Copycat","2026-07-11",1,"2026-07-18","Adults","quantile","0.85",195
"Copycat","2026-07-11",1,"2026-07-18","Adults","quantile","0.9",205
"Copycat","2026-07-11",1,"2026-07-18","Adults","quantile","0.95",225
"Copycat","2026-07-11",1,"2026-07-18","Adults","quantile","0.975",255
"Copycat","2026-07-11",1,"2026-07-18","Adults","quantile","0.99",275
"Copycat","2026-07-11",2,"2026-07-25","Adults","quantile","0.01",73
"Copycat","2026-07-11",2,"2026-07-25","Adults","quantile","0.025",82
"Copycat","2026-07-11",2,"2026-07-25","Adults","quantile","0.05",92
"Copycat","2026-07-11",2,"2026-07-25","Adults","quantile","0.1",103
"Copycat","2026-07-11",2,"2026-07-25","Adults","quantile","0.15",111
"Copycat","2026-07-11",2,"2026-07-25","Adults","quantile","0.2",120
"Copycat","2026-07-11",2,"2026-07-25","Adults","quantile","0.25",126
"Copycat","2026-07-11",2,"2026-07-25","Adults","quantile","0.3",133
"Copycat","2026-07-11",2,"2026-07-25","Adults","quantile","0.35",138
"Copycat","2026-07-11",2,"2026-07-25","Adults","quantile","0.4",143
"Copycat","2026-07-11",2,"2026-07-25","Adults","quantile","0.45",149
"Copycat","2026-07-11",2,"2026-07-25","Adults","quantile","0.5",154
"Copycat","2026-07-11",2,"2026-07-25","Adults","quantile","0.55",159
"Copycat","2026-07-11",2,"2026-07-25","Adults","quantile","0.6",163
"Copycat","2026-07-11",2,"2026-07-25","Adults","quantile","0.65",169
"Copycat","2026-07-11",2,"2026-07-25","Adults","quantile","0.7",176
"Copycat","2026-07-11",2,"2026-07-25","Adults","quantile","0.75",183
"Copycat","2026-07-11",2,"2026-07-25","Adults","quantile","0.8",191
"Copycat","2026-07-11",2,"2026-07-25","Adults","quantile","0.85",202
"Copycat","2026-07-11",2,"2026-07-25","Adults","quantile","0.9",216
"Copycat","2026-07-11",2,"2026-07-25","Adults","quantile","0.95",243
"Copycat","2026-07-11",2,"2026-07-25","Adults","quantile","0.975",272
"Copycat","2026-07-11",2,"2026-07-25","Adults","quantile","0.99",330
"Copycat","2026-07-11",3,"2026-08-01","Adults","quantile","0.01",69
"Copycat","2026-07-11",3,"2026-08-01","Adults","quantile","0.025",79
"Copycat","2026-07-11",3,"2026-08-01","Adults","quantile","0.05",87
"Copycat","2026-07-11",3,"2026-08-01","Adults","quantile","0.1",100
"Copycat","2026-07-11",3,"2026-08-01","Adults","quantile","0.15",106
"Copycat","2026-07-11",3,"2026-08-01","Adults","quantile","0.2",117
"Copycat","2026-07-11",3,"2026-08-01","Adults","quantile","0.25",124
"Copycat","2026-07-11",3,"2026-08-01","Adults","quantile","0.3",130
"Copycat","2026-07-11",3,"2026-08-01","Adults","quantile","0.35",135
"Copycat","2026-07-11",3,"2026-08-01","Adults","quantile","0.4",141
"Copycat","2026-07-11",3,"2026-08-01","Adults","quantile","0.45",146
"Copycat","2026-07-11",3,"2026-08-01","Adults","quantile","0.5",152
"Copycat","2026-07-11",3,"2026-08-01","Adults","quantile","0.55",159
"Copycat","2026-07-11",3,"2026-08-01","Adults","quantile","0.6",165
"Copycat","2026-07-11",3,"2026-08-01","Adults","quantile","0.65",170
"Copycat","2026-07-11",3,"2026-08-01","Adults","quantile","0.7",179
"Copycat","2026-07-11",3,"2026-08-01","Adults","quantile","0.75",186
"Copycat","2026-07-11",3,"2026-08-01","Adults","quantile","0.8",198
"Copycat","2026-07-11",3,"2026-08-01","Adults","quantile","0.85",208
"Copycat","2026-07-11",3,"2026-08-01","Adults","quantile","0.9",225
"Copycat","2026-07-11",3,"2026-08-01","Adults","quantile","0.95",260
"Copycat","2026-07-11",3,"2026-08-01","Adults","quantile","0.975",297
"Copycat","2026-07-11",3,"2026-08-01","Adults","quantile","0.99",352
"Copycat","2026-07-11",-2,"2026-06-27","Overall","quantile","0.01",234
"Copycat","2026-07-11",-2,"2026-06-27","Overall","quantile","0.025",246
"Copycat","2026-07-11",-2,"2026-06-27","Overall","quantile","0.05",252
"Copycat","2026-07-11",-2,"2026-06-27","Overall","quantile","0.1",266
"Copycat","2026-07-11",-2,"2026-06-27","Overall","quantile","0.15",275
"Copycat","2026-07-11",-2,"2026-06-27","Overall","quantile","0.2",280
"Copycat","2026-07-11",-2,"2026-06-27","Overall","quantile","0.25",285
"Copycat","2026-07-11",-2,"2026-06-27","Overall","quantile","0.3",289
"Copycat","2026-07-11",-2,"2026-06-27","Overall","quantile","0.35",294
"Copycat","2026-07-11",-2,"2026-06-27","Overall","quantile","0.4",300
"Copycat","2026-07-11",-2,"2026-06-27","Overall","quantile","0.45",303
"Copycat","2026-07-11",-2,"2026-06-27","Overall","quantile","0.5",307
"Copycat","2026-07-11",-2,"2026-06-27","Overall","quantile","0.55",311
"Copycat","2026-07-11",-2,"2026-06-27","Overall","quantile","0.6",315
"Copycat","2026-07-11",-2,"2026-06-27","Overall","quantile","0.65",320
"Copycat","2026-07-11",-2,"2026-06-27","Overall","quantile","0.7",324
"Copycat","2026-07-11",-2,"2026-06-27","Overall","quantile","0.75",328
"Copycat","2026-07-11",-2,"2026-06-27","Overall","quantile","0.8",333
"Copycat","2026-07-11",-2,"2026-06-27","Overall","quantile","0.85",340
"Copycat","2026-07-11",-2,"2026-06-27","Overall","quantile","0.9",349
"Copycat","2026-07-11",-2,"2026-06-27","Overall","quantile","0.95",365
"Copycat","2026-07-11",-2,"2026-06-27","Overall","quantile","0.975",372
"Copycat","2026-07-11",-2,"2026-06-27","Overall","quantile","0.99",390
"Copycat","2026-07-11",-1,"2026-07-04","Overall","quantile","0.01",191
"Copycat","2026-07-11",-1,"2026-07-04","Overall","quantile","0.025",209
"Copycat","2026-07-11",-1,"2026-07-04","Overall","quantile","0.05",223
"Copycat","2026-07-11",-1,"2026-07-04","Overall","quantile","0.1",239
"Copycat","2026-07-11",-1,"2026-07-04","Overall","quantile","0.15",249
"Copycat","2026-07-11",-1,"2026-07-04","Overall","quantile","0.2",260
"Copycat","2026-07-11",-1,"2026-07-04","Overall","quantile","0.25",268
"Copycat","2026-07-11",-1,"2026-07-04","Overall","quantile","0.3",274
"Copycat","2026-07-11",-1,"2026-07-04","Overall","quantile","0.35",280
"Copycat","2026-07-11",-1,"2026-07-04","Overall","quantile","0.4",286
"Copycat","2026-07-11",-1,"2026-07-04","Overall","quantile","0.45",291
"Copycat","2026-07-11",-1,"2026-07-04","Overall","quantile","0.5",297
"Copycat","2026-07-11",-1,"2026-07-04","Overall","quantile","0.55",303
"Copycat","2026-07-11",-1,"2026-07-04","Overall","quantile","0.6",308
"Copycat","2026-07-11",-1,"2026-07-04","Overall","quantile","0.65",312
"Copycat","2026-07-11",-1,"2026-07-04","Overall","quantile","0.7",319
"Copycat","2026-07-11",-1,"2026-07-04","Overall","quantile","0.75",325
"Copycat","2026-07-11",-1,"2026-07-04","Overall","quantile","0.8",333
"Copycat","2026-07-11",-1,"2026-07-04","Overall","quantile","0.85",343
"Copycat","2026-07-11",-1,"2026-07-04","Overall","quantile","0.9",356
"Copycat","2026-07-11",-1,"2026-07-04","Overall","quantile","0.95",377
"Copycat","2026-07-11",-1,"2026-07-04","Overall","quantile","0.975",401
"Copycat","2026-07-11",-1,"2026-07-04","Overall","quantile","0.99",423
"Copycat","2026-07-11",0,"2026-07-11","Overall","quantile","0.01",166
"Copycat","2026-07-11",0,"2026-07-11","Overall","quantile","0.025",186
"Copycat","2026-07-11",0,"2026-07-11","Overall","quantile","0.05",199
"Copycat","2026-07-11",0,"2026-07-11","Overall","quantile","0.1",218
"Copycat","2026-07-11",0,"2026-07-11","Overall","quantile","0.15",230
"Copycat","2026-07-11",0,"2026-07-11","Overall","quantile","0.2",241
"Copycat","2026-07-11",0,"2026-07-11","Overall","quantile","0.25",251
"Copycat","2026-07-11",0,"2026-07-11","Overall","quantile","0.3",259
"Copycat","2026-07-11",0,"2026-07-11","Overall","quantile","0.35",266
"Copycat","2026-07-11",0,"2026-07-11","Overall","quantile","0.4",272
"Copycat","2026-07-11",0,"2026-07-11","Overall","quantile","0.45",278
"Copycat","2026-07-11",0,"2026-07-11","Overall","quantile","0.5",286
"Copycat","2026-07-11",0,"2026-07-11","Overall","quantile","0.55",292
"Copycat","2026-07-11",0,"2026-07-11","Overall","quantile","0.6",300
"Copycat","2026-07-11",0,"2026-07-11","Overall","quantile","0.65",308
"Copycat","2026-07-11",0,"2026-07-11","Overall","quantile","0.7",316
"Copycat","2026-07-11",0,"2026-07-11","Overall","quantile","0.75",322
"Copycat","2026-07-11",0,"2026-07-11","Overall","quantile","0.8",335
"Copycat","2026-07-11",0,"2026-07-11","Overall","quantile","0.85",347
"Copycat","2026-07-11",0,"2026-07-11","Overall","quantile","0.9",365
"Copycat","2026-07-11",0,"2026-07-11","Overall","quantile","0.95",397
"Copycat","2026-07-11",0,"2026-07-11","Overall","quantile","0.975",435
"Copycat","2026-07-11",0,"2026-07-11","Overall","quantile","0.99",463
"Copycat","2026-07-11",1,"2026-07-18","Overall","quantile","0.01",142
"Copycat","2026-07-11",1,"2026-07-18","Overall","quantile","0.025",159
"Copycat","2026-07-11",1,"2026-07-18","Overall","quantile","0.05",178
"Copycat","2026-07-11",1,"2026-07-18","Overall","quantile","0.1",196
"Copycat","2026-07-11",1,"2026-07-18","Overall","quantile","0.15",211
"Copycat","2026-07-11",1,"2026-07-18","Overall","quantile","0.2",225
"Copycat","2026-07-11",1,"2026-07-18","Overall","quantile","0.25",235
"Copycat","2026-07-11",1,"2026-07-18","Overall","quantile","0.3",244
"Copycat","2026-07-11",1,"2026-07-18","Overall","quantile","0.35",254
"Copycat","2026-07-11",1,"2026-07-18","Overall","quantile","0.4",263
"Copycat","2026-07-11",1,"2026-07-18","Overall","quantile","0.45",272
"Copycat","2026-07-11",1,"2026-07-18","Overall","quantile","0.5",282
"Copycat","2026-07-11",1,"2026-07-18","Overall","quantile","0.55",289
"Copycat","2026-07-11",1,"2026-07-18","Overall","quantile","0.6",296
"Copycat","2026-07-11",1,"2026-07-18","Overall","quantile","0.65",303
"Copycat","2026-07-11",1,"2026-07-18","Overall","quantile","0.7",314
"Copycat","2026-07-11",1,"2026-07-18","Overall","quantile","0.75",327
"Copycat","2026-07-11",1,"2026-07-18","Overall","quantile","0.8",341
"Copycat","2026-07-11",1,"2026-07-18","Overall","quantile","0.85",358
"Copycat","2026-07-11",1,"2026-07-18","Overall","quantile","0.9",378
"Copycat","2026-07-11",1,"2026-07-18","Overall","quantile","0.95",428
"Copycat","2026-07-11",1,"2026-07-18","Overall","quantile","0.975",469
"Copycat","2026-07-11",1,"2026-07-18","Overall","quantile","0.99",517
"Copycat","2026-07-11",2,"2026-07-25","Overall","quantile","0.01",122
"Copycat","2026-07-11",2,"2026-07-25","Overall","quantile","0.025",149
"Copycat","2026-07-11",2,"2026-07-25","Overall","quantile","0.05",161
"Copycat","2026-07-11",2,"2026-07-25","Overall","quantile","0.1",184
"Copycat","2026-07-11",2,"2026-07-25","Overall","quantile","0.15",199
"Copycat","2026-07-11",2,"2026-07-25","Overall","quantile","0.2",214
"Copycat","2026-07-11",2,"2026-07-25","Overall","quantile","0.25",226
"Copycat","2026-07-11",2,"2026-07-25","Overall","quantile","0.3",236
"Copycat","2026-07-11",2,"2026-07-25","Overall","quantile","0.35",248
"Copycat","2026-07-11",2,"2026-07-25","Overall","quantile","0.4",259
"Copycat","2026-07-11",2,"2026-07-25","Overall","quantile","0.45",268
"Copycat","2026-07-11",2,"2026-07-25","Overall","quantile","0.5",277
"Copycat","2026-07-11",2,"2026-07-25","Overall","quantile","0.55",288
"Copycat","2026-07-11",2,"2026-07-25","Overall","quantile","0.6",297
"Copycat","2026-07-11",2,"2026-07-25","Overall","quantile","0.65",306
"Copycat","2026-07-11",2,"2026-07-25","Overall","quantile","0.7",320
"Copycat","2026-07-11",2,"2026-07-25","Overall","quantile","0.75",333
"Copycat","2026-07-11",2,"2026-07-25","Overall","quantile","0.8",347
"Copycat","2026-07-11",2,"2026-07-25","Overall","quantile","0.85",373
"Copycat","2026-07-11",2,"2026-07-25","Overall","quantile","0.9",407
"Copycat","2026-07-11",2,"2026-07-25","Overall","quantile","0.95",466
"Copycat","2026-07-11",2,"2026-07-25","Overall","quantile","0.975",514
"Copycat","2026-07-11",2,"2026-07-25","Overall","quantile","0.99",588
"Copycat","2026-07-11",3,"2026-08-01","Overall","quantile","0.01",113
"Copycat","2026-07-11",3,"2026-08-01","Overall","quantile","0.025",135
"Copycat","2026-07-11",3,"2026-08-01","Overall","quantile","0.05",153
"Copycat","2026-07-11",3,"2026-08-01","Overall","quantile","0.1",176
"Copycat","2026-07-11",3,"2026-08-01","Overall","quantile","0.15",190
"Copycat","2026-07-11",3,"2026-08-01","Overall","quantile","0.2",205
"Copycat","2026-07-11",3,"2026-08-01","Overall","quantile","0.25",221
"Copycat","2026-07-11",3,"2026-08-01","Overall","quantile","0.3",233
"Copycat","2026-07-11",3,"2026-08-01","Overall","quantile","0.35",242
"Copycat","2026-07-11",3,"2026-08-01","Overall","quantile","0.4",253
"Copycat","2026-07-11",3,"2026-08-01","Overall","quantile","0.45",264
"Copycat","2026-07-11",3,"2026-08-01","Overall","quantile","0.5",278
"Copycat","2026-07-11",3,"2026-08-01","Overall","quantile","0.55",288
"Copycat","2026-07-11",3,"2026-08-01","Overall","quantile","0.6",300
"Copycat","2026-07-11",3,"2026-08-01","Overall","quantile","0.65",313
"Copycat","2026-07-11",3,"2026-08-01","Overall","quantile","0.7",326
"Copycat","2026-07-11",3,"2026-08-01","Overall","quantile","0.75",345
"Copycat","2026-07-11",3,"2026-08-01","Overall","quantile","0.8",365
"Copycat","2026-07-11",3,"2026-08-01","Overall","quantile","0.85",390
"Copycat","2026-07-11",3,"2026-08-01","Overall","quantile","0.9",435
"Copycat","2026-07-11",3,"2026-08-01","Overall","quantile","0.95",506
"Copycat","2026-07-11",3,"2026-08-01","Overall","quantile","0.975",555
"Copycat","2026-07-11",3,"2026-08-01","Overall","quantile","0.99",656
"Copycat","2026-07-11",-2,"2026-06-27","Pediatrics","quantile","0.01",97
"Copycat","2026-07-11",-2,"2026-06-27","Pediatrics","quantile","0.025",101
"Copycat","2026-07-11",-2,"2026-06-27","Pediatrics","quantile","0.05",106
"Copycat","2026-07-11",-2,"2026-06-27","Pediatrics","quantile","0.1",112
"Copycat","2026-07-11",-2,"2026-06-27","Pediatrics","quantile","0.15",118
"Copycat","2026-07-11",-2,"2026-06-27","Pediatrics","quantile","0.2",121
"Copycat","2026-07-11",-2,"2026-06-27","Pediatrics","quantile","0.25",123
"Copycat","2026-07-11",-2,"2026-06-27","Pediatrics","quantile","0.3",126
"Copycat","2026-07-11",-2,"2026-06-27","Pediatrics","quantile","0.35",128
"Copycat","2026-07-11",-2,"2026-06-27","Pediatrics","quantile","0.4",130
"Copycat","2026-07-11",-2,"2026-06-27","Pediatrics","quantile","0.45",132
"Copycat","2026-07-11",-2,"2026-06-27","Pediatrics","quantile","0.5",134
"Copycat","2026-07-11",-2,"2026-06-27","Pediatrics","quantile","0.55",136
"Copycat","2026-07-11",-2,"2026-06-27","Pediatrics","quantile","0.6",138
"Copycat","2026-07-11",-2,"2026-06-27","Pediatrics","quantile","0.65",141
"Copycat","2026-07-11",-2,"2026-06-27","Pediatrics","quantile","0.7",143
"Copycat","2026-07-11",-2,"2026-06-27","Pediatrics","quantile","0.75",145
"Copycat","2026-07-11",-2,"2026-06-27","Pediatrics","quantile","0.8",148
"Copycat","2026-07-11",-2,"2026-06-27","Pediatrics","quantile","0.85",152
"Copycat","2026-07-11",-2,"2026-06-27","Pediatrics","quantile","0.9",156
"Copycat","2026-07-11",-2,"2026-06-27","Pediatrics","quantile","0.95",163
"Copycat","2026-07-11",-2,"2026-06-27","Pediatrics","quantile","0.975",170
"Copycat","2026-07-11",-2,"2026-06-27","Pediatrics","quantile","0.99",176
"Copycat","2026-07-11",-1,"2026-07-04","Pediatrics","quantile","0.01",79
"Copycat","2026-07-11",-1,"2026-07-04","Pediatrics","quantile","0.025",88
"Copycat","2026-07-11",-1,"2026-07-04","Pediatrics","quantile","0.05",93
"Copycat","2026-07-11",-1,"2026-07-04","Pediatrics","quantile","0.1",102
"Copycat","2026-07-11",-1,"2026-07-04","Pediatrics","quantile","0.15",106
"Copycat","2026-07-11",-1,"2026-07-04","Pediatrics","quantile","0.2",111
"Copycat","2026-07-11",-1,"2026-07-04","Pediatrics","quantile","0.25",115
"Copycat","2026-07-11",-1,"2026-07-04","Pediatrics","quantile","0.3",118
"Copycat","2026-07-11",-1,"2026-07-04","Pediatrics","quantile","0.35",120
"Copycat","2026-07-11",-1,"2026-07-04","Pediatrics","quantile","0.4",123
"Copycat","2026-07-11",-1,"2026-07-04","Pediatrics","quantile","0.45",125
"Copycat","2026-07-11",-1,"2026-07-04","Pediatrics","quantile","0.5",128
"Copycat","2026-07-11",-1,"2026-07-04","Pediatrics","quantile","0.55",131
"Copycat","2026-07-11",-1,"2026-07-04","Pediatrics","quantile","0.6",133
"Copycat","2026-07-11",-1,"2026-07-04","Pediatrics","quantile","0.65",136
"Copycat","2026-07-11",-1,"2026-07-04","Pediatrics","quantile","0.7",139
"Copycat","2026-07-11",-1,"2026-07-04","Pediatrics","quantile","0.75",143
"Copycat","2026-07-11",-1,"2026-07-04","Pediatrics","quantile","0.8",147
"Copycat","2026-07-11",-1,"2026-07-04","Pediatrics","quantile","0.85",150
"Copycat","2026-07-11",-1,"2026-07-04","Pediatrics","quantile","0.9",156
"Copycat","2026-07-11",-1,"2026-07-04","Pediatrics","quantile","0.95",168
"Copycat","2026-07-11",-1,"2026-07-04","Pediatrics","quantile","0.975",178
"Copycat","2026-07-11",-1,"2026-07-04","Pediatrics","quantile","0.99",190
"Copycat","2026-07-11",0,"2026-07-11","Pediatrics","quantile","0.01",66
"Copycat","2026-07-11",0,"2026-07-11","Pediatrics","quantile","0.025",73
"Copycat","2026-07-11",0,"2026-07-11","Pediatrics","quantile","0.05",81
"Copycat","2026-07-11",0,"2026-07-11","Pediatrics","quantile","0.1",90
"Copycat","2026-07-11",0,"2026-07-11","Pediatrics","quantile","0.15",98
"Copycat","2026-07-11",0,"2026-07-11","Pediatrics","quantile","0.2",102
"Copycat","2026-07-11",0,"2026-07-11","Pediatrics","quantile","0.25",105
"Copycat","2026-07-11",0,"2026-07-11","Pediatrics","quantile","0.3",109
"Copycat","2026-07-11",0,"2026-07-11","Pediatrics","quantile","0.35",112
"Copycat","2026-07-11",0,"2026-07-11","Pediatrics","quantile","0.4",116
"Copycat","2026-07-11",0,"2026-07-11","Pediatrics","quantile","0.45",120
"Copycat","2026-07-11",0,"2026-07-11","Pediatrics","quantile","0.5",124
"Copycat","2026-07-11",0,"2026-07-11","Pediatrics","quantile","0.55",127
"Copycat","2026-07-11",0,"2026-07-11","Pediatrics","quantile","0.6",131
"Copycat","2026-07-11",0,"2026-07-11","Pediatrics","quantile","0.65",134
"Copycat","2026-07-11",0,"2026-07-11","Pediatrics","quantile","0.7",138
"Copycat","2026-07-11",0,"2026-07-11","Pediatrics","quantile","0.75",142
"Copycat","2026-07-11",0,"2026-07-11","Pediatrics","quantile","0.8",148
"Copycat","2026-07-11",0,"2026-07-11","Pediatrics","quantile","0.85",153
"Copycat","2026-07-11",0,"2026-07-11","Pediatrics","quantile","0.9",161
"Copycat","2026-07-11",0,"2026-07-11","Pediatrics","quantile","0.95",177
"Copycat","2026-07-11",0,"2026-07-11","Pediatrics","quantile","0.975",194
"Copycat","2026-07-11",0,"2026-07-11","Pediatrics","quantile","0.99",209
"Copycat","2026-07-11",1,"2026-07-18","Pediatrics","quantile","0.01",57
"Copycat","2026-07-11",1,"2026-07-18","Pediatrics","quantile","0.025",67
"Copycat","2026-07-11",1,"2026-07-18","Pediatrics","quantile","0.05",72
"Copycat","2026-07-11",1,"2026-07-18","Pediatrics","quantile","0.1",83
"Copycat","2026-07-11",1,"2026-07-18","Pediatrics","quantile","0.15",90
"Copycat","2026-07-11",1,"2026-07-18","Pediatrics","quantile","0.2",95
"Copycat","2026-07-11",1,"2026-07-18","Pediatrics","quantile","0.25",100
"Copycat","2026-07-11",1,"2026-07-18","Pediatrics","quantile","0.3",106
"Copycat","2026-07-11",1,"2026-07-18","Pediatrics","quantile","0.35",109
"Copycat","2026-07-11",1,"2026-07-18","Pediatrics","quantile","0.4",114
"Copycat","2026-07-11",1,"2026-07-18","Pediatrics","quantile","0.45",118
"Copycat","2026-07-11",1,"2026-07-18","Pediatrics","quantile","0.5",122
"Copycat","2026-07-11",1,"2026-07-18","Pediatrics","quantile","0.55",126
"Copycat","2026-07-11",1,"2026-07-18","Pediatrics","quantile","0.6",131
"Copycat","2026-07-11",1,"2026-07-18","Pediatrics","quantile","0.65",135
"Copycat","2026-07-11",1,"2026-07-18","Pediatrics","quantile","0.7",140
"Copycat","2026-07-11",1,"2026-07-18","Pediatrics","quantile","0.75",145
"Copycat","2026-07-11",1,"2026-07-18","Pediatrics","quantile","0.8",151
"Copycat","2026-07-11",1,"2026-07-18","Pediatrics","quantile","0.85",158
"Copycat","2026-07-11",1,"2026-07-18","Pediatrics","quantile","0.9",171
"Copycat","2026-07-11",1,"2026-07-18","Pediatrics","quantile","0.95",193
"Copycat","2026-07-11",1,"2026-07-18","Pediatrics","quantile","0.975",214
"Copycat","2026-07-11",1,"2026-07-18","Pediatrics","quantile","0.99",244
"Copycat","2026-07-11",2,"2026-07-25","Pediatrics","quantile","0.01",48
"Copycat","2026-07-11",2,"2026-07-25","Pediatrics","quantile","0.025",57
"Copycat","2026-07-11",2,"2026-07-25","Pediatrics","quantile","0.05",65
"Copycat","2026-07-11",2,"2026-07-25","Pediatrics","quantile","0.1",74
"Copycat","2026-07-11",2,"2026-07-25","Pediatrics","quantile","0.15",83
"Copycat","2026-07-11",2,"2026-07-25","Pediatrics","quantile","0.2",89
"Copycat","2026-07-11",2,"2026-07-25","Pediatrics","quantile","0.25",95
"Copycat","2026-07-11",2,"2026-07-25","Pediatrics","quantile","0.3",101
"Copycat","2026-07-11",2,"2026-07-25","Pediatrics","quantile","0.35",106
"Copycat","2026-07-11",2,"2026-07-25","Pediatrics","quantile","0.4",110
"Copycat","2026-07-11",2,"2026-07-25","Pediatrics","quantile","0.45",115
"Copycat","2026-07-11",2,"2026-07-25","Pediatrics","quantile","0.5",120
"Copycat","2026-07-11",2,"2026-07-25","Pediatrics","quantile","0.55",125
"Copycat","2026-07-11",2,"2026-07-25","Pediatrics","quantile","0.6",131
"Copycat","2026-07-11",2,"2026-07-25","Pediatrics","quantile","0.65",136
"Copycat","2026-07-11",2,"2026-07-25","Pediatrics","quantile","0.7",141
"Copycat","2026-07-11",2,"2026-07-25","Pediatrics","quantile","0.75",148
"Copycat","2026-07-11",2,"2026-07-25","Pediatrics","quantile","0.8",155
"Copycat","2026-07-11",2,"2026-07-25","Pediatrics","quantile","0.85",162
"Copycat","2026-07-11",2,"2026-07-25","Pediatrics","quantile","0.9",179
"Copycat","2026-07-11",2,"2026-07-25","Pediatrics","quantile","0.95",211
"Copycat","2026-07-11",2,"2026-07-25","Pediatrics","quantile","0.975",242
"Copycat","2026-07-11",2,"2026-07-25","Pediatrics","quantile","0.99",268
"Copycat","2026-07-11",3,"2026-08-01","Pediatrics","quantile","0.01",45
"Copycat","2026-07-11",3,"2026-08-01","Pediatrics","quantile","0.025",52
"Copycat","2026-07-11",3,"2026-08-01","Pediatrics","quantile","0.05",59
"Copycat","2026-07-11",3,"2026-08-01","Pediatrics","quantile","0.1",71
"Copycat","2026-07-11",3,"2026-08-01","Pediatrics","quantile","0.15",81
"Copycat","2026-07-11",3,"2026-08-01","Pediatrics","quantile","0.2",88
"Copycat","2026-07-11",3,"2026-08-01","Pediatrics","quantile","0.25",93
"Copycat","2026-07-11",3,"2026-08-01","Pediatrics","quantile","0.3",98
"Copycat","2026-07-11",3,"2026-08-01","Pediatrics","quantile","0.35",103
"Copycat","2026-07-11",3,"2026-08-01","Pediatrics","quantile","0.4",108
"Copycat","2026-07-11",3,"2026-08-01","Pediatrics","quantile","0.45",113
"Copycat","2026-07-11",3,"2026-08-01","Pediatrics","quantile","0.5",118
"Copycat","2026-07-11",3,"2026-08-01","Pediatrics","quantile","0.55",123
"Copycat","2026-07-11",3,"2026-08-01","Pediatrics","quantile","0.6",129
"Copycat","2026-07-11",3,"2026-08-01","Pediatrics","quantile","0.65",134
"Copycat","2026-07-11",3,"2026-08-01","Pediatrics","quantile","0.7",143
"Copycat","2026-07-11",3,"2026-08-01","Pediatrics","quantile","0.75",150
"Copycat","2026-07-11",3,"2026-08-01","Pediatrics","quantile","0.8",160
"Copycat","2026-07-11",3,"2026-08-01","Pediatrics","quantile","0.85",173
"Copycat","2026-07-11",3,"2026-08-01","Pediatrics","quantile","0.9",191
"Copycat","2026-07-11",3,"2026-08-01","Pediatrics","quantile","0.95",220
"Copycat","2026-07-11",3,"2026-08-01","Pediatrics","quantile","0.975",258
"Copycat","2026-07-11",3,"2026-08-01","Pediatrics","quantile","0.99",313
"newGBQR","2026-07-11",-2,"2026-06-27","Adults","quantile","0.01",112
"newGBQR","2026-07-11",-2,"2026-06-27","Adults","quantile","0.025",125
"newGBQR","2026-07-11",-2,"2026-06-27","Adults","quantile","0.05",137
"newGBQR","2026-07-11",-2,"2026-06-27","Adults","quantile","0.1",143
"newGBQR","2026-07-11",-2,"2026-06-27","Adults","quantile","0.15",147
"newGBQR","2026-07-11",-2,"2026-06-27","Adults","quantile","0.2",150
"newGBQR","2026-07-11",-2,"2026-06-27","Adults","quantile","0.25",152
"newGBQR","2026-07-11",-2,"2026-06-27","Adults","quantile","0.3",154
"newGBQR","2026-07-11",-2,"2026-06-27","Adults","quantile","0.35",156
"newGBQR","2026-07-11",-2,"2026-06-27","Adults","quantile","0.4",162
"newGBQR","2026-07-11",-2,"2026-06-27","Adults","quantile","0.45",165
"newGBQR","2026-07-11",-2,"2026-06-27","Adults","quantile","0.5",171
"newGBQR","2026-07-11",-2,"2026-06-27","Adults","quantile","0.55",174
"newGBQR","2026-07-11",-2,"2026-06-27","Adults","quantile","0.6",178
"newGBQR","2026-07-11",-2,"2026-06-27","Adults","quantile","0.65",180
"newGBQR","2026-07-11",-2,"2026-06-27","Adults","quantile","0.7",182
"newGBQR","2026-07-11",-2,"2026-06-27","Adults","quantile","0.75",184
"newGBQR","2026-07-11",-2,"2026-06-27","Adults","quantile","0.8",191
"newGBQR","2026-07-11",-2,"2026-06-27","Adults","quantile","0.85",202
"newGBQR","2026-07-11",-2,"2026-06-27","Adults","quantile","0.9",210
"newGBQR","2026-07-11",-2,"2026-06-27","Adults","quantile","0.95",231
"newGBQR","2026-07-11",-2,"2026-06-27","Adults","quantile","0.975",263
"newGBQR","2026-07-11",-2,"2026-06-27","Adults","quantile","0.99",303
"newGBQR","2026-07-11",-1,"2026-07-04","Adults","quantile","0.01",112
"newGBQR","2026-07-11",-1,"2026-07-04","Adults","quantile","0.025",124
"newGBQR","2026-07-11",-1,"2026-07-04","Adults","quantile","0.05",131
"newGBQR","2026-07-11",-1,"2026-07-04","Adults","quantile","0.1",139
"newGBQR","2026-07-11",-1,"2026-07-04","Adults","quantile","0.15",143
"newGBQR","2026-07-11",-1,"2026-07-04","Adults","quantile","0.2",146
"newGBQR","2026-07-11",-1,"2026-07-04","Adults","quantile","0.25",149
"newGBQR","2026-07-11",-1,"2026-07-04","Adults","quantile","0.3",152
"newGBQR","2026-07-11",-1,"2026-07-04","Adults","quantile","0.35",155
"newGBQR","2026-07-11",-1,"2026-07-04","Adults","quantile","0.4",161
"newGBQR","2026-07-11",-1,"2026-07-04","Adults","quantile","0.45",164
"newGBQR","2026-07-11",-1,"2026-07-04","Adults","quantile","0.5",170
"newGBQR","2026-07-11",-1,"2026-07-04","Adults","quantile","0.55",174
"newGBQR","2026-07-11",-1,"2026-07-04","Adults","quantile","0.6",178
"newGBQR","2026-07-11",-1,"2026-07-04","Adults","quantile","0.65",179
"newGBQR","2026-07-11",-1,"2026-07-04","Adults","quantile","0.7",183
"newGBQR","2026-07-11",-1,"2026-07-04","Adults","quantile","0.75",185
"newGBQR","2026-07-11",-1,"2026-07-04","Adults","quantile","0.8",191
"newGBQR","2026-07-11",-1,"2026-07-04","Adults","quantile","0.85",202
"newGBQR","2026-07-11",-1,"2026-07-04","Adults","quantile","0.9",213
"newGBQR","2026-07-11",-1,"2026-07-04","Adults","quantile","0.95",233
"newGBQR","2026-07-11",-1,"2026-07-04","Adults","quantile","0.975",265
"newGBQR","2026-07-11",-1,"2026-07-04","Adults","quantile","0.99",303
"newGBQR","2026-07-11",0,"2026-07-11","Adults","quantile","0.01",112
"newGBQR","2026-07-11",0,"2026-07-11","Adults","quantile","0.025",121
"newGBQR","2026-07-11",0,"2026-07-11","Adults","quantile","0.05",127
"newGBQR","2026-07-11",0,"2026-07-11","Adults","quantile","0.1",134
"newGBQR","2026-07-11",0,"2026-07-11","Adults","quantile","0.15",138
"newGBQR","2026-07-11",0,"2026-07-11","Adults","quantile","0.2",143
"newGBQR","2026-07-11",0,"2026-07-11","Adults","quantile","0.25",144
"newGBQR","2026-07-11",0,"2026-07-11","Adults","quantile","0.3",146
"newGBQR","2026-07-11",0,"2026-07-11","Adults","quantile","0.35",151
"newGBQR","2026-07-11",0,"2026-07-11","Adults","quantile","0.4",156
"newGBQR","2026-07-11",0,"2026-07-11","Adults","quantile","0.45",158
"newGBQR","2026-07-11",0,"2026-07-11","Adults","quantile","0.5",165
"newGBQR","2026-07-11",0,"2026-07-11","Adults","quantile","0.55",169
"newGBQR","2026-07-11",0,"2026-07-11","Adults","quantile","0.6",173
"newGBQR","2026-07-11",0,"2026-07-11","Adults","quantile","0.65",175
"newGBQR","2026-07-11",0,"2026-07-11","Adults","quantile","0.7",181
"newGBQR","2026-07-11",0,"2026-07-11","Adults","quantile","0.75",182
"newGBQR","2026-07-11",0,"2026-07-11","Adults","quantile","0.8",188
"newGBQR","2026-07-11",0,"2026-07-11","Adults","quantile","0.85",202
"newGBQR","2026-07-11",0,"2026-07-11","Adults","quantile","0.9",213
"newGBQR","2026-07-11",0,"2026-07-11","Adults","quantile","0.95",237
"newGBQR","2026-07-11",0,"2026-07-11","Adults","quantile","0.975",267
"newGBQR","2026-07-11",0,"2026-07-11","Adults","quantile","0.99",304
"newGBQR","2026-07-11",1,"2026-07-18","Adults","quantile","0.01",112
"newGBQR","2026-07-11",1,"2026-07-18","Adults","quantile","0.025",121
"newGBQR","2026-07-11",1,"2026-07-18","Adults","quantile","0.05",127
"newGBQR","2026-07-11",1,"2026-07-18","Adults","quantile","0.1",132
"newGBQR","2026-07-11",1,"2026-07-18","Adults","quantile","0.15",137
"newGBQR","2026-07-11",1,"2026-07-18","Adults","quantile","0.2",141
"newGBQR","2026-07-11",1,"2026-07-18","Adults","quantile","0.25",141
"newGBQR","2026-07-11",1,"2026-07-18","Adults","quantile","0.3",143
"newGBQR","2026-07-11",1,"2026-07-18","Adults","quantile","0.35",144
"newGBQR","2026-07-11",1,"2026-07-18","Adults","quantile","0.4",149
"newGBQR","2026-07-11",1,"2026-07-18","Adults","quantile","0.45",153
"newGBQR","2026-07-11",1,"2026-07-18","Adults","quantile","0.5",160
"newGBQR","2026-07-11",1,"2026-07-18","Adults","quantile","0.55",164
"newGBQR","2026-07-11",1,"2026-07-18","Adults","quantile","0.6",170
"newGBQR","2026-07-11",1,"2026-07-18","Adults","quantile","0.65",172
"newGBQR","2026-07-11",1,"2026-07-18","Adults","quantile","0.7",177
"newGBQR","2026-07-11",1,"2026-07-18","Adults","quantile","0.75",180
"newGBQR","2026-07-11",1,"2026-07-18","Adults","quantile","0.8",186
"newGBQR","2026-07-11",1,"2026-07-18","Adults","quantile","0.85",201
"newGBQR","2026-07-11",1,"2026-07-18","Adults","quantile","0.9",215
"newGBQR","2026-07-11",1,"2026-07-18","Adults","quantile","0.95",242
"newGBQR","2026-07-11",1,"2026-07-18","Adults","quantile","0.975",273
"newGBQR","2026-07-11",1,"2026-07-18","Adults","quantile","0.99",306
"newGBQR","2026-07-11",2,"2026-07-25","Adults","quantile","0.01",111
"newGBQR","2026-07-11",2,"2026-07-25","Adults","quantile","0.025",116
"newGBQR","2026-07-11",2,"2026-07-25","Adults","quantile","0.05",121
"newGBQR","2026-07-11",2,"2026-07-25","Adults","quantile","0.1",127
"newGBQR","2026-07-11",2,"2026-07-25","Adults","quantile","0.15",136
"newGBQR","2026-07-11",2,"2026-07-25","Adults","quantile","0.2",138
"newGBQR","2026-07-11",2,"2026-07-25","Adults","quantile","0.25",139
"newGBQR","2026-07-11",2,"2026-07-25","Adults","quantile","0.3",141
"newGBQR","2026-07-11",2,"2026-07-25","Adults","quantile","0.35",142
"newGBQR","2026-07-11",2,"2026-07-25","Adults","quantile","0.4",147
"newGBQR","2026-07-11",2,"2026-07-25","Adults","quantile","0.45",152
"newGBQR","2026-07-11",2,"2026-07-25","Adults","quantile","0.5",158
"newGBQR","2026-07-11",2,"2026-07-25","Adults","quantile","0.55",163
"newGBQR","2026-07-11",2,"2026-07-25","Adults","quantile","0.6",168
"newGBQR","2026-07-11",2,"2026-07-25","Adults","quantile","0.65",171
"newGBQR","2026-07-11",2,"2026-07-25","Adults","quantile","0.7",175
"newGBQR","2026-07-11",2,"2026-07-25","Adults","quantile","0.75",179
"newGBQR","2026-07-11",2,"2026-07-25","Adults","quantile","0.8",186
"newGBQR","2026-07-11",2,"2026-07-25","Adults","quantile","0.85",202
"newGBQR","2026-07-11",2,"2026-07-25","Adults","quantile","0.9",216
"newGBQR","2026-07-11",2,"2026-07-25","Adults","quantile","0.95",244
"newGBQR","2026-07-11",2,"2026-07-25","Adults","quantile","0.975",277
"newGBQR","2026-07-11",2,"2026-07-25","Adults","quantile","0.99",312
"newGBQR","2026-07-11",3,"2026-08-01","Adults","quantile","0.01",101
"newGBQR","2026-07-11",3,"2026-08-01","Adults","quantile","0.025",106
"newGBQR","2026-07-11",3,"2026-08-01","Adults","quantile","0.05",117
"newGBQR","2026-07-11",3,"2026-08-01","Adults","quantile","0.1",123
"newGBQR","2026-07-11",3,"2026-08-01","Adults","quantile","0.15",131
"newGBQR","2026-07-11",3,"2026-08-01","Adults","quantile","0.2",132
"newGBQR","2026-07-11",3,"2026-08-01","Adults","quantile","0.25",133
"newGBQR","2026-07-11",3,"2026-08-01","Adults","quantile","0.3",135
"newGBQR","2026-07-11",3,"2026-08-01","Adults","quantile","0.35",137
"newGBQR","2026-07-11",3,"2026-08-01","Adults","quantile","0.4",142
"newGBQR","2026-07-11",3,"2026-08-01","Adults","quantile","0.45",148
"newGBQR","2026-07-11",3,"2026-08-01","Adults","quantile","0.5",153
"newGBQR","2026-07-11",3,"2026-08-01","Adults","quantile","0.55",160
"newGBQR","2026-07-11",3,"2026-08-01","Adults","quantile","0.6",165
"newGBQR","2026-07-11",3,"2026-08-01","Adults","quantile","0.65",169
"newGBQR","2026-07-11",3,"2026-08-01","Adults","quantile","0.7",174
"newGBQR","2026-07-11",3,"2026-08-01","Adults","quantile","0.75",178
"newGBQR","2026-07-11",3,"2026-08-01","Adults","quantile","0.8",186
"newGBQR","2026-07-11",3,"2026-08-01","Adults","quantile","0.85",200
"newGBQR","2026-07-11",3,"2026-08-01","Adults","quantile","0.9",216
"newGBQR","2026-07-11",3,"2026-08-01","Adults","quantile","0.95",245
"newGBQR","2026-07-11",3,"2026-08-01","Adults","quantile","0.975",277
"newGBQR","2026-07-11",3,"2026-08-01","Adults","quantile","0.99",314
"newGBQR","2026-07-11",-2,"2026-06-27","Overall","quantile","0.01",205
"newGBQR","2026-07-11",-2,"2026-06-27","Overall","quantile","0.025",227
"newGBQR","2026-07-11",-2,"2026-06-27","Overall","quantile","0.05",246
"newGBQR","2026-07-11",-2,"2026-06-27","Overall","quantile","0.1",258
"newGBQR","2026-07-11",-2,"2026-06-27","Overall","quantile","0.15",265
"newGBQR","2026-07-11",-2,"2026-06-27","Overall","quantile","0.2",270
"newGBQR","2026-07-11",-2,"2026-06-27","Overall","quantile","0.25",274
"newGBQR","2026-07-11",-2,"2026-06-27","Overall","quantile","0.3",275
"newGBQR","2026-07-11",-2,"2026-06-27","Overall","quantile","0.35",284
"newGBQR","2026-07-11",-2,"2026-06-27","Overall","quantile","0.4",292
"newGBQR","2026-07-11",-2,"2026-06-27","Overall","quantile","0.45",293
"newGBQR","2026-07-11",-2,"2026-06-27","Overall","quantile","0.5",305
"newGBQR","2026-07-11",-2,"2026-06-27","Overall","quantile","0.55",310
"newGBQR","2026-07-11",-2,"2026-06-27","Overall","quantile","0.6",317
"newGBQR","2026-07-11",-2,"2026-06-27","Overall","quantile","0.65",321
"newGBQR","2026-07-11",-2,"2026-06-27","Overall","quantile","0.7",326
"newGBQR","2026-07-11",-2,"2026-06-27","Overall","quantile","0.75",331
"newGBQR","2026-07-11",-2,"2026-06-27","Overall","quantile","0.8",343
"newGBQR","2026-07-11",-2,"2026-06-27","Overall","quantile","0.85",364
"newGBQR","2026-07-11",-2,"2026-06-27","Overall","quantile","0.9",376
"newGBQR","2026-07-11",-2,"2026-06-27","Overall","quantile","0.95",409
"newGBQR","2026-07-11",-2,"2026-06-27","Overall","quantile","0.975",461
"newGBQR","2026-07-11",-2,"2026-06-27","Overall","quantile","0.99",525
"newGBQR","2026-07-11",-1,"2026-07-04","Overall","quantile","0.01",204
"newGBQR","2026-07-11",-1,"2026-07-04","Overall","quantile","0.025",225
"newGBQR","2026-07-11",-1,"2026-07-04","Overall","quantile","0.05",238
"newGBQR","2026-07-11",-1,"2026-07-04","Overall","quantile","0.1",251
"newGBQR","2026-07-11",-1,"2026-07-04","Overall","quantile","0.15",257
"newGBQR","2026-07-11",-1,"2026-07-04","Overall","quantile","0.2",262
"newGBQR","2026-07-11",-1,"2026-07-04","Overall","quantile","0.25",269
"newGBQR","2026-07-11",-1,"2026-07-04","Overall","quantile","0.3",271
"newGBQR","2026-07-11",-1,"2026-07-04","Overall","quantile","0.35",282
"newGBQR","2026-07-11",-1,"2026-07-04","Overall","quantile","0.4",290
"newGBQR","2026-07-11",-1,"2026-07-04","Overall","quantile","0.45",292
"newGBQR","2026-07-11",-1,"2026-07-04","Overall","quantile","0.5",303
"newGBQR","2026-07-11",-1,"2026-07-04","Overall","quantile","0.55",311
"newGBQR","2026-07-11",-1,"2026-07-04","Overall","quantile","0.6",317
"newGBQR","2026-07-11",-1,"2026-07-04","Overall","quantile","0.65",322
"newGBQR","2026-07-11",-1,"2026-07-04","Overall","quantile","0.7",327
"newGBQR","2026-07-11",-1,"2026-07-04","Overall","quantile","0.75",332
"newGBQR","2026-07-11",-1,"2026-07-04","Overall","quantile","0.8",343
"newGBQR","2026-07-11",-1,"2026-07-04","Overall","quantile","0.85",366
"newGBQR","2026-07-11",-1,"2026-07-04","Overall","quantile","0.9",380
"newGBQR","2026-07-11",-1,"2026-07-04","Overall","quantile","0.95",412
"newGBQR","2026-07-11",-1,"2026-07-04","Overall","quantile","0.975",465
"newGBQR","2026-07-11",-1,"2026-07-04","Overall","quantile","0.99",529
"newGBQR","2026-07-11",0,"2026-07-11","Overall","quantile","0.01",204
"newGBQR","2026-07-11",0,"2026-07-11","Overall","quantile","0.025",220
"newGBQR","2026-07-11",0,"2026-07-11","Overall","quantile","0.05",229
"newGBQR","2026-07-11",0,"2026-07-11","Overall","quantile","0.1",244
"newGBQR","2026-07-11",0,"2026-07-11","Overall","quantile","0.15",249
"newGBQR","2026-07-11",0,"2026-07-11","Overall","quantile","0.2",257
"newGBQR","2026-07-11",0,"2026-07-11","Overall","quantile","0.25",259
"newGBQR","2026-07-11",0,"2026-07-11","Overall","quantile","0.3",261
"newGBQR","2026-07-11",0,"2026-07-11","Overall","quantile","0.35",274
"newGBQR","2026-07-11",0,"2026-07-11","Overall","quantile","0.4",280
"newGBQR","2026-07-11",0,"2026-07-11","Overall","quantile","0.45",284
"newGBQR","2026-07-11",0,"2026-07-11","Overall","quantile","0.5",295
"newGBQR","2026-07-11",0,"2026-07-11","Overall","quantile","0.55",302
"newGBQR","2026-07-11",0,"2026-07-11","Overall","quantile","0.6",308
"newGBQR","2026-07-11",0,"2026-07-11","Overall","quantile","0.65",316
"newGBQR","2026-07-11",0,"2026-07-11","Overall","quantile","0.7",323
"newGBQR","2026-07-11",0,"2026-07-11","Overall","quantile","0.75",333
"newGBQR","2026-07-11",0,"2026-07-11","Overall","quantile","0.8",339
"newGBQR","2026-07-11",0,"2026-07-11","Overall","quantile","0.85",366
"newGBQR","2026-07-11",0,"2026-07-11","Overall","quantile","0.9",379
"newGBQR","2026-07-11",0,"2026-07-11","Overall","quantile","0.95",419
"newGBQR","2026-07-11",0,"2026-07-11","Overall","quantile","0.975",468
"newGBQR","2026-07-11",0,"2026-07-11","Overall","quantile","0.99",529
"newGBQR","2026-07-11",1,"2026-07-18","Overall","quantile","0.01",204
"newGBQR","2026-07-11",1,"2026-07-18","Overall","quantile","0.025",218
"newGBQR","2026-07-11",1,"2026-07-18","Overall","quantile","0.05",229
"newGBQR","2026-07-11",1,"2026-07-18","Overall","quantile","0.1",240
"newGBQR","2026-07-11",1,"2026-07-18","Overall","quantile","0.15",244
"newGBQR","2026-07-11",1,"2026-07-18","Overall","quantile","0.2",251
"newGBQR","2026-07-11",1,"2026-07-18","Overall","quantile","0.25",252
"newGBQR","2026-07-11",1,"2026-07-18","Overall","quantile","0.3",254
"newGBQR","2026-07-11",1,"2026-07-18","Overall","quantile","0.35",261
"newGBQR","2026-07-11",1,"2026-07-18","Overall","quantile","0.4",268
"newGBQR","2026-07-11",1,"2026-07-18","Overall","quantile","0.45",273
"newGBQR","2026-07-11",1,"2026-07-18","Overall","quantile","0.5",285
"newGBQR","2026-07-11",1,"2026-07-18","Overall","quantile","0.55",292
"newGBQR","2026-07-11",1,"2026-07-18","Overall","quantile","0.6",301
"newGBQR","2026-07-11",1,"2026-07-18","Overall","quantile","0.65",310
"newGBQR","2026-07-11",1,"2026-07-18","Overall","quantile","0.7",318
"newGBQR","2026-07-11",1,"2026-07-18","Overall","quantile","0.75",326
"newGBQR","2026-07-11",1,"2026-07-18","Overall","quantile","0.8",338
"newGBQR","2026-07-11",1,"2026-07-18","Overall","quantile","0.85",366
"newGBQR","2026-07-11",1,"2026-07-18","Overall","quantile","0.9",384
"newGBQR","2026-07-11",1,"2026-07-18","Overall","quantile","0.95",427
"newGBQR","2026-07-11",1,"2026-07-18","Overall","quantile","0.975",478
"newGBQR","2026-07-11",1,"2026-07-18","Overall","quantile","0.99",537
"newGBQR","2026-07-11",2,"2026-07-25","Overall","quantile","0.01",201
"newGBQR","2026-07-11",2,"2026-07-25","Overall","quantile","0.025",212
"newGBQR","2026-07-11",2,"2026-07-25","Overall","quantile","0.05",224
"newGBQR","2026-07-11",2,"2026-07-25","Overall","quantile","0.1",231
"newGBQR","2026-07-11",2,"2026-07-25","Overall","quantile","0.15",241
"newGBQR","2026-07-11",2,"2026-07-25","Overall","quantile","0.2",247
"newGBQR","2026-07-11",2,"2026-07-25","Overall","quantile","0.25",247
"newGBQR","2026-07-11",2,"2026-07-25","Overall","quantile","0.3",251
"newGBQR","2026-07-11",2,"2026-07-25","Overall","quantile","0.35",259
"newGBQR","2026-07-11",2,"2026-07-25","Overall","quantile","0.4",267
"newGBQR","2026-07-11",2,"2026-07-25","Overall","quantile","0.45",270
"newGBQR","2026-07-11",2,"2026-07-25","Overall","quantile","0.5",279
"newGBQR","2026-07-11",2,"2026-07-25","Overall","quantile","0.55",289
"newGBQR","2026-07-11",2,"2026-07-25","Overall","quantile","0.6",296
"newGBQR","2026-07-11",2,"2026-07-25","Overall","quantile","0.65",305
"newGBQR","2026-07-11",2,"2026-07-25","Overall","quantile","0.7",315
"newGBQR","2026-07-11",2,"2026-07-25","Overall","quantile","0.75",325
"newGBQR","2026-07-11",2,"2026-07-25","Overall","quantile","0.8",339
"newGBQR","2026-07-11",2,"2026-07-25","Overall","quantile","0.85",366
"newGBQR","2026-07-11",2,"2026-07-25","Overall","quantile","0.9",384
"newGBQR","2026-07-11",2,"2026-07-25","Overall","quantile","0.95",430
"newGBQR","2026-07-11",2,"2026-07-25","Overall","quantile","0.975",484
"newGBQR","2026-07-11",2,"2026-07-25","Overall","quantile","0.99",547
"newGBQR","2026-07-11",3,"2026-08-01","Overall","quantile","0.01",184
"newGBQR","2026-07-11",3,"2026-08-01","Overall","quantile","0.025",197
"newGBQR","2026-07-11",3,"2026-08-01","Overall","quantile","0.05",213
"newGBQR","2026-07-11",3,"2026-08-01","Overall","quantile","0.1",227
"newGBQR","2026-07-11",3,"2026-08-01","Overall","quantile","0.15",236
"newGBQR","2026-07-11",3,"2026-08-01","Overall","quantile","0.2",239
"newGBQR","2026-07-11",3,"2026-08-01","Overall","quantile","0.25",240
"newGBQR","2026-07-11",3,"2026-08-01","Overall","quantile","0.3",243
"newGBQR","2026-07-11",3,"2026-08-01","Overall","quantile","0.35",249
"newGBQR","2026-07-11",3,"2026-08-01","Overall","quantile","0.4",260
"newGBQR","2026-07-11",3,"2026-08-01","Overall","quantile","0.45",265
"newGBQR","2026-07-11",3,"2026-08-01","Overall","quantile","0.5",274
"newGBQR","2026-07-11",3,"2026-08-01","Overall","quantile","0.55",286
"newGBQR","2026-07-11",3,"2026-08-01","Overall","quantile","0.6",293
"newGBQR","2026-07-11",3,"2026-08-01","Overall","quantile","0.65",303
"newGBQR","2026-07-11",3,"2026-08-01","Overall","quantile","0.7",312
"newGBQR","2026-07-11",3,"2026-08-01","Overall","quantile","0.75",323
"newGBQR","2026-07-11",3,"2026-08-01","Overall","quantile","0.8",337
"newGBQR","2026-07-11",3,"2026-08-01","Overall","quantile","0.85",366
"newGBQR","2026-07-11",3,"2026-08-01","Overall","quantile","0.9",385
"newGBQR","2026-07-11",3,"2026-08-01","Overall","quantile","0.95",430
"newGBQR","2026-07-11",3,"2026-08-01","Overall","quantile","0.975",495
"newGBQR","2026-07-11",3,"2026-08-01","Overall","quantile","0.99",540
"newGBQR","2026-07-11",-2,"2026-06-27","Pediatrics","quantile","0.01",88
"newGBQR","2026-07-11",-2,"2026-06-27","Pediatrics","quantile","0.025",98
"newGBQR","2026-07-11",-2,"2026-06-27","Pediatrics","quantile","0.05",105
"newGBQR","2026-07-11",-2,"2026-06-27","Pediatrics","quantile","0.1",112
"newGBQR","2026-07-11",-2,"2026-06-27","Pediatrics","quantile","0.15",115
"newGBQR","2026-07-11",-2,"2026-06-27","Pediatrics","quantile","0.2",119
"newGBQR","2026-07-11",-2,"2026-06-27","Pediatrics","quantile","0.25",120
"newGBQR","2026-07-11",-2,"2026-06-27","Pediatrics","quantile","0.3",122
"newGBQR","2026-07-11",-2,"2026-06-27","Pediatrics","quantile","0.35",125
"newGBQR","2026-07-11",-2,"2026-06-27","Pediatrics","quantile","0.4",127
"newGBQR","2026-07-11",-2,"2026-06-27","Pediatrics","quantile","0.45",129
"newGBQR","2026-07-11",-2,"2026-06-27","Pediatrics","quantile","0.5",133
"newGBQR","2026-07-11",-2,"2026-06-27","Pediatrics","quantile","0.55",135
"newGBQR","2026-07-11",-2,"2026-06-27","Pediatrics","quantile","0.6",140
"newGBQR","2026-07-11",-2,"2026-06-27","Pediatrics","quantile","0.65",142
"newGBQR","2026-07-11",-2,"2026-06-27","Pediatrics","quantile","0.7",145
"newGBQR","2026-07-11",-2,"2026-06-27","Pediatrics","quantile","0.75",151
"newGBQR","2026-07-11",-2,"2026-06-27","Pediatrics","quantile","0.8",156
"newGBQR","2026-07-11",-2,"2026-06-27","Pediatrics","quantile","0.85",164
"newGBQR","2026-07-11",-2,"2026-06-27","Pediatrics","quantile","0.9",175
"newGBQR","2026-07-11",-2,"2026-06-27","Pediatrics","quantile","0.95",181
"newGBQR","2026-07-11",-2,"2026-06-27","Pediatrics","quantile","0.975",203
"newGBQR","2026-07-11",-2,"2026-06-27","Pediatrics","quantile","0.99",230
"newGBQR","2026-07-11",-1,"2026-07-04","Pediatrics","quantile","0.01",88
"newGBQR","2026-07-11",-1,"2026-07-04","Pediatrics","quantile","0.025",96
"newGBQR","2026-07-11",-1,"2026-07-04","Pediatrics","quantile","0.05",103
"newGBQR","2026-07-11",-1,"2026-07-04","Pediatrics","quantile","0.1",110
"newGBQR","2026-07-11",-1,"2026-07-04","Pediatrics","quantile","0.15",112
"newGBQR","2026-07-11",-1,"2026-07-04","Pediatrics","quantile","0.2",115
"newGBQR","2026-07-11",-1,"2026-07-04","Pediatrics","quantile","0.25",117
"newGBQR","2026-07-11",-1,"2026-07-04","Pediatrics","quantile","0.3",121
"newGBQR","2026-07-11",-1,"2026-07-04","Pediatrics","quantile","0.35",123
"newGBQR","2026-07-11",-1,"2026-07-04","Pediatrics","quantile","0.4",126
"newGBQR","2026-07-11",-1,"2026-07-04","Pediatrics","quantile","0.45",128
"newGBQR","2026-07-11",-1,"2026-07-04","Pediatrics","quantile","0.5",133
"newGBQR","2026-07-11",-1,"2026-07-04","Pediatrics","quantile","0.55",136
"newGBQR","2026-07-11",-1,"2026-07-04","Pediatrics","quantile","0.6",140
"newGBQR","2026-07-11",-1,"2026-07-04","Pediatrics","quantile","0.65",142
"newGBQR","2026-07-11",-1,"2026-07-04","Pediatrics","quantile","0.7",146
"newGBQR","2026-07-11",-1,"2026-07-04","Pediatrics","quantile","0.75",150
"newGBQR","2026-07-11",-1,"2026-07-04","Pediatrics","quantile","0.8",157
"newGBQR","2026-07-11",-1,"2026-07-04","Pediatrics","quantile","0.85",165
"newGBQR","2026-07-11",-1,"2026-07-04","Pediatrics","quantile","0.9",179
"newGBQR","2026-07-11",-1,"2026-07-04","Pediatrics","quantile","0.95",185
"newGBQR","2026-07-11",-1,"2026-07-04","Pediatrics","quantile","0.975",204
"newGBQR","2026-07-11",-1,"2026-07-04","Pediatrics","quantile","0.99",231
"newGBQR","2026-07-11",0,"2026-07-11","Pediatrics","quantile","0.01",87
"newGBQR","2026-07-11",0,"2026-07-11","Pediatrics","quantile","0.025",94
"newGBQR","2026-07-11",0,"2026-07-11","Pediatrics","quantile","0.05",100
"newGBQR","2026-07-11",0,"2026-07-11","Pediatrics","quantile","0.1",106
"newGBQR","2026-07-11",0,"2026-07-11","Pediatrics","quantile","0.15",107
"newGBQR","2026-07-11",0,"2026-07-11","Pediatrics","quantile","0.2",112
"newGBQR","2026-07-11",0,"2026-07-11","Pediatrics","quantile","0.25",114
"newGBQR","2026-07-11",0,"2026-07-11","Pediatrics","quantile","0.3",114
"newGBQR","2026-07-11",0,"2026-07-11","Pediatrics","quantile","0.35",117
"newGBQR","2026-07-11",0,"2026-07-11","Pediatrics","quantile","0.4",121
"newGBQR","2026-07-11",0,"2026-07-11","Pediatrics","quantile","0.45",124
"newGBQR","2026-07-11",0,"2026-07-11","Pediatrics","quantile","0.5",128
"newGBQR","2026-07-11",0,"2026-07-11","Pediatrics","quantile","0.55",130
"newGBQR","2026-07-11",0,"2026-07-11","Pediatrics","quantile","0.6",136
"newGBQR","2026-07-11",0,"2026-07-11","Pediatrics","quantile","0.65",141
"newGBQR","2026-07-11",0,"2026-07-11","Pediatrics","quantile","0.7",145
"newGBQR","2026-07-11",0,"2026-07-11","Pediatrics","quantile","0.75",150
"newGBQR","2026-07-11",0,"2026-07-11","Pediatrics","quantile","0.8",157
"newGBQR","2026-07-11",0,"2026-07-11","Pediatrics","quantile","0.85",166
"newGBQR","2026-07-11",0,"2026-07-11","Pediatrics","quantile","0.9",180
"newGBQR","2026-07-11",0,"2026-07-11","Pediatrics","quantile","0.95",186
"newGBQR","2026-07-11",0,"2026-07-11","Pediatrics","quantile","0.975",211
"newGBQR","2026-07-11",0,"2026-07-11","Pediatrics","quantile","0.99",234
"newGBQR","2026-07-11",1,"2026-07-18","Pediatrics","quantile","0.01",87
"newGBQR","2026-07-11",1,"2026-07-18","Pediatrics","quantile","0.025",91
"newGBQR","2026-07-11",1,"2026-07-18","Pediatrics","quantile","0.05",97
"newGBQR","2026-07-11",1,"2026-07-18","Pediatrics","quantile","0.1",101
"newGBQR","2026-07-11",1,"2026-07-18","Pediatrics","quantile","0.15",104
"newGBQR","2026-07-11",1,"2026-07-18","Pediatrics","quantile","0.2",110
"newGBQR","2026-07-11",1,"2026-07-18","Pediatrics","quantile","0.25",111
"newGBQR","2026-07-11",1,"2026-07-18","Pediatrics","quantile","0.3",112
"newGBQR","2026-07-11",1,"2026-07-18","Pediatrics","quantile","0.35",114
"newGBQR","2026-07-11",1,"2026-07-18","Pediatrics","quantile","0.4",118
"newGBQR","2026-07-11",1,"2026-07-18","Pediatrics","quantile","0.45",120
"newGBQR","2026-07-11",1,"2026-07-18","Pediatrics","quantile","0.5",126
"newGBQR","2026-07-11",1,"2026-07-18","Pediatrics","quantile","0.55",128
"newGBQR","2026-07-11",1,"2026-07-18","Pediatrics","quantile","0.6",134
"newGBQR","2026-07-11",1,"2026-07-18","Pediatrics","quantile","0.65",139
"newGBQR","2026-07-11",1,"2026-07-18","Pediatrics","quantile","0.7",145
"newGBQR","2026-07-11",1,"2026-07-18","Pediatrics","quantile","0.75",150
"newGBQR","2026-07-11",1,"2026-07-18","Pediatrics","quantile","0.8",157
"newGBQR","2026-07-11",1,"2026-07-18","Pediatrics","quantile","0.85",166
"newGBQR","2026-07-11",1,"2026-07-18","Pediatrics","quantile","0.9",181
"newGBQR","2026-07-11",1,"2026-07-18","Pediatrics","quantile","0.95",191
"newGBQR","2026-07-11",1,"2026-07-18","Pediatrics","quantile","0.975",216
"newGBQR","2026-07-11",1,"2026-07-18","Pediatrics","quantile","0.99",232
"newGBQR","2026-07-11",2,"2026-07-25","Pediatrics","quantile","0.01",83
"newGBQR","2026-07-11",2,"2026-07-25","Pediatrics","quantile","0.025",85
"newGBQR","2026-07-11",2,"2026-07-25","Pediatrics","quantile","0.05",95
"newGBQR","2026-07-11",2,"2026-07-25","Pediatrics","quantile","0.1",99
"newGBQR","2026-07-11",2,"2026-07-25","Pediatrics","quantile","0.15",103
"newGBQR","2026-07-11",2,"2026-07-25","Pediatrics","quantile","0.2",107
"newGBQR","2026-07-11",2,"2026-07-25","Pediatrics","quantile","0.25",108
"newGBQR","2026-07-11",2,"2026-07-25","Pediatrics","quantile","0.3",110
"newGBQR","2026-07-11",2,"2026-07-25","Pediatrics","quantile","0.35",111
"newGBQR","2026-07-11",2,"2026-07-25","Pediatrics","quantile","0.4",114
"newGBQR","2026-07-11",2,"2026-07-25","Pediatrics","quantile","0.45",118
"newGBQR","2026-07-11",2,"2026-07-25","Pediatrics","quantile","0.5",122
"newGBQR","2026-07-11",2,"2026-07-25","Pediatrics","quantile","0.55",127
"newGBQR","2026-07-11",2,"2026-07-25","Pediatrics","quantile","0.6",132
"newGBQR","2026-07-11",2,"2026-07-25","Pediatrics","quantile","0.65",137
"newGBQR","2026-07-11",2,"2026-07-25","Pediatrics","quantile","0.7",142
"newGBQR","2026-07-11",2,"2026-07-25","Pediatrics","quantile","0.75",149
"newGBQR","2026-07-11",2,"2026-07-25","Pediatrics","quantile","0.8",158
"newGBQR","2026-07-11",2,"2026-07-25","Pediatrics","quantile","0.85",166
"newGBQR","2026-07-11",2,"2026-07-25","Pediatrics","quantile","0.9",181
"newGBQR","2026-07-11",2,"2026-07-25","Pediatrics","quantile","0.95",194
"newGBQR","2026-07-11",2,"2026-07-25","Pediatrics","quantile","0.975",223
"newGBQR","2026-07-11",2,"2026-07-25","Pediatrics","quantile","0.99",236
"newGBQR","2026-07-11",3,"2026-08-01","Pediatrics","quantile","0.01",78
"newGBQR","2026-07-11",3,"2026-08-01","Pediatrics","quantile","0.025",84
"newGBQR","2026-07-11",3,"2026-08-01","Pediatrics","quantile","0.05",89
"newGBQR","2026-07-11",3,"2026-08-01","Pediatrics","quantile","0.1",95
"newGBQR","2026-07-11",3,"2026-08-01","Pediatrics","quantile","0.15",96
"newGBQR","2026-07-11",3,"2026-08-01","Pediatrics","quantile","0.2",103
"newGBQR","2026-07-11",3,"2026-08-01","Pediatrics","quantile","0.25",103
"newGBQR","2026-07-11",3,"2026-08-01","Pediatrics","quantile","0.3",106
"newGBQR","2026-07-11",3,"2026-08-01","Pediatrics","quantile","0.35",107
"newGBQR","2026-07-11",3,"2026-08-01","Pediatrics","quantile","0.4",110
"newGBQR","2026-07-11",3,"2026-08-01","Pediatrics","quantile","0.45",113
"newGBQR","2026-07-11",3,"2026-08-01","Pediatrics","quantile","0.5",118
"newGBQR","2026-07-11",3,"2026-08-01","Pediatrics","quantile","0.55",123
"newGBQR","2026-07-11",3,"2026-08-01","Pediatrics","quantile","0.6",129
"newGBQR","2026-07-11",3,"2026-08-01","Pediatrics","quantile","0.65",135
"newGBQR","2026-07-11",3,"2026-08-01","Pediatrics","quantile","0.7",141
"newGBQR","2026-07-11",3,"2026-08-01","Pediatrics","quantile","0.75",148
"newGBQR","2026-07-11",3,"2026-08-01","Pediatrics","quantile","0.8",155
"newGBQR","2026-07-11",3,"2026-08-01","Pediatrics","quantile","0.85",164
"newGBQR","2026-07-11",3,"2026-08-01","Pediatrics","quantile","0.9",178
"newGBQR","2026-07-11",3,"2026-08-01","Pediatrics","quantile","0.95",194
"newGBQR","2026-07-11",3,"2026-08-01","Pediatrics","quantile","0.975",224
"newGBQR","2026-07-11",3,"2026-08-01","Pediatrics","quantile","0.99",239
"Ensemble","2026-07-11",-2,"2026-06-27","Adults","quantile","0.01",112
"Ensemble","2026-07-11",-2,"2026-06-27","Adults","quantile","0.025",125
"Ensemble","2026-07-11",-2,"2026-06-27","Adults","quantile","0.05",137
"Ensemble","2026-07-11",-2,"2026-06-27","Adults","quantile","0.1",143
"Ensemble","2026-07-11",-2,"2026-06-27","Adults","quantile","0.15",147
"Ensemble","2026-07-11",-2,"2026-06-27","Adults","quantile","0.2",150
"Ensemble","2026-07-11",-2,"2026-06-27","Adults","quantile","0.25",152
"Ensemble","2026-07-11",-2,"2026-06-27","Adults","quantile","0.3",154
"Ensemble","2026-07-11",-2,"2026-06-27","Adults","quantile","0.35",157
"Ensemble","2026-07-11",-2,"2026-06-27","Adults","quantile","0.4",162
"Ensemble","2026-07-11",-2,"2026-06-27","Adults","quantile","0.45",165
"Ensemble","2026-07-11",-2,"2026-06-27","Adults","quantile","0.5",171
"Ensemble","2026-07-11",-2,"2026-06-27","Adults","quantile","0.55",174
"Ensemble","2026-07-11",-2,"2026-06-27","Adults","quantile","0.6",177
"Ensemble","2026-07-11",-2,"2026-06-27","Adults","quantile","0.65",180
"Ensemble","2026-07-11",-2,"2026-06-27","Adults","quantile","0.7",183
"Ensemble","2026-07-11",-2,"2026-06-27","Adults","quantile","0.75",186
"Ensemble","2026-07-11",-2,"2026-06-27","Adults","quantile","0.8",191
"Ensemble","2026-07-11",-2,"2026-06-27","Adults","quantile","0.85",201
"Ensemble","2026-07-11",-2,"2026-06-27","Adults","quantile","0.9",210
"Ensemble","2026-07-11",-2,"2026-06-27","Adults","quantile","0.95",225
"Ensemble","2026-07-11",-2,"2026-06-27","Adults","quantile","0.975",237
"Ensemble","2026-07-11",-2,"2026-06-27","Adults","quantile","0.99",252
"Ensemble","2026-07-11",-2,"2026-06-27","Overall","quantile","0.01",223
"Ensemble","2026-07-11",-2,"2026-06-27","Overall","quantile","0.025",233
"Ensemble","2026-07-11",-2,"2026-06-27","Overall","quantile","0.05",246
"Ensemble","2026-07-11",-2,"2026-06-27","Overall","quantile","0.1",258
"Ensemble","2026-07-11",-2,"2026-06-27","Overall","quantile","0.15",265
"Ensemble","2026-07-11",-2,"2026-06-27","Overall","quantile","0.2",270
"Ensemble","2026-07-11",-2,"2026-06-27","Overall","quantile","0.25",274
"Ensemble","2026-07-11",-2,"2026-06-27","Overall","quantile","0.3",280
"Ensemble","2026-07-11",-2,"2026-06-27","Overall","quantile","0.35",285
"Ensemble","2026-07-11",-2,"2026-06-27","Overall","quantile","0.4",292
"Ensemble","2026-07-11",-2,"2026-06-27","Overall","quantile","0.45",294
"Ensemble","2026-07-11",-2,"2026-06-27","Overall","quantile","0.5",305
"Ensemble","2026-07-11",-2,"2026-06-27","Overall","quantile","0.55",310
"Ensemble","2026-07-11",-2,"2026-06-27","Overall","quantile","0.6",315
"Ensemble","2026-07-11",-2,"2026-06-27","Overall","quantile","0.65",320
"Ensemble","2026-07-11",-2,"2026-06-27","Overall","quantile","0.7",324
"Ensemble","2026-07-11",-2,"2026-06-27","Overall","quantile","0.75",328
"Ensemble","2026-07-11",-2,"2026-06-27","Overall","quantile","0.8",333
"Ensemble","2026-07-11",-2,"2026-06-27","Overall","quantile","0.85",342
"Ensemble","2026-07-11",-2,"2026-06-27","Overall","quantile","0.9",353
"Ensemble","2026-07-11",-2,"2026-06-27","Overall","quantile","0.95",368
"Ensemble","2026-07-11",-2,"2026-06-27","Overall","quantile","0.975",382
"Ensemble","2026-07-11",-2,"2026-06-27","Overall","quantile","0.99",396
"Ensemble","2026-07-11",-2,"2026-06-27","Pediatrics","quantile","0.01",88
"Ensemble","2026-07-11",-2,"2026-06-27","Pediatrics","quantile","0.025",98
"Ensemble","2026-07-11",-2,"2026-06-27","Pediatrics","quantile","0.05",105
"Ensemble","2026-07-11",-2,"2026-06-27","Pediatrics","quantile","0.1",112
"Ensemble","2026-07-11",-2,"2026-06-27","Pediatrics","quantile","0.15",115
"Ensemble","2026-07-11",-2,"2026-06-27","Pediatrics","quantile","0.2",119
"Ensemble","2026-07-11",-2,"2026-06-27","Pediatrics","quantile","0.25",120
"Ensemble","2026-07-11",-2,"2026-06-27","Pediatrics","quantile","0.3",122
"Ensemble","2026-07-11",-2,"2026-06-27","Pediatrics","quantile","0.35",125
"Ensemble","2026-07-11",-2,"2026-06-27","Pediatrics","quantile","0.4",127
"Ensemble","2026-07-11",-2,"2026-06-27","Pediatrics","quantile","0.45",129
"Ensemble","2026-07-11",-2,"2026-06-27","Pediatrics","quantile","0.5",133
"Ensemble","2026-07-11",-2,"2026-06-27","Pediatrics","quantile","0.55",135
"Ensemble","2026-07-11",-2,"2026-06-27","Pediatrics","quantile","0.6",138
"Ensemble","2026-07-11",-2,"2026-06-27","Pediatrics","quantile","0.65",141
"Ensemble","2026-07-11",-2,"2026-06-27","Pediatrics","quantile","0.7",143
"Ensemble","2026-07-11",-2,"2026-06-27","Pediatrics","quantile","0.75",146
"Ensemble","2026-07-11",-2,"2026-06-27","Pediatrics","quantile","0.8",150
"Ensemble","2026-07-11",-2,"2026-06-27","Pediatrics","quantile","0.85",155
"Ensemble","2026-07-11",-2,"2026-06-27","Pediatrics","quantile","0.9",163
"Ensemble","2026-07-11",-2,"2026-06-27","Pediatrics","quantile","0.95",175
"Ensemble","2026-07-11",-2,"2026-06-27","Pediatrics","quantile","0.975",185
"Ensemble","2026-07-11",-2,"2026-06-27","Pediatrics","quantile","0.99",197
"Ensemble","2026-07-11",-1,"2026-07-04","Adults","quantile","0.01",108
"Ensemble","2026-07-11",-1,"2026-07-04","Adults","quantile","0.025",118
"Ensemble","2026-07-11",-1,"2026-07-04","Adults","quantile","0.05",125
"Ensemble","2026-07-11",-1,"2026-07-04","Adults","quantile","0.1",135
"Ensemble","2026-07-11",-1,"2026-07-04","Adults","quantile","0.15",140
"Ensemble","2026-07-11",-1,"2026-07-04","Adults","quantile","0.2",146
"Ensemble","2026-07-11",-1,"2026-07-04","Adults","quantile","0.25",149
"Ensemble","2026-07-11",-1,"2026-07-04","Adults","quantile","0.3",152
"Ensemble","2026-07-11",-1,"2026-07-04","Adults","quantile","0.35",155
"Ensemble","2026-07-11",-1,"2026-07-04","Adults","quantile","0.4",159
"Ensemble","2026-07-11",-1,"2026-07-04","Adults","quantile","0.45",162
"Ensemble","2026-07-11",-1,"2026-07-04","Adults","quantile","0.5",166
"Ensemble","2026-07-11",-1,"2026-07-04","Adults","quantile","0.55",169
"Ensemble","2026-07-11",-1,"2026-07-04","Adults","quantile","0.6",172
"Ensemble","2026-07-11",-1,"2026-07-04","Adults","quantile","0.65",175
"Ensemble","2026-07-11",-1,"2026-07-04","Adults","quantile","0.7",179
"Ensemble","2026-07-11",-1,"2026-07-04","Adults","quantile","0.75",183
"Ensemble","2026-07-11",-1,"2026-07-04","Adults","quantile","0.8",188
"Ensemble","2026-07-11",-1,"2026-07-04","Adults","quantile","0.85",196
"Ensemble","2026-07-11",-1,"2026-07-04","Adults","quantile","0.9",207
"Ensemble","2026-07-11",-1,"2026-07-04","Adults","quantile","0.95",225
"Ensemble","2026-07-11",-1,"2026-07-04","Adults","quantile","0.975",237
"Ensemble","2026-07-11",-1,"2026-07-04","Adults","quantile","0.99",261
"Ensemble","2026-07-11",-1,"2026-07-04","Overall","quantile","0.01",191
"Ensemble","2026-07-11",-1,"2026-07-04","Overall","quantile","0.025",209
"Ensemble","2026-07-11",-1,"2026-07-04","Overall","quantile","0.05",223
"Ensemble","2026-07-11",-1,"2026-07-04","Overall","quantile","0.1",239
"Ensemble","2026-07-11",-1,"2026-07-04","Overall","quantile","0.15",249
"Ensemble","2026-07-11",-1,"2026-07-04","Overall","quantile","0.2",260
"Ensemble","2026-07-11",-1,"2026-07-04","Overall","quantile","0.25",268
"Ensemble","2026-07-11",-1,"2026-07-04","Overall","quantile","0.3",271
"Ensemble","2026-07-11",-1,"2026-07-04","Overall","quantile","0.35",280
"Ensemble","2026-07-11",-1,"2026-07-04","Overall","quantile","0.4",286
"Ensemble","2026-07-11",-1,"2026-07-04","Overall","quantile","0.45",291
"Ensemble","2026-07-11",-1,"2026-07-04","Overall","quantile","0.5",297
"Ensemble","2026-07-11",-1,"2026-07-04","Overall","quantile","0.55",303
"Ensemble","2026-07-11",-1,"2026-07-04","Overall","quantile","0.6",308
"Ensemble","2026-07-11",-1,"2026-07-04","Overall","quantile","0.65",312
"Ensemble","2026-07-11",-1,"2026-07-04","Overall","quantile","0.7",319
"Ensemble","2026-07-11",-1,"2026-07-04","Overall","quantile","0.75",325
"Ensemble","2026-07-11",-1,"2026-07-04","Overall","quantile","0.8",333
"Ensemble","2026-07-11",-1,"2026-07-04","Overall","quantile","0.85",343
"Ensemble","2026-07-11",-1,"2026-07-04","Overall","quantile","0.9",356
"Ensemble","2026-07-11",-1,"2026-07-04","Overall","quantile","0.95",377
"Ensemble","2026-07-11",-1,"2026-07-04","Overall","quantile","0.975",401
"Ensemble","2026-07-11",-1,"2026-07-04","Overall","quantile","0.99",423
"Ensemble","2026-07-11",-1,"2026-07-04","Pediatrics","quantile","0.01",79
"Ensemble","2026-07-11",-1,"2026-07-04","Pediatrics","quantile","0.025",88
"Ensemble","2026-07-11",-1,"2026-07-04","Pediatrics","quantile","0.05",93
"Ensemble","2026-07-11",-1,"2026-07-04","Pediatrics","quantile","0.1",102
"Ensemble","2026-07-11",-1,"2026-07-04","Pediatrics","quantile","0.15",106
"Ensemble","2026-07-11",-1,"2026-07-04","Pediatrics","quantile","0.2",111
"Ensemble","2026-07-11",-1,"2026-07-04","Pediatrics","quantile","0.25",115
"Ensemble","2026-07-11",-1,"2026-07-04","Pediatrics","quantile","0.3",118
"Ensemble","2026-07-11",-1,"2026-07-04","Pediatrics","quantile","0.35",120
"Ensemble","2026-07-11",-1,"2026-07-04","Pediatrics","quantile","0.4",123
"Ensemble","2026-07-11",-1,"2026-07-04","Pediatrics","quantile","0.45",125
"Ensemble","2026-07-11",-1,"2026-07-04","Pediatrics","quantile","0.5",128
"Ensemble","2026-07-11",-1,"2026-07-04","Pediatrics","quantile","0.55",131
"Ensemble","2026-07-11",-1,"2026-07-04","Pediatrics","quantile","0.6",133
"Ensemble","2026-07-11",-1,"2026-07-04","Pediatrics","quantile","0.65",136
"Ensemble","2026-07-11",-1,"2026-07-04","Pediatrics","quantile","0.7",139
"Ensemble","2026-07-11",-1,"2026-07-04","Pediatrics","quantile","0.75",143
"Ensemble","2026-07-11",-1,"2026-07-04","Pediatrics","quantile","0.8",147
"Ensemble","2026-07-11",-1,"2026-07-04","Pediatrics","quantile","0.85",150
"Ensemble","2026-07-11",-1,"2026-07-04","Pediatrics","quantile","0.9",158
"Ensemble","2026-07-11",-1,"2026-07-04","Pediatrics","quantile","0.95",172
"Ensemble","2026-07-11",-1,"2026-07-04","Pediatrics","quantile","0.975",186
"Ensemble","2026-07-11",-1,"2026-07-04","Pediatrics","quantile","0.99",201
"Ensemble","2026-07-11",0,"2026-07-11","Adults","quantile","0.01",91
"Ensemble","2026-07-11",0,"2026-07-11","Adults","quantile","0.025",106
"Ensemble","2026-07-11",0,"2026-07-11","Adults","quantile","0.05",114
"Ensemble","2026-07-11",0,"2026-07-11","Adults","quantile","0.1",123
"Ensemble","2026-07-11",0,"2026-07-11","Adults","quantile","0.15",130
"Ensemble","2026-07-11",0,"2026-07-11","Adults","quantile","0.2",136
"Ensemble","2026-07-11",0,"2026-07-11","Adults","quantile","0.25",143
"Ensemble","2026-07-11",0,"2026-07-11","Adults","quantile","0.3",146
"Ensemble","2026-07-11",0,"2026-07-11","Adults","quantile","0.35",150
"Ensemble","2026-07-11",0,"2026-07-11","Adults","quantile","0.4",154
"Ensemble","2026-07-11",0,"2026-07-11","Adults","quantile","0.45",158
"Ensemble","2026-07-11",0,"2026-07-11","Adults","quantile","0.5",161
"Ensemble","2026-07-11",0,"2026-07-11","Adults","quantile","0.55",165
"Ensemble","2026-07-11",0,"2026-07-11","Adults","quantile","0.6",168
"Ensemble","2026-07-11",0,"2026-07-11","Adults","quantile","0.65",172
"Ensemble","2026-07-11",0,"2026-07-11","Adults","quantile","0.7",176
"Ensemble","2026-07-11",0,"2026-07-11","Adults","quantile","0.75",182
"Ensemble","2026-07-11",0,"2026-07-11","Adults","quantile","0.8",187
"Ensemble","2026-07-11",0,"2026-07-11","Adults","quantile","0.85",193
"Ensemble","2026-07-11",0,"2026-07-11","Adults","quantile","0.9",202
"Ensemble","2026-07-11",0,"2026-07-11","Adults","quantile","0.95",221
"Ensemble","2026-07-11",0,"2026-07-11","Adults","quantile","0.975",242
"Ensemble","2026-07-11",0,"2026-07-11","Adults","quantile","0.99",264
"Ensemble","2026-07-11",0,"2026-07-11","Overall","quantile","0.01",166
"Ensemble","2026-07-11",0,"2026-07-11","Overall","quantile","0.025",186
"Ensemble","2026-07-11",0,"2026-07-11","Overall","quantile","0.05",199
"Ensemble","2026-07-11",0,"2026-07-11","Overall","quantile","0.1",218
"Ensemble","2026-07-11",0,"2026-07-11","Overall","quantile","0.15",230
"Ensemble","2026-07-11",0,"2026-07-11","Overall","quantile","0.2",241
"Ensemble","2026-07-11",0,"2026-07-11","Overall","quantile","0.25",251
"Ensemble","2026-07-11",0,"2026-07-11","Overall","quantile","0.3",259
"Ensemble","2026-07-11",0,"2026-07-11","Overall","quantile","0.35",266
"Ensemble","2026-07-11",0,"2026-07-11","Overall","quantile","0.4",272
"Ensemble","2026-07-11",0,"2026-07-11","Overall","quantile","0.45",278
"Ensemble","2026-07-11",0,"2026-07-11","Overall","quantile","0.5",286
"Ensemble","2026-07-11",0,"2026-07-11","Overall","quantile","0.55",292
"Ensemble","2026-07-11",0,"2026-07-11","Overall","quantile","0.6",300
"Ensemble","2026-07-11",0,"2026-07-11","Overall","quantile","0.65",308
"Ensemble","2026-07-11",0,"2026-07-11","Overall","quantile","0.7",316
"Ensemble","2026-07-11",0,"2026-07-11","Overall","quantile","0.75",322
"Ensemble","2026-07-11",0,"2026-07-11","Overall","quantile","0.8",335
"Ensemble","2026-07-11",0,"2026-07-11","Overall","quantile","0.85",347
"Ensemble","2026-07-11",0,"2026-07-11","Overall","quantile","0.9",365
"Ensemble","2026-07-11",0,"2026-07-11","Overall","quantile","0.95",397
"Ensemble","2026-07-11",0,"2026-07-11","Overall","quantile","0.975",435
"Ensemble","2026-07-11",0,"2026-07-11","Overall","quantile","0.99",463
"Ensemble","2026-07-11",0,"2026-07-11","Pediatrics","quantile","0.01",66
"Ensemble","2026-07-11",0,"2026-07-11","Pediatrics","quantile","0.025",73
"Ensemble","2026-07-11",0,"2026-07-11","Pediatrics","quantile","0.05",81
"Ensemble","2026-07-11",0,"2026-07-11","Pediatrics","quantile","0.1",90
"Ensemble","2026-07-11",0,"2026-07-11","Pediatrics","quantile","0.15",98
"Ensemble","2026-07-11",0,"2026-07-11","Pediatrics","quantile","0.2",102
"Ensemble","2026-07-11",0,"2026-07-11","Pediatrics","quantile","0.25",105
"Ensemble","2026-07-11",0,"2026-07-11","Pediatrics","quantile","0.3",109
"Ensemble","2026-07-11",0,"2026-07-11","Pediatrics","quantile","0.35",112
"Ensemble","2026-07-11",0,"2026-07-11","Pediatrics","quantile","0.4",116
"Ensemble","2026-07-11",0,"2026-07-11","Pediatrics","quantile","0.45",120
"Ensemble","2026-07-11",0,"2026-07-11","Pediatrics","quantile","0.5",124
"Ensemble","2026-07-11",0,"2026-07-11","Pediatrics","quantile","0.55",127
"Ensemble","2026-07-11",0,"2026-07-11","Pediatrics","quantile","0.6",131
"Ensemble","2026-07-11",0,"2026-07-11","Pediatrics","quantile","0.65",134
"Ensemble","2026-07-11",0,"2026-07-11","Pediatrics","quantile","0.7",138
"Ensemble","2026-07-11",0,"2026-07-11","Pediatrics","quantile","0.75",142
"Ensemble","2026-07-11",0,"2026-07-11","Pediatrics","quantile","0.8",148
"Ensemble","2026-07-11",0,"2026-07-11","Pediatrics","quantile","0.85",153
"Ensemble","2026-07-11",0,"2026-07-11","Pediatrics","quantile","0.9",161
"Ensemble","2026-07-11",0,"2026-07-11","Pediatrics","quantile","0.95",177
"Ensemble","2026-07-11",0,"2026-07-11","Pediatrics","quantile","0.975",194
"Ensemble","2026-07-11",0,"2026-07-11","Pediatrics","quantile","0.99",209
"Ensemble","2026-07-11",1,"2026-07-18","Adults","quantile","0.01",87
"Ensemble","2026-07-11",1,"2026-07-18","Adults","quantile","0.025",95
"Ensemble","2026-07-11",1,"2026-07-18","Adults","quantile","0.05",102
"Ensemble","2026-07-11",1,"2026-07-18","Adults","quantile","0.1",113
"Ensemble","2026-07-11",1,"2026-07-18","Adults","quantile","0.15",121
"Ensemble","2026-07-11",1,"2026-07-18","Adults","quantile","0.2",128
"Ensemble","2026-07-11",1,"2026-07-18","Adults","quantile","0.25",134
"Ensemble","2026-07-11",1,"2026-07-18","Adults","quantile","0.3",138
"Ensemble","2026-07-11",1,"2026-07-18","Adults","quantile","0.35",143
"Ensemble","2026-07-11",1,"2026-07-18","Adults","quantile","0.4",147
"Ensemble","2026-07-11",1,"2026-07-18","Adults","quantile","0.45",151
"Ensemble","2026-07-11",1,"2026-07-18","Adults","quantile","0.5",156
"Ensemble","2026-07-11",1,"2026-07-18","Adults","quantile","0.55",161
"Ensemble","2026-07-11",1,"2026-07-18","Adults","quantile","0.6",167
"Ensemble","2026-07-11",1,"2026-07-18","Adults","quantile","0.65",171
"Ensemble","2026-07-11",1,"2026-07-18","Adults","quantile","0.7",177
"Ensemble","2026-07-11",1,"2026-07-18","Adults","quantile","0.75",180
"Ensemble","2026-07-11",1,"2026-07-18","Adults","quantile","0.8",186
"Ensemble","2026-07-11",1,"2026-07-18","Adults","quantile","0.85",195
"Ensemble","2026-07-11",1,"2026-07-18","Adults","quantile","0.9",205
"Ensemble","2026-07-11",1,"2026-07-18","Adults","quantile","0.95",225
"Ensemble","2026-07-11",1,"2026-07-18","Adults","quantile","0.975",255
"Ensemble","2026-07-11",1,"2026-07-18","Adults","quantile","0.99",275
"Ensemble","2026-07-11",1,"2026-07-18","Overall","quantile","0.01",154
"Ensemble","2026-07-11",1,"2026-07-18","Overall","quantile","0.025",165
"Ensemble","2026-07-11",1,"2026-07-18","Overall","quantile","0.05",178
"Ensemble","2026-07-11",1,"2026-07-18","Overall","quantile","0.1",196
"Ensemble","2026-07-11",1,"2026-07-18","Overall","quantile","0.15",211
"Ensemble","2026-07-11",1,"2026-07-18","Overall","quantile","0.2",225
"Ensemble","2026-07-11",1,"2026-07-18","Overall","quantile","0.25",235
"Ensemble","2026-07-11",1,"2026-07-18","Overall","quantile","0.3",244
"Ensemble","2026-07-11",1,"2026-07-18","Overall","quantile","0.35",254
"Ensemble","2026-07-11",1,"2026-07-18","Overall","quantile","0.4",263
"Ensemble","2026-07-11",1,"2026-07-18","Overall","quantile","0.45",272
"Ensemble","2026-07-11",1,"2026-07-18","Overall","quantile","0.5",282
"Ensemble","2026-07-11",1,"2026-07-18","Overall","quantile","0.55",289
"Ensemble","2026-07-11",1,"2026-07-18","Overall","quantile","0.6",296
"Ensemble","2026-07-11",1,"2026-07-18","Overall","quantile","0.65",303
"Ensemble","2026-07-11",1,"2026-07-18","Overall","quantile","0.7",314
"Ensemble","2026-07-11",1,"2026-07-18","Overall","quantile","0.75",326
"Ensemble","2026-07-11",1,"2026-07-18","Overall","quantile","0.8",338
"Ensemble","2026-07-11",1,"2026-07-18","Overall","quantile","0.85",358
"Ensemble","2026-07-11",1,"2026-07-18","Overall","quantile","0.9",378
"Ensemble","2026-07-11",1,"2026-07-18","Overall","quantile","0.95",427
"Ensemble","2026-07-11",1,"2026-07-18","Overall","quantile","0.975",469
"Ensemble","2026-07-11",1,"2026-07-18","Overall","quantile","0.99",517
"Ensemble","2026-07-11",1,"2026-07-18","Pediatrics","quantile","0.01",57
"Ensemble","2026-07-11",1,"2026-07-18","Pediatrics","quantile","0.025",67
"Ensemble","2026-07-11",1,"2026-07-18","Pediatrics","quantile","0.05",72
"Ensemble","2026-07-11",1,"2026-07-18","Pediatrics","quantile","0.1",83
"Ensemble","2026-07-11",1,"2026-07-18","Pediatrics","quantile","0.15",90
"Ensemble","2026-07-11",1,"2026-07-18","Pediatrics","quantile","0.2",95
"Ensemble","2026-07-11",1,"2026-07-18","Pediatrics","quantile","0.25",100
"Ensemble","2026-07-11",1,"2026-07-18","Pediatrics","quantile","0.3",106
"Ensemble","2026-07-11",1,"2026-07-18","Pediatrics","quantile","0.35",109
"Ensemble","2026-07-11",1,"2026-07-18","Pediatrics","quantile","0.4",114
"Ensemble","2026-07-11",1,"2026-07-18","Pediatrics","quantile","0.45",118
"Ensemble","2026-07-11",1,"2026-07-18","Pediatrics","quantile","0.5",122
"Ensemble","2026-07-11",1,"2026-07-18","Pediatrics","quantile","0.55",126
"Ensemble","2026-07-11",1,"2026-07-18","Pediatrics","quantile","0.6",131
"Ensemble","2026-07-11",1,"2026-07-18","Pediatrics","quantile","0.65",135
"Ensemble","2026-07-11",1,"2026-07-18","Pediatrics","quantile","0.7",140
"Ensemble","2026-07-11",1,"2026-07-18","Pediatrics","quantile","0.75",145
"Ensemble","2026-07-11",1,"2026-07-18","Pediatrics","quantile","0.8",151
"Ensemble","2026-07-11",1,"2026-07-18","Pediatrics","quantile","0.85",158
"Ensemble","2026-07-11",1,"2026-07-18","Pediatrics","quantile","0.9",171
"Ensemble","2026-07-11",1,"2026-07-18","Pediatrics","quantile","0.95",191
"Ensemble","2026-07-11",1,"2026-07-18","Pediatrics","quantile","0.975",214
"Ensemble","2026-07-11",1,"2026-07-18","Pediatrics","quantile","0.99",232
"Ensemble","2026-07-11",2,"2026-07-25","Adults","quantile","0.01",73
"Ensemble","2026-07-11",2,"2026-07-25","Adults","quantile","0.025",82
"Ensemble","2026-07-11",2,"2026-07-25","Adults","quantile","0.05",92
"Ensemble","2026-07-11",2,"2026-07-25","Adults","quantile","0.1",103
"Ensemble","2026-07-11",2,"2026-07-25","Adults","quantile","0.15",111
"Ensemble","2026-07-11",2,"2026-07-25","Adults","quantile","0.2",120
"Ensemble","2026-07-11",2,"2026-07-25","Adults","quantile","0.25",126
"Ensemble","2026-07-11",2,"2026-07-25","Adults","quantile","0.3",133
"Ensemble","2026-07-11",2,"2026-07-25","Adults","quantile","0.35",138
"Ensemble","2026-07-11",2,"2026-07-25","Adults","quantile","0.4",143
"Ensemble","2026-07-11",2,"2026-07-25","Adults","quantile","0.45",149
"Ensemble","2026-07-11",2,"2026-07-25","Adults","quantile","0.5",154
"Ensemble","2026-07-11",2,"2026-07-25","Adults","quantile","0.55",159
"Ensemble","2026-07-11",2,"2026-07-25","Adults","quantile","0.6",163
"Ensemble","2026-07-11",2,"2026-07-25","Adults","quantile","0.65",169
"Ensemble","2026-07-11",2,"2026-07-25","Adults","quantile","0.7",175
"Ensemble","2026-07-11",2,"2026-07-25","Adults","quantile","0.75",179
"Ensemble","2026-07-11",2,"2026-07-25","Adults","quantile","0.8",186
"Ensemble","2026-07-11",2,"2026-07-25","Adults","quantile","0.85",202
"Ensemble","2026-07-11",2,"2026-07-25","Adults","quantile","0.9",216
"Ensemble","2026-07-11",2,"2026-07-25","Adults","quantile","0.95",243
"Ensemble","2026-07-11",2,"2026-07-25","Adults","quantile","0.975",272
"Ensemble","2026-07-11",2,"2026-07-25","Adults","quantile","0.99",312
"Ensemble","2026-07-11",2,"2026-07-25","Overall","quantile","0.01",150
"Ensemble","2026-07-11",2,"2026-07-25","Overall","quantile","0.025",163
"Ensemble","2026-07-11",2,"2026-07-25","Overall","quantile","0.05",173
"Ensemble","2026-07-11",2,"2026-07-25","Overall","quantile","0.1",189
"Ensemble","2026-07-11",2,"2026-07-25","Overall","quantile","0.15",200
"Ensemble","2026-07-11",2,"2026-07-25","Overall","quantile","0.2",214
"Ensemble","2026-07-11",2,"2026-07-25","Overall","quantile","0.25",226
"Ensemble","2026-07-11",2,"2026-07-25","Overall","quantile","0.3",236
"Ensemble","2026-07-11",2,"2026-07-25","Overall","quantile","0.35",248
"Ensemble","2026-07-11",2,"2026-07-25","Overall","quantile","0.4",259
"Ensemble","2026-07-11",2,"2026-07-25","Overall","quantile","0.45",268
"Ensemble","2026-07-11",2,"2026-07-25","Overall","quantile","0.5",277
"Ensemble","2026-07-11",2,"2026-07-25","Overall","quantile","0.55",288
"Ensemble","2026-07-11",2,"2026-07-25","Overall","quantile","0.6",296
"Ensemble","2026-07-11",2,"2026-07-25","Overall","quantile","0.65",305
"Ensemble","2026-07-11",2,"2026-07-25","Overall","quantile","0.7",315
"Ensemble","2026-07-11",2,"2026-07-25","Overall","quantile","0.75",325
"Ensemble","2026-07-11",2,"2026-07-25","Overall","quantile","0.8",339
"Ensemble","2026-07-11",2,"2026-07-25","Overall","quantile","0.85",366
"Ensemble","2026-07-11",2,"2026-07-25","Overall","quantile","0.9",384
"Ensemble","2026-07-11",2,"2026-07-25","Overall","quantile","0.95",430
"Ensemble","2026-07-11",2,"2026-07-25","Overall","quantile","0.975",484
"Ensemble","2026-07-11",2,"2026-07-25","Overall","quantile","0.99",547
"Ensemble","2026-07-11",2,"2026-07-25","Pediatrics","quantile","0.01",49
"Ensemble","2026-07-11",2,"2026-07-25","Pediatrics","quantile","0.025",57
"Ensemble","2026-07-11",2,"2026-07-25","Pediatrics","quantile","0.05",65
"Ensemble","2026-07-11",2,"2026-07-25","Pediatrics","quantile","0.1",74
"Ensemble","2026-07-11",2,"2026-07-25","Pediatrics","quantile","0.15",83
"Ensemble","2026-07-11",2,"2026-07-25","Pediatrics","quantile","0.2",89
"Ensemble","2026-07-11",2,"2026-07-25","Pediatrics","quantile","0.25",95
"Ensemble","2026-07-11",2,"2026-07-25","Pediatrics","quantile","0.3",101
"Ensemble","2026-07-11",2,"2026-07-25","Pediatrics","quantile","0.35",106
"Ensemble","2026-07-11",2,"2026-07-25","Pediatrics","quantile","0.4",110
"Ensemble","2026-07-11",2,"2026-07-25","Pediatrics","quantile","0.45",115
"Ensemble","2026-07-11",2,"2026-07-25","Pediatrics","quantile","0.5",120
"Ensemble","2026-07-11",2,"2026-07-25","Pediatrics","quantile","0.55",125
"Ensemble","2026-07-11",2,"2026-07-25","Pediatrics","quantile","0.6",131
"Ensemble","2026-07-11",2,"2026-07-25","Pediatrics","quantile","0.65",136
"Ensemble","2026-07-11",2,"2026-07-25","Pediatrics","quantile","0.7",141
"Ensemble","2026-07-11",2,"2026-07-25","Pediatrics","quantile","0.75",148
"Ensemble","2026-07-11",2,"2026-07-25","Pediatrics","quantile","0.8",155
"Ensemble","2026-07-11",2,"2026-07-25","Pediatrics","quantile","0.85",162
"Ensemble","2026-07-11",2,"2026-07-25","Pediatrics","quantile","0.9",179
"Ensemble","2026-07-11",2,"2026-07-25","Pediatrics","quantile","0.95",194
"Ensemble","2026-07-11",2,"2026-07-25","Pediatrics","quantile","0.975",223
"Ensemble","2026-07-11",2,"2026-07-25","Pediatrics","quantile","0.99",236
"Ensemble","2026-07-11",3,"2026-08-01","Adults","quantile","0.01",69
"Ensemble","2026-07-11",3,"2026-08-01","Adults","quantile","0.025",79
"Ensemble","2026-07-11",3,"2026-08-01","Adults","quantile","0.05",87
"Ensemble","2026-07-11",3,"2026-08-01","Adults","quantile","0.1",100
"Ensemble","2026-07-11",3,"2026-08-01","Adults","quantile","0.15",106
"Ensemble","2026-07-11",3,"2026-08-01","Adults","quantile","0.2",117
"Ensemble","2026-07-11",3,"2026-08-01","Adults","quantile","0.25",124
"Ensemble","2026-07-11",3,"2026-08-01","Adults","quantile","0.3",130
"Ensemble","2026-07-11",3,"2026-08-01","Adults","quantile","0.35",135
"Ensemble","2026-07-11",3,"2026-08-01","Adults","quantile","0.4",141
"Ensemble","2026-07-11",3,"2026-08-01","Adults","quantile","0.45",146
"Ensemble","2026-07-11",3,"2026-08-01","Adults","quantile","0.5",152
"Ensemble","2026-07-11",3,"2026-08-01","Adults","quantile","0.55",159
"Ensemble","2026-07-11",3,"2026-08-01","Adults","quantile","0.6",165
"Ensemble","2026-07-11",3,"2026-08-01","Adults","quantile","0.65",169
"Ensemble","2026-07-11",3,"2026-08-01","Adults","quantile","0.7",177
"Ensemble","2026-07-11",3,"2026-08-01","Adults","quantile","0.75",186
"Ensemble","2026-07-11",3,"2026-08-01","Adults","quantile","0.8",197
"Ensemble","2026-07-11",3,"2026-08-01","Adults","quantile","0.85",208
"Ensemble","2026-07-11",3,"2026-08-01","Adults","quantile","0.9",225
"Ensemble","2026-07-11",3,"2026-08-01","Adults","quantile","0.95",252
"Ensemble","2026-07-11",3,"2026-08-01","Adults","quantile","0.975",277
"Ensemble","2026-07-11",3,"2026-08-01","Adults","quantile","0.99",314
"Ensemble","2026-07-11",3,"2026-08-01","Overall","quantile","0.01",153
"Ensemble","2026-07-11",3,"2026-08-01","Overall","quantile","0.025",166
"Ensemble","2026-07-11",3,"2026-08-01","Overall","quantile","0.05",179
"Ensemble","2026-07-11",3,"2026-08-01","Overall","quantile","0.1",195
"Ensemble","2026-07-11",3,"2026-08-01","Overall","quantile","0.15",207
"Ensemble","2026-07-11",3,"2026-08-01","Overall","quantile","0.2",217
"Ensemble","2026-07-11",3,"2026-08-01","Overall","quantile","0.25",226
"Ensemble","2026-07-11",3,"2026-08-01","Overall","quantile","0.3",234
"Ensemble","2026-07-11",3,"2026-08-01","Overall","quantile","0.35",242
"Ensemble","2026-07-11",3,"2026-08-01","Overall","quantile","0.4",253
"Ensemble","2026-07-11",3,"2026-08-01","Overall","quantile","0.45",264
"Ensemble","2026-07-11",3,"2026-08-01","Overall","quantile","0.5",274
"Ensemble","2026-07-11",3,"2026-08-01","Overall","quantile","0.55",286
"Ensemble","2026-07-11",3,"2026-08-01","Overall","quantile","0.6",293
"Ensemble","2026-07-11",3,"2026-08-01","Overall","quantile","0.65",303
"Ensemble","2026-07-11",3,"2026-08-01","Overall","quantile","0.7",312
"Ensemble","2026-07-11",3,"2026-08-01","Overall","quantile","0.75",323
"Ensemble","2026-07-11",3,"2026-08-01","Overall","quantile","0.8",337
"Ensemble","2026-07-11",3,"2026-08-01","Overall","quantile","0.85",366
"Ensemble","2026-07-11",3,"2026-08-01","Overall","quantile","0.9",385
"Ensemble","2026-07-11",3,"2026-08-01","Overall","quantile","0.95",430
"Ensemble","2026-07-11",3,"2026-08-01","Overall","quantile","0.975",495
"Ensemble","2026-07-11",3,"2026-08-01","Overall","quantile","0.99",540
"Ensemble","2026-07-11",3,"2026-08-01","Pediatrics","quantile","0.01",50
"Ensemble","2026-07-11",3,"2026-08-01","Pediatrics","quantile","0.025",56
"Ensemble","2026-07-11",3,"2026-08-01","Pediatrics","quantile","0.05",63
"Ensemble","2026-07-11",3,"2026-08-01","Pediatrics","quantile","0.1",72
"Ensemble","2026-07-11",3,"2026-08-01","Pediatrics","quantile","0.15",81
"Ensemble","2026-07-11",3,"2026-08-01","Pediatrics","quantile","0.2",88
"Ensemble","2026-07-11",3,"2026-08-01","Pediatrics","quantile","0.25",93
"Ensemble","2026-07-11",3,"2026-08-01","Pediatrics","quantile","0.3",98
"Ensemble","2026-07-11",3,"2026-08-01","Pediatrics","quantile","0.35",103
"Ensemble","2026-07-11",3,"2026-08-01","Pediatrics","quantile","0.4",108
"Ensemble","2026-07-11",3,"2026-08-01","Pediatrics","quantile","0.45",113
"Ensemble","2026-07-11",3,"2026-08-01","Pediatrics","quantile","0.5",118
"Ensemble","2026-07-11",3,"2026-08-01","Pediatrics","quantile","0.55",123
"Ensemble","2026-07-11",3,"2026-08-01","Pediatrics","quantile","0.6",129
"Ensemble","2026-07-11",3,"2026-08-01","Pediatrics","quantile","0.65",134
"Ensemble","2026-07-11",3,"2026-08-01","Pediatrics","quantile","0.7",141
"Ensemble","2026-07-11",3,"2026-08-01","Pediatrics","quantile","0.75",148
"Ensemble","2026-07-11",3,"2026-08-01","Pediatrics","quantile","0.8",155
"Ensemble","2026-07-11",3,"2026-08-01","Pediatrics","quantile","0.85",164
"Ensemble","2026-07-11",3,"2026-08-01","Pediatrics","quantile","0.9",178
"Ensemble","2026-07-11",3,"2026-08-01","Pediatrics","quantile","0.95",194
"Ensemble","2026-07-11",3,"2026-08-01","Pediatrics","quantile","0.975",224
"Ensemble","2026-07-11",3,"2026-08-01","Pediatrics","quantile","0.99",239
