"model","reference_date","horizon","target_end_date","target_group","output_type","output_type_id","value"
"Regular Baseline","2026-06-27",-2,"2026-06-13","Adults","quantile","0.01",119
"Regular Baseline","2026-06-27",-2,"2026-06-13","Adults","quantile","0.025",128
"Regular Baseline","2026-06-27",-2,"2026-06-13","Adults","quantile","0.05",134
"Regular Baseline","2026-06-27",-2,"2026-06-13","Adults","quantile","0.1",143
"Regular Baseline","2026-06-27",-2,"2026-06-13","Adults","quantile","0.15",150
"Regular Baseline","2026-06-27",-2,"2026-06-13","Adults","quantile","0.2",154
"Regular Baseline","2026-06-27",-2,"2026-06-13","Adults","quantile","0.25",157
"Regular Baseline","2026-06-27",-2,"2026-06-13","Adults","quantile","0.3",159
"Regular Baseline","2026-06-27",-2,"2026-06-13","Adults","quantile","0.35",161
"Regular Baseline","2026-06-27",-2,"2026-06-13","Adults","quantile","0.4",164
"Regular Baseline","2026-06-27",-2,"2026-06-13","Adults","quantile","0.45",166
"Regular Baseline","2026-06-27",-2,"2026-06-13","Adults","quantile","0.5",169
"Regular Baseline","2026-06-27",-2,"2026-06-13","Adults","quantile","0.55",172
"Regular Baseline","2026-06-27",-2,"2026-06-13","Adults","quantile","0.6",174
"Regular Baseline","2026-06-27",-2,"2026-06-13","Adults","quantile","0.65",177
"Regular Baseline","2026-06-27",-2,"2026-06-13","Adults","quantile","0.7",180
"Regular Baseline","2026-06-27",-2,"2026-06-13","Adults","quantile","0.75",182
"Regular Baseline","2026-06-27",-2,"2026-06-13","Adults","quantile","0.8",185
"Regular Baseline","2026-06-27",-2,"2026-06-13","Adults","quantile","0.85",190
"Regular Baseline","2026-06-27",-2,"2026-06-13","Adults","quantile","0.9",197
"Regular Baseline","2026-06-27",-2,"2026-06-13","Adults","quantile","0.95",208
"Regular Baseline","2026-06-27",-2,"2026-06-13","Adults","quantile","0.975",216
"Regular Baseline","2026-06-27",-2,"2026-06-13","Adults","quantile","0.99",227
"Regular Baseline","2026-06-27",-1,"2026-06-20","Adults","quantile","0.01",102
"Regular Baseline","2026-06-27",-1,"2026-06-20","Adults","quantile","0.025",113
"Regular Baseline","2026-06-27",-1,"2026-06-20","Adults","quantile","0.05",122
"Regular Baseline","2026-06-27",-1,"2026-06-20","Adults","quantile","0.1",132
"Regular Baseline","2026-06-27",-1,"2026-06-20","Adults","quantile","0.15",139
"Regular Baseline","2026-06-27",-1,"2026-06-20","Adults","quantile","0.2",145
"Regular Baseline","2026-06-27",-1,"2026-06-20","Adults","quantile","0.25",150
"Regular Baseline","2026-06-27",-1,"2026-06-20","Adults","quantile","0.3",154
"Regular Baseline","2026-06-27",-1,"2026-06-20","Adults","quantile","0.35",158
"Regular Baseline","2026-06-27",-1,"2026-06-20","Adults","quantile","0.4",162
"Regular Baseline","2026-06-27",-1,"2026-06-20","Adults","quantile","0.45",165
"Regular Baseline","2026-06-27",-1,"2026-06-20","Adults","quantile","0.5",169
"Regular Baseline","2026-06-27",-1,"2026-06-20","Adults","quantile","0.55",173
"Regular Baseline","2026-06-27",-1,"2026-06-20","Adults","quantile","0.6",176
"Regular Baseline","2026-06-27",-1,"2026-06-20","Adults","quantile","0.65",180
"Regular Baseline","2026-06-27",-1,"2026-06-20","Adults","quantile","0.7",184
"Regular Baseline","2026-06-27",-1,"2026-06-20","Adults","quantile","0.75",189
"Regular Baseline","2026-06-27",-1,"2026-06-20","Adults","quantile","0.8",195
"Regular Baseline","2026-06-27",-1,"2026-06-20","Adults","quantile","0.85",201
"Regular Baseline","2026-06-27",-1,"2026-06-20","Adults","quantile","0.9",209
"Regular Baseline","2026-06-27",-1,"2026-06-20","Adults","quantile","0.95",222
"Regular Baseline","2026-06-27",-1,"2026-06-20","Adults","quantile","0.975",235
"Regular Baseline","2026-06-27",-1,"2026-06-20","Adults","quantile","0.99",253
"Regular Baseline","2026-06-27",0,"2026-06-27","Adults","quantile","0.01",91
"Regular Baseline","2026-06-27",0,"2026-06-27","Adults","quantile","0.025",102
"Regular Baseline","2026-06-27",0,"2026-06-27","Adults","quantile","0.05",112
"Regular Baseline","2026-06-27",0,"2026-06-27","Adults","quantile","0.1",125
"Regular Baseline","2026-06-27",0,"2026-06-27","Adults","quantile","0.15",133
"Regular Baseline","2026-06-27",0,"2026-06-27","Adults","quantile","0.2",140
"Regular Baseline","2026-06-27",0,"2026-06-27","Adults","quantile","0.25",146
"Regular Baseline","2026-06-27",0,"2026-06-27","Adults","quantile","0.3",151
"Regular Baseline","2026-06-27",0,"2026-06-27","Adults","quantile","0.35",155
"Regular Baseline","2026-06-27",0,"2026-06-27","Adults","quantile","0.4",160
"Regular Baseline","2026-06-27",0,"2026-06-27","Adults","quantile","0.45",165
"Regular Baseline","2026-06-27",0,"2026-06-27","Adults","quantile","0.5",169
"Regular Baseline","2026-06-27",0,"2026-06-27","Adults","quantile","0.55",174
"Regular Baseline","2026-06-27",0,"2026-06-27","Adults","quantile","0.6",178
"Regular Baseline","2026-06-27",0,"2026-06-27","Adults","quantile","0.65",183
"Regular Baseline","2026-06-27",0,"2026-06-27","Adults","quantile","0.7",188
"Regular Baseline","2026-06-27",0,"2026-06-27","Adults","quantile","0.75",194
"Regular Baseline","2026-06-27",0,"2026-06-27","Adults","quantile","0.8",201
"Regular Baseline","2026-06-27",0,"2026-06-27","Adults","quantile","0.85",209
"Regular Baseline","2026-06-27",0,"2026-06-27","Adults","quantile","0.9",220
"Regular Baseline","2026-06-27",0,"2026-06-27","Adults","quantile","0.95",236
"Regular Baseline","2026-06-27",0,"2026-06-27","Adults","quantile","0.975",253
"Regular Baseline","2026-06-27",0,"2026-06-27","Adults","quantile","0.99",269
"Regular Baseline","2026-06-27",1,"2026-07-04","Adults","quantile","0.01",83
"Regular Baseline","2026-06-27",1,"2026-07-04","Adults","quantile","0.025",94
"Regular Baseline","2026-06-27",1,"2026-07-04","Adults","quantile","0.05",105
"Regular Baseline","2026-06-27",1,"2026-07-04","Adults","quantile","0.1",118
"Regular Baseline","2026-06-27",1,"2026-07-04","Adults","quantile","0.15",127
"Regular Baseline","2026-06-27",1,"2026-07-04","Adults","quantile","0.2",135
"Regular Baseline","2026-06-27",1,"2026-07-04","Adults","quantile","0.25",142
"Regular Baseline","2026-06-27",1,"2026-07-04","Adults","quantile","0.3",147
"Regular Baseline","2026-06-27",1,"2026-07-04","Adults","quantile","0.35",153
"Regular Baseline","2026-06-27",1,"2026-07-04","Adults","quantile","0.4",159
"Regular Baseline","2026-06-27",1,"2026-07-04","Adults","quantile","0.45",164
"Regular Baseline","2026-06-27",1,"2026-07-04","Adults","quantile","0.5",169
"Regular Baseline","2026-06-27",1,"2026-07-04","Adults","quantile","0.55",174
"Regular Baseline","2026-06-27",1,"2026-07-04","Adults","quantile","0.6",180
"Regular Baseline","2026-06-27",1,"2026-07-04","Adults","quantile","0.65",185
"Regular Baseline","2026-06-27",1,"2026-07-04","Adults","quantile","0.7",191
"Regular Baseline","2026-06-27",1,"2026-07-04","Adults","quantile","0.75",198
"Regular Baseline","2026-06-27",1,"2026-07-04","Adults","quantile","0.8",206
"Regular Baseline","2026-06-27",1,"2026-07-04","Adults","quantile","0.85",215
"Regular Baseline","2026-06-27",1,"2026-07-04","Adults","quantile","0.9",227
"Regular Baseline","2026-06-27",1,"2026-07-04","Adults","quantile","0.95",246
"Regular Baseline","2026-06-27",1,"2026-07-04","Adults","quantile","0.975",264
"Regular Baseline","2026-06-27",1,"2026-07-04","Adults","quantile","0.99",285
"Regular Baseline","2026-06-27",2,"2026-07-11","Adults","quantile","0.01",75
"Regular Baseline","2026-06-27",2,"2026-07-11","Adults","quantile","0.025",87
"Regular Baseline","2026-06-27",2,"2026-07-11","Adults","quantile","0.05",99
"Regular Baseline","2026-06-27",2,"2026-07-11","Adults","quantile","0.1",113
"Regular Baseline","2026-06-27",2,"2026-07-11","Adults","quantile","0.15",123
"Regular Baseline","2026-06-27",2,"2026-07-11","Adults","quantile","0.2",132
"Regular Baseline","2026-06-27",2,"2026-07-11","Adults","quantile","0.25",138
"Regular Baseline","2026-06-27",2,"2026-07-11","Adults","quantile","0.3",145
"Regular Baseline","2026-06-27",2,"2026-07-11","Adults","quantile","0.35",152
"Regular Baseline","2026-06-27",2,"2026-07-11","Adults","quantile","0.4",157
"Regular Baseline","2026-06-27",2,"2026-07-11","Adults","quantile","0.45",163
"Regular Baseline","2026-06-27",2,"2026-07-11","Adults","quantile","0.5",169
"Regular Baseline","2026-06-27",2,"2026-07-11","Adults","quantile","0.55",175
"Regular Baseline","2026-06-27",2,"2026-07-11","Adults","quantile","0.6",181
"Regular Baseline","2026-06-27",2,"2026-07-11","Adults","quantile","0.65",188
"Regular Baseline","2026-06-27",2,"2026-07-11","Adults","quantile","0.7",195
"Regular Baseline","2026-06-27",2,"2026-07-11","Adults","quantile","0.75",202
"Regular Baseline","2026-06-27",2,"2026-07-11","Adults","quantile","0.8",212
"Regular Baseline","2026-06-27",2,"2026-07-11","Adults","quantile","0.85",222
"Regular Baseline","2026-06-27",2,"2026-07-11","Adults","quantile","0.9",237
"Regular Baseline","2026-06-27",2,"2026-07-11","Adults","quantile","0.95",259
"Regular Baseline","2026-06-27",2,"2026-07-11","Adults","quantile","0.975",278
"Regular Baseline","2026-06-27",2,"2026-07-11","Adults","quantile","0.99",304
"Regular Baseline","2026-06-27",3,"2026-07-18","Adults","quantile","0.01",66
"Regular Baseline","2026-06-27",3,"2026-07-18","Adults","quantile","0.025",80
"Regular Baseline","2026-06-27",3,"2026-07-18","Adults","quantile","0.05",93
"Regular Baseline","2026-06-27",3,"2026-07-18","Adults","quantile","0.1",109
"Regular Baseline","2026-06-27",3,"2026-07-18","Adults","quantile","0.15",119
"Regular Baseline","2026-06-27",3,"2026-07-18","Adults","quantile","0.2",127
"Regular Baseline","2026-06-27",3,"2026-07-18","Adults","quantile","0.25",135
"Regular Baseline","2026-06-27",3,"2026-07-18","Adults","quantile","0.3",142
"Regular Baseline","2026-06-27",3,"2026-07-18","Adults","quantile","0.35",149
"Regular Baseline","2026-06-27",3,"2026-07-18","Adults","quantile","0.4",156
"Regular Baseline","2026-06-27",3,"2026-07-18","Adults","quantile","0.45",162
"Regular Baseline","2026-06-27",3,"2026-07-18","Adults","quantile","0.5",169
"Regular Baseline","2026-06-27",3,"2026-07-18","Adults","quantile","0.55",175
"Regular Baseline","2026-06-27",3,"2026-07-18","Adults","quantile","0.6",182
"Regular Baseline","2026-06-27",3,"2026-07-18","Adults","quantile","0.65",189
"Regular Baseline","2026-06-27",3,"2026-07-18","Adults","quantile","0.7",196
"Regular Baseline","2026-06-27",3,"2026-07-18","Adults","quantile","0.75",205
"Regular Baseline","2026-06-27",3,"2026-07-18","Adults","quantile","0.8",215
"Regular Baseline","2026-06-27",3,"2026-07-18","Adults","quantile","0.85",227
"Regular Baseline","2026-06-27",3,"2026-07-18","Adults","quantile","0.9",242
"Regular Baseline","2026-06-27",3,"2026-07-18","Adults","quantile","0.95",265
"Regular Baseline","2026-06-27",3,"2026-07-18","Adults","quantile","0.975",289
"Regular Baseline","2026-06-27",3,"2026-07-18","Adults","quantile","0.99",318
"Regular Baseline","2026-06-27",-2,"2026-06-13","Overall","quantile","0.01",202
"Regular Baseline","2026-06-27",-2,"2026-06-13","Overall","quantile","0.025",218
"Regular Baseline","2026-06-27",-2,"2026-06-13","Overall","quantile","0.05",231
"Regular Baseline","2026-06-27",-2,"2026-06-13","Overall","quantile","0.1",245
"Regular Baseline","2026-06-27",-2,"2026-06-13","Overall","quantile","0.15",253
"Regular Baseline","2026-06-27",-2,"2026-06-13","Overall","quantile","0.2",260
"Regular Baseline","2026-06-27",-2,"2026-06-13","Overall","quantile","0.25",267
"Regular Baseline","2026-06-27",-2,"2026-06-13","Overall","quantile","0.3",270
"Regular Baseline","2026-06-27",-2,"2026-06-13","Overall","quantile","0.35",275
"Regular Baseline","2026-06-27",-2,"2026-06-13","Overall","quantile","0.4",280
"Regular Baseline","2026-06-27",-2,"2026-06-13","Overall","quantile","0.45",285
"Regular Baseline","2026-06-27",-2,"2026-06-13","Overall","quantile","0.5",289
"Regular Baseline","2026-06-27",-2,"2026-06-13","Overall","quantile","0.55",293
"Regular Baseline","2026-06-27",-2,"2026-06-13","Overall","quantile","0.6",298
"Regular Baseline","2026-06-27",-2,"2026-06-13","Overall","quantile","0.65",303
"Regular Baseline","2026-06-27",-2,"2026-06-13","Overall","quantile","0.7",308
"Regular Baseline","2026-06-27",-2,"2026-06-13","Overall","quantile","0.75",312
"Regular Baseline","2026-06-27",-2,"2026-06-13","Overall","quantile","0.8",320
"Regular Baseline","2026-06-27",-2,"2026-06-13","Overall","quantile","0.85",327
"Regular Baseline","2026-06-27",-2,"2026-06-13","Overall","quantile","0.9",337
"Regular Baseline","2026-06-27",-2,"2026-06-13","Overall","quantile","0.95",354
"Regular Baseline","2026-06-27",-2,"2026-06-13","Overall","quantile","0.975",370
"Regular Baseline","2026-06-27",-2,"2026-06-13","Overall","quantile","0.99",391
"Regular Baseline","2026-06-27",-1,"2026-06-20","Overall","quantile","0.01",178
"Regular Baseline","2026-06-27",-1,"2026-06-20","Overall","quantile","0.025",196
"Regular Baseline","2026-06-27",-1,"2026-06-20","Overall","quantile","0.05",209
"Regular Baseline","2026-06-27",-1,"2026-06-20","Overall","quantile","0.1",227
"Regular Baseline","2026-06-27",-1,"2026-06-20","Overall","quantile","0.15",238
"Regular Baseline","2026-06-27",-1,"2026-06-20","Overall","quantile","0.2",248
"Regular Baseline","2026-06-27",-1,"2026-06-20","Overall","quantile","0.25",255
"Regular Baseline","2026-06-27",-1,"2026-06-20","Overall","quantile","0.3",263
"Regular Baseline","2026-06-27",-1,"2026-06-20","Overall","quantile","0.35",269
"Regular Baseline","2026-06-27",-1,"2026-06-20","Overall","quantile","0.4",276
"Regular Baseline","2026-06-27",-1,"2026-06-20","Overall","quantile","0.45",282
"Regular Baseline","2026-06-27",-1,"2026-06-20","Overall","quantile","0.5",289
"Regular Baseline","2026-06-27",-1,"2026-06-20","Overall","quantile","0.55",295
"Regular Baseline","2026-06-27",-1,"2026-06-20","Overall","quantile","0.6",302
"Regular Baseline","2026-06-27",-1,"2026-06-20","Overall","quantile","0.65",308
"Regular Baseline","2026-06-27",-1,"2026-06-20","Overall","quantile","0.7",316
"Regular Baseline","2026-06-27",-1,"2026-06-20","Overall","quantile","0.75",324
"Regular Baseline","2026-06-27",-1,"2026-06-20","Overall","quantile","0.8",334
"Regular Baseline","2026-06-27",-1,"2026-06-20","Overall","quantile","0.85",345
"Regular Baseline","2026-06-27",-1,"2026-06-20","Overall","quantile","0.9",360
"Regular Baseline","2026-06-27",-1,"2026-06-20","Overall","quantile","0.95",382
"Regular Baseline","2026-06-27",-1,"2026-06-20","Overall","quantile","0.975",402
"Regular Baseline","2026-06-27",-1,"2026-06-20","Overall","quantile","0.99",427
"Regular Baseline","2026-06-27",0,"2026-06-27","Overall","quantile","0.01",159
"Regular Baseline","2026-06-27",0,"2026-06-27","Overall","quantile","0.025",176
"Regular Baseline","2026-06-27",0,"2026-06-27","Overall","quantile","0.05",193
"Regular Baseline","2026-06-27",0,"2026-06-27","Overall","quantile","0.1",212
"Regular Baseline","2026-06-27",0,"2026-06-27","Overall","quantile","0.15",226
"Regular Baseline","2026-06-27",0,"2026-06-27","Overall","quantile","0.2",237
"Regular Baseline","2026-06-27",0,"2026-06-27","Overall","quantile","0.25",247
"Regular Baseline","2026-06-27",0,"2026-06-27","Overall","quantile","0.3",256
"Regular Baseline","2026-06-27",0,"2026-06-27","Overall","quantile","0.35",265
"Regular Baseline","2026-06-27",0,"2026-06-27","Overall","quantile","0.4",273
"Regular Baseline","2026-06-27",0,"2026-06-27","Overall","quantile","0.45",281
"Regular Baseline","2026-06-27",0,"2026-06-27","Overall","quantile","0.5",289
"Regular Baseline","2026-06-27",0,"2026-06-27","Overall","quantile","0.55",296
"Regular Baseline","2026-06-27",0,"2026-06-27","Overall","quantile","0.6",304
"Regular Baseline","2026-06-27",0,"2026-06-27","Overall","quantile","0.65",313
"Regular Baseline","2026-06-27",0,"2026-06-27","Overall","quantile","0.7",322
"Regular Baseline","2026-06-27",0,"2026-06-27","Overall","quantile","0.75",333
"Regular Baseline","2026-06-27",0,"2026-06-27","Overall","quantile","0.8",344
"Regular Baseline","2026-06-27",0,"2026-06-27","Overall","quantile","0.85",359
"Regular Baseline","2026-06-27",0,"2026-06-27","Overall","quantile","0.9",377
"Regular Baseline","2026-06-27",0,"2026-06-27","Overall","quantile","0.95",403
"Regular Baseline","2026-06-27",0,"2026-06-27","Overall","quantile","0.975",427
"Regular Baseline","2026-06-27",0,"2026-06-27","Overall","quantile","0.99",454
"Regular Baseline","2026-06-27",1,"2026-07-04","Overall","quantile","0.01",140
"Regular Baseline","2026-06-27",1,"2026-07-04","Overall","quantile","0.025",162
"Regular Baseline","2026-06-27",1,"2026-07-04","Overall","quantile","0.05",180
"Regular Baseline","2026-06-27",1,"2026-07-04","Overall","quantile","0.1",202
"Regular Baseline","2026-06-27",1,"2026-07-04","Overall","quantile","0.15",217
"Regular Baseline","2026-06-27",1,"2026-07-04","Overall","quantile","0.2",230
"Regular Baseline","2026-06-27",1,"2026-07-04","Overall","quantile","0.25",241
"Regular Baseline","2026-06-27",1,"2026-07-04","Overall","quantile","0.3",252
"Regular Baseline","2026-06-27",1,"2026-07-04","Overall","quantile","0.35",262
"Regular Baseline","2026-06-27",1,"2026-07-04","Overall","quantile","0.4",271
"Regular Baseline","2026-06-27",1,"2026-07-04","Overall","quantile","0.45",280
"Regular Baseline","2026-06-27",1,"2026-07-04","Overall","quantile","0.5",289
"Regular Baseline","2026-06-27",1,"2026-07-04","Overall","quantile","0.55",298
"Regular Baseline","2026-06-27",1,"2026-07-04","Overall","quantile","0.6",308
"Regular Baseline","2026-06-27",1,"2026-07-04","Overall","quantile","0.65",317
"Regular Baseline","2026-06-27",1,"2026-07-04","Overall","quantile","0.7",328
"Regular Baseline","2026-06-27",1,"2026-07-04","Overall","quantile","0.75",340
"Regular Baseline","2026-06-27",1,"2026-07-04","Overall","quantile","0.8",354
"Regular Baseline","2026-06-27",1,"2026-07-04","Overall","quantile","0.85",370
"Regular Baseline","2026-06-27",1,"2026-07-04","Overall","quantile","0.9",392
"Regular Baseline","2026-06-27",1,"2026-07-04","Overall","quantile","0.95",423
"Regular Baseline","2026-06-27",1,"2026-07-04","Overall","quantile","0.975",453
"Regular Baseline","2026-06-27",1,"2026-07-04","Overall","quantile","0.99",485
"Regular Baseline","2026-06-27",2,"2026-07-11","Overall","quantile","0.01",125
"Regular Baseline","2026-06-27",2,"2026-07-11","Overall","quantile","0.025",146
"Regular Baseline","2026-06-27",2,"2026-07-11","Overall","quantile","0.05",168
"Regular Baseline","2026-06-27",2,"2026-07-11","Overall","quantile","0.1",193
"Regular Baseline","2026-06-27",2,"2026-07-11","Overall","quantile","0.15",210
"Regular Baseline","2026-06-27",2,"2026-07-11","Overall","quantile","0.2",224
"Regular Baseline","2026-06-27",2,"2026-07-11","Overall","quantile","0.25",236
"Regular Baseline","2026-06-27",2,"2026-07-11","Overall","quantile","0.3",248
"Regular Baseline","2026-06-27",2,"2026-07-11","Overall","quantile","0.35",258
"Regular Baseline","2026-06-27",2,"2026-07-11","Overall","quantile","0.4",269
"Regular Baseline","2026-06-27",2,"2026-07-11","Overall","quantile","0.45",278
"Regular Baseline","2026-06-27",2,"2026-07-11","Overall","quantile","0.5",289
"Regular Baseline","2026-06-27",2,"2026-07-11","Overall","quantile","0.55",299
"Regular Baseline","2026-06-27",2,"2026-07-11","Overall","quantile","0.6",310
"Regular Baseline","2026-06-27",2,"2026-07-11","Overall","quantile","0.65",321
"Regular Baseline","2026-06-27",2,"2026-07-11","Overall","quantile","0.7",333
"Regular Baseline","2026-06-27",2,"2026-07-11","Overall","quantile","0.75",346
"Regular Baseline","2026-06-27",2,"2026-07-11","Overall","quantile","0.8",362
"Regular Baseline","2026-06-27",2,"2026-07-11","Overall","quantile","0.85",379
"Regular Baseline","2026-06-27",2,"2026-07-11","Overall","quantile","0.9",400
"Regular Baseline","2026-06-27",2,"2026-07-11","Overall","quantile","0.95",437
"Regular Baseline","2026-06-27",2,"2026-07-11","Overall","quantile","0.975",470
"Regular Baseline","2026-06-27",2,"2026-07-11","Overall","quantile","0.99",509
"Regular Baseline","2026-06-27",3,"2026-07-18","Overall","quantile","0.01",115
"Regular Baseline","2026-06-27",3,"2026-07-18","Overall","quantile","0.025",137
"Regular Baseline","2026-06-27",3,"2026-07-18","Overall","quantile","0.05",158
"Regular Baseline","2026-06-27",3,"2026-07-18","Overall","quantile","0.1",186
"Regular Baseline","2026-06-27",3,"2026-07-18","Overall","quantile","0.15",203
"Regular Baseline","2026-06-27",3,"2026-07-18","Overall","quantile","0.2",218
"Regular Baseline","2026-06-27",3,"2026-07-18","Overall","quantile","0.25",232
"Regular Baseline","2026-06-27",3,"2026-07-18","Overall","quantile","0.3",244
"Regular Baseline","2026-06-27",3,"2026-07-18","Overall","quantile","0.35",255
"Regular Baseline","2026-06-27",3,"2026-07-18","Overall","quantile","0.4",266
"Regular Baseline","2026-06-27",3,"2026-07-18","Overall","quantile","0.45",277
"Regular Baseline","2026-06-27",3,"2026-07-18","Overall","quantile","0.5",289
"Regular Baseline","2026-06-27",3,"2026-07-18","Overall","quantile","0.55",300
"Regular Baseline","2026-06-27",3,"2026-07-18","Overall","quantile","0.6",312
"Regular Baseline","2026-06-27",3,"2026-07-18","Overall","quantile","0.65",325
"Regular Baseline","2026-06-27",3,"2026-07-18","Overall","quantile","0.7",338
"Regular Baseline","2026-06-27",3,"2026-07-18","Overall","quantile","0.75",353
"Regular Baseline","2026-06-27",3,"2026-07-18","Overall","quantile","0.8",370
"Regular Baseline","2026-06-27",3,"2026-07-18","Overall","quantile","0.85",389
"Regular Baseline","2026-06-27",3,"2026-07-18","Overall","quantile","0.9",414
"Regular Baseline","2026-06-27",3,"2026-07-18","Overall","quantile","0.95",452
"Regular Baseline","2026-06-27",3,"2026-07-18","Overall","quantile","0.975",486
"Regular Baseline","2026-06-27",3,"2026-07-18","Overall","quantile","0.99",528
"Regular Baseline","2026-06-27",-2,"2026-06-13","Pediatrics","quantile","0.01",67
"Regular Baseline","2026-06-27",-2,"2026-06-13","Pediatrics","quantile","0.025",78
"Regular Baseline","2026-06-27",-2,"2026-06-13","Pediatrics","quantile","0.05",85
"Regular Baseline","2026-06-27",-2,"2026-06-13","Pediatrics","quantile","0.1",92
"Regular Baseline","2026-06-27",-2,"2026-06-13","Pediatrics","quantile","0.15",97
"Regular Baseline","2026-06-27",-2,"2026-06-13","Pediatrics","quantile","0.2",102
"Regular Baseline","2026-06-27",-2,"2026-06-13","Pediatrics","quantile","0.25",105
"Regular Baseline","2026-06-27",-2,"2026-06-13","Pediatrics","quantile","0.3",107
"Regular Baseline","2026-06-27",-2,"2026-06-13","Pediatrics","quantile","0.35",110
"Regular Baseline","2026-06-27",-2,"2026-06-13","Pediatrics","quantile","0.4",112
"Regular Baseline","2026-06-27",-2,"2026-06-13","Pediatrics","quantile","0.45",116
"Regular Baseline","2026-06-27",-2,"2026-06-13","Pediatrics","quantile","0.5",120
"Regular Baseline","2026-06-27",-2,"2026-06-13","Pediatrics","quantile","0.55",124
"Regular Baseline","2026-06-27",-2,"2026-06-13","Pediatrics","quantile","0.6",128
"Regular Baseline","2026-06-27",-2,"2026-06-13","Pediatrics","quantile","0.65",130
"Regular Baseline","2026-06-27",-2,"2026-06-13","Pediatrics","quantile","0.7",133
"Regular Baseline","2026-06-27",-2,"2026-06-13","Pediatrics","quantile","0.75",136
"Regular Baseline","2026-06-27",-2,"2026-06-13","Pediatrics","quantile","0.8",140
"Regular Baseline","2026-06-27",-2,"2026-06-13","Pediatrics","quantile","0.85",146
"Regular Baseline","2026-06-27",-2,"2026-06-13","Pediatrics","quantile","0.9",152
"Regular Baseline","2026-06-27",-2,"2026-06-13","Pediatrics","quantile","0.95",160
"Regular Baseline","2026-06-27",-2,"2026-06-13","Pediatrics","quantile","0.975",172
"Regular Baseline","2026-06-27",-2,"2026-06-13","Pediatrics","quantile","0.99",188
"Regular Baseline","2026-06-27",-1,"2026-06-20","Pediatrics","quantile","0.01",49
"Regular Baseline","2026-06-27",-1,"2026-06-20","Pediatrics","quantile","0.025",61
"Regular Baseline","2026-06-27",-1,"2026-06-20","Pediatrics","quantile","0.05",71
"Regular Baseline","2026-06-27",-1,"2026-06-20","Pediatrics","quantile","0.1",80
"Regular Baseline","2026-06-27",-1,"2026-06-20","Pediatrics","quantile","0.15",88
"Regular Baseline","2026-06-27",-1,"2026-06-20","Pediatrics","quantile","0.2",93
"Regular Baseline","2026-06-27",-1,"2026-06-20","Pediatrics","quantile","0.25",98
"Regular Baseline","2026-06-27",-1,"2026-06-20","Pediatrics","quantile","0.3",103
"Regular Baseline","2026-06-27",-1,"2026-06-20","Pediatrics","quantile","0.35",107
"Regular Baseline","2026-06-27",-1,"2026-06-20","Pediatrics","quantile","0.4",112
"Regular Baseline","2026-06-27",-1,"2026-06-20","Pediatrics","quantile","0.45",116
"Regular Baseline","2026-06-27",-1,"2026-06-20","Pediatrics","quantile","0.5",120
"Regular Baseline","2026-06-27",-1,"2026-06-20","Pediatrics","quantile","0.55",124
"Regular Baseline","2026-06-27",-1,"2026-06-20","Pediatrics","quantile","0.6",129
"Regular Baseline","2026-06-27",-1,"2026-06-20","Pediatrics","quantile","0.65",134
"Regular Baseline","2026-06-27",-1,"2026-06-20","Pediatrics","quantile","0.7",139
"Regular Baseline","2026-06-27",-1,"2026-06-20","Pediatrics","quantile","0.75",144
"Regular Baseline","2026-06-27",-1,"2026-06-20","Pediatrics","quantile","0.8",150
"Regular Baseline","2026-06-27",-1,"2026-06-20","Pediatrics","quantile","0.85",158
"Regular Baseline","2026-06-27",-1,"2026-06-20","Pediatrics","quantile","0.9",167
"Regular Baseline","2026-06-27",-1,"2026-06-20","Pediatrics","quantile","0.95",182
"Regular Baseline","2026-06-27",-1,"2026-06-20","Pediatrics","quantile","0.975",199
"Regular Baseline","2026-06-27",-1,"2026-06-20","Pediatrics","quantile","0.99",219
"Regular Baseline","2026-06-27",0,"2026-06-27","Pediatrics","quantile","0.01",40
"Regular Baseline","2026-06-27",0,"2026-06-27","Pediatrics","quantile","0.025",51
"Regular Baseline","2026-06-27",0,"2026-06-27","Pediatrics","quantile","0.05",61
"Regular Baseline","2026-06-27",0,"2026-06-27","Pediatrics","quantile","0.1",72
"Regular Baseline","2026-06-27",0,"2026-06-27","Pediatrics","quantile","0.15",80
"Regular Baseline","2026-06-27",0,"2026-06-27","Pediatrics","quantile","0.2",88
"Regular Baseline","2026-06-27",0,"2026-06-27","Pediatrics","quantile","0.25",93
"Regular Baseline","2026-06-27",0,"2026-06-27","Pediatrics","quantile","0.3",99
"Regular Baseline","2026-06-27",0,"2026-06-27","Pediatrics","quantile","0.35",104
"Regular Baseline","2026-06-27",0,"2026-06-27","Pediatrics","quantile","0.4",110
"Regular Baseline","2026-06-27",0,"2026-06-27","Pediatrics","quantile","0.45",115
"Regular Baseline","2026-06-27",0,"2026-06-27","Pediatrics","quantile","0.5",120
"Regular Baseline","2026-06-27",0,"2026-06-27","Pediatrics","quantile","0.55",126
"Regular Baseline","2026-06-27",0,"2026-06-27","Pediatrics","quantile","0.6",131
"Regular Baseline","2026-06-27",0,"2026-06-27","Pediatrics","quantile","0.65",137
"Regular Baseline","2026-06-27",0,"2026-06-27","Pediatrics","quantile","0.7",143
"Regular Baseline","2026-06-27",0,"2026-06-27","Pediatrics","quantile","0.75",150
"Regular Baseline","2026-06-27",0,"2026-06-27","Pediatrics","quantile","0.8",157
"Regular Baseline","2026-06-27",0,"2026-06-27","Pediatrics","quantile","0.85",167
"Regular Baseline","2026-06-27",0,"2026-06-27","Pediatrics","quantile","0.9",180
"Regular Baseline","2026-06-27",0,"2026-06-27","Pediatrics","quantile","0.95",199
"Regular Baseline","2026-06-27",0,"2026-06-27","Pediatrics","quantile","0.975",218
"Regular Baseline","2026-06-27",0,"2026-06-27","Pediatrics","quantile","0.99",243
"Regular Baseline","2026-06-27",1,"2026-07-04","Pediatrics","quantile","0.01",31
"Regular Baseline","2026-06-27",1,"2026-07-04","Pediatrics","quantile","0.025",42
"Regular Baseline","2026-06-27",1,"2026-07-04","Pediatrics","quantile","0.05",52
"Regular Baseline","2026-06-27",1,"2026-07-04","Pediatrics","quantile","0.1",64
"Regular Baseline","2026-06-27",1,"2026-07-04","Pediatrics","quantile","0.15",74
"Regular Baseline","2026-06-27",1,"2026-07-04","Pediatrics","quantile","0.2",81
"Regular Baseline","2026-06-27",1,"2026-07-04","Pediatrics","quantile","0.25",88
"Regular Baseline","2026-06-27",1,"2026-07-04","Pediatrics","quantile","0.3",95
"Regular Baseline","2026-06-27",1,"2026-07-04","Pediatrics","quantile","0.35",101
"Regular Baseline","2026-06-27",1,"2026-07-04","Pediatrics","quantile","0.4",108
"Regular Baseline","2026-06-27",1,"2026-07-04","Pediatrics","quantile","0.45",114
"Regular Baseline","2026-06-27",1,"2026-07-04","Pediatrics","quantile","0.5",120
"Regular Baseline","2026-06-27",1,"2026-07-04","Pediatrics","quantile","0.55",126
"Regular Baseline","2026-06-27",1,"2026-07-04","Pediatrics","quantile","0.6",132
"Regular Baseline","2026-06-27",1,"2026-07-04","Pediatrics","quantile","0.65",139
"Regular Baseline","2026-06-27",1,"2026-07-04","Pediatrics","quantile","0.7",146
"Regular Baseline","2026-06-27",1,"2026-07-04","Pediatrics","quantile","0.75",154
"Regular Baseline","2026-06-27",1,"2026-07-04","Pediatrics","quantile","0.8",163
"Regular Baseline","2026-06-27",1,"2026-07-04","Pediatrics","quantile","0.85",174
"Regular Baseline","2026-06-27",1,"2026-07-04","Pediatrics","quantile","0.9",190
"Regular Baseline","2026-06-27",1,"2026-07-04","Pediatrics","quantile","0.95",212
"Regular Baseline","2026-06-27",1,"2026-07-04","Pediatrics","quantile","0.975",233
"Regular Baseline","2026-06-27",1,"2026-07-04","Pediatrics","quantile","0.99",258
"Regular Baseline","2026-06-27",2,"2026-07-11","Pediatrics","quantile","0.01",25
"Regular Baseline","2026-06-27",2,"2026-07-11","Pediatrics","quantile","0.025",36
"Regular Baseline","2026-06-27",2,"2026-07-11","Pediatrics","quantile","0.05",46
"Regular Baseline","2026-06-27",2,"2026-07-11","Pediatrics","quantile","0.1",60
"Regular Baseline","2026-06-27",2,"2026-07-11","Pediatrics","quantile","0.15",70
"Regular Baseline","2026-06-27",2,"2026-07-11","Pediatrics","quantile","0.2",78
"Regular Baseline","2026-06-27",2,"2026-07-11","Pediatrics","quantile","0.25",86
"Regular Baseline","2026-06-27",2,"2026-07-11","Pediatrics","quantile","0.3",93
"Regular Baseline","2026-06-27",2,"2026-07-11","Pediatrics","quantile","0.35",100
"Regular Baseline","2026-06-27",2,"2026-07-11","Pediatrics","quantile","0.4",106
"Regular Baseline","2026-06-27",2,"2026-07-11","Pediatrics","quantile","0.45",113
"Regular Baseline","2026-06-27",2,"2026-07-11","Pediatrics","quantile","0.5",120
"Regular Baseline","2026-06-27",2,"2026-07-11","Pediatrics","quantile","0.55",127
"Regular Baseline","2026-06-27",2,"2026-07-11","Pediatrics","quantile","0.6",134
"Regular Baseline","2026-06-27",2,"2026-07-11","Pediatrics","quantile","0.65",142
"Regular Baseline","2026-06-27",2,"2026-07-11","Pediatrics","quantile","0.7",150
"Regular Baseline","2026-06-27",2,"2026-07-11","Pediatrics","quantile","0.75",159
"Regular Baseline","2026-06-27",2,"2026-07-11","Pediatrics","quantile","0.8",169
"Regular Baseline","2026-06-27",2,"2026-07-11","Pediatrics","quantile","0.85",183
"Regular Baseline","2026-06-27",2,"2026-07-11","Pediatrics","quantile","0.9",200
"Regular Baseline","2026-06-27",2,"2026-07-11","Pediatrics","quantile","0.95",226
"Regular Baseline","2026-06-27",2,"2026-07-11","Pediatrics","quantile","0.975",250
"Regular Baseline","2026-06-27",2,"2026-07-11","Pediatrics","quantile","0.99",280
"Regular Baseline","2026-06-27",3,"2026-07-18","Pediatrics","quantile","0.01",20
"Regular Baseline","2026-06-27",3,"2026-07-18","Pediatrics","quantile","0.025",30
"Regular Baseline","2026-06-27",3,"2026-07-18","Pediatrics","quantile","0.05",41
"Regular Baseline","2026-06-27",3,"2026-07-18","Pediatrics","quantile","0.1",55
"Regular Baseline","2026-06-27",3,"2026-07-18","Pediatrics","quantile","0.15",65
"Regular Baseline","2026-06-27",3,"2026-07-18","Pediatrics","quantile","0.2",75
"Regular Baseline","2026-06-27",3,"2026-07-18","Pediatrics","quantile","0.25",83
"Regular Baseline","2026-06-27",3,"2026-07-18","Pediatrics","quantile","0.3",90
"Regular Baseline","2026-06-27",3,"2026-07-18","Pediatrics","quantile","0.35",98
"Regular Baseline","2026-06-27",3,"2026-07-18","Pediatrics","quantile","0.4",105
"Regular Baseline","2026-06-27",3,"2026-07-18","Pediatrics","quantile","0.45",112
"Regular Baseline","2026-06-27",3,"2026-07-18","Pediatrics","quantile","0.5",120
"Regular Baseline","2026-06-27",3,"2026-07-18","Pediatrics","quantile","0.55",128
"Regular Baseline","2026-06-27",3,"2026-07-18","Pediatrics","quantile","0.6",136
"Regular Baseline","2026-06-27",3,"2026-07-18","Pediatrics","quantile","0.65",144
"Regular Baseline","2026-06-27",3,"2026-07-18","Pediatrics","quantile","0.7",153
"Regular Baseline","2026-06-27",3,"2026-07-18","Pediatrics","quantile","0.75",163
"Regular Baseline","2026-06-27",3,"2026-07-18","Pediatrics","quantile","0.8",175
"Regular Baseline","2026-06-27",3,"2026-07-18","Pediatrics","quantile","0.85",188
"Regular Baseline","2026-06-27",3,"2026-07-18","Pediatrics","quantile","0.9",207
"Regular Baseline","2026-06-27",3,"2026-07-18","Pediatrics","quantile","0.95",236
"Regular Baseline","2026-06-27",3,"2026-07-18","Pediatrics","quantile","0.975",261
"Regular Baseline","2026-06-27",3,"2026-07-18","Pediatrics","quantile","0.99",296
"Seasonal Baseline","2026-06-27",-2,"2026-06-13","Adults","quantile","0.01",80
"Seasonal Baseline","2026-06-27",-2,"2026-06-13","Adults","quantile","0.025",88
"Seasonal Baseline","2026-06-27",-2,"2026-06-13","Adults","quantile","0.05",97
"Seasonal Baseline","2026-06-27",-2,"2026-06-13","Adults","quantile","0.1",107
"Seasonal Baseline","2026-06-27",-2,"2026-06-13","Adults","quantile","0.15",114
"Seasonal Baseline","2026-06-27",-2,"2026-06-13","Adults","quantile","0.2",121
"Seasonal Baseline","2026-06-27",-2,"2026-06-13","Adults","quantile","0.25",126
"Seasonal Baseline","2026-06-27",-2,"2026-06-13","Adults","quantile","0.3",131
"Seasonal Baseline","2026-06-27",-2,"2026-06-13","Adults","quantile","0.35",137
"Seasonal Baseline","2026-06-27",-2,"2026-06-13","Adults","quantile","0.4",141
"Seasonal Baseline","2026-06-27",-2,"2026-06-13","Adults","quantile","0.45",146
"Seasonal Baseline","2026-06-27",-2,"2026-06-13","Adults","quantile","0.5",151
"Seasonal Baseline","2026-06-27",-2,"2026-06-13","Adults","quantile","0.55",157
"Seasonal Baseline","2026-06-27",-2,"2026-06-13","Adults","quantile","0.6",163
"Seasonal Baseline","2026-06-27",-2,"2026-06-13","Adults","quantile","0.65",169
"Seasonal Baseline","2026-06-27",-2,"2026-06-13","Adults","quantile","0.7",175
"Seasonal Baseline","2026-06-27",-2,"2026-06-13","Adults","quantile","0.75",183
"Seasonal Baseline","2026-06-27",-2,"2026-06-13","Adults","quantile","0.8",192
"Seasonal Baseline","2026-06-27",-2,"2026-06-13","Adults","quantile","0.85",202
"Seasonal Baseline","2026-06-27",-2,"2026-06-13","Adults","quantile","0.9",215
"Seasonal Baseline","2026-06-27",-2,"2026-06-13","Adults","quantile","0.95",239
"Seasonal Baseline","2026-06-27",-2,"2026-06-13","Adults","quantile","0.975",262
"Seasonal Baseline","2026-06-27",-2,"2026-06-13","Adults","quantile","0.99",290
"Seasonal Baseline","2026-06-27",-1,"2026-06-20","Adults","quantile","0.01",79
"Seasonal Baseline","2026-06-27",-1,"2026-06-20","Adults","quantile","0.025",88
"Seasonal Baseline","2026-06-27",-1,"2026-06-20","Adults","quantile","0.05",95
"Seasonal Baseline","2026-06-27",-1,"2026-06-20","Adults","quantile","0.1",105
"Seasonal Baseline","2026-06-27",-1,"2026-06-20","Adults","quantile","0.15",113
"Seasonal Baseline","2026-06-27",-1,"2026-06-20","Adults","quantile","0.2",119
"Seasonal Baseline","2026-06-27",-1,"2026-06-20","Adults","quantile","0.25",125
"Seasonal Baseline","2026-06-27",-1,"2026-06-20","Adults","quantile","0.3",130
"Seasonal Baseline","2026-06-27",-1,"2026-06-20","Adults","quantile","0.35",135
"Seasonal Baseline","2026-06-27",-1,"2026-06-20","Adults","quantile","0.4",140
"Seasonal Baseline","2026-06-27",-1,"2026-06-20","Adults","quantile","0.45",144
"Seasonal Baseline","2026-06-27",-1,"2026-06-20","Adults","quantile","0.5",149
"Seasonal Baseline","2026-06-27",-1,"2026-06-20","Adults","quantile","0.55",155
"Seasonal Baseline","2026-06-27",-1,"2026-06-20","Adults","quantile","0.6",160
"Seasonal Baseline","2026-06-27",-1,"2026-06-20","Adults","quantile","0.65",166
"Seasonal Baseline","2026-06-27",-1,"2026-06-20","Adults","quantile","0.7",172
"Seasonal Baseline","2026-06-27",-1,"2026-06-20","Adults","quantile","0.75",179
"Seasonal Baseline","2026-06-27",-1,"2026-06-20","Adults","quantile","0.8",187
"Seasonal Baseline","2026-06-27",-1,"2026-06-20","Adults","quantile","0.85",197
"Seasonal Baseline","2026-06-27",-1,"2026-06-20","Adults","quantile","0.9",212
"Seasonal Baseline","2026-06-27",-1,"2026-06-20","Adults","quantile","0.95",235
"Seasonal Baseline","2026-06-27",-1,"2026-06-20","Adults","quantile","0.975",255
"Seasonal Baseline","2026-06-27",-1,"2026-06-20","Adults","quantile","0.99",284
"Seasonal Baseline","2026-06-27",0,"2026-06-27","Adults","quantile","0.01",78
"Seasonal Baseline","2026-06-27",0,"2026-06-27","Adults","quantile","0.025",86
"Seasonal Baseline","2026-06-27",0,"2026-06-27","Adults","quantile","0.05",94
"Seasonal Baseline","2026-06-27",0,"2026-06-27","Adults","quantile","0.1",104
"Seasonal Baseline","2026-06-27",0,"2026-06-27","Adults","quantile","0.15",111
"Seasonal Baseline","2026-06-27",0,"2026-06-27","Adults","quantile","0.2",117
"Seasonal Baseline","2026-06-27",0,"2026-06-27","Adults","quantile","0.25",123
"Seasonal Baseline","2026-06-27",0,"2026-06-27","Adults","quantile","0.3",128
"Seasonal Baseline","2026-06-27",0,"2026-06-27","Adults","quantile","0.35",133
"Seasonal Baseline","2026-06-27",0,"2026-06-27","Adults","quantile","0.4",137
"Seasonal Baseline","2026-06-27",0,"2026-06-27","Adults","quantile","0.45",142
"Seasonal Baseline","2026-06-27",0,"2026-06-27","Adults","quantile","0.5",147
"Seasonal Baseline","2026-06-27",0,"2026-06-27","Adults","quantile","0.55",152
"Seasonal Baseline","2026-06-27",0,"2026-06-27","Adults","quantile","0.6",158
"Seasonal Baseline","2026-06-27",0,"2026-06-27","Adults","quantile","0.65",164
"Seasonal Baseline","2026-06-27",0,"2026-06-27","Adults","quantile","0.7",170
"Seasonal Baseline","2026-06-27",0,"2026-06-27","Adults","quantile","0.75",177
"Seasonal Baseline","2026-06-27",0,"2026-06-27","Adults","quantile","0.8",186
"Seasonal Baseline","2026-06-27",0,"2026-06-27","Adults","quantile","0.85",196
"Seasonal Baseline","2026-06-27",0,"2026-06-27","Adults","quantile","0.9",210
"Seasonal Baseline","2026-06-27",0,"2026-06-27","Adults","quantile","0.95",231
"Seasonal Baseline","2026-06-27",0,"2026-06-27","Adults","quantile","0.975",252
"Seasonal Baseline","2026-06-27",0,"2026-06-27","Adults","quantile","0.99",279
"Seasonal Baseline","2026-06-27",1,"2026-07-04","Adults","quantile","0.01",76
"Seasonal Baseline","2026-06-27",1,"2026-07-04","Adults","quantile","0.025",85
"Seasonal Baseline","2026-06-27",1,"2026-07-04","Adults","quantile","0.05",92
"Seasonal Baseline","2026-06-27",1,"2026-07-04","Adults","quantile","0.1",102
"Seasonal Baseline","2026-06-27",1,"2026-07-04","Adults","quantile","0.15",109
"Seasonal Baseline","2026-06-27",1,"2026-07-04","Adults","quantile","0.2",114
"Seasonal Baseline","2026-06-27",1,"2026-07-04","Adults","quantile","0.25",120
"Seasonal Baseline","2026-06-27",1,"2026-07-04","Adults","quantile","0.3",125
"Seasonal Baseline","2026-06-27",1,"2026-07-04","Adults","quantile","0.35",130
"Seasonal Baseline","2026-06-27",1,"2026-07-04","Adults","quantile","0.4",134
"Seasonal Baseline","2026-06-27",1,"2026-07-04","Adults","quantile","0.45",139
"Seasonal Baseline","2026-06-27",1,"2026-07-04","Adults","quantile","0.5",144
"Seasonal Baseline","2026-06-27",1,"2026-07-04","Adults","quantile","0.55",149
"Seasonal Baseline","2026-06-27",1,"2026-07-04","Adults","quantile","0.6",154
"Seasonal Baseline","2026-06-27",1,"2026-07-04","Adults","quantile","0.65",160
"Seasonal Baseline","2026-06-27",1,"2026-07-04","Adults","quantile","0.7",167
"Seasonal Baseline","2026-06-27",1,"2026-07-04","Adults","quantile","0.75",174
"Seasonal Baseline","2026-06-27",1,"2026-07-04","Adults","quantile","0.8",183
"Seasonal Baseline","2026-06-27",1,"2026-07-04","Adults","quantile","0.85",192
"Seasonal Baseline","2026-06-27",1,"2026-07-04","Adults","quantile","0.9",206
"Seasonal Baseline","2026-06-27",1,"2026-07-04","Adults","quantile","0.95",228
"Seasonal Baseline","2026-06-27",1,"2026-07-04","Adults","quantile","0.975",246
"Seasonal Baseline","2026-06-27",1,"2026-07-04","Adults","quantile","0.99",271
"Seasonal Baseline","2026-06-27",2,"2026-07-11","Adults","quantile","0.01",76
"Seasonal Baseline","2026-06-27",2,"2026-07-11","Adults","quantile","0.025",83
"Seasonal Baseline","2026-06-27",2,"2026-07-11","Adults","quantile","0.05",90
"Seasonal Baseline","2026-06-27",2,"2026-07-11","Adults","quantile","0.1",100
"Seasonal Baseline","2026-06-27",2,"2026-07-11","Adults","quantile","0.15",106
"Seasonal Baseline","2026-06-27",2,"2026-07-11","Adults","quantile","0.2",112
"Seasonal Baseline","2026-06-27",2,"2026-07-11","Adults","quantile","0.25",117
"Seasonal Baseline","2026-06-27",2,"2026-07-11","Adults","quantile","0.3",122
"Seasonal Baseline","2026-06-27",2,"2026-07-11","Adults","quantile","0.35",127
"Seasonal Baseline","2026-06-27",2,"2026-07-11","Adults","quantile","0.4",132
"Seasonal Baseline","2026-06-27",2,"2026-07-11","Adults","quantile","0.45",136
"Seasonal Baseline","2026-06-27",2,"2026-07-11","Adults","quantile","0.5",141
"Seasonal Baseline","2026-06-27",2,"2026-07-11","Adults","quantile","0.55",146
"Seasonal Baseline","2026-06-27",2,"2026-07-11","Adults","quantile","0.6",151
"Seasonal Baseline","2026-06-27",2,"2026-07-11","Adults","quantile","0.65",157
"Seasonal Baseline","2026-06-27",2,"2026-07-11","Adults","quantile","0.7",163
"Seasonal Baseline","2026-06-27",2,"2026-07-11","Adults","quantile","0.75",169
"Seasonal Baseline","2026-06-27",2,"2026-07-11","Adults","quantile","0.8",177
"Seasonal Baseline","2026-06-27",2,"2026-07-11","Adults","quantile","0.85",188
"Seasonal Baseline","2026-06-27",2,"2026-07-11","Adults","quantile","0.9",201
"Seasonal Baseline","2026-06-27",2,"2026-07-11","Adults","quantile","0.95",221
"Seasonal Baseline","2026-06-27",2,"2026-07-11","Adults","quantile","0.975",240
"Seasonal Baseline","2026-06-27",2,"2026-07-11","Adults","quantile","0.99",262
"Seasonal Baseline","2026-06-27",3,"2026-07-18","Adults","quantile","0.01",73
"Seasonal Baseline","2026-06-27",3,"2026-07-18","Adults","quantile","0.025",80
"Seasonal Baseline","2026-06-27",3,"2026-07-18","Adults","quantile","0.05",88
"Seasonal Baseline","2026-06-27",3,"2026-07-18","Adults","quantile","0.1",97
"Seasonal Baseline","2026-06-27",3,"2026-07-18","Adults","quantile","0.15",104
"Seasonal Baseline","2026-06-27",3,"2026-07-18","Adults","quantile","0.2",110
"Seasonal Baseline","2026-06-27",3,"2026-07-18","Adults","quantile","0.25",115
"Seasonal Baseline","2026-06-27",3,"2026-07-18","Adults","quantile","0.3",119
"Seasonal Baseline","2026-06-27",3,"2026-07-18","Adults","quantile","0.35",123
"Seasonal Baseline","2026-06-27",3,"2026-07-18","Adults","quantile","0.4",128
"Seasonal Baseline","2026-06-27",3,"2026-07-18","Adults","quantile","0.45",132
"Seasonal Baseline","2026-06-27",3,"2026-07-18","Adults","quantile","0.5",137
"Seasonal Baseline","2026-06-27",3,"2026-07-18","Adults","quantile","0.55",142
"Seasonal Baseline","2026-06-27",3,"2026-07-18","Adults","quantile","0.6",148
"Seasonal Baseline","2026-06-27",3,"2026-07-18","Adults","quantile","0.65",153
"Seasonal Baseline","2026-06-27",3,"2026-07-18","Adults","quantile","0.7",159
"Seasonal Baseline","2026-06-27",3,"2026-07-18","Adults","quantile","0.75",166
"Seasonal Baseline","2026-06-27",3,"2026-07-18","Adults","quantile","0.8",173
"Seasonal Baseline","2026-06-27",3,"2026-07-18","Adults","quantile","0.85",183
"Seasonal Baseline","2026-06-27",3,"2026-07-18","Adults","quantile","0.9",196
"Seasonal Baseline","2026-06-27",3,"2026-07-18","Adults","quantile","0.95",217
"Seasonal Baseline","2026-06-27",3,"2026-07-18","Adults","quantile","0.975",237
"Seasonal Baseline","2026-06-27",3,"2026-07-18","Adults","quantile","0.99",263
"Seasonal Baseline","2026-06-27",-2,"2026-06-13","Overall","quantile","0.01",176
"Seasonal Baseline","2026-06-27",-2,"2026-06-13","Overall","quantile","0.025",194
"Seasonal Baseline","2026-06-27",-2,"2026-06-13","Overall","quantile","0.05",209
"Seasonal Baseline","2026-06-27",-2,"2026-06-13","Overall","quantile","0.1",229
"Seasonal Baseline","2026-06-27",-2,"2026-06-13","Overall","quantile","0.15",245
"Seasonal Baseline","2026-06-27",-2,"2026-06-13","Overall","quantile","0.2",257
"Seasonal Baseline","2026-06-27",-2,"2026-06-13","Overall","quantile","0.25",269
"Seasonal Baseline","2026-06-27",-2,"2026-06-13","Overall","quantile","0.3",279
"Seasonal Baseline","2026-06-27",-2,"2026-06-13","Overall","quantile","0.35",289
"Seasonal Baseline","2026-06-27",-2,"2026-06-13","Overall","quantile","0.4",299
"Seasonal Baseline","2026-06-27",-2,"2026-06-13","Overall","quantile","0.45",309
"Seasonal Baseline","2026-06-27",-2,"2026-06-13","Overall","quantile","0.5",319
"Seasonal Baseline","2026-06-27",-2,"2026-06-13","Overall","quantile","0.55",329
"Seasonal Baseline","2026-06-27",-2,"2026-06-13","Overall","quantile","0.6",340
"Seasonal Baseline","2026-06-27",-2,"2026-06-13","Overall","quantile","0.65",352
"Seasonal Baseline","2026-06-27",-2,"2026-06-13","Overall","quantile","0.7",365
"Seasonal Baseline","2026-06-27",-2,"2026-06-13","Overall","quantile","0.75",379
"Seasonal Baseline","2026-06-27",-2,"2026-06-13","Overall","quantile","0.8",394
"Seasonal Baseline","2026-06-27",-2,"2026-06-13","Overall","quantile","0.85",416
"Seasonal Baseline","2026-06-27",-2,"2026-06-13","Overall","quantile","0.9",442
"Seasonal Baseline","2026-06-27",-2,"2026-06-13","Overall","quantile","0.95",486
"Seasonal Baseline","2026-06-27",-2,"2026-06-13","Overall","quantile","0.975",527
"Seasonal Baseline","2026-06-27",-2,"2026-06-13","Overall","quantile","0.99",579
"Seasonal Baseline","2026-06-27",-1,"2026-06-20","Overall","quantile","0.01",172
"Seasonal Baseline","2026-06-27",-1,"2026-06-20","Overall","quantile","0.025",188
"Seasonal Baseline","2026-06-27",-1,"2026-06-20","Overall","quantile","0.05",205
"Seasonal Baseline","2026-06-27",-1,"2026-06-20","Overall","quantile","0.1",224
"Seasonal Baseline","2026-06-27",-1,"2026-06-20","Overall","quantile","0.15",239
"Seasonal Baseline","2026-06-27",-1,"2026-06-20","Overall","quantile","0.2",250
"Seasonal Baseline","2026-06-27",-1,"2026-06-20","Overall","quantile","0.25",262
"Seasonal Baseline","2026-06-27",-1,"2026-06-20","Overall","quantile","0.3",272
"Seasonal Baseline","2026-06-27",-1,"2026-06-20","Overall","quantile","0.35",282
"Seasonal Baseline","2026-06-27",-1,"2026-06-20","Overall","quantile","0.4",291
"Seasonal Baseline","2026-06-27",-1,"2026-06-20","Overall","quantile","0.45",301
"Seasonal Baseline","2026-06-27",-1,"2026-06-20","Overall","quantile","0.5",310
"Seasonal Baseline","2026-06-27",-1,"2026-06-20","Overall","quantile","0.55",320
"Seasonal Baseline","2026-06-27",-1,"2026-06-20","Overall","quantile","0.6",331
"Seasonal Baseline","2026-06-27",-1,"2026-06-20","Overall","quantile","0.65",343
"Seasonal Baseline","2026-06-27",-1,"2026-06-20","Overall","quantile","0.7",355
"Seasonal Baseline","2026-06-27",-1,"2026-06-20","Overall","quantile","0.75",370
"Seasonal Baseline","2026-06-27",-1,"2026-06-20","Overall","quantile","0.8",386
"Seasonal Baseline","2026-06-27",-1,"2026-06-20","Overall","quantile","0.85",407
"Seasonal Baseline","2026-06-27",-1,"2026-06-20","Overall","quantile","0.9",433
"Seasonal Baseline","2026-06-27",-1,"2026-06-20","Overall","quantile","0.95",475
"Seasonal Baseline","2026-06-27",-1,"2026-06-20","Overall","quantile","0.975",518
"Seasonal Baseline","2026-06-27",-1,"2026-06-20","Overall","quantile","0.99",567
"Seasonal Baseline","2026-06-27",0,"2026-06-27","Overall","quantile","0.01",161
"Seasonal Baseline","2026-06-27",0,"2026-06-27","Overall","quantile","0.025",178
"Seasonal Baseline","2026-06-27",0,"2026-06-27","Overall","quantile","0.05",195
"Seasonal Baseline","2026-06-27",0,"2026-06-27","Overall","quantile","0.1",214
"Seasonal Baseline","2026-06-27",0,"2026-06-27","Overall","quantile","0.15",227
"Seasonal Baseline","2026-06-27",0,"2026-06-27","Overall","quantile","0.2",239
"Seasonal Baseline","2026-06-27",0,"2026-06-27","Overall","quantile","0.25",250
"Seasonal Baseline","2026-06-27",0,"2026-06-27","Overall","quantile","0.3",260
"Seasonal Baseline","2026-06-27",0,"2026-06-27","Overall","quantile","0.35",269
"Seasonal Baseline","2026-06-27",0,"2026-06-27","Overall","quantile","0.4",278
"Seasonal Baseline","2026-06-27",0,"2026-06-27","Overall","quantile","0.45",287
"Seasonal Baseline","2026-06-27",0,"2026-06-27","Overall","quantile","0.5",297
"Seasonal Baseline","2026-06-27",0,"2026-06-27","Overall","quantile","0.55",307
"Seasonal Baseline","2026-06-27",0,"2026-06-27","Overall","quantile","0.6",317
"Seasonal Baseline","2026-06-27",0,"2026-06-27","Overall","quantile","0.65",327
"Seasonal Baseline","2026-06-27",0,"2026-06-27","Overall","quantile","0.7",340
"Seasonal Baseline","2026-06-27",0,"2026-06-27","Overall","quantile","0.75",353
"Seasonal Baseline","2026-06-27",0,"2026-06-27","Overall","quantile","0.8",369
"Seasonal Baseline","2026-06-27",0,"2026-06-27","Overall","quantile","0.85",389
"Seasonal Baseline","2026-06-27",0,"2026-06-27","Overall","quantile","0.9",416
"Seasonal Baseline","2026-06-27",0,"2026-06-27","Overall","quantile","0.95",454
"Seasonal Baseline","2026-06-27",0,"2026-06-27","Overall","quantile","0.975",490
"Seasonal Baseline","2026-06-27",0,"2026-06-27","Overall","quantile","0.99",542
"Seasonal Baseline","2026-06-27",1,"2026-07-04","Overall","quantile","0.01",155
"Seasonal Baseline","2026-06-27",1,"2026-07-04","Overall","quantile","0.025",172
"Seasonal Baseline","2026-06-27",1,"2026-07-04","Overall","quantile","0.05",187
"Seasonal Baseline","2026-06-27",1,"2026-07-04","Overall","quantile","0.1",205
"Seasonal Baseline","2026-06-27",1,"2026-07-04","Overall","quantile","0.15",218
"Seasonal Baseline","2026-06-27",1,"2026-07-04","Overall","quantile","0.2",229
"Seasonal Baseline","2026-06-27",1,"2026-07-04","Overall","quantile","0.25",239
"Seasonal Baseline","2026-06-27",1,"2026-07-04","Overall","quantile","0.3",248
"Seasonal Baseline","2026-06-27",1,"2026-07-04","Overall","quantile","0.35",257
"Seasonal Baseline","2026-06-27",1,"2026-07-04","Overall","quantile","0.4",266
"Seasonal Baseline","2026-06-27",1,"2026-07-04","Overall","quantile","0.45",275
"Seasonal Baseline","2026-06-27",1,"2026-07-04","Overall","quantile","0.5",284
"Seasonal Baseline","2026-06-27",1,"2026-07-04","Overall","quantile","0.55",293
"Seasonal Baseline","2026-06-27",1,"2026-07-04","Overall","quantile","0.6",304
"Seasonal Baseline","2026-06-27",1,"2026-07-04","Overall","quantile","0.65",314
"Seasonal Baseline","2026-06-27",1,"2026-07-04","Overall","quantile","0.7",326
"Seasonal Baseline","2026-06-27",1,"2026-07-04","Overall","quantile","0.75",340
"Seasonal Baseline","2026-06-27",1,"2026-07-04","Overall","quantile","0.8",355
"Seasonal Baseline","2026-06-27",1,"2026-07-04","Overall","quantile","0.85",374
"Seasonal Baseline","2026-06-27",1,"2026-07-04","Overall","quantile","0.9",396
"Seasonal Baseline","2026-06-27",1,"2026-07-04","Overall","quantile","0.95",435
"Seasonal Baseline","2026-06-27",1,"2026-07-04","Overall","quantile","0.975",473
"Seasonal Baseline","2026-06-27",1,"2026-07-04","Overall","quantile","0.99",517
"Seasonal Baseline","2026-06-27",2,"2026-07-11","Overall","quantile","0.01",150
"Seasonal Baseline","2026-06-27",2,"2026-07-11","Overall","quantile","0.025",165
"Seasonal Baseline","2026-06-27",2,"2026-07-11","Overall","quantile","0.05",177
"Seasonal Baseline","2026-06-27",2,"2026-07-11","Overall","quantile","0.1",195
"Seasonal Baseline","2026-06-27",2,"2026-07-11","Overall","quantile","0.15",208
"Seasonal Baseline","2026-06-27",2,"2026-07-11","Overall","quantile","0.2",219
"Seasonal Baseline","2026-06-27",2,"2026-07-11","Overall","quantile","0.25",229
"Seasonal Baseline","2026-06-27",2,"2026-07-11","Overall","quantile","0.3",238
"Seasonal Baseline","2026-06-27",2,"2026-07-11","Overall","quantile","0.35",246
"Seasonal Baseline","2026-06-27",2,"2026-07-11","Overall","quantile","0.4",255
"Seasonal Baseline","2026-06-27",2,"2026-07-11","Overall","quantile","0.45",263
"Seasonal Baseline","2026-06-27",2,"2026-07-11","Overall","quantile","0.5",271
"Seasonal Baseline","2026-06-27",2,"2026-07-11","Overall","quantile","0.55",279
"Seasonal Baseline","2026-06-27",2,"2026-07-11","Overall","quantile","0.6",289
"Seasonal Baseline","2026-06-27",2,"2026-07-11","Overall","quantile","0.65",300
"Seasonal Baseline","2026-06-27",2,"2026-07-11","Overall","quantile","0.7",311
"Seasonal Baseline","2026-06-27",2,"2026-07-11","Overall","quantile","0.75",322
"Seasonal Baseline","2026-06-27",2,"2026-07-11","Overall","quantile","0.8",336
"Seasonal Baseline","2026-06-27",2,"2026-07-11","Overall","quantile","0.85",353
"Seasonal Baseline","2026-06-27",2,"2026-07-11","Overall","quantile","0.9",376
"Seasonal Baseline","2026-06-27",2,"2026-07-11","Overall","quantile","0.95",415
"Seasonal Baseline","2026-06-27",2,"2026-07-11","Overall","quantile","0.975",451
"Seasonal Baseline","2026-06-27",2,"2026-07-11","Overall","quantile","0.99",490
"Seasonal Baseline","2026-06-27",3,"2026-07-18","Overall","quantile","0.01",142
"Seasonal Baseline","2026-06-27",3,"2026-07-18","Overall","quantile","0.025",158
"Seasonal Baseline","2026-06-27",3,"2026-07-18","Overall","quantile","0.05",172
"Seasonal Baseline","2026-06-27",3,"2026-07-18","Overall","quantile","0.1",189
"Seasonal Baseline","2026-06-27",3,"2026-07-18","Overall","quantile","0.15",201
"Seasonal Baseline","2026-06-27",3,"2026-07-18","Overall","quantile","0.2",211
"Seasonal Baseline","2026-06-27",3,"2026-07-18","Overall","quantile","0.25",221
"Seasonal Baseline","2026-06-27",3,"2026-07-18","Overall","quantile","0.3",230
"Seasonal Baseline","2026-06-27",3,"2026-07-18","Overall","quantile","0.35",238
"Seasonal Baseline","2026-06-27",3,"2026-07-18","Overall","quantile","0.4",246
"Seasonal Baseline","2026-06-27",3,"2026-07-18","Overall","quantile","0.45",254
"Seasonal Baseline","2026-06-27",3,"2026-07-18","Overall","quantile","0.5",262
"Seasonal Baseline","2026-06-27",3,"2026-07-18","Overall","quantile","0.55",271
"Seasonal Baseline","2026-06-27",3,"2026-07-18","Overall","quantile","0.6",281
"Seasonal Baseline","2026-06-27",3,"2026-07-18","Overall","quantile","0.65",290
"Seasonal Baseline","2026-06-27",3,"2026-07-18","Overall","quantile","0.7",301
"Seasonal Baseline","2026-06-27",3,"2026-07-18","Overall","quantile","0.75",314
"Seasonal Baseline","2026-06-27",3,"2026-07-18","Overall","quantile","0.8",328
"Seasonal Baseline","2026-06-27",3,"2026-07-18","Overall","quantile","0.85",343
"Seasonal Baseline","2026-06-27",3,"2026-07-18","Overall","quantile","0.9",366
"Seasonal Baseline","2026-06-27",3,"2026-07-18","Overall","quantile","0.95",398
"Seasonal Baseline","2026-06-27",3,"2026-07-18","Overall","quantile","0.975",432
"Seasonal Baseline","2026-06-27",3,"2026-07-18","Overall","quantile","0.99",472
"Seasonal Baseline","2026-06-27",-2,"2026-06-13","Pediatrics","quantile","0.01",77
"Seasonal Baseline","2026-06-27",-2,"2026-06-13","Pediatrics","quantile","0.025",86
"Seasonal Baseline","2026-06-27",-2,"2026-06-13","Pediatrics","quantile","0.05",96
"Seasonal Baseline","2026-06-27",-2,"2026-06-13","Pediatrics","quantile","0.1",109
"Seasonal Baseline","2026-06-27",-2,"2026-06-13","Pediatrics","quantile","0.15",118
"Seasonal Baseline","2026-06-27",-2,"2026-06-13","Pediatrics","quantile","0.2",126
"Seasonal Baseline","2026-06-27",-2,"2026-06-13","Pediatrics","quantile","0.25",134
"Seasonal Baseline","2026-06-27",-2,"2026-06-13","Pediatrics","quantile","0.3",140
"Seasonal Baseline","2026-06-27",-2,"2026-06-13","Pediatrics","quantile","0.35",147
"Seasonal Baseline","2026-06-27",-2,"2026-06-13","Pediatrics","quantile","0.4",153
"Seasonal Baseline","2026-06-27",-2,"2026-06-13","Pediatrics","quantile","0.45",161
"Seasonal Baseline","2026-06-27",-2,"2026-06-13","Pediatrics","quantile","0.5",168
"Seasonal Baseline","2026-06-27",-2,"2026-06-13","Pediatrics","quantile","0.55",175
"Seasonal Baseline","2026-06-27",-2,"2026-06-13","Pediatrics","quantile","0.6",183
"Seasonal Baseline","2026-06-27",-2,"2026-06-13","Pediatrics","quantile","0.65",191
"Seasonal Baseline","2026-06-27",-2,"2026-06-13","Pediatrics","quantile","0.7",200
"Seasonal Baseline","2026-06-27",-2,"2026-06-13","Pediatrics","quantile","0.75",210
"Seasonal Baseline","2026-06-27",-2,"2026-06-13","Pediatrics","quantile","0.8",223
"Seasonal Baseline","2026-06-27",-2,"2026-06-13","Pediatrics","quantile","0.85",239
"Seasonal Baseline","2026-06-27",-2,"2026-06-13","Pediatrics","quantile","0.9",259
"Seasonal Baseline","2026-06-27",-2,"2026-06-13","Pediatrics","quantile","0.95",291
"Seasonal Baseline","2026-06-27",-2,"2026-06-13","Pediatrics","quantile","0.975",321
"Seasonal Baseline","2026-06-27",-2,"2026-06-13","Pediatrics","quantile","0.99",362
"Seasonal Baseline","2026-06-27",-1,"2026-06-20","Pediatrics","quantile","0.01",73
"Seasonal Baseline","2026-06-27",-1,"2026-06-20","Pediatrics","quantile","0.025",82
"Seasonal Baseline","2026-06-27",-1,"2026-06-20","Pediatrics","quantile","0.05",92
"Seasonal Baseline","2026-06-27",-1,"2026-06-20","Pediatrics","quantile","0.1",105
"Seasonal Baseline","2026-06-27",-1,"2026-06-20","Pediatrics","quantile","0.15",114
"Seasonal Baseline","2026-06-27",-1,"2026-06-20","Pediatrics","quantile","0.2",122
"Seasonal Baseline","2026-06-27",-1,"2026-06-20","Pediatrics","quantile","0.25",129
"Seasonal Baseline","2026-06-27",-1,"2026-06-20","Pediatrics","quantile","0.3",136
"Seasonal Baseline","2026-06-27",-1,"2026-06-20","Pediatrics","quantile","0.35",142
"Seasonal Baseline","2026-06-27",-1,"2026-06-20","Pediatrics","quantile","0.4",149
"Seasonal Baseline","2026-06-27",-1,"2026-06-20","Pediatrics","quantile","0.45",155
"Seasonal Baseline","2026-06-27",-1,"2026-06-20","Pediatrics","quantile","0.5",162
"Seasonal Baseline","2026-06-27",-1,"2026-06-20","Pediatrics","quantile","0.55",168
"Seasonal Baseline","2026-06-27",-1,"2026-06-20","Pediatrics","quantile","0.6",175
"Seasonal Baseline","2026-06-27",-1,"2026-06-20","Pediatrics","quantile","0.65",184
"Seasonal Baseline","2026-06-27",-1,"2026-06-20","Pediatrics","quantile","0.7",192
"Seasonal Baseline","2026-06-27",-1,"2026-06-20","Pediatrics","quantile","0.75",203
"Seasonal Baseline","2026-06-27",-1,"2026-06-20","Pediatrics","quantile","0.8",214
"Seasonal Baseline","2026-06-27",-1,"2026-06-20","Pediatrics","quantile","0.85",228
"Seasonal Baseline","2026-06-27",-1,"2026-06-20","Pediatrics","quantile","0.9",248
"Seasonal Baseline","2026-06-27",-1,"2026-06-20","Pediatrics","quantile","0.95",281
"Seasonal Baseline","2026-06-27",-1,"2026-06-20","Pediatrics","quantile","0.975",315
"Seasonal Baseline","2026-06-27",-1,"2026-06-20","Pediatrics","quantile","0.99",359
"Seasonal Baseline","2026-06-27",0,"2026-06-27","Pediatrics","quantile","0.01",67
"Seasonal Baseline","2026-06-27",0,"2026-06-27","Pediatrics","quantile","0.025",76
"Seasonal Baseline","2026-06-27",0,"2026-06-27","Pediatrics","quantile","0.05",85
"Seasonal Baseline","2026-06-27",0,"2026-06-27","Pediatrics","quantile","0.1",96
"Seasonal Baseline","2026-06-27",0,"2026-06-27","Pediatrics","quantile","0.15",105
"Seasonal Baseline","2026-06-27",0,"2026-06-27","Pediatrics","quantile","0.2",111
"Seasonal Baseline","2026-06-27",0,"2026-06-27","Pediatrics","quantile","0.25",118
"Seasonal Baseline","2026-06-27",0,"2026-06-27","Pediatrics","quantile","0.3",124
"Seasonal Baseline","2026-06-27",0,"2026-06-27","Pediatrics","quantile","0.35",130
"Seasonal Baseline","2026-06-27",0,"2026-06-27","Pediatrics","quantile","0.4",136
"Seasonal Baseline","2026-06-27",0,"2026-06-27","Pediatrics","quantile","0.45",142
"Seasonal Baseline","2026-06-27",0,"2026-06-27","Pediatrics","quantile","0.5",148
"Seasonal Baseline","2026-06-27",0,"2026-06-27","Pediatrics","quantile","0.55",155
"Seasonal Baseline","2026-06-27",0,"2026-06-27","Pediatrics","quantile","0.6",162
"Seasonal Baseline","2026-06-27",0,"2026-06-27","Pediatrics","quantile","0.65",169
"Seasonal Baseline","2026-06-27",0,"2026-06-27","Pediatrics","quantile","0.7",177
"Seasonal Baseline","2026-06-27",0,"2026-06-27","Pediatrics","quantile","0.75",186
"Seasonal Baseline","2026-06-27",0,"2026-06-27","Pediatrics","quantile","0.8",197
"Seasonal Baseline","2026-06-27",0,"2026-06-27","Pediatrics","quantile","0.85",211
"Seasonal Baseline","2026-06-27",0,"2026-06-27","Pediatrics","quantile","0.9",228
"Seasonal Baseline","2026-06-27",0,"2026-06-27","Pediatrics","quantile","0.95",259
"Seasonal Baseline","2026-06-27",0,"2026-06-27","Pediatrics","quantile","0.975",287
"Seasonal Baseline","2026-06-27",0,"2026-06-27","Pediatrics","quantile","0.99",319
"Seasonal Baseline","2026-06-27",1,"2026-07-04","Pediatrics","quantile","0.01",60
"Seasonal Baseline","2026-06-27",1,"2026-07-04","Pediatrics","quantile","0.025",67
"Seasonal Baseline","2026-06-27",1,"2026-07-04","Pediatrics","quantile","0.05",76
"Seasonal Baseline","2026-06-27",1,"2026-07-04","Pediatrics","quantile","0.1",85
"Seasonal Baseline","2026-06-27",1,"2026-07-04","Pediatrics","quantile","0.15",93
"Seasonal Baseline","2026-06-27",1,"2026-07-04","Pediatrics","quantile","0.2",99
"Seasonal Baseline","2026-06-27",1,"2026-07-04","Pediatrics","quantile","0.25",105
"Seasonal Baseline","2026-06-27",1,"2026-07-04","Pediatrics","quantile","0.3",111
"Seasonal Baseline","2026-06-27",1,"2026-07-04","Pediatrics","quantile","0.35",116
"Seasonal Baseline","2026-06-27",1,"2026-07-04","Pediatrics","quantile","0.4",121
"Seasonal Baseline","2026-06-27",1,"2026-07-04","Pediatrics","quantile","0.45",127
"Seasonal Baseline","2026-06-27",1,"2026-07-04","Pediatrics","quantile","0.5",132
"Seasonal Baseline","2026-06-27",1,"2026-07-04","Pediatrics","quantile","0.55",138
"Seasonal Baseline","2026-06-27",1,"2026-07-04","Pediatrics","quantile","0.6",145
"Seasonal Baseline","2026-06-27",1,"2026-07-04","Pediatrics","quantile","0.65",151
"Seasonal Baseline","2026-06-27",1,"2026-07-04","Pediatrics","quantile","0.7",158
"Seasonal Baseline","2026-06-27",1,"2026-07-04","Pediatrics","quantile","0.75",166
"Seasonal Baseline","2026-06-27",1,"2026-07-04","Pediatrics","quantile","0.8",176
"Seasonal Baseline","2026-06-27",1,"2026-07-04","Pediatrics","quantile","0.85",188
"Seasonal Baseline","2026-06-27",1,"2026-07-04","Pediatrics","quantile","0.9",205
"Seasonal Baseline","2026-06-27",1,"2026-07-04","Pediatrics","quantile","0.95",232
"Seasonal Baseline","2026-06-27",1,"2026-07-04","Pediatrics","quantile","0.975",257
"Seasonal Baseline","2026-06-27",1,"2026-07-04","Pediatrics","quantile","0.99",293
"Seasonal Baseline","2026-06-27",2,"2026-07-11","Pediatrics","quantile","0.01",54
"Seasonal Baseline","2026-06-27",2,"2026-07-11","Pediatrics","quantile","0.025",61
"Seasonal Baseline","2026-06-27",2,"2026-07-11","Pediatrics","quantile","0.05",68
"Seasonal Baseline","2026-06-27",2,"2026-07-11","Pediatrics","quantile","0.1",76
"Seasonal Baseline","2026-06-27",2,"2026-07-11","Pediatrics","quantile","0.15",83
"Seasonal Baseline","2026-06-27",2,"2026-07-11","Pediatrics","quantile","0.2",89
"Seasonal Baseline","2026-06-27",2,"2026-07-11","Pediatrics","quantile","0.25",95
"Seasonal Baseline","2026-06-27",2,"2026-07-11","Pediatrics","quantile","0.3",100
"Seasonal Baseline","2026-06-27",2,"2026-07-11","Pediatrics","quantile","0.35",104
"Seasonal Baseline","2026-06-27",2,"2026-07-11","Pediatrics","quantile","0.4",109
"Seasonal Baseline","2026-06-27",2,"2026-07-11","Pediatrics","quantile","0.45",114
"Seasonal Baseline","2026-06-27",2,"2026-07-11","Pediatrics","quantile","0.5",119
"Seasonal Baseline","2026-06-27",2,"2026-07-11","Pediatrics","quantile","0.55",124
"Seasonal Baseline","2026-06-27",2,"2026-07-11","Pediatrics","quantile","0.6",129
"Seasonal Baseline","2026-06-27",2,"2026-07-11","Pediatrics","quantile","0.65",135
"Seasonal Baseline","2026-06-27",2,"2026-07-11","Pediatrics","quantile","0.7",141
"Seasonal Baseline","2026-06-27",2,"2026-07-11","Pediatrics","quantile","0.75",148
"Seasonal Baseline","2026-06-27",2,"2026-07-11","Pediatrics","quantile","0.8",158
"Seasonal Baseline","2026-06-27",2,"2026-07-11","Pediatrics","quantile","0.85",168
"Seasonal Baseline","2026-06-27",2,"2026-07-11","Pediatrics","quantile","0.9",182
"Seasonal Baseline","2026-06-27",2,"2026-07-11","Pediatrics","quantile","0.95",206
"Seasonal Baseline","2026-06-27",2,"2026-07-11","Pediatrics","quantile","0.975",230
"Seasonal Baseline","2026-06-27",2,"2026-07-11","Pediatrics","quantile","0.99",260
"Seasonal Baseline","2026-06-27",3,"2026-07-18","Pediatrics","quantile","0.01",50
"Seasonal Baseline","2026-06-27",3,"2026-07-18","Pediatrics","quantile","0.025",57
"Seasonal Baseline","2026-06-27",3,"2026-07-18","Pediatrics","quantile","0.05",64
"Seasonal Baseline","2026-06-27",3,"2026-07-18","Pediatrics","quantile","0.1",72
"Seasonal Baseline","2026-06-27",3,"2026-07-18","Pediatrics","quantile","0.15",78
"Seasonal Baseline","2026-06-27",3,"2026-07-18","Pediatrics","quantile","0.2",84
"Seasonal Baseline","2026-06-27",3,"2026-07-18","Pediatrics","quantile","0.25",88
"Seasonal Baseline","2026-06-27",3,"2026-07-18","Pediatrics","quantile","0.3",93
"Seasonal Baseline","2026-06-27",3,"2026-07-18","Pediatrics","quantile","0.35",97
"Seasonal Baseline","2026-06-27",3,"2026-07-18","Pediatrics","quantile","0.4",102
"Seasonal Baseline","2026-06-27",3,"2026-07-18","Pediatrics","quantile","0.45",106
"Seasonal Baseline","2026-06-27",3,"2026-07-18","Pediatrics","quantile","0.5",111
"Seasonal Baseline","2026-06-27",3,"2026-07-18","Pediatrics","quantile","0.55",116
"Seasonal Baseline","2026-06-27",3,"2026-07-18","Pediatrics","quantile","0.6",121
"Seasonal Baseline","2026-06-27",3,"2026-07-18","Pediatrics","quantile","0.65",126
"Seasonal Baseline","2026-06-27",3,"2026-07-18","Pediatrics","quantile","0.7",132
"Seasonal Baseline","2026-06-27",3,"2026-07-18","Pediatrics","quantile","0.75",139
"Seasonal Baseline","2026-06-27",3,"2026-07-18","Pediatrics","quantile","0.8",147
"Seasonal Baseline","2026-06-27",3,"2026-07-18","Pediatrics","quantile","0.85",157
"Seasonal Baseline","2026-06-27",3,"2026-07-18","Pediatrics","quantile","0.9",170
"Seasonal Baseline","2026-06-27",3,"2026-07-18","Pediatrics","quantile","0.95",190
"Seasonal Baseline","2026-06-27",3,"2026-07-18","Pediatrics","quantile","0.975",213
"Seasonal Baseline","2026-06-27",3,"2026-07-18","Pediatrics","quantile","0.99",244
"Opt Baseline","2026-06-27",-2,"2026-06-13","Adults","quantile","0.01",134
"Opt Baseline","2026-06-27",-2,"2026-06-13","Adults","quantile","0.025",135
"Opt Baseline","2026-06-27",-2,"2026-06-13","Adults","quantile","0.05",137
"Opt Baseline","2026-06-27",-2,"2026-06-13","Adults","quantile","0.1",145
"Opt Baseline","2026-06-27",-2,"2026-06-13","Adults","quantile","0.15",152
"Opt Baseline","2026-06-27",-2,"2026-06-13","Adults","quantile","0.2",153
"Opt Baseline","2026-06-27",-2,"2026-06-13","Adults","quantile","0.25",156
"Opt Baseline","2026-06-27",-2,"2026-06-13","Adults","quantile","0.3",160
"Opt Baseline","2026-06-27",-2,"2026-06-13","Adults","quantile","0.35",162
"Opt Baseline","2026-06-27",-2,"2026-06-13","Adults","quantile","0.4",163
"Opt Baseline","2026-06-27",-2,"2026-06-13","Adults","quantile","0.45",166
"Opt Baseline","2026-06-27",-2,"2026-06-13","Adults","quantile","0.5",169
"Opt Baseline","2026-06-27",-2,"2026-06-13","Adults","quantile","0.55",172
"Opt Baseline","2026-06-27",-2,"2026-06-13","Adults","quantile","0.6",176
"Opt Baseline","2026-06-27",-2,"2026-06-13","Adults","quantile","0.65",176
"Opt Baseline","2026-06-27",-2,"2026-06-13","Adults","quantile","0.7",179
"Opt Baseline","2026-06-27",-2,"2026-06-13","Adults","quantile","0.75",182
"Opt Baseline","2026-06-27",-2,"2026-06-13","Adults","quantile","0.8",186
"Opt Baseline","2026-06-27",-2,"2026-06-13","Adults","quantile","0.85",187
"Opt Baseline","2026-06-27",-2,"2026-06-13","Adults","quantile","0.9",195
"Opt Baseline","2026-06-27",-2,"2026-06-13","Adults","quantile","0.95",204
"Opt Baseline","2026-06-27",-2,"2026-06-13","Adults","quantile","0.975",207
"Opt Baseline","2026-06-27",-2,"2026-06-13","Adults","quantile","0.99",208
"Opt Baseline","2026-06-27",-1,"2026-06-20","Adults","quantile","0.01",115
"Opt Baseline","2026-06-27",-1,"2026-06-20","Adults","quantile","0.025",122
"Opt Baseline","2026-06-27",-1,"2026-06-20","Adults","quantile","0.05",128
"Opt Baseline","2026-06-27",-1,"2026-06-20","Adults","quantile","0.1",137
"Opt Baseline","2026-06-27",-1,"2026-06-20","Adults","quantile","0.15",143
"Opt Baseline","2026-06-27",-1,"2026-06-20","Adults","quantile","0.2",147
"Opt Baseline","2026-06-27",-1,"2026-06-20","Adults","quantile","0.25",151
"Opt Baseline","2026-06-27",-1,"2026-06-20","Adults","quantile","0.3",155
"Opt Baseline","2026-06-27",-1,"2026-06-20","Adults","quantile","0.35",159
"Opt Baseline","2026-06-27",-1,"2026-06-20","Adults","quantile","0.4",162
"Opt Baseline","2026-06-27",-1,"2026-06-20","Adults","quantile","0.45",166
"Opt Baseline","2026-06-27",-1,"2026-06-20","Adults","quantile","0.5",169
"Opt Baseline","2026-06-27",-1,"2026-06-20","Adults","quantile","0.55",172
"Opt Baseline","2026-06-27",-1,"2026-06-20","Adults","quantile","0.6",176
"Opt Baseline","2026-06-27",-1,"2026-06-20","Adults","quantile","0.65",179
"Opt Baseline","2026-06-27",-1,"2026-06-20","Adults","quantile","0.7",183
"Opt Baseline","2026-06-27",-1,"2026-06-20","Adults","quantile","0.75",188
"Opt Baseline","2026-06-27",-1,"2026-06-20","Adults","quantile","0.8",193
"Opt Baseline","2026-06-27",-1,"2026-06-20","Adults","quantile","0.85",198
"Opt Baseline","2026-06-27",-1,"2026-06-20","Adults","quantile","0.9",204
"Opt Baseline","2026-06-27",-1,"2026-06-20","Adults","quantile","0.95",214
"Opt Baseline","2026-06-27",-1,"2026-06-20","Adults","quantile","0.975",223
"Opt Baseline","2026-06-27",-1,"2026-06-20","Adults","quantile","0.99",232
"Opt Baseline","2026-06-27",0,"2026-06-27","Adults","quantile","0.01",104
"Opt Baseline","2026-06-27",0,"2026-06-27","Adults","quantile","0.025",113
"Opt Baseline","2026-06-27",0,"2026-06-27","Adults","quantile","0.05",120
"Opt Baseline","2026-06-27",0,"2026-06-27","Adults","quantile","0.1",130
"Opt Baseline","2026-06-27",0,"2026-06-27","Adults","quantile","0.15",137
"Opt Baseline","2026-06-27",0,"2026-06-27","Adults","quantile","0.2",142
"Opt Baseline","2026-06-27",0,"2026-06-27","Adults","quantile","0.25",148
"Opt Baseline","2026-06-27",0,"2026-06-27","Adults","quantile","0.3",152
"Opt Baseline","2026-06-27",0,"2026-06-27","Adults","quantile","0.35",157
"Opt Baseline","2026-06-27",0,"2026-06-27","Adults","quantile","0.4",161
"Opt Baseline","2026-06-27",0,"2026-06-27","Adults","quantile","0.45",165
"Opt Baseline","2026-06-27",0,"2026-06-27","Adults","quantile","0.5",169
"Opt Baseline","2026-06-27",0,"2026-06-27","Adults","quantile","0.55",173
"Opt Baseline","2026-06-27",0,"2026-06-27","Adults","quantile","0.6",177
"Opt Baseline","2026-06-27",0,"2026-06-27","Adults","quantile","0.65",182
"Opt Baseline","2026-06-27",0,"2026-06-27","Adults","quantile","0.7",187
"Opt Baseline","2026-06-27",0,"2026-06-27","Adults","quantile","0.75",192
"Opt Baseline","2026-06-27",0,"2026-06-27","Adults","quantile","0.8",197
"Opt Baseline","2026-06-27",0,"2026-06-27","Adults","quantile","0.85",204
"Opt Baseline","2026-06-27",0,"2026-06-27","Adults","quantile","0.9",212
"Opt Baseline","2026-06-27",0,"2026-06-27","Adults","quantile","0.95",224
"Opt Baseline","2026-06-27",0,"2026-06-27","Adults","quantile","0.975",237
"Opt Baseline","2026-06-27",0,"2026-06-27","Adults","quantile","0.99",251
"Opt Baseline","2026-06-27",1,"2026-07-04","Adults","quantile","0.01",95
"Opt Baseline","2026-06-27",1,"2026-07-04","Adults","quantile","0.025",104
"Opt Baseline","2026-06-27",1,"2026-07-04","Adults","quantile","0.05",113
"Opt Baseline","2026-06-27",1,"2026-07-04","Adults","quantile","0.1",125
"Opt Baseline","2026-06-27",1,"2026-07-04","Adults","quantile","0.15",132
"Opt Baseline","2026-06-27",1,"2026-07-04","Adults","quantile","0.2",139
"Opt Baseline","2026-06-27",1,"2026-07-04","Adults","quantile","0.25",145
"Opt Baseline","2026-06-27",1,"2026-07-04","Adults","quantile","0.3",150
"Opt Baseline","2026-06-27",1,"2026-07-04","Adults","quantile","0.35",155
"Opt Baseline","2026-06-27",1,"2026-07-04","Adults","quantile","0.4",160
"Opt Baseline","2026-06-27",1,"2026-07-04","Adults","quantile","0.45",165
"Opt Baseline","2026-06-27",1,"2026-07-04","Adults","quantile","0.5",169
"Opt Baseline","2026-06-27",1,"2026-07-04","Adults","quantile","0.55",174
"Opt Baseline","2026-06-27",1,"2026-07-04","Adults","quantile","0.6",179
"Opt Baseline","2026-06-27",1,"2026-07-04","Adults","quantile","0.65",184
"Opt Baseline","2026-06-27",1,"2026-07-04","Adults","quantile","0.7",189
"Opt Baseline","2026-06-27",1,"2026-07-04","Adults","quantile","0.75",195
"Opt Baseline","2026-06-27",1,"2026-07-04","Adults","quantile","0.8",201
"Opt Baseline","2026-06-27",1,"2026-07-04","Adults","quantile","0.85",209
"Opt Baseline","2026-06-27",1,"2026-07-04","Adults","quantile","0.9",219
"Opt Baseline","2026-06-27",1,"2026-07-04","Adults","quantile","0.95",235
"Opt Baseline","2026-06-27",1,"2026-07-04","Adults","quantile","0.975",248
"Opt Baseline","2026-06-27",1,"2026-07-04","Adults","quantile","0.99",264
"Opt Baseline","2026-06-27",2,"2026-07-11","Adults","quantile","0.01",86
"Opt Baseline","2026-06-27",2,"2026-07-11","Adults","quantile","0.025",97
"Opt Baseline","2026-06-27",2,"2026-07-11","Adults","quantile","0.05",107
"Opt Baseline","2026-06-27",2,"2026-07-11","Adults","quantile","0.1",119
"Opt Baseline","2026-06-27",2,"2026-07-11","Adults","quantile","0.15",128
"Opt Baseline","2026-06-27",2,"2026-07-11","Adults","quantile","0.2",136
"Opt Baseline","2026-06-27",2,"2026-07-11","Adults","quantile","0.25",142
"Opt Baseline","2026-06-27",2,"2026-07-11","Adults","quantile","0.3",148
"Opt Baseline","2026-06-27",2,"2026-07-11","Adults","quantile","0.35",153
"Opt Baseline","2026-06-27",2,"2026-07-11","Adults","quantile","0.4",159
"Opt Baseline","2026-06-27",2,"2026-07-11","Adults","quantile","0.45",164
"Opt Baseline","2026-06-27",2,"2026-07-11","Adults","quantile","0.5",169
"Opt Baseline","2026-06-27",2,"2026-07-11","Adults","quantile","0.55",174
"Opt Baseline","2026-06-27",2,"2026-07-11","Adults","quantile","0.6",179
"Opt Baseline","2026-06-27",2,"2026-07-11","Adults","quantile","0.65",185
"Opt Baseline","2026-06-27",2,"2026-07-11","Adults","quantile","0.7",191
"Opt Baseline","2026-06-27",2,"2026-07-11","Adults","quantile","0.75",198
"Opt Baseline","2026-06-27",2,"2026-07-11","Adults","quantile","0.8",206
"Opt Baseline","2026-06-27",2,"2026-07-11","Adults","quantile","0.85",214
"Opt Baseline","2026-06-27",2,"2026-07-11","Adults","quantile","0.9",226
"Opt Baseline","2026-06-27",2,"2026-07-11","Adults","quantile","0.95",241
"Opt Baseline","2026-06-27",2,"2026-07-11","Adults","quantile","0.975",258
"Opt Baseline","2026-06-27",2,"2026-07-11","Adults","quantile","0.99",275
"Opt Baseline","2026-06-27",3,"2026-07-18","Adults","quantile","0.01",81
"Opt Baseline","2026-06-27",3,"2026-07-18","Adults","quantile","0.025",93
"Opt Baseline","2026-06-27",3,"2026-07-18","Adults","quantile","0.05",103
"Opt Baseline","2026-06-27",3,"2026-07-18","Adults","quantile","0.1",116
"Opt Baseline","2026-06-27",3,"2026-07-18","Adults","quantile","0.15",125
"Opt Baseline","2026-06-27",3,"2026-07-18","Adults","quantile","0.2",133
"Opt Baseline","2026-06-27",3,"2026-07-18","Adults","quantile","0.25",140
"Opt Baseline","2026-06-27",3,"2026-07-18","Adults","quantile","0.3",146
"Opt Baseline","2026-06-27",3,"2026-07-18","Adults","quantile","0.35",152
"Opt Baseline","2026-06-27",3,"2026-07-18","Adults","quantile","0.4",158
"Opt Baseline","2026-06-27",3,"2026-07-18","Adults","quantile","0.45",164
"Opt Baseline","2026-06-27",3,"2026-07-18","Adults","quantile","0.5",169
"Opt Baseline","2026-06-27",3,"2026-07-18","Adults","quantile","0.55",175
"Opt Baseline","2026-06-27",3,"2026-07-18","Adults","quantile","0.6",181
"Opt Baseline","2026-06-27",3,"2026-07-18","Adults","quantile","0.65",187
"Opt Baseline","2026-06-27",3,"2026-07-18","Adults","quantile","0.7",194
"Opt Baseline","2026-06-27",3,"2026-07-18","Adults","quantile","0.75",201
"Opt Baseline","2026-06-27",3,"2026-07-18","Adults","quantile","0.8",209
"Opt Baseline","2026-06-27",3,"2026-07-18","Adults","quantile","0.85",219
"Opt Baseline","2026-06-27",3,"2026-07-18","Adults","quantile","0.9",231
"Opt Baseline","2026-06-27",3,"2026-07-18","Adults","quantile","0.95",250
"Opt Baseline","2026-06-27",3,"2026-07-18","Adults","quantile","0.975",268
"Opt Baseline","2026-06-27",3,"2026-07-18","Adults","quantile","0.99",285
"Opt Baseline","2026-06-27",-2,"2026-06-13","Overall","quantile","0.01",224
"Opt Baseline","2026-06-27",-2,"2026-06-13","Overall","quantile","0.025",225
"Opt Baseline","2026-06-27",-2,"2026-06-13","Overall","quantile","0.05",226
"Opt Baseline","2026-06-27",-2,"2026-06-13","Overall","quantile","0.1",236
"Opt Baseline","2026-06-27",-2,"2026-06-13","Overall","quantile","0.15",249
"Opt Baseline","2026-06-27",-2,"2026-06-13","Overall","quantile","0.2",257
"Opt Baseline","2026-06-27",-2,"2026-06-13","Overall","quantile","0.25",266
"Opt Baseline","2026-06-27",-2,"2026-06-13","Overall","quantile","0.3",276
"Opt Baseline","2026-06-27",-2,"2026-06-13","Overall","quantile","0.35",284
"Opt Baseline","2026-06-27",-2,"2026-06-13","Overall","quantile","0.4",285
"Opt Baseline","2026-06-27",-2,"2026-06-13","Overall","quantile","0.45",286
"Opt Baseline","2026-06-27",-2,"2026-06-13","Overall","quantile","0.5",289
"Opt Baseline","2026-06-27",-2,"2026-06-13","Overall","quantile","0.55",292
"Opt Baseline","2026-06-27",-2,"2026-06-13","Overall","quantile","0.6",293
"Opt Baseline","2026-06-27",-2,"2026-06-13","Overall","quantile","0.65",294
"Opt Baseline","2026-06-27",-2,"2026-06-13","Overall","quantile","0.7",302
"Opt Baseline","2026-06-27",-2,"2026-06-13","Overall","quantile","0.75",313
"Opt Baseline","2026-06-27",-2,"2026-06-13","Overall","quantile","0.8",323
"Opt Baseline","2026-06-27",-2,"2026-06-13","Overall","quantile","0.85",332
"Opt Baseline","2026-06-27",-2,"2026-06-13","Overall","quantile","0.9",347
"Opt Baseline","2026-06-27",-2,"2026-06-13","Overall","quantile","0.95",360
"Opt Baseline","2026-06-27",-2,"2026-06-13","Overall","quantile","0.975",361
"Opt Baseline","2026-06-27",-2,"2026-06-13","Overall","quantile","0.99",362
"Opt Baseline","2026-06-27",-1,"2026-06-20","Overall","quantile","0.01",182
"Opt Baseline","2026-06-27",-1,"2026-06-20","Overall","quantile","0.025",196
"Opt Baseline","2026-06-27",-1,"2026-06-20","Overall","quantile","0.05",212
"Opt Baseline","2026-06-27",-1,"2026-06-20","Overall","quantile","0.1",227
"Opt Baseline","2026-06-27",-1,"2026-06-20","Overall","quantile","0.15",235
"Opt Baseline","2026-06-27",-1,"2026-06-20","Overall","quantile","0.2",246
"Opt Baseline","2026-06-27",-1,"2026-06-20","Overall","quantile","0.25",254
"Opt Baseline","2026-06-27",-1,"2026-06-20","Overall","quantile","0.3",262
"Opt Baseline","2026-06-27",-1,"2026-06-20","Overall","quantile","0.35",270
"Opt Baseline","2026-06-27",-1,"2026-06-20","Overall","quantile","0.4",278
"Opt Baseline","2026-06-27",-1,"2026-06-20","Overall","quantile","0.45",284
"Opt Baseline","2026-06-27",-1,"2026-06-20","Overall","quantile","0.5",289
"Opt Baseline","2026-06-27",-1,"2026-06-20","Overall","quantile","0.55",294
"Opt Baseline","2026-06-27",-1,"2026-06-20","Overall","quantile","0.6",299
"Opt Baseline","2026-06-27",-1,"2026-06-20","Overall","quantile","0.65",308
"Opt Baseline","2026-06-27",-1,"2026-06-20","Overall","quantile","0.7",318
"Opt Baseline","2026-06-27",-1,"2026-06-20","Overall","quantile","0.75",327
"Opt Baseline","2026-06-27",-1,"2026-06-20","Overall","quantile","0.8",336
"Opt Baseline","2026-06-27",-1,"2026-06-20","Overall","quantile","0.85",349
"Opt Baseline","2026-06-27",-1,"2026-06-20","Overall","quantile","0.9",359
"Opt Baseline","2026-06-27",-1,"2026-06-20","Overall","quantile","0.95",375
"Opt Baseline","2026-06-27",-1,"2026-06-20","Overall","quantile","0.975",397
"Opt Baseline","2026-06-27",-1,"2026-06-20","Overall","quantile","0.99",422
"Opt Baseline","2026-06-27",0,"2026-06-27","Overall","quantile","0.01",164
"Opt Baseline","2026-06-27",0,"2026-06-27","Overall","quantile","0.025",178
"Opt Baseline","2026-06-27",0,"2026-06-27","Overall","quantile","0.05",194
"Opt Baseline","2026-06-27",0,"2026-06-27","Overall","quantile","0.1",214
"Opt Baseline","2026-06-27",0,"2026-06-27","Overall","quantile","0.15",227
"Opt Baseline","2026-06-27",0,"2026-06-27","Overall","quantile","0.2",237
"Opt Baseline","2026-06-27",0,"2026-06-27","Overall","quantile","0.25",248
"Opt Baseline","2026-06-27",0,"2026-06-27","Overall","quantile","0.3",257
"Opt Baseline","2026-06-27",0,"2026-06-27","Overall","quantile","0.35",266
"Opt Baseline","2026-06-27",0,"2026-06-27","Overall","quantile","0.4",274
"Opt Baseline","2026-06-27",0,"2026-06-27","Overall","quantile","0.45",283
"Opt Baseline","2026-06-27",0,"2026-06-27","Overall","quantile","0.5",289
"Opt Baseline","2026-06-27",0,"2026-06-27","Overall","quantile","0.55",296
"Opt Baseline","2026-06-27",0,"2026-06-27","Overall","quantile","0.6",305
"Opt Baseline","2026-06-27",0,"2026-06-27","Overall","quantile","0.65",314
"Opt Baseline","2026-06-27",0,"2026-06-27","Overall","quantile","0.7",325
"Opt Baseline","2026-06-27",0,"2026-06-27","Overall","quantile","0.75",335
"Opt Baseline","2026-06-27",0,"2026-06-27","Overall","quantile","0.8",347
"Opt Baseline","2026-06-27",0,"2026-06-27","Overall","quantile","0.85",360
"Opt Baseline","2026-06-27",0,"2026-06-27","Overall","quantile","0.9",376
"Opt Baseline","2026-06-27",0,"2026-06-27","Overall","quantile","0.95",403
"Opt Baseline","2026-06-27",0,"2026-06-27","Overall","quantile","0.975",429
"Opt Baseline","2026-06-27",0,"2026-06-27","Overall","quantile","0.99",447
"Opt Baseline","2026-06-27",1,"2026-07-04","Overall","quantile","0.01",144
"Opt Baseline","2026-06-27",1,"2026-07-04","Overall","quantile","0.025",164
"Opt Baseline","2026-06-27",1,"2026-07-04","Overall","quantile","0.05",179
"Opt Baseline","2026-06-27",1,"2026-07-04","Overall","quantile","0.1",202
"Opt Baseline","2026-06-27",1,"2026-07-04","Overall","quantile","0.15",218
"Opt Baseline","2026-06-27",1,"2026-07-04","Overall","quantile","0.2",230
"Opt Baseline","2026-06-27",1,"2026-07-04","Overall","quantile","0.25",241
"Opt Baseline","2026-06-27",1,"2026-07-04","Overall","quantile","0.3",252
"Opt Baseline","2026-06-27",1,"2026-07-04","Overall","quantile","0.35",261
"Opt Baseline","2026-06-27",1,"2026-07-04","Overall","quantile","0.4",271
"Opt Baseline","2026-06-27",1,"2026-07-04","Overall","quantile","0.45",281
"Opt Baseline","2026-06-27",1,"2026-07-04","Overall","quantile","0.5",289
"Opt Baseline","2026-06-27",1,"2026-07-04","Overall","quantile","0.55",298
"Opt Baseline","2026-06-27",1,"2026-07-04","Overall","quantile","0.6",308
"Opt Baseline","2026-06-27",1,"2026-07-04","Overall","quantile","0.65",318
"Opt Baseline","2026-06-27",1,"2026-07-04","Overall","quantile","0.7",329
"Opt Baseline","2026-06-27",1,"2026-07-04","Overall","quantile","0.75",341
"Opt Baseline","2026-06-27",1,"2026-07-04","Overall","quantile","0.8",355
"Opt Baseline","2026-06-27",1,"2026-07-04","Overall","quantile","0.85",370
"Opt Baseline","2026-06-27",1,"2026-07-04","Overall","quantile","0.9",390
"Opt Baseline","2026-06-27",1,"2026-07-04","Overall","quantile","0.95",423
"Opt Baseline","2026-06-27",1,"2026-07-04","Overall","quantile","0.975",446
"Opt Baseline","2026-06-27",1,"2026-07-04","Overall","quantile","0.99",481
"Opt Baseline","2026-06-27",2,"2026-07-11","Overall","quantile","0.01",130
"Opt Baseline","2026-06-27",2,"2026-07-11","Overall","quantile","0.025",149
"Opt Baseline","2026-06-27",2,"2026-07-11","Overall","quantile","0.05",170
"Opt Baseline","2026-06-27",2,"2026-07-11","Overall","quantile","0.1",192
"Opt Baseline","2026-06-27",2,"2026-07-11","Overall","quantile","0.15",210
"Opt Baseline","2026-06-27",2,"2026-07-11","Overall","quantile","0.2",224
"Opt Baseline","2026-06-27",2,"2026-07-11","Overall","quantile","0.25",236
"Opt Baseline","2026-06-27",2,"2026-07-11","Overall","quantile","0.3",248
"Opt Baseline","2026-06-27",2,"2026-07-11","Overall","quantile","0.35",258
"Opt Baseline","2026-06-27",2,"2026-07-11","Overall","quantile","0.4",269
"Opt Baseline","2026-06-27",2,"2026-07-11","Overall","quantile","0.45",279
"Opt Baseline","2026-06-27",2,"2026-07-11","Overall","quantile","0.5",289
"Opt Baseline","2026-06-27",2,"2026-07-11","Overall","quantile","0.55",299
"Opt Baseline","2026-06-27",2,"2026-07-11","Overall","quantile","0.6",311
"Opt Baseline","2026-06-27",2,"2026-07-11","Overall","quantile","0.65",322
"Opt Baseline","2026-06-27",2,"2026-07-11","Overall","quantile","0.7",334
"Opt Baseline","2026-06-27",2,"2026-07-11","Overall","quantile","0.75",348
"Opt Baseline","2026-06-27",2,"2026-07-11","Overall","quantile","0.8",362
"Opt Baseline","2026-06-27",2,"2026-07-11","Overall","quantile","0.85",380
"Opt Baseline","2026-06-27",2,"2026-07-11","Overall","quantile","0.9",402
"Opt Baseline","2026-06-27",2,"2026-07-11","Overall","quantile","0.95",438
"Opt Baseline","2026-06-27",2,"2026-07-11","Overall","quantile","0.975",468
"Opt Baseline","2026-06-27",2,"2026-07-11","Overall","quantile","0.99",509
"Opt Baseline","2026-06-27",3,"2026-07-18","Overall","quantile","0.01",117
"Opt Baseline","2026-06-27",3,"2026-07-18","Overall","quantile","0.025",139
"Opt Baseline","2026-06-27",3,"2026-07-18","Overall","quantile","0.05",158
"Opt Baseline","2026-06-27",3,"2026-07-18","Overall","quantile","0.1",185
"Opt Baseline","2026-06-27",3,"2026-07-18","Overall","quantile","0.15",202
"Opt Baseline","2026-06-27",3,"2026-07-18","Overall","quantile","0.2",218
"Opt Baseline","2026-06-27",3,"2026-07-18","Overall","quantile","0.25",232
"Opt Baseline","2026-06-27",3,"2026-07-18","Overall","quantile","0.3",244
"Opt Baseline","2026-06-27",3,"2026-07-18","Overall","quantile","0.35",255
"Opt Baseline","2026-06-27",3,"2026-07-18","Overall","quantile","0.4",267
"Opt Baseline","2026-06-27",3,"2026-07-18","Overall","quantile","0.45",277
"Opt Baseline","2026-06-27",3,"2026-07-18","Overall","quantile","0.5",289
"Opt Baseline","2026-06-27",3,"2026-07-18","Overall","quantile","0.55",300
"Opt Baseline","2026-06-27",3,"2026-07-18","Overall","quantile","0.6",312
"Opt Baseline","2026-06-27",3,"2026-07-18","Overall","quantile","0.65",325
"Opt Baseline","2026-06-27",3,"2026-07-18","Overall","quantile","0.7",338
"Opt Baseline","2026-06-27",3,"2026-07-18","Overall","quantile","0.75",353
"Opt Baseline","2026-06-27",3,"2026-07-18","Overall","quantile","0.8",370
"Opt Baseline","2026-06-27",3,"2026-07-18","Overall","quantile","0.85",390
"Opt Baseline","2026-06-27",3,"2026-07-18","Overall","quantile","0.9",416
"Opt Baseline","2026-06-27",3,"2026-07-18","Overall","quantile","0.95",453
"Opt Baseline","2026-06-27",3,"2026-07-18","Overall","quantile","0.975",490
"Opt Baseline","2026-06-27",3,"2026-07-18","Overall","quantile","0.99",535
"Opt Baseline","2026-06-27",-2,"2026-06-13","Pediatrics","quantile","0.01",89
"Opt Baseline","2026-06-27",-2,"2026-06-13","Pediatrics","quantile","0.025",89
"Opt Baseline","2026-06-27",-2,"2026-06-13","Pediatrics","quantile","0.05",89
"Opt Baseline","2026-06-27",-2,"2026-06-13","Pediatrics","quantile","0.1",90
"Opt Baseline","2026-06-27",-2,"2026-06-13","Pediatrics","quantile","0.15",94
"Opt Baseline","2026-06-27",-2,"2026-06-13","Pediatrics","quantile","0.2",105
"Opt Baseline","2026-06-27",-2,"2026-06-13","Pediatrics","quantile","0.25",109
"Opt Baseline","2026-06-27",-2,"2026-06-13","Pediatrics","quantile","0.3",114
"Opt Baseline","2026-06-27",-2,"2026-06-13","Pediatrics","quantile","0.35",118
"Opt Baseline","2026-06-27",-2,"2026-06-13","Pediatrics","quantile","0.4",119
"Opt Baseline","2026-06-27",-2,"2026-06-13","Pediatrics","quantile","0.45",119
"Opt Baseline","2026-06-27",-2,"2026-06-13","Pediatrics","quantile","0.5",120
"Opt Baseline","2026-06-27",-2,"2026-06-13","Pediatrics","quantile","0.55",121
"Opt Baseline","2026-06-27",-2,"2026-06-13","Pediatrics","quantile","0.6",121
"Opt Baseline","2026-06-27",-2,"2026-06-13","Pediatrics","quantile","0.65",122
"Opt Baseline","2026-06-27",-2,"2026-06-13","Pediatrics","quantile","0.7",126
"Opt Baseline","2026-06-27",-2,"2026-06-13","Pediatrics","quantile","0.75",132
"Opt Baseline","2026-06-27",-2,"2026-06-13","Pediatrics","quantile","0.8",136
"Opt Baseline","2026-06-27",-2,"2026-06-13","Pediatrics","quantile","0.85",149
"Opt Baseline","2026-06-27",-2,"2026-06-13","Pediatrics","quantile","0.9",154
"Opt Baseline","2026-06-27",-2,"2026-06-13","Pediatrics","quantile","0.95",155
"Opt Baseline","2026-06-27",-2,"2026-06-13","Pediatrics","quantile","0.975",156
"Opt Baseline","2026-06-27",-2,"2026-06-13","Pediatrics","quantile","0.99",156
"Opt Baseline","2026-06-27",-1,"2026-06-20","Pediatrics","quantile","0.01",63
"Opt Baseline","2026-06-27",-1,"2026-06-20","Pediatrics","quantile","0.025",68
"Opt Baseline","2026-06-27",-1,"2026-06-20","Pediatrics","quantile","0.05",79
"Opt Baseline","2026-06-27",-1,"2026-06-20","Pediatrics","quantile","0.1",88
"Opt Baseline","2026-06-27",-1,"2026-06-20","Pediatrics","quantile","0.15",90
"Opt Baseline","2026-06-27",-1,"2026-06-20","Pediatrics","quantile","0.2",94
"Opt Baseline","2026-06-27",-1,"2026-06-20","Pediatrics","quantile","0.25",101
"Opt Baseline","2026-06-27",-1,"2026-06-20","Pediatrics","quantile","0.3",106
"Opt Baseline","2026-06-27",-1,"2026-06-20","Pediatrics","quantile","0.35",111
"Opt Baseline","2026-06-27",-1,"2026-06-20","Pediatrics","quantile","0.4",116
"Opt Baseline","2026-06-27",-1,"2026-06-20","Pediatrics","quantile","0.45",119
"Opt Baseline","2026-06-27",-1,"2026-06-20","Pediatrics","quantile","0.5",120
"Opt Baseline","2026-06-27",-1,"2026-06-20","Pediatrics","quantile","0.55",122
"Opt Baseline","2026-06-27",-1,"2026-06-20","Pediatrics","quantile","0.6",125
"Opt Baseline","2026-06-27",-1,"2026-06-20","Pediatrics","quantile","0.65",130
"Opt Baseline","2026-06-27",-1,"2026-06-20","Pediatrics","quantile","0.7",135
"Opt Baseline","2026-06-27",-1,"2026-06-20","Pediatrics","quantile","0.75",141
"Opt Baseline","2026-06-27",-1,"2026-06-20","Pediatrics","quantile","0.8",148
"Opt Baseline","2026-06-27",-1,"2026-06-20","Pediatrics","quantile","0.85",154
"Opt Baseline","2026-06-27",-1,"2026-06-20","Pediatrics","quantile","0.9",157
"Opt Baseline","2026-06-27",-1,"2026-06-20","Pediatrics","quantile","0.95",169
"Opt Baseline","2026-06-27",-1,"2026-06-20","Pediatrics","quantile","0.975",186
"Opt Baseline","2026-06-27",-1,"2026-06-20","Pediatrics","quantile","0.99",194
"Opt Baseline","2026-06-27",0,"2026-06-27","Pediatrics","quantile","0.01",55
"Opt Baseline","2026-06-27",0,"2026-06-27","Pediatrics","quantile","0.025",62
"Opt Baseline","2026-06-27",0,"2026-06-27","Pediatrics","quantile","0.05",67
"Opt Baseline","2026-06-27",0,"2026-06-27","Pediatrics","quantile","0.1",80
"Opt Baseline","2026-06-27",0,"2026-06-27","Pediatrics","quantile","0.15",88
"Opt Baseline","2026-06-27",0,"2026-06-27","Pediatrics","quantile","0.2",91
"Opt Baseline","2026-06-27",0,"2026-06-27","Pediatrics","quantile","0.25",97
"Opt Baseline","2026-06-27",0,"2026-06-27","Pediatrics","quantile","0.3",102
"Opt Baseline","2026-06-27",0,"2026-06-27","Pediatrics","quantile","0.35",107
"Opt Baseline","2026-06-27",0,"2026-06-27","Pediatrics","quantile","0.4",112
"Opt Baseline","2026-06-27",0,"2026-06-27","Pediatrics","quantile","0.45",117
"Opt Baseline","2026-06-27",0,"2026-06-27","Pediatrics","quantile","0.5",120
"Opt Baseline","2026-06-27",0,"2026-06-27","Pediatrics","quantile","0.55",123
"Opt Baseline","2026-06-27",0,"2026-06-27","Pediatrics","quantile","0.6",128
"Opt Baseline","2026-06-27",0,"2026-06-27","Pediatrics","quantile","0.65",133
"Opt Baseline","2026-06-27",0,"2026-06-27","Pediatrics","quantile","0.7",139
"Opt Baseline","2026-06-27",0,"2026-06-27","Pediatrics","quantile","0.75",146
"Opt Baseline","2026-06-27",0,"2026-06-27","Pediatrics","quantile","0.8",153
"Opt Baseline","2026-06-27",0,"2026-06-27","Pediatrics","quantile","0.85",157
"Opt Baseline","2026-06-27",0,"2026-06-27","Pediatrics","quantile","0.9",168
"Opt Baseline","2026-06-27",0,"2026-06-27","Pediatrics","quantile","0.95",186
"Opt Baseline","2026-06-27",0,"2026-06-27","Pediatrics","quantile","0.975",196
"Opt Baseline","2026-06-27",0,"2026-06-27","Pediatrics","quantile","0.99",210
"Opt Baseline","2026-06-27",1,"2026-07-04","Pediatrics","quantile","0.01",44
"Opt Baseline","2026-06-27",1,"2026-07-04","Pediatrics","quantile","0.025",55
"Opt Baseline","2026-06-27",1,"2026-07-04","Pediatrics","quantile","0.05",64
"Opt Baseline","2026-06-27",1,"2026-07-04","Pediatrics","quantile","0.1",74
"Opt Baseline","2026-06-27",1,"2026-07-04","Pediatrics","quantile","0.15",82
"Opt Baseline","2026-06-27",1,"2026-07-04","Pediatrics","quantile","0.2",89
"Opt Baseline","2026-06-27",1,"2026-07-04","Pediatrics","quantile","0.25",94
"Opt Baseline","2026-06-27",1,"2026-07-04","Pediatrics","quantile","0.3",100
"Opt Baseline","2026-06-27",1,"2026-07-04","Pediatrics","quantile","0.35",105
"Opt Baseline","2026-06-27",1,"2026-07-04","Pediatrics","quantile","0.4",110
"Opt Baseline","2026-06-27",1,"2026-07-04","Pediatrics","quantile","0.45",116
"Opt Baseline","2026-06-27",1,"2026-07-04","Pediatrics","quantile","0.5",120
"Opt Baseline","2026-06-27",1,"2026-07-04","Pediatrics","quantile","0.55",124
"Opt Baseline","2026-06-27",1,"2026-07-04","Pediatrics","quantile","0.6",130
"Opt Baseline","2026-06-27",1,"2026-07-04","Pediatrics","quantile","0.65",136
"Opt Baseline","2026-06-27",1,"2026-07-04","Pediatrics","quantile","0.7",142
"Opt Baseline","2026-06-27",1,"2026-07-04","Pediatrics","quantile","0.75",150
"Opt Baseline","2026-06-27",1,"2026-07-04","Pediatrics","quantile","0.8",156
"Opt Baseline","2026-06-27",1,"2026-07-04","Pediatrics","quantile","0.85",166
"Opt Baseline","2026-06-27",1,"2026-07-04","Pediatrics","quantile","0.9",178
"Opt Baseline","2026-06-27",1,"2026-07-04","Pediatrics","quantile","0.95",195
"Opt Baseline","2026-06-27",1,"2026-07-04","Pediatrics","quantile","0.975",209
"Opt Baseline","2026-06-27",1,"2026-07-04","Pediatrics","quantile","0.99",229
"Opt Baseline","2026-06-27",2,"2026-07-11","Pediatrics","quantile","0.01",40
"Opt Baseline","2026-06-27",2,"2026-07-11","Pediatrics","quantile","0.025",48
"Opt Baseline","2026-06-27",2,"2026-07-11","Pediatrics","quantile","0.05",58
"Opt Baseline","2026-06-27",2,"2026-07-11","Pediatrics","quantile","0.1",69
"Opt Baseline","2026-06-27",2,"2026-07-11","Pediatrics","quantile","0.15",78
"Opt Baseline","2026-06-27",2,"2026-07-11","Pediatrics","quantile","0.2",85
"Opt Baseline","2026-06-27",2,"2026-07-11","Pediatrics","quantile","0.25",91
"Opt Baseline","2026-06-27",2,"2026-07-11","Pediatrics","quantile","0.3",97
"Opt Baseline","2026-06-27",2,"2026-07-11","Pediatrics","quantile","0.35",103
"Opt Baseline","2026-06-27",2,"2026-07-11","Pediatrics","quantile","0.4",109
"Opt Baseline","2026-06-27",2,"2026-07-11","Pediatrics","quantile","0.45",115
"Opt Baseline","2026-06-27",2,"2026-07-11","Pediatrics","quantile","0.5",120
"Opt Baseline","2026-06-27",2,"2026-07-11","Pediatrics","quantile","0.55",125
"Opt Baseline","2026-06-27",2,"2026-07-11","Pediatrics","quantile","0.6",132
"Opt Baseline","2026-06-27",2,"2026-07-11","Pediatrics","quantile","0.65",138
"Opt Baseline","2026-06-27",2,"2026-07-11","Pediatrics","quantile","0.7",146
"Opt Baseline","2026-06-27",2,"2026-07-11","Pediatrics","quantile","0.75",153
"Opt Baseline","2026-06-27",2,"2026-07-11","Pediatrics","quantile","0.8",161
"Opt Baseline","2026-06-27",2,"2026-07-11","Pediatrics","quantile","0.85",171
"Opt Baseline","2026-06-27",2,"2026-07-11","Pediatrics","quantile","0.9",185
"Opt Baseline","2026-06-27",2,"2026-07-11","Pediatrics","quantile","0.95",204
"Opt Baseline","2026-06-27",2,"2026-07-11","Pediatrics","quantile","0.975",224
"Opt Baseline","2026-06-27",2,"2026-07-11","Pediatrics","quantile","0.99",241
"Opt Baseline","2026-06-27",3,"2026-07-18","Pediatrics","quantile","0.01",34
"Opt Baseline","2026-06-27",3,"2026-07-18","Pediatrics","quantile","0.025",44
"Opt Baseline","2026-06-27",3,"2026-07-18","Pediatrics","quantile","0.05",53
"Opt Baseline","2026-06-27",3,"2026-07-18","Pediatrics","quantile","0.1",65
"Opt Baseline","2026-06-27",3,"2026-07-18","Pediatrics","quantile","0.15",74
"Opt Baseline","2026-06-27",3,"2026-07-18","Pediatrics","quantile","0.2",82
"Opt Baseline","2026-06-27",3,"2026-07-18","Pediatrics","quantile","0.25",89
"Opt Baseline","2026-06-27",3,"2026-07-18","Pediatrics","quantile","0.3",95
"Opt Baseline","2026-06-27",3,"2026-07-18","Pediatrics","quantile","0.35",102
"Opt Baseline","2026-06-27",3,"2026-07-18","Pediatrics","quantile","0.4",108
"Opt Baseline","2026-06-27",3,"2026-07-18","Pediatrics","quantile","0.45",114
"Opt Baseline","2026-06-27",3,"2026-07-18","Pediatrics","quantile","0.5",120
"Opt Baseline","2026-06-27",3,"2026-07-18","Pediatrics","quantile","0.55",126
"Opt Baseline","2026-06-27",3,"2026-07-18","Pediatrics","quantile","0.6",133
"Opt Baseline","2026-06-27",3,"2026-07-18","Pediatrics","quantile","0.65",139
"Opt Baseline","2026-06-27",3,"2026-07-18","Pediatrics","quantile","0.7",147
"Opt Baseline","2026-06-27",3,"2026-07-18","Pediatrics","quantile","0.75",155
"Opt Baseline","2026-06-27",3,"2026-07-18","Pediatrics","quantile","0.8",165
"Opt Baseline","2026-06-27",3,"2026-07-18","Pediatrics","quantile","0.85",177
"Opt Baseline","2026-06-27",3,"2026-07-18","Pediatrics","quantile","0.9",192
"Opt Baseline","2026-06-27",3,"2026-07-18","Pediatrics","quantile","0.95",214
"Opt Baseline","2026-06-27",3,"2026-07-18","Pediatrics","quantile","0.975",235
"Opt Baseline","2026-06-27",3,"2026-07-18","Pediatrics","quantile","0.99",257
"INFLAenza","2026-06-27",-2,"2026-06-13","Adults","quantile","0.01",107
"INFLAenza","2026-06-27",-2,"2026-06-13","Adults","quantile","0.025",114
"INFLAenza","2026-06-27",-2,"2026-06-13","Adults","quantile","0.05",122
"INFLAenza","2026-06-27",-2,"2026-06-13","Adults","quantile","0.1",131
"INFLAenza","2026-06-27",-2,"2026-06-13","Adults","quantile","0.15",137
"INFLAenza","2026-06-27",-2,"2026-06-13","Adults","quantile","0.2",142
"INFLAenza","2026-06-27",-2,"2026-06-13","Adults","quantile","0.25",147
"INFLAenza","2026-06-27",-2,"2026-06-13","Adults","quantile","0.3",151
"INFLAenza","2026-06-27",-2,"2026-06-13","Adults","quantile","0.35",155
"INFLAenza","2026-06-27",-2,"2026-06-13","Adults","quantile","0.4",159
"INFLAenza","2026-06-27",-2,"2026-06-13","Adults","quantile","0.45",162
"INFLAenza","2026-06-27",-2,"2026-06-13","Adults","quantile","0.5",167
"INFLAenza","2026-06-27",-2,"2026-06-13","Adults","quantile","0.55",171
"INFLAenza","2026-06-27",-2,"2026-06-13","Adults","quantile","0.6",175
"INFLAenza","2026-06-27",-2,"2026-06-13","Adults","quantile","0.65",179
"INFLAenza","2026-06-27",-2,"2026-06-13","Adults","quantile","0.7",183
"INFLAenza","2026-06-27",-2,"2026-06-13","Adults","quantile","0.75",188
"INFLAenza","2026-06-27",-2,"2026-06-13","Adults","quantile","0.8",194
"INFLAenza","2026-06-27",-2,"2026-06-13","Adults","quantile","0.85",201
"INFLAenza","2026-06-27",-2,"2026-06-13","Adults","quantile","0.9",210
"INFLAenza","2026-06-27",-2,"2026-06-13","Adults","quantile","0.95",225
"INFLAenza","2026-06-27",-2,"2026-06-13","Adults","quantile","0.975",236
"INFLAenza","2026-06-27",-2,"2026-06-13","Adults","quantile","0.99",250
"INFLAenza","2026-06-27",-2,"2026-06-13","Overall","quantile","0.01",208
"INFLAenza","2026-06-27",-2,"2026-06-13","Overall","quantile","0.025",218
"INFLAenza","2026-06-27",-2,"2026-06-13","Overall","quantile","0.05",228
"INFLAenza","2026-06-27",-2,"2026-06-13","Overall","quantile","0.1",239
"INFLAenza","2026-06-27",-2,"2026-06-13","Overall","quantile","0.15",247
"INFLAenza","2026-06-27",-2,"2026-06-13","Overall","quantile","0.2",254
"INFLAenza","2026-06-27",-2,"2026-06-13","Overall","quantile","0.25",260
"INFLAenza","2026-06-27",-2,"2026-06-13","Overall","quantile","0.3",265
"INFLAenza","2026-06-27",-2,"2026-06-13","Overall","quantile","0.35",271
"INFLAenza","2026-06-27",-2,"2026-06-13","Overall","quantile","0.4",276
"INFLAenza","2026-06-27",-2,"2026-06-13","Overall","quantile","0.45",280
"INFLAenza","2026-06-27",-2,"2026-06-13","Overall","quantile","0.5",285
"INFLAenza","2026-06-27",-2,"2026-06-13","Overall","quantile","0.55",290
"INFLAenza","2026-06-27",-2,"2026-06-13","Overall","quantile","0.6",295
"INFLAenza","2026-06-27",-2,"2026-06-13","Overall","quantile","0.65",300
"INFLAenza","2026-06-27",-2,"2026-06-13","Overall","quantile","0.7",305
"INFLAenza","2026-06-27",-2,"2026-06-13","Overall","quantile","0.75",311
"INFLAenza","2026-06-27",-2,"2026-06-13","Overall","quantile","0.8",318
"INFLAenza","2026-06-27",-2,"2026-06-13","Overall","quantile","0.85",327
"INFLAenza","2026-06-27",-2,"2026-06-13","Overall","quantile","0.9",337
"INFLAenza","2026-06-27",-2,"2026-06-13","Overall","quantile","0.95",353
"INFLAenza","2026-06-27",-2,"2026-06-13","Overall","quantile","0.975",366
"INFLAenza","2026-06-27",-2,"2026-06-13","Overall","quantile","0.99",383
"INFLAenza","2026-06-27",-2,"2026-06-13","Pediatrics","quantile","0.01",72
"INFLAenza","2026-06-27",-2,"2026-06-13","Pediatrics","quantile","0.025",78
"INFLAenza","2026-06-27",-2,"2026-06-13","Pediatrics","quantile","0.05",83
"INFLAenza","2026-06-27",-2,"2026-06-13","Pediatrics","quantile","0.1",90
"INFLAenza","2026-06-27",-2,"2026-06-13","Pediatrics","quantile","0.15",94
"INFLAenza","2026-06-27",-2,"2026-06-13","Pediatrics","quantile","0.2",98
"INFLAenza","2026-06-27",-2,"2026-06-13","Pediatrics","quantile","0.25",102
"INFLAenza","2026-06-27",-2,"2026-06-13","Pediatrics","quantile","0.3",105
"INFLAenza","2026-06-27",-2,"2026-06-13","Pediatrics","quantile","0.35",109
"INFLAenza","2026-06-27",-2,"2026-06-13","Pediatrics","quantile","0.4",111
"INFLAenza","2026-06-27",-2,"2026-06-13","Pediatrics","quantile","0.45",114
"INFLAenza","2026-06-27",-2,"2026-06-13","Pediatrics","quantile","0.5",117
"INFLAenza","2026-06-27",-2,"2026-06-13","Pediatrics","quantile","0.55",119
"INFLAenza","2026-06-27",-2,"2026-06-13","Pediatrics","quantile","0.6",122
"INFLAenza","2026-06-27",-2,"2026-06-13","Pediatrics","quantile","0.65",125
"INFLAenza","2026-06-27",-2,"2026-06-13","Pediatrics","quantile","0.7",129
"INFLAenza","2026-06-27",-2,"2026-06-13","Pediatrics","quantile","0.75",133
"INFLAenza","2026-06-27",-2,"2026-06-13","Pediatrics","quantile","0.8",137
"INFLAenza","2026-06-27",-2,"2026-06-13","Pediatrics","quantile","0.85",142
"INFLAenza","2026-06-27",-2,"2026-06-13","Pediatrics","quantile","0.9",148
"INFLAenza","2026-06-27",-2,"2026-06-13","Pediatrics","quantile","0.95",158
"INFLAenza","2026-06-27",-2,"2026-06-13","Pediatrics","quantile","0.975",167
"INFLAenza","2026-06-27",-2,"2026-06-13","Pediatrics","quantile","0.99",180
"INFLAenza","2026-06-27",-1,"2026-06-20","Adults","quantile","0.01",92
"INFLAenza","2026-06-27",-1,"2026-06-20","Adults","quantile","0.025",103
"INFLAenza","2026-06-27",-1,"2026-06-20","Adults","quantile","0.05",112
"INFLAenza","2026-06-27",-1,"2026-06-20","Adults","quantile","0.1",121
"INFLAenza","2026-06-27",-1,"2026-06-20","Adults","quantile","0.15",129
"INFLAenza","2026-06-27",-1,"2026-06-20","Adults","quantile","0.2",135
"INFLAenza","2026-06-27",-1,"2026-06-20","Adults","quantile","0.25",140
"INFLAenza","2026-06-27",-1,"2026-06-20","Adults","quantile","0.3",145
"INFLAenza","2026-06-27",-1,"2026-06-20","Adults","quantile","0.35",150
"INFLAenza","2026-06-27",-1,"2026-06-20","Adults","quantile","0.4",155
"INFLAenza","2026-06-27",-1,"2026-06-20","Adults","quantile","0.45",160
"INFLAenza","2026-06-27",-1,"2026-06-20","Adults","quantile","0.5",164
"INFLAenza","2026-06-27",-1,"2026-06-20","Adults","quantile","0.55",169
"INFLAenza","2026-06-27",-1,"2026-06-20","Adults","quantile","0.6",173
"INFLAenza","2026-06-27",-1,"2026-06-20","Adults","quantile","0.65",179
"INFLAenza","2026-06-27",-1,"2026-06-20","Adults","quantile","0.7",184
"INFLAenza","2026-06-27",-1,"2026-06-20","Adults","quantile","0.75",191
"INFLAenza","2026-06-27",-1,"2026-06-20","Adults","quantile","0.8",198
"INFLAenza","2026-06-27",-1,"2026-06-20","Adults","quantile","0.85",207
"INFLAenza","2026-06-27",-1,"2026-06-20","Adults","quantile","0.9",219
"INFLAenza","2026-06-27",-1,"2026-06-20","Adults","quantile","0.95",238
"INFLAenza","2026-06-27",-1,"2026-06-20","Adults","quantile","0.975",252
"INFLAenza","2026-06-27",-1,"2026-06-20","Adults","quantile","0.99",278
"INFLAenza","2026-06-27",-1,"2026-06-20","Overall","quantile","0.01",192
"INFLAenza","2026-06-27",-1,"2026-06-20","Overall","quantile","0.025",203
"INFLAenza","2026-06-27",-1,"2026-06-20","Overall","quantile","0.05",214
"INFLAenza","2026-06-27",-1,"2026-06-20","Overall","quantile","0.1",227
"INFLAenza","2026-06-27",-1,"2026-06-20","Overall","quantile","0.15",236
"INFLAenza","2026-06-27",-1,"2026-06-20","Overall","quantile","0.2",244
"INFLAenza","2026-06-27",-1,"2026-06-20","Overall","quantile","0.25",251
"INFLAenza","2026-06-27",-1,"2026-06-20","Overall","quantile","0.3",258
"INFLAenza","2026-06-27",-1,"2026-06-20","Overall","quantile","0.35",265
"INFLAenza","2026-06-27",-1,"2026-06-20","Overall","quantile","0.4",270
"INFLAenza","2026-06-27",-1,"2026-06-20","Overall","quantile","0.45",276
"INFLAenza","2026-06-27",-1,"2026-06-20","Overall","quantile","0.5",281
"INFLAenza","2026-06-27",-1,"2026-06-20","Overall","quantile","0.55",287
"INFLAenza","2026-06-27",-1,"2026-06-20","Overall","quantile","0.6",293
"INFLAenza","2026-06-27",-1,"2026-06-20","Overall","quantile","0.65",300
"INFLAenza","2026-06-27",-1,"2026-06-20","Overall","quantile","0.7",306
"INFLAenza","2026-06-27",-1,"2026-06-20","Overall","quantile","0.75",314
"INFLAenza","2026-06-27",-1,"2026-06-20","Overall","quantile","0.8",322
"INFLAenza","2026-06-27",-1,"2026-06-20","Overall","quantile","0.85",332
"INFLAenza","2026-06-27",-1,"2026-06-20","Overall","quantile","0.9",346
"INFLAenza","2026-06-27",-1,"2026-06-20","Overall","quantile","0.95",366
"INFLAenza","2026-06-27",-1,"2026-06-20","Overall","quantile","0.975",386
"INFLAenza","2026-06-27",-1,"2026-06-20","Overall","quantile","0.99",409
"INFLAenza","2026-06-27",-1,"2026-06-20","Pediatrics","quantile","0.01",63
"INFLAenza","2026-06-27",-1,"2026-06-20","Pediatrics","quantile","0.025",71
"INFLAenza","2026-06-27",-1,"2026-06-20","Pediatrics","quantile","0.05",77
"INFLAenza","2026-06-27",-1,"2026-06-20","Pediatrics","quantile","0.1",84
"INFLAenza","2026-06-27",-1,"2026-06-20","Pediatrics","quantile","0.15",89
"INFLAenza","2026-06-27",-1,"2026-06-20","Pediatrics","quantile","0.2",93
"INFLAenza","2026-06-27",-1,"2026-06-20","Pediatrics","quantile","0.25",97
"INFLAenza","2026-06-27",-1,"2026-06-20","Pediatrics","quantile","0.3",101
"INFLAenza","2026-06-27",-1,"2026-06-20","Pediatrics","quantile","0.35",104
"INFLAenza","2026-06-27",-1,"2026-06-20","Pediatrics","quantile","0.4",108
"INFLAenza","2026-06-27",-1,"2026-06-20","Pediatrics","quantile","0.45",111
"INFLAenza","2026-06-27",-1,"2026-06-20","Pediatrics","quantile","0.5",114
"INFLAenza","2026-06-27",-1,"2026-06-20","Pediatrics","quantile","0.55",118
"INFLAenza","2026-06-27",-1,"2026-06-20","Pediatrics","quantile","0.6",122
"INFLAenza","2026-06-27",-1,"2026-06-20","Pediatrics","quantile","0.65",125
"INFLAenza","2026-06-27",-1,"2026-06-20","Pediatrics","quantile","0.7",129
"INFLAenza","2026-06-27",-1,"2026-06-20","Pediatrics","quantile","0.75",133
"INFLAenza","2026-06-27",-1,"2026-06-20","Pediatrics","quantile","0.8",139
"INFLAenza","2026-06-27",-1,"2026-06-20","Pediatrics","quantile","0.85",146
"INFLAenza","2026-06-27",-1,"2026-06-20","Pediatrics","quantile","0.9",153
"INFLAenza","2026-06-27",-1,"2026-06-20","Pediatrics","quantile","0.95",166
"INFLAenza","2026-06-27",-1,"2026-06-20","Pediatrics","quantile","0.975",179
"INFLAenza","2026-06-27",-1,"2026-06-20","Pediatrics","quantile","0.99",194
"INFLAenza","2026-06-27",0,"2026-06-27","Adults","quantile","0.01",83
"INFLAenza","2026-06-27",0,"2026-06-27","Adults","quantile","0.025",91
"INFLAenza","2026-06-27",0,"2026-06-27","Adults","quantile","0.05",100
"INFLAenza","2026-06-27",0,"2026-06-27","Adults","quantile","0.1",110
"INFLAenza","2026-06-27",0,"2026-06-27","Adults","quantile","0.15",118
"INFLAenza","2026-06-27",0,"2026-06-27","Adults","quantile","0.2",125
"INFLAenza","2026-06-27",0,"2026-06-27","Adults","quantile","0.25",130
"INFLAenza","2026-06-27",0,"2026-06-27","Adults","quantile","0.3",136
"INFLAenza","2026-06-27",0,"2026-06-27","Adults","quantile","0.35",141
"INFLAenza","2026-06-27",0,"2026-06-27","Adults","quantile","0.4",146
"INFLAenza","2026-06-27",0,"2026-06-27","Adults","quantile","0.45",151
"INFLAenza","2026-06-27",0,"2026-06-27","Adults","quantile","0.5",156
"INFLAenza","2026-06-27",0,"2026-06-27","Adults","quantile","0.55",161
"INFLAenza","2026-06-27",0,"2026-06-27","Adults","quantile","0.6",167
"INFLAenza","2026-06-27",0,"2026-06-27","Adults","quantile","0.65",173
"INFLAenza","2026-06-27",0,"2026-06-27","Adults","quantile","0.7",179
"INFLAenza","2026-06-27",0,"2026-06-27","Adults","quantile","0.75",185
"INFLAenza","2026-06-27",0,"2026-06-27","Adults","quantile","0.8",193
"INFLAenza","2026-06-27",0,"2026-06-27","Adults","quantile","0.85",203
"INFLAenza","2026-06-27",0,"2026-06-27","Adults","quantile","0.9",217
"INFLAenza","2026-06-27",0,"2026-06-27","Adults","quantile","0.95",238
"INFLAenza","2026-06-27",0,"2026-06-27","Adults","quantile","0.975",257
"INFLAenza","2026-06-27",0,"2026-06-27","Adults","quantile","0.99",282
"INFLAenza","2026-06-27",0,"2026-06-27","Overall","quantile","0.01",174
"INFLAenza","2026-06-27",0,"2026-06-27","Overall","quantile","0.025",186
"INFLAenza","2026-06-27",0,"2026-06-27","Overall","quantile","0.05",196
"INFLAenza","2026-06-27",0,"2026-06-27","Overall","quantile","0.1",211
"INFLAenza","2026-06-27",0,"2026-06-27","Overall","quantile","0.15",221
"INFLAenza","2026-06-27",0,"2026-06-27","Overall","quantile","0.2",229
"INFLAenza","2026-06-27",0,"2026-06-27","Overall","quantile","0.25",237
"INFLAenza","2026-06-27",0,"2026-06-27","Overall","quantile","0.3",243
"INFLAenza","2026-06-27",0,"2026-06-27","Overall","quantile","0.35",250
"INFLAenza","2026-06-27",0,"2026-06-27","Overall","quantile","0.4",257
"INFLAenza","2026-06-27",0,"2026-06-27","Overall","quantile","0.45",262
"INFLAenza","2026-06-27",0,"2026-06-27","Overall","quantile","0.5",270
"INFLAenza","2026-06-27",0,"2026-06-27","Overall","quantile","0.55",276
"INFLAenza","2026-06-27",0,"2026-06-27","Overall","quantile","0.6",283
"INFLAenza","2026-06-27",0,"2026-06-27","Overall","quantile","0.65",290
"INFLAenza","2026-06-27",0,"2026-06-27","Overall","quantile","0.7",297
"INFLAenza","2026-06-27",0,"2026-06-27","Overall","quantile","0.75",305
"INFLAenza","2026-06-27",0,"2026-06-27","Overall","quantile","0.8",314
"INFLAenza","2026-06-27",0,"2026-06-27","Overall","quantile","0.85",325
"INFLAenza","2026-06-27",0,"2026-06-27","Overall","quantile","0.9",340
"INFLAenza","2026-06-27",0,"2026-06-27","Overall","quantile","0.95",365
"INFLAenza","2026-06-27",0,"2026-06-27","Overall","quantile","0.975",384
"INFLAenza","2026-06-27",0,"2026-06-27","Overall","quantile","0.99",414
"INFLAenza","2026-06-27",0,"2026-06-27","Pediatrics","quantile","0.01",57
"INFLAenza","2026-06-27",0,"2026-06-27","Pediatrics","quantile","0.025",63
"INFLAenza","2026-06-27",0,"2026-06-27","Pediatrics","quantile","0.05",68
"INFLAenza","2026-06-27",0,"2026-06-27","Pediatrics","quantile","0.1",76
"INFLAenza","2026-06-27",0,"2026-06-27","Pediatrics","quantile","0.15",82
"INFLAenza","2026-06-27",0,"2026-06-27","Pediatrics","quantile","0.2",87
"INFLAenza","2026-06-27",0,"2026-06-27","Pediatrics","quantile","0.25",91
"INFLAenza","2026-06-27",0,"2026-06-27","Pediatrics","quantile","0.3",94
"INFLAenza","2026-06-27",0,"2026-06-27","Pediatrics","quantile","0.35",98
"INFLAenza","2026-06-27",0,"2026-06-27","Pediatrics","quantile","0.4",102
"INFLAenza","2026-06-27",0,"2026-06-27","Pediatrics","quantile","0.45",106
"INFLAenza","2026-06-27",0,"2026-06-27","Pediatrics","quantile","0.5",109
"INFLAenza","2026-06-27",0,"2026-06-27","Pediatrics","quantile","0.55",113
"INFLAenza","2026-06-27",0,"2026-06-27","Pediatrics","quantile","0.6",116
"INFLAenza","2026-06-27",0,"2026-06-27","Pediatrics","quantile","0.65",121
"INFLAenza","2026-06-27",0,"2026-06-27","Pediatrics","quantile","0.7",125
"INFLAenza","2026-06-27",0,"2026-06-27","Pediatrics","quantile","0.75",130
"INFLAenza","2026-06-27",0,"2026-06-27","Pediatrics","quantile","0.8",137
"INFLAenza","2026-06-27",0,"2026-06-27","Pediatrics","quantile","0.85",145
"INFLAenza","2026-06-27",0,"2026-06-27","Pediatrics","quantile","0.9",154
"INFLAenza","2026-06-27",0,"2026-06-27","Pediatrics","quantile","0.95",169
"INFLAenza","2026-06-27",0,"2026-06-27","Pediatrics","quantile","0.975",182
"INFLAenza","2026-06-27",0,"2026-06-27","Pediatrics","quantile","0.99",200
"INFLAenza","2026-06-27",1,"2026-07-04","Adults","quantile","0.01",73
"INFLAenza","2026-06-27",1,"2026-07-04","Adults","quantile","0.025",80
"INFLAenza","2026-06-27",1,"2026-07-04","Adults","quantile","0.05",89
"INFLAenza","2026-06-27",1,"2026-07-04","Adults","quantile","0.1",99
"INFLAenza","2026-06-27",1,"2026-07-04","Adults","quantile","0.15",106
"INFLAenza","2026-06-27",1,"2026-07-04","Adults","quantile","0.2",113
"INFLAenza","2026-06-27",1,"2026-07-04","Adults","quantile","0.25",118
"INFLAenza","2026-06-27",1,"2026-07-04","Adults","quantile","0.3",124
"INFLAenza","2026-06-27",1,"2026-07-04","Adults","quantile","0.35",129
"INFLAenza","2026-06-27",1,"2026-07-04","Adults","quantile","0.4",134
"INFLAenza","2026-06-27",1,"2026-07-04","Adults","quantile","0.45",139
"INFLAenza","2026-06-27",1,"2026-07-04","Adults","quantile","0.5",144
"INFLAenza","2026-06-27",1,"2026-07-04","Adults","quantile","0.55",150
"INFLAenza","2026-06-27",1,"2026-07-04","Adults","quantile","0.6",156
"INFLAenza","2026-06-27",1,"2026-07-04","Adults","quantile","0.65",162
"INFLAenza","2026-06-27",1,"2026-07-04","Adults","quantile","0.7",168
"INFLAenza","2026-06-27",1,"2026-07-04","Adults","quantile","0.75",176
"INFLAenza","2026-06-27",1,"2026-07-04","Adults","quantile","0.8",184
"INFLAenza","2026-06-27",1,"2026-07-04","Adults","quantile","0.85",195
"INFLAenza","2026-06-27",1,"2026-07-04","Adults","quantile","0.9",207
"INFLAenza","2026-06-27",1,"2026-07-04","Adults","quantile","0.95",230
"INFLAenza","2026-06-27",1,"2026-07-04","Adults","quantile","0.975",251
"INFLAenza","2026-06-27",1,"2026-07-04","Adults","quantile","0.99",277
"INFLAenza","2026-06-27",1,"2026-07-04","Overall","quantile","0.01",152
"INFLAenza","2026-06-27",1,"2026-07-04","Overall","quantile","0.025",165
"INFLAenza","2026-06-27",1,"2026-07-04","Overall","quantile","0.05",176
"INFLAenza","2026-06-27",1,"2026-07-04","Overall","quantile","0.1",190
"INFLAenza","2026-06-27",1,"2026-07-04","Overall","quantile","0.15",200
"INFLAenza","2026-06-27",1,"2026-07-04","Overall","quantile","0.2",208
"INFLAenza","2026-06-27",1,"2026-07-04","Overall","quantile","0.25",216
"INFLAenza","2026-06-27",1,"2026-07-04","Overall","quantile","0.3",224
"INFLAenza","2026-06-27",1,"2026-07-04","Overall","quantile","0.35",231
"INFLAenza","2026-06-27",1,"2026-07-04","Overall","quantile","0.4",237
"INFLAenza","2026-06-27",1,"2026-07-04","Overall","quantile","0.45",244
"INFLAenza","2026-06-27",1,"2026-07-04","Overall","quantile","0.5",251
"INFLAenza","2026-06-27",1,"2026-07-04","Overall","quantile","0.55",257
"INFLAenza","2026-06-27",1,"2026-07-04","Overall","quantile","0.6",263
"INFLAenza","2026-06-27",1,"2026-07-04","Overall","quantile","0.65",270
"INFLAenza","2026-06-27",1,"2026-07-04","Overall","quantile","0.7",279
"INFLAenza","2026-06-27",1,"2026-07-04","Overall","quantile","0.75",288
"INFLAenza","2026-06-27",1,"2026-07-04","Overall","quantile","0.8",298
"INFLAenza","2026-06-27",1,"2026-07-04","Overall","quantile","0.85",311
"INFLAenza","2026-06-27",1,"2026-07-04","Overall","quantile","0.9",325
"INFLAenza","2026-06-27",1,"2026-07-04","Overall","quantile","0.95",349
"INFLAenza","2026-06-27",1,"2026-07-04","Overall","quantile","0.975",373
"INFLAenza","2026-06-27",1,"2026-07-04","Overall","quantile","0.99",400
"INFLAenza","2026-06-27",1,"2026-07-04","Pediatrics","quantile","0.01",49
"INFLAenza","2026-06-27",1,"2026-07-04","Pediatrics","quantile","0.025",54
"INFLAenza","2026-06-27",1,"2026-07-04","Pediatrics","quantile","0.05",61
"INFLAenza","2026-06-27",1,"2026-07-04","Pediatrics","quantile","0.1",70
"INFLAenza","2026-06-27",1,"2026-07-04","Pediatrics","quantile","0.15",75
"INFLAenza","2026-06-27",1,"2026-07-04","Pediatrics","quantile","0.2",79
"INFLAenza","2026-06-27",1,"2026-07-04","Pediatrics","quantile","0.25",83
"INFLAenza","2026-06-27",1,"2026-07-04","Pediatrics","quantile","0.3",87
"INFLAenza","2026-06-27",1,"2026-07-04","Pediatrics","quantile","0.35",90
"INFLAenza","2026-06-27",1,"2026-07-04","Pediatrics","quantile","0.4",94
"INFLAenza","2026-06-27",1,"2026-07-04","Pediatrics","quantile","0.45",98
"INFLAenza","2026-06-27",1,"2026-07-04","Pediatrics","quantile","0.5",101
"INFLAenza","2026-06-27",1,"2026-07-04","Pediatrics","quantile","0.55",105
"INFLAenza","2026-06-27",1,"2026-07-04","Pediatrics","quantile","0.6",108
"INFLAenza","2026-06-27",1,"2026-07-04","Pediatrics","quantile","0.65",113
"INFLAenza","2026-06-27",1,"2026-07-04","Pediatrics","quantile","0.7",118
"INFLAenza","2026-06-27",1,"2026-07-04","Pediatrics","quantile","0.75",122
"INFLAenza","2026-06-27",1,"2026-07-04","Pediatrics","quantile","0.8",128
"INFLAenza","2026-06-27",1,"2026-07-04","Pediatrics","quantile","0.85",136
"INFLAenza","2026-06-27",1,"2026-07-04","Pediatrics","quantile","0.9",145
"INFLAenza","2026-06-27",1,"2026-07-04","Pediatrics","quantile","0.95",162
"INFLAenza","2026-06-27",1,"2026-07-04","Pediatrics","quantile","0.975",177
"INFLAenza","2026-06-27",1,"2026-07-04","Pediatrics","quantile","0.99",192
"INFLAenza","2026-06-27",2,"2026-07-11","Adults","quantile","0.01",65
"INFLAenza","2026-06-27",2,"2026-07-11","Adults","quantile","0.025",73
"INFLAenza","2026-06-27",2,"2026-07-11","Adults","quantile","0.05",81
"INFLAenza","2026-06-27",2,"2026-07-11","Adults","quantile","0.1",89
"INFLAenza","2026-06-27",2,"2026-07-11","Adults","quantile","0.15",97
"INFLAenza","2026-06-27",2,"2026-07-11","Adults","quantile","0.2",104
"INFLAenza","2026-06-27",2,"2026-07-11","Adults","quantile","0.25",110
"INFLAenza","2026-06-27",2,"2026-07-11","Adults","quantile","0.3",115
"INFLAenza","2026-06-27",2,"2026-07-11","Adults","quantile","0.35",120
"INFLAenza","2026-06-27",2,"2026-07-11","Adults","quantile","0.4",125
"INFLAenza","2026-06-27",2,"2026-07-11","Adults","quantile","0.45",130
"INFLAenza","2026-06-27",2,"2026-07-11","Adults","quantile","0.5",136
"INFLAenza","2026-06-27",2,"2026-07-11","Adults","quantile","0.55",141
"INFLAenza","2026-06-27",2,"2026-07-11","Adults","quantile","0.6",146
"INFLAenza","2026-06-27",2,"2026-07-11","Adults","quantile","0.65",152
"INFLAenza","2026-06-27",2,"2026-07-11","Adults","quantile","0.7",158
"INFLAenza","2026-06-27",2,"2026-07-11","Adults","quantile","0.75",165
"INFLAenza","2026-06-27",2,"2026-07-11","Adults","quantile","0.8",175
"INFLAenza","2026-06-27",2,"2026-07-11","Adults","quantile","0.85",186
"INFLAenza","2026-06-27",2,"2026-07-11","Adults","quantile","0.9",199
"INFLAenza","2026-06-27",2,"2026-07-11","Adults","quantile","0.95",222
"INFLAenza","2026-06-27",2,"2026-07-11","Adults","quantile","0.975",239
"INFLAenza","2026-06-27",2,"2026-07-11","Adults","quantile","0.99",268
"INFLAenza","2026-06-27",2,"2026-07-11","Overall","quantile","0.01",137
"INFLAenza","2026-06-27",2,"2026-07-11","Overall","quantile","0.025",151
"INFLAenza","2026-06-27",2,"2026-07-11","Overall","quantile","0.05",162
"INFLAenza","2026-06-27",2,"2026-07-11","Overall","quantile","0.1",176
"INFLAenza","2026-06-27",2,"2026-07-11","Overall","quantile","0.15",185
"INFLAenza","2026-06-27",2,"2026-07-11","Overall","quantile","0.2",194
"INFLAenza","2026-06-27",2,"2026-07-11","Overall","quantile","0.25",202
"INFLAenza","2026-06-27",2,"2026-07-11","Overall","quantile","0.3",209
"INFLAenza","2026-06-27",2,"2026-07-11","Overall","quantile","0.35",215
"INFLAenza","2026-06-27",2,"2026-07-11","Overall","quantile","0.4",221
"INFLAenza","2026-06-27",2,"2026-07-11","Overall","quantile","0.45",228
"INFLAenza","2026-06-27",2,"2026-07-11","Overall","quantile","0.5",234
"INFLAenza","2026-06-27",2,"2026-07-11","Overall","quantile","0.55",241
"INFLAenza","2026-06-27",2,"2026-07-11","Overall","quantile","0.6",248
"INFLAenza","2026-06-27",2,"2026-07-11","Overall","quantile","0.65",257
"INFLAenza","2026-06-27",2,"2026-07-11","Overall","quantile","0.7",264
"INFLAenza","2026-06-27",2,"2026-07-11","Overall","quantile","0.75",274
"INFLAenza","2026-06-27",2,"2026-07-11","Overall","quantile","0.8",284
"INFLAenza","2026-06-27",2,"2026-07-11","Overall","quantile","0.85",296
"INFLAenza","2026-06-27",2,"2026-07-11","Overall","quantile","0.9",311
"INFLAenza","2026-06-27",2,"2026-07-11","Overall","quantile","0.95",338
"INFLAenza","2026-06-27",2,"2026-07-11","Overall","quantile","0.975",362
"INFLAenza","2026-06-27",2,"2026-07-11","Overall","quantile","0.99",388
"INFLAenza","2026-06-27",2,"2026-07-11","Pediatrics","quantile","0.01",43
"INFLAenza","2026-06-27",2,"2026-07-11","Pediatrics","quantile","0.025",49
"INFLAenza","2026-06-27",2,"2026-07-11","Pediatrics","quantile","0.05",55
"INFLAenza","2026-06-27",2,"2026-07-11","Pediatrics","quantile","0.1",63
"INFLAenza","2026-06-27",2,"2026-07-11","Pediatrics","quantile","0.15",68
"INFLAenza","2026-06-27",2,"2026-07-11","Pediatrics","quantile","0.2",73
"INFLAenza","2026-06-27",2,"2026-07-11","Pediatrics","quantile","0.25",77
"INFLAenza","2026-06-27",2,"2026-07-11","Pediatrics","quantile","0.3",80
"INFLAenza","2026-06-27",2,"2026-07-11","Pediatrics","quantile","0.35",84
"INFLAenza","2026-06-27",2,"2026-07-11","Pediatrics","quantile","0.4",88
"INFLAenza","2026-06-27",2,"2026-07-11","Pediatrics","quantile","0.45",91
"INFLAenza","2026-06-27",2,"2026-07-11","Pediatrics","quantile","0.5",95
"INFLAenza","2026-06-27",2,"2026-07-11","Pediatrics","quantile","0.55",99
"INFLAenza","2026-06-27",2,"2026-07-11","Pediatrics","quantile","0.6",102
"INFLAenza","2026-06-27",2,"2026-07-11","Pediatrics","quantile","0.65",107
"INFLAenza","2026-06-27",2,"2026-07-11","Pediatrics","quantile","0.7",112
"INFLAenza","2026-06-27",2,"2026-07-11","Pediatrics","quantile","0.75",117
"INFLAenza","2026-06-27",2,"2026-07-11","Pediatrics","quantile","0.8",123
"INFLAenza","2026-06-27",2,"2026-07-11","Pediatrics","quantile","0.85",131
"INFLAenza","2026-06-27",2,"2026-07-11","Pediatrics","quantile","0.9",141
"INFLAenza","2026-06-27",2,"2026-07-11","Pediatrics","quantile","0.95",158
"INFLAenza","2026-06-27",2,"2026-07-11","Pediatrics","quantile","0.975",174
"INFLAenza","2026-06-27",2,"2026-07-11","Pediatrics","quantile","0.99",195
"INFLAenza","2026-06-27",3,"2026-07-18","Adults","quantile","0.01",62
"INFLAenza","2026-06-27",3,"2026-07-18","Adults","quantile","0.025",69
"INFLAenza","2026-06-27",3,"2026-07-18","Adults","quantile","0.05",76
"INFLAenza","2026-06-27",3,"2026-07-18","Adults","quantile","0.1",86
"INFLAenza","2026-06-27",3,"2026-07-18","Adults","quantile","0.15",93
"INFLAenza","2026-06-27",3,"2026-07-18","Adults","quantile","0.2",99
"INFLAenza","2026-06-27",3,"2026-07-18","Adults","quantile","0.25",105
"INFLAenza","2026-06-27",3,"2026-07-18","Adults","quantile","0.3",111
"INFLAenza","2026-06-27",3,"2026-07-18","Adults","quantile","0.35",116
"INFLAenza","2026-06-27",3,"2026-07-18","Adults","quantile","0.4",121
"INFLAenza","2026-06-27",3,"2026-07-18","Adults","quantile","0.45",127
"INFLAenza","2026-06-27",3,"2026-07-18","Adults","quantile","0.5",132
"INFLAenza","2026-06-27",3,"2026-07-18","Adults","quantile","0.55",138
"INFLAenza","2026-06-27",3,"2026-07-18","Adults","quantile","0.6",143
"INFLAenza","2026-06-27",3,"2026-07-18","Adults","quantile","0.65",149
"INFLAenza","2026-06-27",3,"2026-07-18","Adults","quantile","0.7",156
"INFLAenza","2026-06-27",3,"2026-07-18","Adults","quantile","0.75",164
"INFLAenza","2026-06-27",3,"2026-07-18","Adults","quantile","0.8",173
"INFLAenza","2026-06-27",3,"2026-07-18","Adults","quantile","0.85",183
"INFLAenza","2026-06-27",3,"2026-07-18","Adults","quantile","0.9",199
"INFLAenza","2026-06-27",3,"2026-07-18","Adults","quantile","0.95",221
"INFLAenza","2026-06-27",3,"2026-07-18","Adults","quantile","0.975",244
"INFLAenza","2026-06-27",3,"2026-07-18","Adults","quantile","0.99",268
"INFLAenza","2026-06-27",3,"2026-07-18","Overall","quantile","0.01",133
"INFLAenza","2026-06-27",3,"2026-07-18","Overall","quantile","0.025",144
"INFLAenza","2026-06-27",3,"2026-07-18","Overall","quantile","0.05",154
"INFLAenza","2026-06-27",3,"2026-07-18","Overall","quantile","0.1",169
"INFLAenza","2026-06-27",3,"2026-07-18","Overall","quantile","0.15",179
"INFLAenza","2026-06-27",3,"2026-07-18","Overall","quantile","0.2",187
"INFLAenza","2026-06-27",3,"2026-07-18","Overall","quantile","0.25",195
"INFLAenza","2026-06-27",3,"2026-07-18","Overall","quantile","0.3",202
"INFLAenza","2026-06-27",3,"2026-07-18","Overall","quantile","0.35",209
"INFLAenza","2026-06-27",3,"2026-07-18","Overall","quantile","0.4",215
"INFLAenza","2026-06-27",3,"2026-07-18","Overall","quantile","0.45",222
"INFLAenza","2026-06-27",3,"2026-07-18","Overall","quantile","0.5",228
"INFLAenza","2026-06-27",3,"2026-07-18","Overall","quantile","0.55",235
"INFLAenza","2026-06-27",3,"2026-07-18","Overall","quantile","0.6",242
"INFLAenza","2026-06-27",3,"2026-07-18","Overall","quantile","0.65",250
"INFLAenza","2026-06-27",3,"2026-07-18","Overall","quantile","0.7",259
"INFLAenza","2026-06-27",3,"2026-07-18","Overall","quantile","0.75",268
"INFLAenza","2026-06-27",3,"2026-07-18","Overall","quantile","0.8",280
"INFLAenza","2026-06-27",3,"2026-07-18","Overall","quantile","0.85",293
"INFLAenza","2026-06-27",3,"2026-07-18","Overall","quantile","0.9",310
"INFLAenza","2026-06-27",3,"2026-07-18","Overall","quantile","0.95",335
"INFLAenza","2026-06-27",3,"2026-07-18","Overall","quantile","0.975",357
"INFLAenza","2026-06-27",3,"2026-07-18","Overall","quantile","0.99",384
"INFLAenza","2026-06-27",3,"2026-07-18","Pediatrics","quantile","0.01",39
"INFLAenza","2026-06-27",3,"2026-07-18","Pediatrics","quantile","0.025",46
"INFLAenza","2026-06-27",3,"2026-07-18","Pediatrics","quantile","0.05",52
"INFLAenza","2026-06-27",3,"2026-07-18","Pediatrics","quantile","0.1",59
"INFLAenza","2026-06-27",3,"2026-07-18","Pediatrics","quantile","0.15",65
"INFLAenza","2026-06-27",3,"2026-07-18","Pediatrics","quantile","0.2",69
"INFLAenza","2026-06-27",3,"2026-07-18","Pediatrics","quantile","0.25",73
"INFLAenza","2026-06-27",3,"2026-07-18","Pediatrics","quantile","0.3",77
"INFLAenza","2026-06-27",3,"2026-07-18","Pediatrics","quantile","0.35",81
"INFLAenza","2026-06-27",3,"2026-07-18","Pediatrics","quantile","0.4",85
"INFLAenza","2026-06-27",3,"2026-07-18","Pediatrics","quantile","0.45",88
"INFLAenza","2026-06-27",3,"2026-07-18","Pediatrics","quantile","0.5",92
"INFLAenza","2026-06-27",3,"2026-07-18","Pediatrics","quantile","0.55",96
"INFLAenza","2026-06-27",3,"2026-07-18","Pediatrics","quantile","0.6",100
"INFLAenza","2026-06-27",3,"2026-07-18","Pediatrics","quantile","0.65",105
"INFLAenza","2026-06-27",3,"2026-07-18","Pediatrics","quantile","0.7",109
"INFLAenza","2026-06-27",3,"2026-07-18","Pediatrics","quantile","0.75",115
"INFLAenza","2026-06-27",3,"2026-07-18","Pediatrics","quantile","0.8",121
"INFLAenza","2026-06-27",3,"2026-07-18","Pediatrics","quantile","0.85",128
"INFLAenza","2026-06-27",3,"2026-07-18","Pediatrics","quantile","0.9",139
"INFLAenza","2026-06-27",3,"2026-07-18","Pediatrics","quantile","0.95",156
"INFLAenza","2026-06-27",3,"2026-07-18","Pediatrics","quantile","0.975",174
"INFLAenza","2026-06-27",3,"2026-07-18","Pediatrics","quantile","0.99",195
"Copycat","2026-06-27",-2,"2026-06-13","Adults","quantile","0.01",128
"Copycat","2026-06-27",-2,"2026-06-13","Adults","quantile","0.025",136
"Copycat","2026-06-27",-2,"2026-06-13","Adults","quantile","0.05",140
"Copycat","2026-06-27",-2,"2026-06-13","Adults","quantile","0.1",146
"Copycat","2026-06-27",-2,"2026-06-13","Adults","quantile","0.15",149
"Copycat","2026-06-27",-2,"2026-06-13","Adults","quantile","0.2",152
"Copycat","2026-06-27",-2,"2026-06-13","Adults","quantile","0.25",155
"Copycat","2026-06-27",-2,"2026-06-13","Adults","quantile","0.3",157
"Copycat","2026-06-27",-2,"2026-06-13","Adults","quantile","0.35",160
"Copycat","2026-06-27",-2,"2026-06-13","Adults","quantile","0.4",162
"Copycat","2026-06-27",-2,"2026-06-13","Adults","quantile","0.45",164
"Copycat","2026-06-27",-2,"2026-06-13","Adults","quantile","0.5",166
"Copycat","2026-06-27",-2,"2026-06-13","Adults","quantile","0.55",169
"Copycat","2026-06-27",-2,"2026-06-13","Adults","quantile","0.6",171
"Copycat","2026-06-27",-2,"2026-06-13","Adults","quantile","0.65",174
"Copycat","2026-06-27",-2,"2026-06-13","Adults","quantile","0.7",176
"Copycat","2026-06-27",-2,"2026-06-13","Adults","quantile","0.75",179
"Copycat","2026-06-27",-2,"2026-06-13","Adults","quantile","0.8",183
"Copycat","2026-06-27",-2,"2026-06-13","Adults","quantile","0.85",186
"Copycat","2026-06-27",-2,"2026-06-13","Adults","quantile","0.9",192
"Copycat","2026-06-27",-2,"2026-06-13","Adults","quantile","0.95",199
"Copycat","2026-06-27",-2,"2026-06-13","Adults","quantile","0.975",205
"Copycat","2026-06-27",-2,"2026-06-13","Adults","quantile","0.99",216
"Copycat","2026-06-27",-1,"2026-06-20","Adults","quantile","0.01",111
"Copycat","2026-06-27",-1,"2026-06-20","Adults","quantile","0.025",120
"Copycat","2026-06-27",-1,"2026-06-20","Adults","quantile","0.05",127
"Copycat","2026-06-27",-1,"2026-06-20","Adults","quantile","0.1",134
"Copycat","2026-06-27",-1,"2026-06-20","Adults","quantile","0.15",140
"Copycat","2026-06-27",-1,"2026-06-20","Adults","quantile","0.2",144
"Copycat","2026-06-27",-1,"2026-06-20","Adults","quantile","0.25",147
"Copycat","2026-06-27",-1,"2026-06-20","Adults","quantile","0.3",150
"Copycat","2026-06-27",-1,"2026-06-20","Adults","quantile","0.35",154
"Copycat","2026-06-27",-1,"2026-06-20","Adults","quantile","0.4",156
"Copycat","2026-06-27",-1,"2026-06-20","Adults","quantile","0.45",160
"Copycat","2026-06-27",-1,"2026-06-20","Adults","quantile","0.5",163
"Copycat","2026-06-27",-1,"2026-06-20","Adults","quantile","0.55",166
"Copycat","2026-06-27",-1,"2026-06-20","Adults","quantile","0.6",168
"Copycat","2026-06-27",-1,"2026-06-20","Adults","quantile","0.65",171
"Copycat","2026-06-27",-1,"2026-06-20","Adults","quantile","0.7",175
"Copycat","2026-06-27",-1,"2026-06-20","Adults","quantile","0.75",178
"Copycat","2026-06-27",-1,"2026-06-20","Adults","quantile","0.8",183
"Copycat","2026-06-27",-1,"2026-06-20","Adults","quantile","0.85",188
"Copycat","2026-06-27",-1,"2026-06-20","Adults","quantile","0.9",195
"Copycat","2026-06-27",-1,"2026-06-20","Adults","quantile","0.95",205
"Copycat","2026-06-27",-1,"2026-06-20","Adults","quantile","0.975",214
"Copycat","2026-06-27",-1,"2026-06-20","Adults","quantile","0.99",226
"Copycat","2026-06-27",0,"2026-06-27","Adults","quantile","0.01",94
"Copycat","2026-06-27",0,"2026-06-27","Adults","quantile","0.025",106
"Copycat","2026-06-27",0,"2026-06-27","Adults","quantile","0.05",114
"Copycat","2026-06-27",0,"2026-06-27","Adults","quantile","0.1",123
"Copycat","2026-06-27",0,"2026-06-27","Adults","quantile","0.15",129
"Copycat","2026-06-27",0,"2026-06-27","Adults","quantile","0.2",136
"Copycat","2026-06-27",0,"2026-06-27","Adults","quantile","0.25",139
"Copycat","2026-06-27",0,"2026-06-27","Adults","quantile","0.3",143
"Copycat","2026-06-27",0,"2026-06-27","Adults","quantile","0.35",147
"Copycat","2026-06-27",0,"2026-06-27","Adults","quantile","0.4",150
"Copycat","2026-06-27",0,"2026-06-27","Adults","quantile","0.45",154
"Copycat","2026-06-27",0,"2026-06-27","Adults","quantile","0.5",157
"Copycat","2026-06-27",0,"2026-06-27","Adults","quantile","0.55",161
"Copycat","2026-06-27",0,"2026-06-27","Adults","quantile","0.6",164
"Copycat","2026-06-27",0,"2026-06-27","Adults","quantile","0.65",168
"Copycat","2026-06-27",0,"2026-06-27","Adults","quantile","0.7",171
"Copycat","2026-06-27",0,"2026-06-27","Adults","quantile","0.75",176
"Copycat","2026-06-27",0,"2026-06-27","Adults","quantile","0.8",181
"Copycat","2026-06-27",0,"2026-06-27","Adults","quantile","0.85",187
"Copycat","2026-06-27",0,"2026-06-27","Adults","quantile","0.9",194
"Copycat","2026-06-27",0,"2026-06-27","Adults","quantile","0.95",208
"Copycat","2026-06-27",0,"2026-06-27","Adults","quantile","0.975",221
"Copycat","2026-06-27",0,"2026-06-27","Adults","quantile","0.99",246
"Copycat","2026-06-27",1,"2026-07-04","Adults","quantile","0.01",79
"Copycat","2026-06-27",1,"2026-07-04","Adults","quantile","0.025",89
"Copycat","2026-06-27",1,"2026-07-04","Adults","quantile","0.05",99
"Copycat","2026-06-27",1,"2026-07-04","Adults","quantile","0.1",114
"Copycat","2026-06-27",1,"2026-07-04","Adults","quantile","0.15",120
"Copycat","2026-06-27",1,"2026-07-04","Adults","quantile","0.2",124
"Copycat","2026-06-27",1,"2026-07-04","Adults","quantile","0.25",131
"Copycat","2026-06-27",1,"2026-07-04","Adults","quantile","0.3",135
"Copycat","2026-06-27",1,"2026-07-04","Adults","quantile","0.35",139
"Copycat","2026-06-27",1,"2026-07-04","Adults","quantile","0.4",144
"Copycat","2026-06-27",1,"2026-07-04","Adults","quantile","0.45",146
"Copycat","2026-06-27",1,"2026-07-04","Adults","quantile","0.5",151
"Copycat","2026-06-27",1,"2026-07-04","Adults","quantile","0.55",157
"Copycat","2026-06-27",1,"2026-07-04","Adults","quantile","0.6",160
"Copycat","2026-06-27",1,"2026-07-04","Adults","quantile","0.65",166
"Copycat","2026-06-27",1,"2026-07-04","Adults","quantile","0.7",169
"Copycat","2026-06-27",1,"2026-07-04","Adults","quantile","0.75",175
"Copycat","2026-06-27",1,"2026-07-04","Adults","quantile","0.8",179
"Copycat","2026-06-27",1,"2026-07-04","Adults","quantile","0.85",185
"Copycat","2026-06-27",1,"2026-07-04","Adults","quantile","0.9",193
"Copycat","2026-06-27",1,"2026-07-04","Adults","quantile","0.95",210
"Copycat","2026-06-27",1,"2026-07-04","Adults","quantile","0.975",231
"Copycat","2026-06-27",1,"2026-07-04","Adults","quantile","0.99",248
"Copycat","2026-06-27",2,"2026-07-11","Adults","quantile","0.01",67
"Copycat","2026-06-27",2,"2026-07-11","Adults","quantile","0.025",77
"Copycat","2026-06-27",2,"2026-07-11","Adults","quantile","0.05",88
"Copycat","2026-06-27",2,"2026-07-11","Adults","quantile","0.1",103
"Copycat","2026-06-27",2,"2026-07-11","Adults","quantile","0.15",111
"Copycat","2026-06-27",2,"2026-07-11","Adults","quantile","0.2",119
"Copycat","2026-06-27",2,"2026-07-11","Adults","quantile","0.25",125
"Copycat","2026-06-27",2,"2026-07-11","Adults","quantile","0.3",130
"Copycat","2026-06-27",2,"2026-07-11","Adults","quantile","0.35",135
"Copycat","2026-06-27",2,"2026-07-11","Adults","quantile","0.4",139
"Copycat","2026-06-27",2,"2026-07-11","Adults","quantile","0.45",144
"Copycat","2026-06-27",2,"2026-07-11","Adults","quantile","0.5",148
"Copycat","2026-06-27",2,"2026-07-11","Adults","quantile","0.55",152
"Copycat","2026-06-27",2,"2026-07-11","Adults","quantile","0.6",156
"Copycat","2026-06-27",2,"2026-07-11","Adults","quantile","0.65",160
"Copycat","2026-06-27",2,"2026-07-11","Adults","quantile","0.7",165
"Copycat","2026-06-27",2,"2026-07-11","Adults","quantile","0.75",170
"Copycat","2026-06-27",2,"2026-07-11","Adults","quantile","0.8",176
"Copycat","2026-06-27",2,"2026-07-11","Adults","quantile","0.85",183
"Copycat","2026-06-27",2,"2026-07-11","Adults","quantile","0.9",196
"Copycat","2026-06-27",2,"2026-07-11","Adults","quantile","0.95",212
"Copycat","2026-06-27",2,"2026-07-11","Adults","quantile","0.975",239
"Copycat","2026-06-27",2,"2026-07-11","Adults","quantile","0.99",267
"Copycat","2026-06-27",3,"2026-07-18","Adults","quantile","0.01",59
"Copycat","2026-06-27",3,"2026-07-18","Adults","quantile","0.025",74
"Copycat","2026-06-27",3,"2026-07-18","Adults","quantile","0.05",85
"Copycat","2026-06-27",3,"2026-07-18","Adults","quantile","0.1",96
"Copycat","2026-06-27",3,"2026-07-18","Adults","quantile","0.15",105
"Copycat","2026-06-27",3,"2026-07-18","Adults","quantile","0.2",112
"Copycat","2026-06-27",3,"2026-07-18","Adults","quantile","0.25",118
"Copycat","2026-06-27",3,"2026-07-18","Adults","quantile","0.3",124
"Copycat","2026-06-27",3,"2026-07-18","Adults","quantile","0.35",129
"Copycat","2026-06-27",3,"2026-07-18","Adults","quantile","0.4",134
"Copycat","2026-06-27",3,"2026-07-18","Adults","quantile","0.45",138
"Copycat","2026-06-27",3,"2026-07-18","Adults","quantile","0.5",143
"Copycat","2026-06-27",3,"2026-07-18","Adults","quantile","0.55",148
"Copycat","2026-06-27",3,"2026-07-18","Adults","quantile","0.6",152
"Copycat","2026-06-27",3,"2026-07-18","Adults","quantile","0.65",157
"Copycat","2026-06-27",3,"2026-07-18","Adults","quantile","0.7",163
"Copycat","2026-06-27",3,"2026-07-18","Adults","quantile","0.75",168
"Copycat","2026-06-27",3,"2026-07-18","Adults","quantile","0.8",176
"Copycat","2026-06-27",3,"2026-07-18","Adults","quantile","0.85",184
"Copycat","2026-06-27",3,"2026-07-18","Adults","quantile","0.9",193
"Copycat","2026-06-27",3,"2026-07-18","Adults","quantile","0.95",213
"Copycat","2026-06-27",3,"2026-07-18","Adults","quantile","0.975",238
"Copycat","2026-06-27",3,"2026-07-18","Adults","quantile","0.99",281
"Copycat","2026-06-27",-2,"2026-06-13","Overall","quantile","0.01",220
"Copycat","2026-06-27",-2,"2026-06-13","Overall","quantile","0.025",232
"Copycat","2026-06-27",-2,"2026-06-13","Overall","quantile","0.05",239
"Copycat","2026-06-27",-2,"2026-06-13","Overall","quantile","0.1",248
"Copycat","2026-06-27",-2,"2026-06-13","Overall","quantile","0.15",257
"Copycat","2026-06-27",-2,"2026-06-13","Overall","quantile","0.2",262
"Copycat","2026-06-27",-2,"2026-06-13","Overall","quantile","0.25",267
"Copycat","2026-06-27",-2,"2026-06-13","Overall","quantile","0.3",272
"Copycat","2026-06-27",-2,"2026-06-13","Overall","quantile","0.35",276
"Copycat","2026-06-27",-2,"2026-06-13","Overall","quantile","0.4",279
"Copycat","2026-06-27",-2,"2026-06-13","Overall","quantile","0.45",281
"Copycat","2026-06-27",-2,"2026-06-13","Overall","quantile","0.5",285
"Copycat","2026-06-27",-2,"2026-06-13","Overall","quantile","0.55",288
"Copycat","2026-06-27",-2,"2026-06-13","Overall","quantile","0.6",292
"Copycat","2026-06-27",-2,"2026-06-13","Overall","quantile","0.65",296
"Copycat","2026-06-27",-2,"2026-06-13","Overall","quantile","0.7",300
"Copycat","2026-06-27",-2,"2026-06-13","Overall","quantile","0.75",305
"Copycat","2026-06-27",-2,"2026-06-13","Overall","quantile","0.8",312
"Copycat","2026-06-27",-2,"2026-06-13","Overall","quantile","0.85",316
"Copycat","2026-06-27",-2,"2026-06-13","Overall","quantile","0.9",323
"Copycat","2026-06-27",-2,"2026-06-13","Overall","quantile","0.95",337
"Copycat","2026-06-27",-2,"2026-06-13","Overall","quantile","0.975",350
"Copycat","2026-06-27",-2,"2026-06-13","Overall","quantile","0.99",363
"Copycat","2026-06-27",-1,"2026-06-20","Overall","quantile","0.01",193
"Copycat","2026-06-27",-1,"2026-06-20","Overall","quantile","0.025",202
"Copycat","2026-06-27",-1,"2026-06-20","Overall","quantile","0.05",216
"Copycat","2026-06-27",-1,"2026-06-20","Overall","quantile","0.1",231
"Copycat","2026-06-27",-1,"2026-06-20","Overall","quantile","0.15",239
"Copycat","2026-06-27",-1,"2026-06-20","Overall","quantile","0.2",246
"Copycat","2026-06-27",-1,"2026-06-20","Overall","quantile","0.25",252
"Copycat","2026-06-27",-1,"2026-06-20","Overall","quantile","0.3",259
"Copycat","2026-06-27",-1,"2026-06-20","Overall","quantile","0.35",264
"Copycat","2026-06-27",-1,"2026-06-20","Overall","quantile","0.4",269
"Copycat","2026-06-27",-1,"2026-06-20","Overall","quantile","0.45",274
"Copycat","2026-06-27",-1,"2026-06-20","Overall","quantile","0.5",279
"Copycat","2026-06-27",-1,"2026-06-20","Overall","quantile","0.55",283
"Copycat","2026-06-27",-1,"2026-06-20","Overall","quantile","0.6",287
"Copycat","2026-06-27",-1,"2026-06-20","Overall","quantile","0.65",294
"Copycat","2026-06-27",-1,"2026-06-20","Overall","quantile","0.7",298
"Copycat","2026-06-27",-1,"2026-06-20","Overall","quantile","0.75",304
"Copycat","2026-06-27",-1,"2026-06-20","Overall","quantile","0.8",312
"Copycat","2026-06-27",-1,"2026-06-20","Overall","quantile","0.85",323
"Copycat","2026-06-27",-1,"2026-06-20","Overall","quantile","0.9",333
"Copycat","2026-06-27",-1,"2026-06-20","Overall","quantile","0.95",352
"Copycat","2026-06-27",-1,"2026-06-20","Overall","quantile","0.975",367
"Copycat","2026-06-27",-1,"2026-06-20","Overall","quantile","0.99",400
"Copycat","2026-06-27",0,"2026-06-27","Overall","quantile","0.01",162
"Copycat","2026-06-27",0,"2026-06-27","Overall","quantile","0.025",176
"Copycat","2026-06-27",0,"2026-06-27","Overall","quantile","0.05",194
"Copycat","2026-06-27",0,"2026-06-27","Overall","quantile","0.1",213
"Copycat","2026-06-27",0,"2026-06-27","Overall","quantile","0.15",225
"Copycat","2026-06-27",0,"2026-06-27","Overall","quantile","0.2",234
"Copycat","2026-06-27",0,"2026-06-27","Overall","quantile","0.25",240
"Copycat","2026-06-27",0,"2026-06-27","Overall","quantile","0.3",246
"Copycat","2026-06-27",0,"2026-06-27","Overall","quantile","0.35",254
"Copycat","2026-06-27",0,"2026-06-27","Overall","quantile","0.4",260
"Copycat","2026-06-27",0,"2026-06-27","Overall","quantile","0.45",265
"Copycat","2026-06-27",0,"2026-06-27","Overall","quantile","0.5",271
"Copycat","2026-06-27",0,"2026-06-27","Overall","quantile","0.55",277
"Copycat","2026-06-27",0,"2026-06-27","Overall","quantile","0.6",281
"Copycat","2026-06-27",0,"2026-06-27","Overall","quantile","0.65",288
"Copycat","2026-06-27",0,"2026-06-27","Overall","quantile","0.7",295
"Copycat","2026-06-27",0,"2026-06-27","Overall","quantile","0.75",302
"Copycat","2026-06-27",0,"2026-06-27","Overall","quantile","0.8",310
"Copycat","2026-06-27",0,"2026-06-27","Overall","quantile","0.85",323
"Copycat","2026-06-27",0,"2026-06-27","Overall","quantile","0.9",336
"Copycat","2026-06-27",0,"2026-06-27","Overall","quantile","0.95",364
"Copycat","2026-06-27",0,"2026-06-27","Overall","quantile","0.975",379
"Copycat","2026-06-27",0,"2026-06-27","Overall","quantile","0.99",407
"Copycat","2026-06-27",1,"2026-07-04","Overall","quantile","0.01",137
"Copycat","2026-06-27",1,"2026-07-04","Overall","quantile","0.025",157
"Copycat","2026-06-27",1,"2026-07-04","Overall","quantile","0.05",175
"Copycat","2026-06-27",1,"2026-07-04","Overall","quantile","0.1",194
"Copycat","2026-06-27",1,"2026-07-04","Overall","quantile","0.15",208
"Copycat","2026-06-27",1,"2026-07-04","Overall","quantile","0.2",219
"Copycat","2026-06-27",1,"2026-07-04","Overall","quantile","0.25",226
"Copycat","2026-06-27",1,"2026-07-04","Overall","quantile","0.3",234
"Copycat","2026-06-27",1,"2026-07-04","Overall","quantile","0.35",240
"Copycat","2026-06-27",1,"2026-07-04","Overall","quantile","0.4",246
"Copycat","2026-06-27",1,"2026-07-04","Overall","quantile","0.45",252
"Copycat","2026-06-27",1,"2026-07-04","Overall","quantile","0.5",258
"Copycat","2026-06-27",1,"2026-07-04","Overall","quantile","0.55",265
"Copycat","2026-06-27",1,"2026-07-04","Overall","quantile","0.6",272
"Copycat","2026-06-27",1,"2026-07-04","Overall","quantile","0.65",280
"Copycat","2026-06-27",1,"2026-07-04","Overall","quantile","0.7",288
"Copycat","2026-06-27",1,"2026-07-04","Overall","quantile","0.75",296
"Copycat","2026-06-27",1,"2026-07-04","Overall","quantile","0.8",303
"Copycat","2026-06-27",1,"2026-07-04","Overall","quantile","0.85",315
"Copycat","2026-06-27",1,"2026-07-04","Overall","quantile","0.9",331
"Copycat","2026-06-27",1,"2026-07-04","Overall","quantile","0.95",364
"Copycat","2026-06-27",1,"2026-07-04","Overall","quantile","0.975",393
"Copycat","2026-06-27",1,"2026-07-04","Overall","quantile","0.99",431
"Copycat","2026-06-27",2,"2026-07-11","Overall","quantile","0.01",116
"Copycat","2026-06-27",2,"2026-07-11","Overall","quantile","0.025",142
"Copycat","2026-06-27",2,"2026-07-11","Overall","quantile","0.05",157
"Copycat","2026-06-27",2,"2026-07-11","Overall","quantile","0.1",178
"Copycat","2026-06-27",2,"2026-07-11","Overall","quantile","0.15",193
"Copycat","2026-06-27",2,"2026-07-11","Overall","quantile","0.2",203
"Copycat","2026-06-27",2,"2026-07-11","Overall","quantile","0.25",213
"Copycat","2026-06-27",2,"2026-07-11","Overall","quantile","0.3",222
"Copycat","2026-06-27",2,"2026-07-11","Overall","quantile","0.35",231
"Copycat","2026-06-27",2,"2026-07-11","Overall","quantile","0.4",238
"Copycat","2026-06-27",2,"2026-07-11","Overall","quantile","0.45",244
"Copycat","2026-06-27",2,"2026-07-11","Overall","quantile","0.5",252
"Copycat","2026-06-27",2,"2026-07-11","Overall","quantile","0.55",261
"Copycat","2026-06-27",2,"2026-07-11","Overall","quantile","0.6",270
"Copycat","2026-06-27",2,"2026-07-11","Overall","quantile","0.65",279
"Copycat","2026-06-27",2,"2026-07-11","Overall","quantile","0.7",287
"Copycat","2026-06-27",2,"2026-07-11","Overall","quantile","0.75",295
"Copycat","2026-06-27",2,"2026-07-11","Overall","quantile","0.8",305
"Copycat","2026-06-27",2,"2026-07-11","Overall","quantile","0.85",319
"Copycat","2026-06-27",2,"2026-07-11","Overall","quantile","0.9",338
"Copycat","2026-06-27",2,"2026-07-11","Overall","quantile","0.95",368
"Copycat","2026-06-27",2,"2026-07-11","Overall","quantile","0.975",398
"Copycat","2026-06-27",2,"2026-07-11","Overall","quantile","0.99",470
"Copycat","2026-06-27",3,"2026-07-18","Overall","quantile","0.01",106
"Copycat","2026-06-27",3,"2026-07-18","Overall","quantile","0.025",130
"Copycat","2026-06-27",3,"2026-07-18","Overall","quantile","0.05",142
"Copycat","2026-06-27",3,"2026-07-18","Overall","quantile","0.1",163
"Copycat","2026-06-27",3,"2026-07-18","Overall","quantile","0.15",180
"Copycat","2026-06-27",3,"2026-07-18","Overall","quantile","0.2",194
"Copycat","2026-06-27",3,"2026-07-18","Overall","quantile","0.25",203
"Copycat","2026-06-27",3,"2026-07-18","Overall","quantile","0.3",210
"Copycat","2026-06-27",3,"2026-07-18","Overall","quantile","0.35",220
"Copycat","2026-06-27",3,"2026-07-18","Overall","quantile","0.4",229
"Copycat","2026-06-27",3,"2026-07-18","Overall","quantile","0.45",238
"Copycat","2026-06-27",3,"2026-07-18","Overall","quantile","0.5",247
"Copycat","2026-06-27",3,"2026-07-18","Overall","quantile","0.55",255
"Copycat","2026-06-27",3,"2026-07-18","Overall","quantile","0.6",264
"Copycat","2026-06-27",3,"2026-07-18","Overall","quantile","0.65",273
"Copycat","2026-06-27",3,"2026-07-18","Overall","quantile","0.7",285
"Copycat","2026-06-27",3,"2026-07-18","Overall","quantile","0.75",296
"Copycat","2026-06-27",3,"2026-07-18","Overall","quantile","0.8",310
"Copycat","2026-06-27",3,"2026-07-18","Overall","quantile","0.85",326
"Copycat","2026-06-27",3,"2026-07-18","Overall","quantile","0.9",348
"Copycat","2026-06-27",3,"2026-07-18","Overall","quantile","0.95",399
"Copycat","2026-06-27",3,"2026-07-18","Overall","quantile","0.975",440
"Copycat","2026-06-27",3,"2026-07-18","Overall","quantile","0.99",506
"Copycat","2026-06-27",-2,"2026-06-13","Pediatrics","quantile","0.01",85
"Copycat","2026-06-27",-2,"2026-06-13","Pediatrics","quantile","0.025",91
"Copycat","2026-06-27",-2,"2026-06-13","Pediatrics","quantile","0.05",95
"Copycat","2026-06-27",-2,"2026-06-13","Pediatrics","quantile","0.1",101
"Copycat","2026-06-27",-2,"2026-06-13","Pediatrics","quantile","0.15",104
"Copycat","2026-06-27",-2,"2026-06-13","Pediatrics","quantile","0.2",107
"Copycat","2026-06-27",-2,"2026-06-13","Pediatrics","quantile","0.25",109
"Copycat","2026-06-27",-2,"2026-06-13","Pediatrics","quantile","0.3",112
"Copycat","2026-06-27",-2,"2026-06-13","Pediatrics","quantile","0.35",114
"Copycat","2026-06-27",-2,"2026-06-13","Pediatrics","quantile","0.4",115
"Copycat","2026-06-27",-2,"2026-06-13","Pediatrics","quantile","0.45",117
"Copycat","2026-06-27",-2,"2026-06-13","Pediatrics","quantile","0.5",120
"Copycat","2026-06-27",-2,"2026-06-13","Pediatrics","quantile","0.55",121
"Copycat","2026-06-27",-2,"2026-06-13","Pediatrics","quantile","0.6",124
"Copycat","2026-06-27",-2,"2026-06-13","Pediatrics","quantile","0.65",126
"Copycat","2026-06-27",-2,"2026-06-13","Pediatrics","quantile","0.7",128
"Copycat","2026-06-27",-2,"2026-06-13","Pediatrics","quantile","0.75",130
"Copycat","2026-06-27",-2,"2026-06-13","Pediatrics","quantile","0.8",132
"Copycat","2026-06-27",-2,"2026-06-13","Pediatrics","quantile","0.85",135
"Copycat","2026-06-27",-2,"2026-06-13","Pediatrics","quantile","0.9",139
"Copycat","2026-06-27",-2,"2026-06-13","Pediatrics","quantile","0.95",145
"Copycat","2026-06-27",-2,"2026-06-13","Pediatrics","quantile","0.975",150
"Copycat","2026-06-27",-2,"2026-06-13","Pediatrics","quantile","0.99",156
"Copycat","2026-06-27",-1,"2026-06-20","Pediatrics","quantile","0.01",78
"Copycat","2026-06-27",-1,"2026-06-20","Pediatrics","quantile","0.025",83
"Copycat","2026-06-27",-1,"2026-06-20","Pediatrics","quantile","0.05",87
"Copycat","2026-06-27",-1,"2026-06-20","Pediatrics","quantile","0.1",93
"Copycat","2026-06-27",-1,"2026-06-20","Pediatrics","quantile","0.15",97
"Copycat","2026-06-27",-1,"2026-06-20","Pediatrics","quantile","0.2",100
"Copycat","2026-06-27",-1,"2026-06-20","Pediatrics","quantile","0.25",102
"Copycat","2026-06-27",-1,"2026-06-20","Pediatrics","quantile","0.3",105
"Copycat","2026-06-27",-1,"2026-06-20","Pediatrics","quantile","0.35",108
"Copycat","2026-06-27",-1,"2026-06-20","Pediatrics","quantile","0.4",110
"Copycat","2026-06-27",-1,"2026-06-20","Pediatrics","quantile","0.45",112
"Copycat","2026-06-27",-1,"2026-06-20","Pediatrics","quantile","0.5",115
"Copycat","2026-06-27",-1,"2026-06-20","Pediatrics","quantile","0.55",118
"Copycat","2026-06-27",-1,"2026-06-20","Pediatrics","quantile","0.6",120
"Copycat","2026-06-27",-1,"2026-06-20","Pediatrics","quantile","0.65",123
"Copycat","2026-06-27",-1,"2026-06-20","Pediatrics","quantile","0.7",126
"Copycat","2026-06-27",-1,"2026-06-20","Pediatrics","quantile","0.75",130
"Copycat","2026-06-27",-1,"2026-06-20","Pediatrics","quantile","0.8",133
"Copycat","2026-06-27",-1,"2026-06-20","Pediatrics","quantile","0.85",137
"Copycat","2026-06-27",-1,"2026-06-20","Pediatrics","quantile","0.9",144
"Copycat","2026-06-27",-1,"2026-06-20","Pediatrics","quantile","0.95",150
"Copycat","2026-06-27",-1,"2026-06-20","Pediatrics","quantile","0.975",155
"Copycat","2026-06-27",-1,"2026-06-20","Pediatrics","quantile","0.99",167
"Copycat","2026-06-27",0,"2026-06-27","Pediatrics","quantile","0.01",60
"Copycat","2026-06-27",0,"2026-06-27","Pediatrics","quantile","0.025",69
"Copycat","2026-06-27",0,"2026-06-27","Pediatrics","quantile","0.05",78
"Copycat","2026-06-27",0,"2026-06-27","Pediatrics","quantile","0.1",86
"Copycat","2026-06-27",0,"2026-06-27","Pediatrics","quantile","0.15",91
"Copycat","2026-06-27",0,"2026-06-27","Pediatrics","quantile","0.2",95
"Copycat","2026-06-27",0,"2026-06-27","Pediatrics","quantile","0.25",98
"Copycat","2026-06-27",0,"2026-06-27","Pediatrics","quantile","0.3",100
"Copycat","2026-06-27",0,"2026-06-27","Pediatrics","quantile","0.35",103
"Copycat","2026-06-27",0,"2026-06-27","Pediatrics","quantile","0.4",105
"Copycat","2026-06-27",0,"2026-06-27","Pediatrics","quantile","0.45",109
"Copycat","2026-06-27",0,"2026-06-27","Pediatrics","quantile","0.5",111
"Copycat","2026-06-27",0,"2026-06-27","Pediatrics","quantile","0.55",115
"Copycat","2026-06-27",0,"2026-06-27","Pediatrics","quantile","0.6",117
"Copycat","2026-06-27",0,"2026-06-27","Pediatrics","quantile","0.65",121
"Copycat","2026-06-27",0,"2026-06-27","Pediatrics","quantile","0.7",124
"Copycat","2026-06-27",0,"2026-06-27","Pediatrics","quantile","0.75",127
"Copycat","2026-06-27",0,"2026-06-27","Pediatrics","quantile","0.8",132
"Copycat","2026-06-27",0,"2026-06-27","Pediatrics","quantile","0.85",137
"Copycat","2026-06-27",0,"2026-06-27","Pediatrics","quantile","0.9",142
"Copycat","2026-06-27",0,"2026-06-27","Pediatrics","quantile","0.95",151
"Copycat","2026-06-27",0,"2026-06-27","Pediatrics","quantile","0.975",162
"Copycat","2026-06-27",0,"2026-06-27","Pediatrics","quantile","0.99",177
"Copycat","2026-06-27",1,"2026-07-04","Pediatrics","quantile","0.01",55
"Copycat","2026-06-27",1,"2026-07-04","Pediatrics","quantile","0.025",62
"Copycat","2026-06-27",1,"2026-07-04","Pediatrics","quantile","0.05",70
"Copycat","2026-06-27",1,"2026-07-04","Pediatrics","quantile","0.1",79
"Copycat","2026-06-27",1,"2026-07-04","Pediatrics","quantile","0.15",84
"Copycat","2026-06-27",1,"2026-07-04","Pediatrics","quantile","0.2",89
"Copycat","2026-06-27",1,"2026-07-04","Pediatrics","quantile","0.25",93
"Copycat","2026-06-27",1,"2026-07-04","Pediatrics","quantile","0.3",96
"Copycat","2026-06-27",1,"2026-07-04","Pediatrics","quantile","0.35",100
"Copycat","2026-06-27",1,"2026-07-04","Pediatrics","quantile","0.4",102
"Copycat","2026-06-27",1,"2026-07-04","Pediatrics","quantile","0.45",105
"Copycat","2026-06-27",1,"2026-07-04","Pediatrics","quantile","0.5",109
"Copycat","2026-06-27",1,"2026-07-04","Pediatrics","quantile","0.55",112
"Copycat","2026-06-27",1,"2026-07-04","Pediatrics","quantile","0.6",116
"Copycat","2026-06-27",1,"2026-07-04","Pediatrics","quantile","0.65",119
"Copycat","2026-06-27",1,"2026-07-04","Pediatrics","quantile","0.7",123
"Copycat","2026-06-27",1,"2026-07-04","Pediatrics","quantile","0.75",127
"Copycat","2026-06-27",1,"2026-07-04","Pediatrics","quantile","0.8",132
"Copycat","2026-06-27",1,"2026-07-04","Pediatrics","quantile","0.85",137
"Copycat","2026-06-27",1,"2026-07-04","Pediatrics","quantile","0.9",144
"Copycat","2026-06-27",1,"2026-07-04","Pediatrics","quantile","0.95",156
"Copycat","2026-06-27",1,"2026-07-04","Pediatrics","quantile","0.975",169
"Copycat","2026-06-27",1,"2026-07-04","Pediatrics","quantile","0.99",183
"Copycat","2026-06-27",2,"2026-07-11","Pediatrics","quantile","0.01",48
"Copycat","2026-06-27",2,"2026-07-11","Pediatrics","quantile","0.025",55
"Copycat","2026-06-27",2,"2026-07-11","Pediatrics","quantile","0.05",62
"Copycat","2026-06-27",2,"2026-07-11","Pediatrics","quantile","0.1",74
"Copycat","2026-06-27",2,"2026-07-11","Pediatrics","quantile","0.15",79
"Copycat","2026-06-27",2,"2026-07-11","Pediatrics","quantile","0.2",83
"Copycat","2026-06-27",2,"2026-07-11","Pediatrics","quantile","0.25",87
"Copycat","2026-06-27",2,"2026-07-11","Pediatrics","quantile","0.3",92
"Copycat","2026-06-27",2,"2026-07-11","Pediatrics","quantile","0.35",96
"Copycat","2026-06-27",2,"2026-07-11","Pediatrics","quantile","0.4",99
"Copycat","2026-06-27",2,"2026-07-11","Pediatrics","quantile","0.45",103
"Copycat","2026-06-27",2,"2026-07-11","Pediatrics","quantile","0.5",106
"Copycat","2026-06-27",2,"2026-07-11","Pediatrics","quantile","0.55",110
"Copycat","2026-06-27",2,"2026-07-11","Pediatrics","quantile","0.6",113
"Copycat","2026-06-27",2,"2026-07-11","Pediatrics","quantile","0.65",118
"Copycat","2026-06-27",2,"2026-07-11","Pediatrics","quantile","0.7",122
"Copycat","2026-06-27",2,"2026-07-11","Pediatrics","quantile","0.75",126
"Copycat","2026-06-27",2,"2026-07-11","Pediatrics","quantile","0.8",130
"Copycat","2026-06-27",2,"2026-07-11","Pediatrics","quantile","0.85",137
"Copycat","2026-06-27",2,"2026-07-11","Pediatrics","quantile","0.9",146
"Copycat","2026-06-27",2,"2026-07-11","Pediatrics","quantile","0.95",161
"Copycat","2026-06-27",2,"2026-07-11","Pediatrics","quantile","0.975",182
"Copycat","2026-06-27",2,"2026-07-11","Pediatrics","quantile","0.99",198
"Copycat","2026-06-27",3,"2026-07-18","Pediatrics","quantile","0.01",42
"Copycat","2026-06-27",3,"2026-07-18","Pediatrics","quantile","0.025",48
"Copycat","2026-06-27",3,"2026-07-18","Pediatrics","quantile","0.05",56
"Copycat","2026-06-27",3,"2026-07-18","Pediatrics","quantile","0.1",65
"Copycat","2026-06-27",3,"2026-07-18","Pediatrics","quantile","0.15",72
"Copycat","2026-06-27",3,"2026-07-18","Pediatrics","quantile","0.2",79
"Copycat","2026-06-27",3,"2026-07-18","Pediatrics","quantile","0.25",84
"Copycat","2026-06-27",3,"2026-07-18","Pediatrics","quantile","0.3",89
"Copycat","2026-06-27",3,"2026-07-18","Pediatrics","quantile","0.35",93
"Copycat","2026-06-27",3,"2026-07-18","Pediatrics","quantile","0.4",97
"Copycat","2026-06-27",3,"2026-07-18","Pediatrics","quantile","0.45",101
"Copycat","2026-06-27",3,"2026-07-18","Pediatrics","quantile","0.5",105
"Copycat","2026-06-27",3,"2026-07-18","Pediatrics","quantile","0.55",108
"Copycat","2026-06-27",3,"2026-07-18","Pediatrics","quantile","0.6",112
"Copycat","2026-06-27",3,"2026-07-18","Pediatrics","quantile","0.65",117
"Copycat","2026-06-27",3,"2026-07-18","Pediatrics","quantile","0.7",122
"Copycat","2026-06-27",3,"2026-07-18","Pediatrics","quantile","0.75",127
"Copycat","2026-06-27",3,"2026-07-18","Pediatrics","quantile","0.8",134
"Copycat","2026-06-27",3,"2026-07-18","Pediatrics","quantile","0.85",142
"Copycat","2026-06-27",3,"2026-07-18","Pediatrics","quantile","0.9",153
"Copycat","2026-06-27",3,"2026-07-18","Pediatrics","quantile","0.95",170
"Copycat","2026-06-27",3,"2026-07-18","Pediatrics","quantile","0.975",189
"Copycat","2026-06-27",3,"2026-07-18","Pediatrics","quantile","0.99",221
"newGBQR","2026-06-27",-2,"2026-06-13","Adults","quantile","0.01",104
"newGBQR","2026-06-27",-2,"2026-06-13","Adults","quantile","0.025",116
"newGBQR","2026-06-27",-2,"2026-06-13","Adults","quantile","0.05",129
"newGBQR","2026-06-27",-2,"2026-06-13","Adults","quantile","0.1",139
"newGBQR","2026-06-27",-2,"2026-06-13","Adults","quantile","0.15",143
"newGBQR","2026-06-27",-2,"2026-06-13","Adults","quantile","0.2",146
"newGBQR","2026-06-27",-2,"2026-06-13","Adults","quantile","0.25",147
"newGBQR","2026-06-27",-2,"2026-06-13","Adults","quantile","0.3",149
"newGBQR","2026-06-27",-2,"2026-06-13","Adults","quantile","0.35",151
"newGBQR","2026-06-27",-2,"2026-06-13","Adults","quantile","0.4",155
"newGBQR","2026-06-27",-2,"2026-06-13","Adults","quantile","0.45",158
"newGBQR","2026-06-27",-2,"2026-06-13","Adults","quantile","0.5",162
"newGBQR","2026-06-27",-2,"2026-06-13","Adults","quantile","0.55",168
"newGBQR","2026-06-27",-2,"2026-06-13","Adults","quantile","0.6",169
"newGBQR","2026-06-27",-2,"2026-06-13","Adults","quantile","0.65",171
"newGBQR","2026-06-27",-2,"2026-06-13","Adults","quantile","0.7",173
"newGBQR","2026-06-27",-2,"2026-06-13","Adults","quantile","0.75",177
"newGBQR","2026-06-27",-2,"2026-06-13","Adults","quantile","0.8",180
"newGBQR","2026-06-27",-2,"2026-06-13","Adults","quantile","0.85",184
"newGBQR","2026-06-27",-2,"2026-06-13","Adults","quantile","0.9",192
"newGBQR","2026-06-27",-2,"2026-06-13","Adults","quantile","0.95",214
"newGBQR","2026-06-27",-2,"2026-06-13","Adults","quantile","0.975",238
"newGBQR","2026-06-27",-2,"2026-06-13","Adults","quantile","0.99",272
"newGBQR","2026-06-27",-1,"2026-06-20","Adults","quantile","0.01",103
"newGBQR","2026-06-27",-1,"2026-06-20","Adults","quantile","0.025",115
"newGBQR","2026-06-27",-1,"2026-06-20","Adults","quantile","0.05",128
"newGBQR","2026-06-27",-1,"2026-06-20","Adults","quantile","0.1",137
"newGBQR","2026-06-27",-1,"2026-06-20","Adults","quantile","0.15",141
"newGBQR","2026-06-27",-1,"2026-06-20","Adults","quantile","0.2",144
"newGBQR","2026-06-27",-1,"2026-06-20","Adults","quantile","0.25",145
"newGBQR","2026-06-27",-1,"2026-06-20","Adults","quantile","0.3",147
"newGBQR","2026-06-27",-1,"2026-06-20","Adults","quantile","0.35",150
"newGBQR","2026-06-27",-1,"2026-06-20","Adults","quantile","0.4",154
"newGBQR","2026-06-27",-1,"2026-06-20","Adults","quantile","0.45",158
"newGBQR","2026-06-27",-1,"2026-06-20","Adults","quantile","0.5",162
"newGBQR","2026-06-27",-1,"2026-06-20","Adults","quantile","0.55",167
"newGBQR","2026-06-27",-1,"2026-06-20","Adults","quantile","0.6",168
"newGBQR","2026-06-27",-1,"2026-06-20","Adults","quantile","0.65",172
"newGBQR","2026-06-27",-1,"2026-06-20","Adults","quantile","0.7",173
"newGBQR","2026-06-27",-1,"2026-06-20","Adults","quantile","0.75",177
"newGBQR","2026-06-27",-1,"2026-06-20","Adults","quantile","0.8",181
"newGBQR","2026-06-27",-1,"2026-06-20","Adults","quantile","0.85",185
"newGBQR","2026-06-27",-1,"2026-06-20","Adults","quantile","0.9",193
"newGBQR","2026-06-27",-1,"2026-06-20","Adults","quantile","0.95",215
"newGBQR","2026-06-27",-1,"2026-06-20","Adults","quantile","0.975",238
"newGBQR","2026-06-27",-1,"2026-06-20","Adults","quantile","0.99",272
"newGBQR","2026-06-27",0,"2026-06-27","Adults","quantile","0.01",103
"newGBQR","2026-06-27",0,"2026-06-27","Adults","quantile","0.025",115
"newGBQR","2026-06-27",0,"2026-06-27","Adults","quantile","0.05",125
"newGBQR","2026-06-27",0,"2026-06-27","Adults","quantile","0.1",132
"newGBQR","2026-06-27",0,"2026-06-27","Adults","quantile","0.15",136
"newGBQR","2026-06-27",0,"2026-06-27","Adults","quantile","0.2",142
"newGBQR","2026-06-27",0,"2026-06-27","Adults","quantile","0.25",143
"newGBQR","2026-06-27",0,"2026-06-27","Adults","quantile","0.3",146
"newGBQR","2026-06-27",0,"2026-06-27","Adults","quantile","0.35",148
"newGBQR","2026-06-27",0,"2026-06-27","Adults","quantile","0.4",152
"newGBQR","2026-06-27",0,"2026-06-27","Adults","quantile","0.45",156
"newGBQR","2026-06-27",0,"2026-06-27","Adults","quantile","0.5",160
"newGBQR","2026-06-27",0,"2026-06-27","Adults","quantile","0.55",164
"newGBQR","2026-06-27",0,"2026-06-27","Adults","quantile","0.6",167
"newGBQR","2026-06-27",0,"2026-06-27","Adults","quantile","0.65",170
"newGBQR","2026-06-27",0,"2026-06-27","Adults","quantile","0.7",172
"newGBQR","2026-06-27",0,"2026-06-27","Adults","quantile","0.75",176
"newGBQR","2026-06-27",0,"2026-06-27","Adults","quantile","0.8",181
"newGBQR","2026-06-27",0,"2026-06-27","Adults","quantile","0.85",185
"newGBQR","2026-06-27",0,"2026-06-27","Adults","quantile","0.9",195
"newGBQR","2026-06-27",0,"2026-06-27","Adults","quantile","0.95",217
"newGBQR","2026-06-27",0,"2026-06-27","Adults","quantile","0.975",240
"newGBQR","2026-06-27",0,"2026-06-27","Adults","quantile","0.99",273
"newGBQR","2026-06-27",1,"2026-07-04","Adults","quantile","0.01",102
"newGBQR","2026-06-27",1,"2026-07-04","Adults","quantile","0.025",112
"newGBQR","2026-06-27",1,"2026-07-04","Adults","quantile","0.05",124
"newGBQR","2026-06-27",1,"2026-07-04","Adults","quantile","0.1",132
"newGBQR","2026-06-27",1,"2026-07-04","Adults","quantile","0.15",135
"newGBQR","2026-06-27",1,"2026-07-04","Adults","quantile","0.2",140
"newGBQR","2026-06-27",1,"2026-07-04","Adults","quantile","0.25",141
"newGBQR","2026-06-27",1,"2026-07-04","Adults","quantile","0.3",142
"newGBQR","2026-06-27",1,"2026-07-04","Adults","quantile","0.35",144
"newGBQR","2026-06-27",1,"2026-07-04","Adults","quantile","0.4",147
"newGBQR","2026-06-27",1,"2026-07-04","Adults","quantile","0.45",150
"newGBQR","2026-06-27",1,"2026-07-04","Adults","quantile","0.5",154
"newGBQR","2026-06-27",1,"2026-07-04","Adults","quantile","0.55",158
"newGBQR","2026-06-27",1,"2026-07-04","Adults","quantile","0.6",162
"newGBQR","2026-06-27",1,"2026-07-04","Adults","quantile","0.65",166
"newGBQR","2026-06-27",1,"2026-07-04","Adults","quantile","0.7",169
"newGBQR","2026-06-27",1,"2026-07-04","Adults","quantile","0.75",175
"newGBQR","2026-06-27",1,"2026-07-04","Adults","quantile","0.8",178
"newGBQR","2026-06-27",1,"2026-07-04","Adults","quantile","0.85",183
"newGBQR","2026-06-27",1,"2026-07-04","Adults","quantile","0.9",195
"newGBQR","2026-06-27",1,"2026-07-04","Adults","quantile","0.95",220
"newGBQR","2026-06-27",1,"2026-07-04","Adults","quantile","0.975",242
"newGBQR","2026-06-27",1,"2026-07-04","Adults","quantile","0.99",276
"newGBQR","2026-06-27",2,"2026-07-11","Adults","quantile","0.01",99
"newGBQR","2026-06-27",2,"2026-07-11","Adults","quantile","0.025",110
"newGBQR","2026-06-27",2,"2026-07-11","Adults","quantile","0.05",123
"newGBQR","2026-06-27",2,"2026-07-11","Adults","quantile","0.1",131
"newGBQR","2026-06-27",2,"2026-07-11","Adults","quantile","0.15",133
"newGBQR","2026-06-27",2,"2026-07-11","Adults","quantile","0.2",134
"newGBQR","2026-06-27",2,"2026-07-11","Adults","quantile","0.25",136
"newGBQR","2026-06-27",2,"2026-07-11","Adults","quantile","0.3",137
"newGBQR","2026-06-27",2,"2026-07-11","Adults","quantile","0.35",139
"newGBQR","2026-06-27",2,"2026-07-11","Adults","quantile","0.4",143
"newGBQR","2026-06-27",2,"2026-07-11","Adults","quantile","0.45",147
"newGBQR","2026-06-27",2,"2026-07-11","Adults","quantile","0.5",151
"newGBQR","2026-06-27",2,"2026-07-11","Adults","quantile","0.55",154
"newGBQR","2026-06-27",2,"2026-07-11","Adults","quantile","0.6",159
"newGBQR","2026-06-27",2,"2026-07-11","Adults","quantile","0.65",164
"newGBQR","2026-06-27",2,"2026-07-11","Adults","quantile","0.7",166
"newGBQR","2026-06-27",2,"2026-07-11","Adults","quantile","0.75",173
"newGBQR","2026-06-27",2,"2026-07-11","Adults","quantile","0.8",177
"newGBQR","2026-06-27",2,"2026-07-11","Adults","quantile","0.85",181
"newGBQR","2026-06-27",2,"2026-07-11","Adults","quantile","0.9",192
"newGBQR","2026-06-27",2,"2026-07-11","Adults","quantile","0.95",222
"newGBQR","2026-06-27",2,"2026-07-11","Adults","quantile","0.975",247
"newGBQR","2026-06-27",2,"2026-07-11","Adults","quantile","0.99",281
"newGBQR","2026-06-27",3,"2026-07-18","Adults","quantile","0.01",96
"newGBQR","2026-06-27",3,"2026-07-18","Adults","quantile","0.025",109
"newGBQR","2026-06-27",3,"2026-07-18","Adults","quantile","0.05",121
"newGBQR","2026-06-27",3,"2026-07-18","Adults","quantile","0.1",126
"newGBQR","2026-06-27",3,"2026-07-18","Adults","quantile","0.15",130
"newGBQR","2026-06-27",3,"2026-07-18","Adults","quantile","0.2",131
"newGBQR","2026-06-27",3,"2026-07-18","Adults","quantile","0.25",133
"newGBQR","2026-06-27",3,"2026-07-18","Adults","quantile","0.3",135
"newGBQR","2026-06-27",3,"2026-07-18","Adults","quantile","0.35",139
"newGBQR","2026-06-27",3,"2026-07-18","Adults","quantile","0.4",142
"newGBQR","2026-06-27",3,"2026-07-18","Adults","quantile","0.45",147
"newGBQR","2026-06-27",3,"2026-07-18","Adults","quantile","0.5",149
"newGBQR","2026-06-27",3,"2026-07-18","Adults","quantile","0.55",154
"newGBQR","2026-06-27",3,"2026-07-18","Adults","quantile","0.6",158
"newGBQR","2026-06-27",3,"2026-07-18","Adults","quantile","0.65",163
"newGBQR","2026-06-27",3,"2026-07-18","Adults","quantile","0.7",166
"newGBQR","2026-06-27",3,"2026-07-18","Adults","quantile","0.75",173
"newGBQR","2026-06-27",3,"2026-07-18","Adults","quantile","0.8",177
"newGBQR","2026-06-27",3,"2026-07-18","Adults","quantile","0.85",181
"newGBQR","2026-06-27",3,"2026-07-18","Adults","quantile","0.9",192
"newGBQR","2026-06-27",3,"2026-07-18","Adults","quantile","0.95",221
"newGBQR","2026-06-27",3,"2026-07-18","Adults","quantile","0.975",247
"newGBQR","2026-06-27",3,"2026-07-18","Adults","quantile","0.99",282
"newGBQR","2026-06-27",-2,"2026-06-13","Overall","quantile","0.01",182
"newGBQR","2026-06-27",-2,"2026-06-13","Overall","quantile","0.025",200
"newGBQR","2026-06-27",-2,"2026-06-13","Overall","quantile","0.05",221
"newGBQR","2026-06-27",-2,"2026-06-13","Overall","quantile","0.1",241
"newGBQR","2026-06-27",-2,"2026-06-13","Overall","quantile","0.15",246
"newGBQR","2026-06-27",-2,"2026-06-13","Overall","quantile","0.2",251
"newGBQR","2026-06-27",-2,"2026-06-13","Overall","quantile","0.25",253
"newGBQR","2026-06-27",-2,"2026-06-13","Overall","quantile","0.3",259
"newGBQR","2026-06-27",-2,"2026-06-13","Overall","quantile","0.35",261
"newGBQR","2026-06-27",-2,"2026-06-13","Overall","quantile","0.4",266
"newGBQR","2026-06-27",-2,"2026-06-13","Overall","quantile","0.45",270
"newGBQR","2026-06-27",-2,"2026-06-13","Overall","quantile","0.5",276
"newGBQR","2026-06-27",-2,"2026-06-13","Overall","quantile","0.55",283
"newGBQR","2026-06-27",-2,"2026-06-13","Overall","quantile","0.6",285
"newGBQR","2026-06-27",-2,"2026-06-13","Overall","quantile","0.65",291
"newGBQR","2026-06-27",-2,"2026-06-13","Overall","quantile","0.7",297
"newGBQR","2026-06-27",-2,"2026-06-13","Overall","quantile","0.75",304
"newGBQR","2026-06-27",-2,"2026-06-13","Overall","quantile","0.8",313
"newGBQR","2026-06-27",-2,"2026-06-13","Overall","quantile","0.85",323
"newGBQR","2026-06-27",-2,"2026-06-13","Overall","quantile","0.9",336
"newGBQR","2026-06-27",-2,"2026-06-13","Overall","quantile","0.95",366
"newGBQR","2026-06-27",-2,"2026-06-13","Overall","quantile","0.975",404
"newGBQR","2026-06-27",-2,"2026-06-13","Overall","quantile","0.99",462
"newGBQR","2026-06-27",-1,"2026-06-20","Overall","quantile","0.01",180
"newGBQR","2026-06-27",-1,"2026-06-20","Overall","quantile","0.025",199
"newGBQR","2026-06-27",-1,"2026-06-20","Overall","quantile","0.05",220
"newGBQR","2026-06-27",-1,"2026-06-20","Overall","quantile","0.1",237
"newGBQR","2026-06-27",-1,"2026-06-20","Overall","quantile","0.15",243
"newGBQR","2026-06-27",-1,"2026-06-20","Overall","quantile","0.2",248
"newGBQR","2026-06-27",-1,"2026-06-20","Overall","quantile","0.25",249
"newGBQR","2026-06-27",-1,"2026-06-20","Overall","quantile","0.3",255
"newGBQR","2026-06-27",-1,"2026-06-20","Overall","quantile","0.35",259
"newGBQR","2026-06-27",-1,"2026-06-20","Overall","quantile","0.4",265
"newGBQR","2026-06-27",-1,"2026-06-20","Overall","quantile","0.45",270
"newGBQR","2026-06-27",-1,"2026-06-20","Overall","quantile","0.5",275
"newGBQR","2026-06-27",-1,"2026-06-20","Overall","quantile","0.55",283
"newGBQR","2026-06-27",-1,"2026-06-20","Overall","quantile","0.6",285
"newGBQR","2026-06-27",-1,"2026-06-20","Overall","quantile","0.65",291
"newGBQR","2026-06-27",-1,"2026-06-20","Overall","quantile","0.7",297
"newGBQR","2026-06-27",-1,"2026-06-20","Overall","quantile","0.75",305
"newGBQR","2026-06-27",-1,"2026-06-20","Overall","quantile","0.8",314
"newGBQR","2026-06-27",-1,"2026-06-20","Overall","quantile","0.85",324
"newGBQR","2026-06-27",-1,"2026-06-20","Overall","quantile","0.9",337
"newGBQR","2026-06-27",-1,"2026-06-20","Overall","quantile","0.95",369
"newGBQR","2026-06-27",-1,"2026-06-20","Overall","quantile","0.975",405
"newGBQR","2026-06-27",-1,"2026-06-20","Overall","quantile","0.99",462
"newGBQR","2026-06-27",0,"2026-06-27","Overall","quantile","0.01",179
"newGBQR","2026-06-27",0,"2026-06-27","Overall","quantile","0.025",198
"newGBQR","2026-06-27",0,"2026-06-27","Overall","quantile","0.05",216
"newGBQR","2026-06-27",0,"2026-06-27","Overall","quantile","0.1",233
"newGBQR","2026-06-27",0,"2026-06-27","Overall","quantile","0.15",239
"newGBQR","2026-06-27",0,"2026-06-27","Overall","quantile","0.2",244
"newGBQR","2026-06-27",0,"2026-06-27","Overall","quantile","0.25",246
"newGBQR","2026-06-27",0,"2026-06-27","Overall","quantile","0.3",250
"newGBQR","2026-06-27",0,"2026-06-27","Overall","quantile","0.35",255
"newGBQR","2026-06-27",0,"2026-06-27","Overall","quantile","0.4",262
"newGBQR","2026-06-27",0,"2026-06-27","Overall","quantile","0.45",265
"newGBQR","2026-06-27",0,"2026-06-27","Overall","quantile","0.5",271
"newGBQR","2026-06-27",0,"2026-06-27","Overall","quantile","0.55",280
"newGBQR","2026-06-27",0,"2026-06-27","Overall","quantile","0.6",282
"newGBQR","2026-06-27",0,"2026-06-27","Overall","quantile","0.65",291
"newGBQR","2026-06-27",0,"2026-06-27","Overall","quantile","0.7",296
"newGBQR","2026-06-27",0,"2026-06-27","Overall","quantile","0.75",306
"newGBQR","2026-06-27",0,"2026-06-27","Overall","quantile","0.8",316
"newGBQR","2026-06-27",0,"2026-06-27","Overall","quantile","0.85",324
"newGBQR","2026-06-27",0,"2026-06-27","Overall","quantile","0.9",341
"newGBQR","2026-06-27",0,"2026-06-27","Overall","quantile","0.95",374
"newGBQR","2026-06-27",0,"2026-06-27","Overall","quantile","0.975",409
"newGBQR","2026-06-27",0,"2026-06-27","Overall","quantile","0.99",463
"newGBQR","2026-06-27",1,"2026-07-04","Overall","quantile","0.01",178
"newGBQR","2026-06-27",1,"2026-07-04","Overall","quantile","0.025",195
"newGBQR","2026-06-27",1,"2026-07-04","Overall","quantile","0.05",213
"newGBQR","2026-06-27",1,"2026-07-04","Overall","quantile","0.1",227
"newGBQR","2026-06-27",1,"2026-07-04","Overall","quantile","0.15",234
"newGBQR","2026-06-27",1,"2026-07-04","Overall","quantile","0.2",241
"newGBQR","2026-06-27",1,"2026-07-04","Overall","quantile","0.25",242
"newGBQR","2026-06-27",1,"2026-07-04","Overall","quantile","0.3",246
"newGBQR","2026-06-27",1,"2026-07-04","Overall","quantile","0.35",250
"newGBQR","2026-06-27",1,"2026-07-04","Overall","quantile","0.4",256
"newGBQR","2026-06-27",1,"2026-07-04","Overall","quantile","0.45",262
"newGBQR","2026-06-27",1,"2026-07-04","Overall","quantile","0.5",267
"newGBQR","2026-06-27",1,"2026-07-04","Overall","quantile","0.55",274
"newGBQR","2026-06-27",1,"2026-07-04","Overall","quantile","0.6",280
"newGBQR","2026-06-27",1,"2026-07-04","Overall","quantile","0.65",288
"newGBQR","2026-06-27",1,"2026-07-04","Overall","quantile","0.7",293
"newGBQR","2026-06-27",1,"2026-07-04","Overall","quantile","0.75",304
"newGBQR","2026-06-27",1,"2026-07-04","Overall","quantile","0.8",313
"newGBQR","2026-06-27",1,"2026-07-04","Overall","quantile","0.85",321
"newGBQR","2026-06-27",1,"2026-07-04","Overall","quantile","0.9",341
"newGBQR","2026-06-27",1,"2026-07-04","Overall","quantile","0.95",383
"newGBQR","2026-06-27",1,"2026-07-04","Overall","quantile","0.975",412
"newGBQR","2026-06-27",1,"2026-07-04","Overall","quantile","0.99",469
"newGBQR","2026-06-27",2,"2026-07-11","Overall","quantile","0.01",177
"newGBQR","2026-06-27",2,"2026-07-11","Overall","quantile","0.025",191
"newGBQR","2026-06-27",2,"2026-07-11","Overall","quantile","0.05",211
"newGBQR","2026-06-27",2,"2026-07-11","Overall","quantile","0.1",224
"newGBQR","2026-06-27",2,"2026-07-11","Overall","quantile","0.15",230
"newGBQR","2026-06-27",2,"2026-07-11","Overall","quantile","0.2",235
"newGBQR","2026-06-27",2,"2026-07-11","Overall","quantile","0.25",237
"newGBQR","2026-06-27",2,"2026-07-11","Overall","quantile","0.3",242
"newGBQR","2026-06-27",2,"2026-07-11","Overall","quantile","0.35",244
"newGBQR","2026-06-27",2,"2026-07-11","Overall","quantile","0.4",252
"newGBQR","2026-06-27",2,"2026-07-11","Overall","quantile","0.45",256
"newGBQR","2026-06-27",2,"2026-07-11","Overall","quantile","0.5",258
"newGBQR","2026-06-27",2,"2026-07-11","Overall","quantile","0.55",267
"newGBQR","2026-06-27",2,"2026-07-11","Overall","quantile","0.6",271
"newGBQR","2026-06-27",2,"2026-07-11","Overall","quantile","0.65",283
"newGBQR","2026-06-27",2,"2026-07-11","Overall","quantile","0.7",287
"newGBQR","2026-06-27",2,"2026-07-11","Overall","quantile","0.75",299
"newGBQR","2026-06-27",2,"2026-07-11","Overall","quantile","0.8",308
"newGBQR","2026-06-27",2,"2026-07-11","Overall","quantile","0.85",318
"newGBQR","2026-06-27",2,"2026-07-11","Overall","quantile","0.9",339
"newGBQR","2026-06-27",2,"2026-07-11","Overall","quantile","0.95",381
"newGBQR","2026-06-27",2,"2026-07-11","Overall","quantile","0.975",419
"newGBQR","2026-06-27",2,"2026-07-11","Overall","quantile","0.99",476
"newGBQR","2026-06-27",3,"2026-07-18","Overall","quantile","0.01",167
"newGBQR","2026-06-27",3,"2026-07-18","Overall","quantile","0.025",189
"newGBQR","2026-06-27",3,"2026-07-18","Overall","quantile","0.05",208
"newGBQR","2026-06-27",3,"2026-07-18","Overall","quantile","0.1",220
"newGBQR","2026-06-27",3,"2026-07-18","Overall","quantile","0.15",225
"newGBQR","2026-06-27",3,"2026-07-18","Overall","quantile","0.2",227
"newGBQR","2026-06-27",3,"2026-07-18","Overall","quantile","0.25",230
"newGBQR","2026-06-27",3,"2026-07-18","Overall","quantile","0.3",234
"newGBQR","2026-06-27",3,"2026-07-18","Overall","quantile","0.35",239
"newGBQR","2026-06-27",3,"2026-07-18","Overall","quantile","0.4",247
"newGBQR","2026-06-27",3,"2026-07-18","Overall","quantile","0.45",252
"newGBQR","2026-06-27",3,"2026-07-18","Overall","quantile","0.5",255
"newGBQR","2026-06-27",3,"2026-07-18","Overall","quantile","0.55",263
"newGBQR","2026-06-27",3,"2026-07-18","Overall","quantile","0.6",269
"newGBQR","2026-06-27",3,"2026-07-18","Overall","quantile","0.65",281
"newGBQR","2026-06-27",3,"2026-07-18","Overall","quantile","0.7",287
"newGBQR","2026-06-27",3,"2026-07-18","Overall","quantile","0.75",299
"newGBQR","2026-06-27",3,"2026-07-18","Overall","quantile","0.8",306
"newGBQR","2026-06-27",3,"2026-07-18","Overall","quantile","0.85",319
"newGBQR","2026-06-27",3,"2026-07-18","Overall","quantile","0.9",338
"newGBQR","2026-06-27",3,"2026-07-18","Overall","quantile","0.95",380
"newGBQR","2026-06-27",3,"2026-07-18","Overall","quantile","0.975",419
"newGBQR","2026-06-27",3,"2026-07-18","Overall","quantile","0.99",478
"newGBQR","2026-06-27",-2,"2026-06-13","Pediatrics","quantile","0.01",76
"newGBQR","2026-06-27",-2,"2026-06-13","Pediatrics","quantile","0.025",84
"newGBQR","2026-06-27",-2,"2026-06-13","Pediatrics","quantile","0.05",93
"newGBQR","2026-06-27",-2,"2026-06-13","Pediatrics","quantile","0.1",100
"newGBQR","2026-06-27",-2,"2026-06-13","Pediatrics","quantile","0.15",103
"newGBQR","2026-06-27",-2,"2026-06-13","Pediatrics","quantile","0.2",105
"newGBQR","2026-06-27",-2,"2026-06-13","Pediatrics","quantile","0.25",107
"newGBQR","2026-06-27",-2,"2026-06-13","Pediatrics","quantile","0.3",109
"newGBQR","2026-06-27",-2,"2026-06-13","Pediatrics","quantile","0.35",110
"newGBQR","2026-06-27",-2,"2026-06-13","Pediatrics","quantile","0.4",112
"newGBQR","2026-06-27",-2,"2026-06-13","Pediatrics","quantile","0.45",115
"newGBQR","2026-06-27",-2,"2026-06-13","Pediatrics","quantile","0.5",119
"newGBQR","2026-06-27",-2,"2026-06-13","Pediatrics","quantile","0.55",120
"newGBQR","2026-06-27",-2,"2026-06-13","Pediatrics","quantile","0.6",122
"newGBQR","2026-06-27",-2,"2026-06-13","Pediatrics","quantile","0.65",125
"newGBQR","2026-06-27",-2,"2026-06-13","Pediatrics","quantile","0.7",127
"newGBQR","2026-06-27",-2,"2026-06-13","Pediatrics","quantile","0.75",131
"newGBQR","2026-06-27",-2,"2026-06-13","Pediatrics","quantile","0.8",134
"newGBQR","2026-06-27",-2,"2026-06-13","Pediatrics","quantile","0.85",138
"newGBQR","2026-06-27",-2,"2026-06-13","Pediatrics","quantile","0.9",142
"newGBQR","2026-06-27",-2,"2026-06-13","Pediatrics","quantile","0.95",153
"newGBQR","2026-06-27",-2,"2026-06-13","Pediatrics","quantile","0.975",168
"newGBQR","2026-06-27",-2,"2026-06-13","Pediatrics","quantile","0.99",192
"newGBQR","2026-06-27",-1,"2026-06-20","Pediatrics","quantile","0.01",75
"newGBQR","2026-06-27",-1,"2026-06-20","Pediatrics","quantile","0.025",84
"newGBQR","2026-06-27",-1,"2026-06-20","Pediatrics","quantile","0.05",93
"newGBQR","2026-06-27",-1,"2026-06-20","Pediatrics","quantile","0.1",99
"newGBQR","2026-06-27",-1,"2026-06-20","Pediatrics","quantile","0.15",102
"newGBQR","2026-06-27",-1,"2026-06-20","Pediatrics","quantile","0.2",104
"newGBQR","2026-06-27",-1,"2026-06-20","Pediatrics","quantile","0.25",106
"newGBQR","2026-06-27",-1,"2026-06-20","Pediatrics","quantile","0.3",109
"newGBQR","2026-06-27",-1,"2026-06-20","Pediatrics","quantile","0.35",110
"newGBQR","2026-06-27",-1,"2026-06-20","Pediatrics","quantile","0.4",112
"newGBQR","2026-06-27",-1,"2026-06-20","Pediatrics","quantile","0.45",115
"newGBQR","2026-06-27",-1,"2026-06-20","Pediatrics","quantile","0.5",118
"newGBQR","2026-06-27",-1,"2026-06-20","Pediatrics","quantile","0.55",120
"newGBQR","2026-06-27",-1,"2026-06-20","Pediatrics","quantile","0.6",122
"newGBQR","2026-06-27",-1,"2026-06-20","Pediatrics","quantile","0.65",125
"newGBQR","2026-06-27",-1,"2026-06-20","Pediatrics","quantile","0.7",127
"newGBQR","2026-06-27",-1,"2026-06-20","Pediatrics","quantile","0.75",131
"newGBQR","2026-06-27",-1,"2026-06-20","Pediatrics","quantile","0.8",134
"newGBQR","2026-06-27",-1,"2026-06-20","Pediatrics","quantile","0.85",139
"newGBQR","2026-06-27",-1,"2026-06-20","Pediatrics","quantile","0.9",143
"newGBQR","2026-06-27",-1,"2026-06-20","Pediatrics","quantile","0.95",155
"newGBQR","2026-06-27",-1,"2026-06-20","Pediatrics","quantile","0.975",168
"newGBQR","2026-06-27",-1,"2026-06-20","Pediatrics","quantile","0.99",193
"newGBQR","2026-06-27",0,"2026-06-27","Pediatrics","quantile","0.01",75
"newGBQR","2026-06-27",0,"2026-06-27","Pediatrics","quantile","0.025",83
"newGBQR","2026-06-27",0,"2026-06-27","Pediatrics","quantile","0.05",91
"newGBQR","2026-06-27",0,"2026-06-27","Pediatrics","quantile","0.1",98
"newGBQR","2026-06-27",0,"2026-06-27","Pediatrics","quantile","0.15",100
"newGBQR","2026-06-27",0,"2026-06-27","Pediatrics","quantile","0.2",103
"newGBQR","2026-06-27",0,"2026-06-27","Pediatrics","quantile","0.25",104
"newGBQR","2026-06-27",0,"2026-06-27","Pediatrics","quantile","0.3",106
"newGBQR","2026-06-27",0,"2026-06-27","Pediatrics","quantile","0.35",108
"newGBQR","2026-06-27",0,"2026-06-27","Pediatrics","quantile","0.4",111
"newGBQR","2026-06-27",0,"2026-06-27","Pediatrics","quantile","0.45",114
"newGBQR","2026-06-27",0,"2026-06-27","Pediatrics","quantile","0.5",117
"newGBQR","2026-06-27",0,"2026-06-27","Pediatrics","quantile","0.55",120
"newGBQR","2026-06-27",0,"2026-06-27","Pediatrics","quantile","0.6",122
"newGBQR","2026-06-27",0,"2026-06-27","Pediatrics","quantile","0.65",125
"newGBQR","2026-06-27",0,"2026-06-27","Pediatrics","quantile","0.7",128
"newGBQR","2026-06-27",0,"2026-06-27","Pediatrics","quantile","0.75",132
"newGBQR","2026-06-27",0,"2026-06-27","Pediatrics","quantile","0.8",135
"newGBQR","2026-06-27",0,"2026-06-27","Pediatrics","quantile","0.85",139
"newGBQR","2026-06-27",0,"2026-06-27","Pediatrics","quantile","0.9",146
"newGBQR","2026-06-27",0,"2026-06-27","Pediatrics","quantile","0.95",158
"newGBQR","2026-06-27",0,"2026-06-27","Pediatrics","quantile","0.975",171
"newGBQR","2026-06-27",0,"2026-06-27","Pediatrics","quantile","0.99",193
"newGBQR","2026-06-27",1,"2026-07-04","Pediatrics","quantile","0.01",75
"newGBQR","2026-06-27",1,"2026-07-04","Pediatrics","quantile","0.025",82
"newGBQR","2026-06-27",1,"2026-07-04","Pediatrics","quantile","0.05",90
"newGBQR","2026-06-27",1,"2026-07-04","Pediatrics","quantile","0.1",95
"newGBQR","2026-06-27",1,"2026-07-04","Pediatrics","quantile","0.15",98
"newGBQR","2026-06-27",1,"2026-07-04","Pediatrics","quantile","0.2",102
"newGBQR","2026-06-27",1,"2026-07-04","Pediatrics","quantile","0.25",104
"newGBQR","2026-06-27",1,"2026-07-04","Pediatrics","quantile","0.3",105
"newGBQR","2026-06-27",1,"2026-07-04","Pediatrics","quantile","0.35",107
"newGBQR","2026-06-27",1,"2026-07-04","Pediatrics","quantile","0.4",109
"newGBQR","2026-06-27",1,"2026-07-04","Pediatrics","quantile","0.45",112
"newGBQR","2026-06-27",1,"2026-07-04","Pediatrics","quantile","0.5",116
"newGBQR","2026-06-27",1,"2026-07-04","Pediatrics","quantile","0.55",118
"newGBQR","2026-06-27",1,"2026-07-04","Pediatrics","quantile","0.6",121
"newGBQR","2026-06-27",1,"2026-07-04","Pediatrics","quantile","0.65",124
"newGBQR","2026-06-27",1,"2026-07-04","Pediatrics","quantile","0.7",126
"newGBQR","2026-06-27",1,"2026-07-04","Pediatrics","quantile","0.75",131
"newGBQR","2026-06-27",1,"2026-07-04","Pediatrics","quantile","0.8",135
"newGBQR","2026-06-27",1,"2026-07-04","Pediatrics","quantile","0.85",140
"newGBQR","2026-06-27",1,"2026-07-04","Pediatrics","quantile","0.9",147
"newGBQR","2026-06-27",1,"2026-07-04","Pediatrics","quantile","0.95",160
"newGBQR","2026-06-27",1,"2026-07-04","Pediatrics","quantile","0.975",172
"newGBQR","2026-06-27",1,"2026-07-04","Pediatrics","quantile","0.99",195
"newGBQR","2026-06-27",2,"2026-07-11","Pediatrics","quantile","0.01",74
"newGBQR","2026-06-27",2,"2026-07-11","Pediatrics","quantile","0.025",80
"newGBQR","2026-06-27",2,"2026-07-11","Pediatrics","quantile","0.05",89
"newGBQR","2026-06-27",2,"2026-07-11","Pediatrics","quantile","0.1",94
"newGBQR","2026-06-27",2,"2026-07-11","Pediatrics","quantile","0.15",97
"newGBQR","2026-06-27",2,"2026-07-11","Pediatrics","quantile","0.2",99
"newGBQR","2026-06-27",2,"2026-07-11","Pediatrics","quantile","0.25",102
"newGBQR","2026-06-27",2,"2026-07-11","Pediatrics","quantile","0.3",104
"newGBQR","2026-06-27",2,"2026-07-11","Pediatrics","quantile","0.35",104
"newGBQR","2026-06-27",2,"2026-07-11","Pediatrics","quantile","0.4",107
"newGBQR","2026-06-27",2,"2026-07-11","Pediatrics","quantile","0.45",110
"newGBQR","2026-06-27",2,"2026-07-11","Pediatrics","quantile","0.5",113
"newGBQR","2026-06-27",2,"2026-07-11","Pediatrics","quantile","0.55",115
"newGBQR","2026-06-27",2,"2026-07-11","Pediatrics","quantile","0.6",119
"newGBQR","2026-06-27",2,"2026-07-11","Pediatrics","quantile","0.65",123
"newGBQR","2026-06-27",2,"2026-07-11","Pediatrics","quantile","0.7",125
"newGBQR","2026-06-27",2,"2026-07-11","Pediatrics","quantile","0.75",129
"newGBQR","2026-06-27",2,"2026-07-11","Pediatrics","quantile","0.8",131
"newGBQR","2026-06-27",2,"2026-07-11","Pediatrics","quantile","0.85",138
"newGBQR","2026-06-27",2,"2026-07-11","Pediatrics","quantile","0.9",144
"newGBQR","2026-06-27",2,"2026-07-11","Pediatrics","quantile","0.95",160
"newGBQR","2026-06-27",2,"2026-07-11","Pediatrics","quantile","0.975",175
"newGBQR","2026-06-27",2,"2026-07-11","Pediatrics","quantile","0.99",198
"newGBQR","2026-06-27",3,"2026-07-18","Pediatrics","quantile","0.01",70
"newGBQR","2026-06-27",3,"2026-07-18","Pediatrics","quantile","0.025",78
"newGBQR","2026-06-27",3,"2026-07-18","Pediatrics","quantile","0.05",86
"newGBQR","2026-06-27",3,"2026-07-18","Pediatrics","quantile","0.1",91
"newGBQR","2026-06-27",3,"2026-07-18","Pediatrics","quantile","0.15",95
"newGBQR","2026-06-27",3,"2026-07-18","Pediatrics","quantile","0.2",97
"newGBQR","2026-06-27",3,"2026-07-18","Pediatrics","quantile","0.25",98
"newGBQR","2026-06-27",3,"2026-07-18","Pediatrics","quantile","0.3",99
"newGBQR","2026-06-27",3,"2026-07-18","Pediatrics","quantile","0.35",102
"newGBQR","2026-06-27",3,"2026-07-18","Pediatrics","quantile","0.4",105
"newGBQR","2026-06-27",3,"2026-07-18","Pediatrics","quantile","0.45",109
"newGBQR","2026-06-27",3,"2026-07-18","Pediatrics","quantile","0.5",112
"newGBQR","2026-06-27",3,"2026-07-18","Pediatrics","quantile","0.55",113
"newGBQR","2026-06-27",3,"2026-07-18","Pediatrics","quantile","0.6",118
"newGBQR","2026-06-27",3,"2026-07-18","Pediatrics","quantile","0.65",123
"newGBQR","2026-06-27",3,"2026-07-18","Pediatrics","quantile","0.7",124
"newGBQR","2026-06-27",3,"2026-07-18","Pediatrics","quantile","0.75",128
"newGBQR","2026-06-27",3,"2026-07-18","Pediatrics","quantile","0.8",131
"newGBQR","2026-06-27",3,"2026-07-18","Pediatrics","quantile","0.85",138
"newGBQR","2026-06-27",3,"2026-07-18","Pediatrics","quantile","0.9",144
"newGBQR","2026-06-27",3,"2026-07-18","Pediatrics","quantile","0.95",161
"newGBQR","2026-06-27",3,"2026-07-18","Pediatrics","quantile","0.975",175
"newGBQR","2026-06-27",3,"2026-07-18","Pediatrics","quantile","0.99",199
"Ensemble","2026-06-27",-2,"2026-06-13","Adults","quantile","0.01",107
"Ensemble","2026-06-27",-2,"2026-06-13","Adults","quantile","0.025",116
"Ensemble","2026-06-27",-2,"2026-06-13","Adults","quantile","0.05",129
"Ensemble","2026-06-27",-2,"2026-06-13","Adults","quantile","0.1",139
"Ensemble","2026-06-27",-2,"2026-06-13","Adults","quantile","0.15",143
"Ensemble","2026-06-27",-2,"2026-06-13","Adults","quantile","0.2",146
"Ensemble","2026-06-27",-2,"2026-06-13","Adults","quantile","0.25",147
"Ensemble","2026-06-27",-2,"2026-06-13","Adults","quantile","0.3",151
"Ensemble","2026-06-27",-2,"2026-06-13","Adults","quantile","0.35",155
"Ensemble","2026-06-27",-2,"2026-06-13","Adults","quantile","0.4",159
"Ensemble","2026-06-27",-2,"2026-06-13","Adults","quantile","0.45",162
"Ensemble","2026-06-27",-2,"2026-06-13","Adults","quantile","0.5",166
"Ensemble","2026-06-27",-2,"2026-06-13","Adults","quantile","0.55",169
"Ensemble","2026-06-27",-2,"2026-06-13","Adults","quantile","0.6",171
"Ensemble","2026-06-27",-2,"2026-06-13","Adults","quantile","0.65",174
"Ensemble","2026-06-27",-2,"2026-06-13","Adults","quantile","0.7",176
"Ensemble","2026-06-27",-2,"2026-06-13","Adults","quantile","0.75",179
"Ensemble","2026-06-27",-2,"2026-06-13","Adults","quantile","0.8",183
"Ensemble","2026-06-27",-2,"2026-06-13","Adults","quantile","0.85",186
"Ensemble","2026-06-27",-2,"2026-06-13","Adults","quantile","0.9",192
"Ensemble","2026-06-27",-2,"2026-06-13","Adults","quantile","0.95",214
"Ensemble","2026-06-27",-2,"2026-06-13","Adults","quantile","0.975",236
"Ensemble","2026-06-27",-2,"2026-06-13","Adults","quantile","0.99",250
"Ensemble","2026-06-27",-2,"2026-06-13","Overall","quantile","0.01",208
"Ensemble","2026-06-27",-2,"2026-06-13","Overall","quantile","0.025",218
"Ensemble","2026-06-27",-2,"2026-06-13","Overall","quantile","0.05",228
"Ensemble","2026-06-27",-2,"2026-06-13","Overall","quantile","0.1",241
"Ensemble","2026-06-27",-2,"2026-06-13","Overall","quantile","0.15",247
"Ensemble","2026-06-27",-2,"2026-06-13","Overall","quantile","0.2",254
"Ensemble","2026-06-27",-2,"2026-06-13","Overall","quantile","0.25",260
"Ensemble","2026-06-27",-2,"2026-06-13","Overall","quantile","0.3",265
"Ensemble","2026-06-27",-2,"2026-06-13","Overall","quantile","0.35",271
"Ensemble","2026-06-27",-2,"2026-06-13","Overall","quantile","0.4",276
"Ensemble","2026-06-27",-2,"2026-06-13","Overall","quantile","0.45",280
"Ensemble","2026-06-27",-2,"2026-06-13","Overall","quantile","0.5",285
"Ensemble","2026-06-27",-2,"2026-06-13","Overall","quantile","0.55",288
"Ensemble","2026-06-27",-2,"2026-06-13","Overall","quantile","0.6",292
"Ensemble","2026-06-27",-2,"2026-06-13","Overall","quantile","0.65",296
"Ensemble","2026-06-27",-2,"2026-06-13","Overall","quantile","0.7",300
"Ensemble","2026-06-27",-2,"2026-06-13","Overall","quantile","0.75",305
"Ensemble","2026-06-27",-2,"2026-06-13","Overall","quantile","0.8",313
"Ensemble","2026-06-27",-2,"2026-06-13","Overall","quantile","0.85",323
"Ensemble","2026-06-27",-2,"2026-06-13","Overall","quantile","0.9",336
"Ensemble","2026-06-27",-2,"2026-06-13","Overall","quantile","0.95",353
"Ensemble","2026-06-27",-2,"2026-06-13","Overall","quantile","0.975",366
"Ensemble","2026-06-27",-2,"2026-06-13","Overall","quantile","0.99",383
"Ensemble","2026-06-27",-2,"2026-06-13","Pediatrics","quantile","0.01",76
"Ensemble","2026-06-27",-2,"2026-06-13","Pediatrics","quantile","0.025",84
"Ensemble","2026-06-27",-2,"2026-06-13","Pediatrics","quantile","0.05",93
"Ensemble","2026-06-27",-2,"2026-06-13","Pediatrics","quantile","0.1",100
"Ensemble","2026-06-27",-2,"2026-06-13","Pediatrics","quantile","0.15",103
"Ensemble","2026-06-27",-2,"2026-06-13","Pediatrics","quantile","0.2",105
"Ensemble","2026-06-27",-2,"2026-06-13","Pediatrics","quantile","0.25",107
"Ensemble","2026-06-27",-2,"2026-06-13","Pediatrics","quantile","0.3",109
"Ensemble","2026-06-27",-2,"2026-06-13","Pediatrics","quantile","0.35",110
"Ensemble","2026-06-27",-2,"2026-06-13","Pediatrics","quantile","0.4",112
"Ensemble","2026-06-27",-2,"2026-06-13","Pediatrics","quantile","0.45",115
"Ensemble","2026-06-27",-2,"2026-06-13","Pediatrics","quantile","0.5",119
"Ensemble","2026-06-27",-2,"2026-06-13","Pediatrics","quantile","0.55",120
"Ensemble","2026-06-27",-2,"2026-06-13","Pediatrics","quantile","0.6",122
"Ensemble","2026-06-27",-2,"2026-06-13","Pediatrics","quantile","0.65",125
"Ensemble","2026-06-27",-2,"2026-06-13","Pediatrics","quantile","0.7",128
"Ensemble","2026-06-27",-2,"2026-06-13","Pediatrics","quantile","0.75",131
"Ensemble","2026-06-27",-2,"2026-06-13","Pediatrics","quantile","0.8",134
"Ensemble","2026-06-27",-2,"2026-06-13","Pediatrics","quantile","0.85",138
"Ensemble","2026-06-27",-2,"2026-06-13","Pediatrics","quantile","0.9",142
"Ensemble","2026-06-27",-2,"2026-06-13","Pediatrics","quantile","0.95",153
"Ensemble","2026-06-27",-2,"2026-06-13","Pediatrics","quantile","0.975",167
"Ensemble","2026-06-27",-2,"2026-06-13","Pediatrics","quantile","0.99",180
"Ensemble","2026-06-27",-1,"2026-06-20","Adults","quantile","0.01",103
"Ensemble","2026-06-27",-1,"2026-06-20","Adults","quantile","0.025",115
"Ensemble","2026-06-27",-1,"2026-06-20","Adults","quantile","0.05",127
"Ensemble","2026-06-27",-1,"2026-06-20","Adults","quantile","0.1",134
"Ensemble","2026-06-27",-1,"2026-06-20","Adults","quantile","0.15",140
"Ensemble","2026-06-27",-1,"2026-06-20","Adults","quantile","0.2",144
"Ensemble","2026-06-27",-1,"2026-06-20","Adults","quantile","0.25",145
"Ensemble","2026-06-27",-1,"2026-06-20","Adults","quantile","0.3",147
"Ensemble","2026-06-27",-1,"2026-06-20","Adults","quantile","0.35",150
"Ensemble","2026-06-27",-1,"2026-06-20","Adults","quantile","0.4",155
"Ensemble","2026-06-27",-1,"2026-06-20","Adults","quantile","0.45",160
"Ensemble","2026-06-27",-1,"2026-06-20","Adults","quantile","0.5",163
"Ensemble","2026-06-27",-1,"2026-06-20","Adults","quantile","0.55",167
"Ensemble","2026-06-27",-1,"2026-06-20","Adults","quantile","0.6",168
"Ensemble","2026-06-27",-1,"2026-06-20","Adults","quantile","0.65",172
"Ensemble","2026-06-27",-1,"2026-06-20","Adults","quantile","0.7",175
"Ensemble","2026-06-27",-1,"2026-06-20","Adults","quantile","0.75",178
"Ensemble","2026-06-27",-1,"2026-06-20","Adults","quantile","0.8",183
"Ensemble","2026-06-27",-1,"2026-06-20","Adults","quantile","0.85",188
"Ensemble","2026-06-27",-1,"2026-06-20","Adults","quantile","0.9",195
"Ensemble","2026-06-27",-1,"2026-06-20","Adults","quantile","0.95",215
"Ensemble","2026-06-27",-1,"2026-06-20","Adults","quantile","0.975",238
"Ensemble","2026-06-27",-1,"2026-06-20","Adults","quantile","0.99",272
"Ensemble","2026-06-27",-1,"2026-06-20","Overall","quantile","0.01",192
"Ensemble","2026-06-27",-1,"2026-06-20","Overall","quantile","0.025",202
"Ensemble","2026-06-27",-1,"2026-06-20","Overall","quantile","0.05",216
"Ensemble","2026-06-27",-1,"2026-06-20","Overall","quantile","0.1",231
"Ensemble","2026-06-27",-1,"2026-06-20","Overall","quantile","0.15",239
"Ensemble","2026-06-27",-1,"2026-06-20","Overall","quantile","0.2",246
"Ensemble","2026-06-27",-1,"2026-06-20","Overall","quantile","0.25",251
"Ensemble","2026-06-27",-1,"2026-06-20","Overall","quantile","0.3",258
"Ensemble","2026-06-27",-1,"2026-06-20","Overall","quantile","0.35",264
"Ensemble","2026-06-27",-1,"2026-06-20","Overall","quantile","0.4",269
"Ensemble","2026-06-27",-1,"2026-06-20","Overall","quantile","0.45",274
"Ensemble","2026-06-27",-1,"2026-06-20","Overall","quantile","0.5",279
"Ensemble","2026-06-27",-1,"2026-06-20","Overall","quantile","0.55",283
"Ensemble","2026-06-27",-1,"2026-06-20","Overall","quantile","0.6",287
"Ensemble","2026-06-27",-1,"2026-06-20","Overall","quantile","0.65",294
"Ensemble","2026-06-27",-1,"2026-06-20","Overall","quantile","0.7",298
"Ensemble","2026-06-27",-1,"2026-06-20","Overall","quantile","0.75",305
"Ensemble","2026-06-27",-1,"2026-06-20","Overall","quantile","0.8",314
"Ensemble","2026-06-27",-1,"2026-06-20","Overall","quantile","0.85",324
"Ensemble","2026-06-27",-1,"2026-06-20","Overall","quantile","0.9",337
"Ensemble","2026-06-27",-1,"2026-06-20","Overall","quantile","0.95",366
"Ensemble","2026-06-27",-1,"2026-06-20","Overall","quantile","0.975",386
"Ensemble","2026-06-27",-1,"2026-06-20","Overall","quantile","0.99",409
"Ensemble","2026-06-27",-1,"2026-06-20","Pediatrics","quantile","0.01",75
"Ensemble","2026-06-27",-1,"2026-06-20","Pediatrics","quantile","0.025",83
"Ensemble","2026-06-27",-1,"2026-06-20","Pediatrics","quantile","0.05",87
"Ensemble","2026-06-27",-1,"2026-06-20","Pediatrics","quantile","0.1",93
"Ensemble","2026-06-27",-1,"2026-06-20","Pediatrics","quantile","0.15",97
"Ensemble","2026-06-27",-1,"2026-06-20","Pediatrics","quantile","0.2",100
"Ensemble","2026-06-27",-1,"2026-06-20","Pediatrics","quantile","0.25",102
"Ensemble","2026-06-27",-1,"2026-06-20","Pediatrics","quantile","0.3",105
"Ensemble","2026-06-27",-1,"2026-06-20","Pediatrics","quantile","0.35",108
"Ensemble","2026-06-27",-1,"2026-06-20","Pediatrics","quantile","0.4",110
"Ensemble","2026-06-27",-1,"2026-06-20","Pediatrics","quantile","0.45",112
"Ensemble","2026-06-27",-1,"2026-06-20","Pediatrics","quantile","0.5",115
"Ensemble","2026-06-27",-1,"2026-06-20","Pediatrics","quantile","0.55",118
"Ensemble","2026-06-27",-1,"2026-06-20","Pediatrics","quantile","0.6",122
"Ensemble","2026-06-27",-1,"2026-06-20","Pediatrics","quantile","0.65",125
"Ensemble","2026-06-27",-1,"2026-06-20","Pediatrics","quantile","0.7",127
"Ensemble","2026-06-27",-1,"2026-06-20","Pediatrics","quantile","0.75",131
"Ensemble","2026-06-27",-1,"2026-06-20","Pediatrics","quantile","0.8",134
"Ensemble","2026-06-27",-1,"2026-06-20","Pediatrics","quantile","0.85",139
"Ensemble","2026-06-27",-1,"2026-06-20","Pediatrics","quantile","0.9",144
"Ensemble","2026-06-27",-1,"2026-06-20","Pediatrics","quantile","0.95",155
"Ensemble","2026-06-27",-1,"2026-06-20","Pediatrics","quantile","0.975",168
"Ensemble","2026-06-27",-1,"2026-06-20","Pediatrics","quantile","0.99",193
"Ensemble","2026-06-27",0,"2026-06-27","Adults","quantile","0.01",94
"Ensemble","2026-06-27",0,"2026-06-27","Adults","quantile","0.025",106
"Ensemble","2026-06-27",0,"2026-06-27","Adults","quantile","0.05",114
"Ensemble","2026-06-27",0,"2026-06-27","Adults","quantile","0.1",123
"Ensemble","2026-06-27",0,"2026-06-27","Adults","quantile","0.15",129
"Ensemble","2026-06-27",0,"2026-06-27","Adults","quantile","0.2",136
"Ensemble","2026-06-27",0,"2026-06-27","Adults","quantile","0.25",139
"Ensemble","2026-06-27",0,"2026-06-27","Adults","quantile","0.3",143
"Ensemble","2026-06-27",0,"2026-06-27","Adults","quantile","0.35",147
"Ensemble","2026-06-27",0,"2026-06-27","Adults","quantile","0.4",150
"Ensemble","2026-06-27",0,"2026-06-27","Adults","quantile","0.45",154
"Ensemble","2026-06-27",0,"2026-06-27","Adults","quantile","0.5",157
"Ensemble","2026-06-27",0,"2026-06-27","Adults","quantile","0.55",161
"Ensemble","2026-06-27",0,"2026-06-27","Adults","quantile","0.6",167
"Ensemble","2026-06-27",0,"2026-06-27","Adults","quantile","0.65",170
"Ensemble","2026-06-27",0,"2026-06-27","Adults","quantile","0.7",172
"Ensemble","2026-06-27",0,"2026-06-27","Adults","quantile","0.75",176
"Ensemble","2026-06-27",0,"2026-06-27","Adults","quantile","0.8",181
"Ensemble","2026-06-27",0,"2026-06-27","Adults","quantile","0.85",187
"Ensemble","2026-06-27",0,"2026-06-27","Adults","quantile","0.9",195
"Ensemble","2026-06-27",0,"2026-06-27","Adults","quantile","0.95",217
"Ensemble","2026-06-27",0,"2026-06-27","Adults","quantile","0.975",240
"Ensemble","2026-06-27",0,"2026-06-27","Adults","quantile","0.99",273
"Ensemble","2026-06-27",0,"2026-06-27","Overall","quantile","0.01",174
"Ensemble","2026-06-27",0,"2026-06-27","Overall","quantile","0.025",186
"Ensemble","2026-06-27",0,"2026-06-27","Overall","quantile","0.05",196
"Ensemble","2026-06-27",0,"2026-06-27","Overall","quantile","0.1",213
"Ensemble","2026-06-27",0,"2026-06-27","Overall","quantile","0.15",225
"Ensemble","2026-06-27",0,"2026-06-27","Overall","quantile","0.2",234
"Ensemble","2026-06-27",0,"2026-06-27","Overall","quantile","0.25",240
"Ensemble","2026-06-27",0,"2026-06-27","Overall","quantile","0.3",246
"Ensemble","2026-06-27",0,"2026-06-27","Overall","quantile","0.35",254
"Ensemble","2026-06-27",0,"2026-06-27","Overall","quantile","0.4",260
"Ensemble","2026-06-27",0,"2026-06-27","Overall","quantile","0.45",265
"Ensemble","2026-06-27",0,"2026-06-27","Overall","quantile","0.5",271
"Ensemble","2026-06-27",0,"2026-06-27","Overall","quantile","0.55",277
"Ensemble","2026-06-27",0,"2026-06-27","Overall","quantile","0.6",282
"Ensemble","2026-06-27",0,"2026-06-27","Overall","quantile","0.65",290
"Ensemble","2026-06-27",0,"2026-06-27","Overall","quantile","0.7",296
"Ensemble","2026-06-27",0,"2026-06-27","Overall","quantile","0.75",305
"Ensemble","2026-06-27",0,"2026-06-27","Overall","quantile","0.8",314
"Ensemble","2026-06-27",0,"2026-06-27","Overall","quantile","0.85",324
"Ensemble","2026-06-27",0,"2026-06-27","Overall","quantile","0.9",340
"Ensemble","2026-06-27",0,"2026-06-27","Overall","quantile","0.95",365
"Ensemble","2026-06-27",0,"2026-06-27","Overall","quantile","0.975",384
"Ensemble","2026-06-27",0,"2026-06-27","Overall","quantile","0.99",414
"Ensemble","2026-06-27",0,"2026-06-27","Pediatrics","quantile","0.01",60
"Ensemble","2026-06-27",0,"2026-06-27","Pediatrics","quantile","0.025",69
"Ensemble","2026-06-27",0,"2026-06-27","Pediatrics","quantile","0.05",78
"Ensemble","2026-06-27",0,"2026-06-27","Pediatrics","quantile","0.1",86
"Ensemble","2026-06-27",0,"2026-06-27","Pediatrics","quantile","0.15",91
"Ensemble","2026-06-27",0,"2026-06-27","Pediatrics","quantile","0.2",95
"Ensemble","2026-06-27",0,"2026-06-27","Pediatrics","quantile","0.25",98
"Ensemble","2026-06-27",0,"2026-06-27","Pediatrics","quantile","0.3",100
"Ensemble","2026-06-27",0,"2026-06-27","Pediatrics","quantile","0.35",103
"Ensemble","2026-06-27",0,"2026-06-27","Pediatrics","quantile","0.4",105
"Ensemble","2026-06-27",0,"2026-06-27","Pediatrics","quantile","0.45",109
"Ensemble","2026-06-27",0,"2026-06-27","Pediatrics","quantile","0.5",111
"Ensemble","2026-06-27",0,"2026-06-27","Pediatrics","quantile","0.55",115
"Ensemble","2026-06-27",0,"2026-06-27","Pediatrics","quantile","0.6",117
"Ensemble","2026-06-27",0,"2026-06-27","Pediatrics","quantile","0.65",121
"Ensemble","2026-06-27",0,"2026-06-27","Pediatrics","quantile","0.7",125
"Ensemble","2026-06-27",0,"2026-06-27","Pediatrics","quantile","0.75",130
"Ensemble","2026-06-27",0,"2026-06-27","Pediatrics","quantile","0.8",135
"Ensemble","2026-06-27",0,"2026-06-27","Pediatrics","quantile","0.85",139
"Ensemble","2026-06-27",0,"2026-06-27","Pediatrics","quantile","0.9",146
"Ensemble","2026-06-27",0,"2026-06-27","Pediatrics","quantile","0.95",158
"Ensemble","2026-06-27",0,"2026-06-27","Pediatrics","quantile","0.975",171
"Ensemble","2026-06-27",0,"2026-06-27","Pediatrics","quantile","0.99",193
"Ensemble","2026-06-27",1,"2026-07-04","Adults","quantile","0.01",79
"Ensemble","2026-06-27",1,"2026-07-04","Adults","quantile","0.025",89
"Ensemble","2026-06-27",1,"2026-07-04","Adults","quantile","0.05",99
"Ensemble","2026-06-27",1,"2026-07-04","Adults","quantile","0.1",114
"Ensemble","2026-06-27",1,"2026-07-04","Adults","quantile","0.15",120
"Ensemble","2026-06-27",1,"2026-07-04","Adults","quantile","0.2",124
"Ensemble","2026-06-27",1,"2026-07-04","Adults","quantile","0.25",131
"Ensemble","2026-06-27",1,"2026-07-04","Adults","quantile","0.3",135
"Ensemble","2026-06-27",1,"2026-07-04","Adults","quantile","0.35",139
"Ensemble","2026-06-27",1,"2026-07-04","Adults","quantile","0.4",144
"Ensemble","2026-06-27",1,"2026-07-04","Adults","quantile","0.45",146
"Ensemble","2026-06-27",1,"2026-07-04","Adults","quantile","0.5",151
"Ensemble","2026-06-27",1,"2026-07-04","Adults","quantile","0.55",157
"Ensemble","2026-06-27",1,"2026-07-04","Adults","quantile","0.6",160
"Ensemble","2026-06-27",1,"2026-07-04","Adults","quantile","0.65",166
"Ensemble","2026-06-27",1,"2026-07-04","Adults","quantile","0.7",169
"Ensemble","2026-06-27",1,"2026-07-04","Adults","quantile","0.75",175
"Ensemble","2026-06-27",1,"2026-07-04","Adults","quantile","0.8",179
"Ensemble","2026-06-27",1,"2026-07-04","Adults","quantile","0.85",185
"Ensemble","2026-06-27",1,"2026-07-04","Adults","quantile","0.9",195
"Ensemble","2026-06-27",1,"2026-07-04","Adults","quantile","0.95",220
"Ensemble","2026-06-27",1,"2026-07-04","Adults","quantile","0.975",242
"Ensemble","2026-06-27",1,"2026-07-04","Adults","quantile","0.99",276
"Ensemble","2026-06-27",1,"2026-07-04","Overall","quantile","0.01",152
"Ensemble","2026-06-27",1,"2026-07-04","Overall","quantile","0.025",165
"Ensemble","2026-06-27",1,"2026-07-04","Overall","quantile","0.05",176
"Ensemble","2026-06-27",1,"2026-07-04","Overall","quantile","0.1",194
"Ensemble","2026-06-27",1,"2026-07-04","Overall","quantile","0.15",208
"Ensemble","2026-06-27",1,"2026-07-04","Overall","quantile","0.2",219
"Ensemble","2026-06-27",1,"2026-07-04","Overall","quantile","0.25",226
"Ensemble","2026-06-27",1,"2026-07-04","Overall","quantile","0.3",234
"Ensemble","2026-06-27",1,"2026-07-04","Overall","quantile","0.35",240
"Ensemble","2026-06-27",1,"2026-07-04","Overall","quantile","0.4",246
"Ensemble","2026-06-27",1,"2026-07-04","Overall","quantile","0.45",252
"Ensemble","2026-06-27",1,"2026-07-04","Overall","quantile","0.5",258
"Ensemble","2026-06-27",1,"2026-07-04","Overall","quantile","0.55",265
"Ensemble","2026-06-27",1,"2026-07-04","Overall","quantile","0.6",272
"Ensemble","2026-06-27",1,"2026-07-04","Overall","quantile","0.65",280
"Ensemble","2026-06-27",1,"2026-07-04","Overall","quantile","0.7",288
"Ensemble","2026-06-27",1,"2026-07-04","Overall","quantile","0.75",296
"Ensemble","2026-06-27",1,"2026-07-04","Overall","quantile","0.8",303
"Ensemble","2026-06-27",1,"2026-07-04","Overall","quantile","0.85",315
"Ensemble","2026-06-27",1,"2026-07-04","Overall","quantile","0.9",331
"Ensemble","2026-06-27",1,"2026-07-04","Overall","quantile","0.95",364
"Ensemble","2026-06-27",1,"2026-07-04","Overall","quantile","0.975",393
"Ensemble","2026-06-27",1,"2026-07-04","Overall","quantile","0.99",431
"Ensemble","2026-06-27",1,"2026-07-04","Pediatrics","quantile","0.01",55
"Ensemble","2026-06-27",1,"2026-07-04","Pediatrics","quantile","0.025",62
"Ensemble","2026-06-27",1,"2026-07-04","Pediatrics","quantile","0.05",70
"Ensemble","2026-06-27",1,"2026-07-04","Pediatrics","quantile","0.1",79
"Ensemble","2026-06-27",1,"2026-07-04","Pediatrics","quantile","0.15",84
"Ensemble","2026-06-27",1,"2026-07-04","Pediatrics","quantile","0.2",89
"Ensemble","2026-06-27",1,"2026-07-04","Pediatrics","quantile","0.25",93
"Ensemble","2026-06-27",1,"2026-07-04","Pediatrics","quantile","0.3",96
"Ensemble","2026-06-27",1,"2026-07-04","Pediatrics","quantile","0.35",100
"Ensemble","2026-06-27",1,"2026-07-04","Pediatrics","quantile","0.4",102
"Ensemble","2026-06-27",1,"2026-07-04","Pediatrics","quantile","0.45",105
"Ensemble","2026-06-27",1,"2026-07-04","Pediatrics","quantile","0.5",109
"Ensemble","2026-06-27",1,"2026-07-04","Pediatrics","quantile","0.55",112
"Ensemble","2026-06-27",1,"2026-07-04","Pediatrics","quantile","0.6",116
"Ensemble","2026-06-27",1,"2026-07-04","Pediatrics","quantile","0.65",119
"Ensemble","2026-06-27",1,"2026-07-04","Pediatrics","quantile","0.7",123
"Ensemble","2026-06-27",1,"2026-07-04","Pediatrics","quantile","0.75",127
"Ensemble","2026-06-27",1,"2026-07-04","Pediatrics","quantile","0.8",132
"Ensemble","2026-06-27",1,"2026-07-04","Pediatrics","quantile","0.85",137
"Ensemble","2026-06-27",1,"2026-07-04","Pediatrics","quantile","0.9",145
"Ensemble","2026-06-27",1,"2026-07-04","Pediatrics","quantile","0.95",160
"Ensemble","2026-06-27",1,"2026-07-04","Pediatrics","quantile","0.975",172
"Ensemble","2026-06-27",1,"2026-07-04","Pediatrics","quantile","0.99",192
"Ensemble","2026-06-27",2,"2026-07-11","Adults","quantile","0.01",67
"Ensemble","2026-06-27",2,"2026-07-11","Adults","quantile","0.025",77
"Ensemble","2026-06-27",2,"2026-07-11","Adults","quantile","0.05",88
"Ensemble","2026-06-27",2,"2026-07-11","Adults","quantile","0.1",103
"Ensemble","2026-06-27",2,"2026-07-11","Adults","quantile","0.15",111
"Ensemble","2026-06-27",2,"2026-07-11","Adults","quantile","0.2",119
"Ensemble","2026-06-27",2,"2026-07-11","Adults","quantile","0.25",125
"Ensemble","2026-06-27",2,"2026-07-11","Adults","quantile","0.3",130
"Ensemble","2026-06-27",2,"2026-07-11","Adults","quantile","0.35",135
"Ensemble","2026-06-27",2,"2026-07-11","Adults","quantile","0.4",139
"Ensemble","2026-06-27",2,"2026-07-11","Adults","quantile","0.45",144
"Ensemble","2026-06-27",2,"2026-07-11","Adults","quantile","0.5",148
"Ensemble","2026-06-27",2,"2026-07-11","Adults","quantile","0.55",152
"Ensemble","2026-06-27",2,"2026-07-11","Adults","quantile","0.6",156
"Ensemble","2026-06-27",2,"2026-07-11","Adults","quantile","0.65",160
"Ensemble","2026-06-27",2,"2026-07-11","Adults","quantile","0.7",165
"Ensemble","2026-06-27",2,"2026-07-11","Adults","quantile","0.75",170
"Ensemble","2026-06-27",2,"2026-07-11","Adults","quantile","0.8",176
"Ensemble","2026-06-27",2,"2026-07-11","Adults","quantile","0.85",183
"Ensemble","2026-06-27",2,"2026-07-11","Adults","quantile","0.9",196
"Ensemble","2026-06-27",2,"2026-07-11","Adults","quantile","0.95",222
"Ensemble","2026-06-27",2,"2026-07-11","Adults","quantile","0.975",239
"Ensemble","2026-06-27",2,"2026-07-11","Adults","quantile","0.99",268
"Ensemble","2026-06-27",2,"2026-07-11","Overall","quantile","0.01",137
"Ensemble","2026-06-27",2,"2026-07-11","Overall","quantile","0.025",151
"Ensemble","2026-06-27",2,"2026-07-11","Overall","quantile","0.05",162
"Ensemble","2026-06-27",2,"2026-07-11","Overall","quantile","0.1",178
"Ensemble","2026-06-27",2,"2026-07-11","Overall","quantile","0.15",193
"Ensemble","2026-06-27",2,"2026-07-11","Overall","quantile","0.2",203
"Ensemble","2026-06-27",2,"2026-07-11","Overall","quantile","0.25",213
"Ensemble","2026-06-27",2,"2026-07-11","Overall","quantile","0.3",222
"Ensemble","2026-06-27",2,"2026-07-11","Overall","quantile","0.35",231
"Ensemble","2026-06-27",2,"2026-07-11","Overall","quantile","0.4",238
"Ensemble","2026-06-27",2,"2026-07-11","Overall","quantile","0.45",244
"Ensemble","2026-06-27",2,"2026-07-11","Overall","quantile","0.5",252
"Ensemble","2026-06-27",2,"2026-07-11","Overall","quantile","0.55",261
"Ensemble","2026-06-27",2,"2026-07-11","Overall","quantile","0.6",270
"Ensemble","2026-06-27",2,"2026-07-11","Overall","quantile","0.65",279
"Ensemble","2026-06-27",2,"2026-07-11","Overall","quantile","0.7",287
"Ensemble","2026-06-27",2,"2026-07-11","Overall","quantile","0.75",295
"Ensemble","2026-06-27",2,"2026-07-11","Overall","quantile","0.8",305
"Ensemble","2026-06-27",2,"2026-07-11","Overall","quantile","0.85",318
"Ensemble","2026-06-27",2,"2026-07-11","Overall","quantile","0.9",338
"Ensemble","2026-06-27",2,"2026-07-11","Overall","quantile","0.95",368
"Ensemble","2026-06-27",2,"2026-07-11","Overall","quantile","0.975",398
"Ensemble","2026-06-27",2,"2026-07-11","Overall","quantile","0.99",470
"Ensemble","2026-06-27",2,"2026-07-11","Pediatrics","quantile","0.01",48
"Ensemble","2026-06-27",2,"2026-07-11","Pediatrics","quantile","0.025",55
"Ensemble","2026-06-27",2,"2026-07-11","Pediatrics","quantile","0.05",62
"Ensemble","2026-06-27",2,"2026-07-11","Pediatrics","quantile","0.1",74
"Ensemble","2026-06-27",2,"2026-07-11","Pediatrics","quantile","0.15",79
"Ensemble","2026-06-27",2,"2026-07-11","Pediatrics","quantile","0.2",83
"Ensemble","2026-06-27",2,"2026-07-11","Pediatrics","quantile","0.25",87
"Ensemble","2026-06-27",2,"2026-07-11","Pediatrics","quantile","0.3",92
"Ensemble","2026-06-27",2,"2026-07-11","Pediatrics","quantile","0.35",96
"Ensemble","2026-06-27",2,"2026-07-11","Pediatrics","quantile","0.4",99
"Ensemble","2026-06-27",2,"2026-07-11","Pediatrics","quantile","0.45",103
"Ensemble","2026-06-27",2,"2026-07-11","Pediatrics","quantile","0.5",106
"Ensemble","2026-06-27",2,"2026-07-11","Pediatrics","quantile","0.55",110
"Ensemble","2026-06-27",2,"2026-07-11","Pediatrics","quantile","0.6",113
"Ensemble","2026-06-27",2,"2026-07-11","Pediatrics","quantile","0.65",118
"Ensemble","2026-06-27",2,"2026-07-11","Pediatrics","quantile","0.7",122
"Ensemble","2026-06-27",2,"2026-07-11","Pediatrics","quantile","0.75",126
"Ensemble","2026-06-27",2,"2026-07-11","Pediatrics","quantile","0.8",130
"Ensemble","2026-06-27",2,"2026-07-11","Pediatrics","quantile","0.85",137
"Ensemble","2026-06-27",2,"2026-07-11","Pediatrics","quantile","0.9",144
"Ensemble","2026-06-27",2,"2026-07-11","Pediatrics","quantile","0.95",160
"Ensemble","2026-06-27",2,"2026-07-11","Pediatrics","quantile","0.975",175
"Ensemble","2026-06-27",2,"2026-07-11","Pediatrics","quantile","0.99",198
"Ensemble","2026-06-27",3,"2026-07-18","Adults","quantile","0.01",62
"Ensemble","2026-06-27",3,"2026-07-18","Adults","quantile","0.025",74
"Ensemble","2026-06-27",3,"2026-07-18","Adults","quantile","0.05",85
"Ensemble","2026-06-27",3,"2026-07-18","Adults","quantile","0.1",96
"Ensemble","2026-06-27",3,"2026-07-18","Adults","quantile","0.15",105
"Ensemble","2026-06-27",3,"2026-07-18","Adults","quantile","0.2",112
"Ensemble","2026-06-27",3,"2026-07-18","Adults","quantile","0.25",118
"Ensemble","2026-06-27",3,"2026-07-18","Adults","quantile","0.3",124
"Ensemble","2026-06-27",3,"2026-07-18","Adults","quantile","0.35",129
"Ensemble","2026-06-27",3,"2026-07-18","Adults","quantile","0.4",134
"Ensemble","2026-06-27",3,"2026-07-18","Adults","quantile","0.45",138
"Ensemble","2026-06-27",3,"2026-07-18","Adults","quantile","0.5",143
"Ensemble","2026-06-27",3,"2026-07-18","Adults","quantile","0.55",148
"Ensemble","2026-06-27",3,"2026-07-18","Adults","quantile","0.6",152
"Ensemble","2026-06-27",3,"2026-07-18","Adults","quantile","0.65",157
"Ensemble","2026-06-27",3,"2026-07-18","Adults","quantile","0.7",163
"Ensemble","2026-06-27",3,"2026-07-18","Adults","quantile","0.75",168
"Ensemble","2026-06-27",3,"2026-07-18","Adults","quantile","0.8",176
"Ensemble","2026-06-27",3,"2026-07-18","Adults","quantile","0.85",183
"Ensemble","2026-06-27",3,"2026-07-18","Adults","quantile","0.9",193
"Ensemble","2026-06-27",3,"2026-07-18","Adults","quantile","0.95",221
"Ensemble","2026-06-27",3,"2026-07-18","Adults","quantile","0.975",244
"Ensemble","2026-06-27",3,"2026-07-18","Adults","quantile","0.99",281
"Ensemble","2026-06-27",3,"2026-07-18","Overall","quantile","0.01",133
"Ensemble","2026-06-27",3,"2026-07-18","Overall","quantile","0.025",144
"Ensemble","2026-06-27",3,"2026-07-18","Overall","quantile","0.05",154
"Ensemble","2026-06-27",3,"2026-07-18","Overall","quantile","0.1",169
"Ensemble","2026-06-27",3,"2026-07-18","Overall","quantile","0.15",180
"Ensemble","2026-06-27",3,"2026-07-18","Overall","quantile","0.2",194
"Ensemble","2026-06-27",3,"2026-07-18","Overall","quantile","0.25",203
"Ensemble","2026-06-27",3,"2026-07-18","Overall","quantile","0.3",210
"Ensemble","2026-06-27",3,"2026-07-18","Overall","quantile","0.35",220
"Ensemble","2026-06-27",3,"2026-07-18","Overall","quantile","0.4",229
"Ensemble","2026-06-27",3,"2026-07-18","Overall","quantile","0.45",238
"Ensemble","2026-06-27",3,"2026-07-18","Overall","quantile","0.5",247
"Ensemble","2026-06-27",3,"2026-07-18","Overall","quantile","0.55",255
"Ensemble","2026-06-27",3,"2026-07-18","Overall","quantile","0.6",264
"Ensemble","2026-06-27",3,"2026-07-18","Overall","quantile","0.65",273
"Ensemble","2026-06-27",3,"2026-07-18","Overall","quantile","0.7",285
"Ensemble","2026-06-27",3,"2026-07-18","Overall","quantile","0.75",296
"Ensemble","2026-06-27",3,"2026-07-18","Overall","quantile","0.8",306
"Ensemble","2026-06-27",3,"2026-07-18","Overall","quantile","0.85",319
"Ensemble","2026-06-27",3,"2026-07-18","Overall","quantile","0.9",338
"Ensemble","2026-06-27",3,"2026-07-18","Overall","quantile","0.95",380
"Ensemble","2026-06-27",3,"2026-07-18","Overall","quantile","0.975",419
"Ensemble","2026-06-27",3,"2026-07-18","Overall","quantile","0.99",478
"Ensemble","2026-06-27",3,"2026-07-18","Pediatrics","quantile","0.01",42
"Ensemble","2026-06-27",3,"2026-07-18","Pediatrics","quantile","0.025",48
"Ensemble","2026-06-27",3,"2026-07-18","Pediatrics","quantile","0.05",56
"Ensemble","2026-06-27",3,"2026-07-18","Pediatrics","quantile","0.1",65
"Ensemble","2026-06-27",3,"2026-07-18","Pediatrics","quantile","0.15",72
"Ensemble","2026-06-27",3,"2026-07-18","Pediatrics","quantile","0.2",79
"Ensemble","2026-06-27",3,"2026-07-18","Pediatrics","quantile","0.25",84
"Ensemble","2026-06-27",3,"2026-07-18","Pediatrics","quantile","0.3",89
"Ensemble","2026-06-27",3,"2026-07-18","Pediatrics","quantile","0.35",93
"Ensemble","2026-06-27",3,"2026-07-18","Pediatrics","quantile","0.4",97
"Ensemble","2026-06-27",3,"2026-07-18","Pediatrics","quantile","0.45",101
"Ensemble","2026-06-27",3,"2026-07-18","Pediatrics","quantile","0.5",105
"Ensemble","2026-06-27",3,"2026-07-18","Pediatrics","quantile","0.55",108
"Ensemble","2026-06-27",3,"2026-07-18","Pediatrics","quantile","0.6",112
"Ensemble","2026-06-27",3,"2026-07-18","Pediatrics","quantile","0.65",117
"Ensemble","2026-06-27",3,"2026-07-18","Pediatrics","quantile","0.7",122
"Ensemble","2026-06-27",3,"2026-07-18","Pediatrics","quantile","0.75",127
"Ensemble","2026-06-27",3,"2026-07-18","Pediatrics","quantile","0.8",131
"Ensemble","2026-06-27",3,"2026-07-18","Pediatrics","quantile","0.85",138
"Ensemble","2026-06-27",3,"2026-07-18","Pediatrics","quantile","0.9",144
"Ensemble","2026-06-27",3,"2026-07-18","Pediatrics","quantile","0.95",161
"Ensemble","2026-06-27",3,"2026-07-18","Pediatrics","quantile","0.975",175
"Ensemble","2026-06-27",3,"2026-07-18","Pediatrics","quantile","0.99",199
