"model","reference_date","horizon","target_end_date","target_group","output_type","output_type_id","value"
"Regular Baseline","2026-07-04",-2,"2026-06-20","Adults","quantile","0.01",119
"Regular Baseline","2026-07-04",-2,"2026-06-20","Adults","quantile","0.025",126
"Regular Baseline","2026-07-04",-2,"2026-06-20","Adults","quantile","0.05",133
"Regular Baseline","2026-07-04",-2,"2026-06-20","Adults","quantile","0.1",142
"Regular Baseline","2026-07-04",-2,"2026-06-20","Adults","quantile","0.15",149
"Regular Baseline","2026-07-04",-2,"2026-06-20","Adults","quantile","0.2",153
"Regular Baseline","2026-07-04",-2,"2026-06-20","Adults","quantile","0.25",156
"Regular Baseline","2026-07-04",-2,"2026-06-20","Adults","quantile","0.3",158
"Regular Baseline","2026-07-04",-2,"2026-06-20","Adults","quantile","0.35",160
"Regular Baseline","2026-07-04",-2,"2026-06-20","Adults","quantile","0.4",163
"Regular Baseline","2026-07-04",-2,"2026-06-20","Adults","quantile","0.45",165
"Regular Baseline","2026-07-04",-2,"2026-06-20","Adults","quantile","0.5",168
"Regular Baseline","2026-07-04",-2,"2026-06-20","Adults","quantile","0.55",171
"Regular Baseline","2026-07-04",-2,"2026-06-20","Adults","quantile","0.6",173
"Regular Baseline","2026-07-04",-2,"2026-06-20","Adults","quantile","0.65",176
"Regular Baseline","2026-07-04",-2,"2026-06-20","Adults","quantile","0.7",179
"Regular Baseline","2026-07-04",-2,"2026-06-20","Adults","quantile","0.75",181
"Regular Baseline","2026-07-04",-2,"2026-06-20","Adults","quantile","0.8",184
"Regular Baseline","2026-07-04",-2,"2026-06-20","Adults","quantile","0.85",188
"Regular Baseline","2026-07-04",-2,"2026-06-20","Adults","quantile","0.9",196
"Regular Baseline","2026-07-04",-2,"2026-06-20","Adults","quantile","0.95",207
"Regular Baseline","2026-07-04",-2,"2026-06-20","Adults","quantile","0.975",215
"Regular Baseline","2026-07-04",-2,"2026-06-20","Adults","quantile","0.99",226
"Regular Baseline","2026-07-04",-1,"2026-06-27","Adults","quantile","0.01",102
"Regular Baseline","2026-07-04",-1,"2026-06-27","Adults","quantile","0.025",113
"Regular Baseline","2026-07-04",-1,"2026-06-27","Adults","quantile","0.05",121
"Regular Baseline","2026-07-04",-1,"2026-06-27","Adults","quantile","0.1",132
"Regular Baseline","2026-07-04",-1,"2026-06-27","Adults","quantile","0.15",139
"Regular Baseline","2026-07-04",-1,"2026-06-27","Adults","quantile","0.2",144
"Regular Baseline","2026-07-04",-1,"2026-06-27","Adults","quantile","0.25",149
"Regular Baseline","2026-07-04",-1,"2026-06-27","Adults","quantile","0.3",153
"Regular Baseline","2026-07-04",-1,"2026-06-27","Adults","quantile","0.35",157
"Regular Baseline","2026-07-04",-1,"2026-06-27","Adults","quantile","0.4",161
"Regular Baseline","2026-07-04",-1,"2026-06-27","Adults","quantile","0.45",165
"Regular Baseline","2026-07-04",-1,"2026-06-27","Adults","quantile","0.5",168
"Regular Baseline","2026-07-04",-1,"2026-06-27","Adults","quantile","0.55",171
"Regular Baseline","2026-07-04",-1,"2026-06-27","Adults","quantile","0.6",175
"Regular Baseline","2026-07-04",-1,"2026-06-27","Adults","quantile","0.65",179
"Regular Baseline","2026-07-04",-1,"2026-06-27","Adults","quantile","0.7",183
"Regular Baseline","2026-07-04",-1,"2026-06-27","Adults","quantile","0.75",188
"Regular Baseline","2026-07-04",-1,"2026-06-27","Adults","quantile","0.8",193
"Regular Baseline","2026-07-04",-1,"2026-06-27","Adults","quantile","0.85",200
"Regular Baseline","2026-07-04",-1,"2026-06-27","Adults","quantile","0.9",207
"Regular Baseline","2026-07-04",-1,"2026-06-27","Adults","quantile","0.95",221
"Regular Baseline","2026-07-04",-1,"2026-06-27","Adults","quantile","0.975",233
"Regular Baseline","2026-07-04",-1,"2026-06-27","Adults","quantile","0.99",246
"Regular Baseline","2026-07-04",0,"2026-07-04","Adults","quantile","0.01",90
"Regular Baseline","2026-07-04",0,"2026-07-04","Adults","quantile","0.025",102
"Regular Baseline","2026-07-04",0,"2026-07-04","Adults","quantile","0.05",112
"Regular Baseline","2026-07-04",0,"2026-07-04","Adults","quantile","0.1",123
"Regular Baseline","2026-07-04",0,"2026-07-04","Adults","quantile","0.15",132
"Regular Baseline","2026-07-04",0,"2026-07-04","Adults","quantile","0.2",139
"Regular Baseline","2026-07-04",0,"2026-07-04","Adults","quantile","0.25",144
"Regular Baseline","2026-07-04",0,"2026-07-04","Adults","quantile","0.3",149
"Regular Baseline","2026-07-04",0,"2026-07-04","Adults","quantile","0.35",154
"Regular Baseline","2026-07-04",0,"2026-07-04","Adults","quantile","0.4",159
"Regular Baseline","2026-07-04",0,"2026-07-04","Adults","quantile","0.45",164
"Regular Baseline","2026-07-04",0,"2026-07-04","Adults","quantile","0.5",168
"Regular Baseline","2026-07-04",0,"2026-07-04","Adults","quantile","0.55",172
"Regular Baseline","2026-07-04",0,"2026-07-04","Adults","quantile","0.6",177
"Regular Baseline","2026-07-04",0,"2026-07-04","Adults","quantile","0.65",182
"Regular Baseline","2026-07-04",0,"2026-07-04","Adults","quantile","0.7",187
"Regular Baseline","2026-07-04",0,"2026-07-04","Adults","quantile","0.75",193
"Regular Baseline","2026-07-04",0,"2026-07-04","Adults","quantile","0.8",200
"Regular Baseline","2026-07-04",0,"2026-07-04","Adults","quantile","0.85",207
"Regular Baseline","2026-07-04",0,"2026-07-04","Adults","quantile","0.9",217
"Regular Baseline","2026-07-04",0,"2026-07-04","Adults","quantile","0.95",233
"Regular Baseline","2026-07-04",0,"2026-07-04","Adults","quantile","0.975",248
"Regular Baseline","2026-07-04",0,"2026-07-04","Adults","quantile","0.99",266
"Regular Baseline","2026-07-04",1,"2026-07-11","Adults","quantile","0.01",80
"Regular Baseline","2026-07-04",1,"2026-07-11","Adults","quantile","0.025",94
"Regular Baseline","2026-07-04",1,"2026-07-11","Adults","quantile","0.05",104
"Regular Baseline","2026-07-04",1,"2026-07-11","Adults","quantile","0.1",117
"Regular Baseline","2026-07-04",1,"2026-07-11","Adults","quantile","0.15",127
"Regular Baseline","2026-07-04",1,"2026-07-11","Adults","quantile","0.2",134
"Regular Baseline","2026-07-04",1,"2026-07-11","Adults","quantile","0.25",141
"Regular Baseline","2026-07-04",1,"2026-07-11","Adults","quantile","0.3",147
"Regular Baseline","2026-07-04",1,"2026-07-11","Adults","quantile","0.35",152
"Regular Baseline","2026-07-04",1,"2026-07-11","Adults","quantile","0.4",157
"Regular Baseline","2026-07-04",1,"2026-07-11","Adults","quantile","0.45",163
"Regular Baseline","2026-07-04",1,"2026-07-11","Adults","quantile","0.5",168
"Regular Baseline","2026-07-04",1,"2026-07-11","Adults","quantile","0.55",174
"Regular Baseline","2026-07-04",1,"2026-07-11","Adults","quantile","0.6",179
"Regular Baseline","2026-07-04",1,"2026-07-11","Adults","quantile","0.65",184
"Regular Baseline","2026-07-04",1,"2026-07-11","Adults","quantile","0.7",190
"Regular Baseline","2026-07-04",1,"2026-07-11","Adults","quantile","0.75",197
"Regular Baseline","2026-07-04",1,"2026-07-11","Adults","quantile","0.8",204
"Regular Baseline","2026-07-04",1,"2026-07-11","Adults","quantile","0.85",213
"Regular Baseline","2026-07-04",1,"2026-07-11","Adults","quantile","0.9",225
"Regular Baseline","2026-07-04",1,"2026-07-11","Adults","quantile","0.95",244
"Regular Baseline","2026-07-04",1,"2026-07-11","Adults","quantile","0.975",264
"Regular Baseline","2026-07-04",1,"2026-07-11","Adults","quantile","0.99",283
"Regular Baseline","2026-07-04",2,"2026-07-18","Adults","quantile","0.01",74
"Regular Baseline","2026-07-04",2,"2026-07-18","Adults","quantile","0.025",86
"Regular Baseline","2026-07-04",2,"2026-07-18","Adults","quantile","0.05",97
"Regular Baseline","2026-07-04",2,"2026-07-18","Adults","quantile","0.1",112
"Regular Baseline","2026-07-04",2,"2026-07-18","Adults","quantile","0.15",122
"Regular Baseline","2026-07-04",2,"2026-07-18","Adults","quantile","0.2",130
"Regular Baseline","2026-07-04",2,"2026-07-18","Adults","quantile","0.25",138
"Regular Baseline","2026-07-04",2,"2026-07-18","Adults","quantile","0.3",144
"Regular Baseline","2026-07-04",2,"2026-07-18","Adults","quantile","0.35",151
"Regular Baseline","2026-07-04",2,"2026-07-18","Adults","quantile","0.4",157
"Regular Baseline","2026-07-04",2,"2026-07-18","Adults","quantile","0.45",163
"Regular Baseline","2026-07-04",2,"2026-07-18","Adults","quantile","0.5",168
"Regular Baseline","2026-07-04",2,"2026-07-18","Adults","quantile","0.55",174
"Regular Baseline","2026-07-04",2,"2026-07-18","Adults","quantile","0.6",180
"Regular Baseline","2026-07-04",2,"2026-07-18","Adults","quantile","0.65",186
"Regular Baseline","2026-07-04",2,"2026-07-18","Adults","quantile","0.7",193
"Regular Baseline","2026-07-04",2,"2026-07-18","Adults","quantile","0.75",200
"Regular Baseline","2026-07-04",2,"2026-07-18","Adults","quantile","0.8",209
"Regular Baseline","2026-07-04",2,"2026-07-18","Adults","quantile","0.85",219
"Regular Baseline","2026-07-04",2,"2026-07-18","Adults","quantile","0.9",232
"Regular Baseline","2026-07-04",2,"2026-07-18","Adults","quantile","0.95",255
"Regular Baseline","2026-07-04",2,"2026-07-18","Adults","quantile","0.975",275
"Regular Baseline","2026-07-04",2,"2026-07-18","Adults","quantile","0.99",299
"Regular Baseline","2026-07-04",3,"2026-07-25","Adults","quantile","0.01",68
"Regular Baseline","2026-07-04",3,"2026-07-25","Adults","quantile","0.025",81
"Regular Baseline","2026-07-04",3,"2026-07-25","Adults","quantile","0.05",92
"Regular Baseline","2026-07-04",3,"2026-07-25","Adults","quantile","0.1",108
"Regular Baseline","2026-07-04",3,"2026-07-25","Adults","quantile","0.15",119
"Regular Baseline","2026-07-04",3,"2026-07-25","Adults","quantile","0.2",127
"Regular Baseline","2026-07-04",3,"2026-07-25","Adults","quantile","0.25",135
"Regular Baseline","2026-07-04",3,"2026-07-25","Adults","quantile","0.3",142
"Regular Baseline","2026-07-04",3,"2026-07-25","Adults","quantile","0.35",149
"Regular Baseline","2026-07-04",3,"2026-07-25","Adults","quantile","0.4",156
"Regular Baseline","2026-07-04",3,"2026-07-25","Adults","quantile","0.45",162
"Regular Baseline","2026-07-04",3,"2026-07-25","Adults","quantile","0.5",168
"Regular Baseline","2026-07-04",3,"2026-07-25","Adults","quantile","0.55",174
"Regular Baseline","2026-07-04",3,"2026-07-25","Adults","quantile","0.6",181
"Regular Baseline","2026-07-04",3,"2026-07-25","Adults","quantile","0.65",188
"Regular Baseline","2026-07-04",3,"2026-07-25","Adults","quantile","0.7",195
"Regular Baseline","2026-07-04",3,"2026-07-25","Adults","quantile","0.75",203
"Regular Baseline","2026-07-04",3,"2026-07-25","Adults","quantile","0.8",214
"Regular Baseline","2026-07-04",3,"2026-07-25","Adults","quantile","0.85",226
"Regular Baseline","2026-07-04",3,"2026-07-25","Adults","quantile","0.9",241
"Regular Baseline","2026-07-04",3,"2026-07-25","Adults","quantile","0.95",265
"Regular Baseline","2026-07-04",3,"2026-07-25","Adults","quantile","0.975",287
"Regular Baseline","2026-07-04",3,"2026-07-25","Adults","quantile","0.99",316
"Regular Baseline","2026-07-04",-2,"2026-06-20","Overall","quantile","0.01",218
"Regular Baseline","2026-07-04",-2,"2026-06-20","Overall","quantile","0.025",233
"Regular Baseline","2026-07-04",-2,"2026-06-20","Overall","quantile","0.05",247
"Regular Baseline","2026-07-04",-2,"2026-06-20","Overall","quantile","0.1",262
"Regular Baseline","2026-07-04",-2,"2026-06-20","Overall","quantile","0.15",270
"Regular Baseline","2026-07-04",-2,"2026-06-20","Overall","quantile","0.2",277
"Regular Baseline","2026-07-04",-2,"2026-06-20","Overall","quantile","0.25",284
"Regular Baseline","2026-07-04",-2,"2026-06-20","Overall","quantile","0.3",288
"Regular Baseline","2026-07-04",-2,"2026-06-20","Overall","quantile","0.35",293
"Regular Baseline","2026-07-04",-2,"2026-06-20","Overall","quantile","0.4",298
"Regular Baseline","2026-07-04",-2,"2026-06-20","Overall","quantile","0.45",303
"Regular Baseline","2026-07-04",-2,"2026-06-20","Overall","quantile","0.5",307
"Regular Baseline","2026-07-04",-2,"2026-06-20","Overall","quantile","0.55",311
"Regular Baseline","2026-07-04",-2,"2026-06-20","Overall","quantile","0.6",316
"Regular Baseline","2026-07-04",-2,"2026-06-20","Overall","quantile","0.65",322
"Regular Baseline","2026-07-04",-2,"2026-06-20","Overall","quantile","0.7",327
"Regular Baseline","2026-07-04",-2,"2026-06-20","Overall","quantile","0.75",331
"Regular Baseline","2026-07-04",-2,"2026-06-20","Overall","quantile","0.8",338
"Regular Baseline","2026-07-04",-2,"2026-06-20","Overall","quantile","0.85",346
"Regular Baseline","2026-07-04",-2,"2026-06-20","Overall","quantile","0.9",356
"Regular Baseline","2026-07-04",-2,"2026-06-20","Overall","quantile","0.95",374
"Regular Baseline","2026-07-04",-2,"2026-06-20","Overall","quantile","0.975",391
"Regular Baseline","2026-07-04",-2,"2026-06-20","Overall","quantile","0.99",412
"Regular Baseline","2026-07-04",-1,"2026-06-27","Overall","quantile","0.01",194
"Regular Baseline","2026-07-04",-1,"2026-06-27","Overall","quantile","0.025",208
"Regular Baseline","2026-07-04",-1,"2026-06-27","Overall","quantile","0.05",224
"Regular Baseline","2026-07-04",-1,"2026-06-27","Overall","quantile","0.1",243
"Regular Baseline","2026-07-04",-1,"2026-06-27","Overall","quantile","0.15",255
"Regular Baseline","2026-07-04",-1,"2026-06-27","Overall","quantile","0.2",264
"Regular Baseline","2026-07-04",-1,"2026-06-27","Overall","quantile","0.25",273
"Regular Baseline","2026-07-04",-1,"2026-06-27","Overall","quantile","0.3",280
"Regular Baseline","2026-07-04",-1,"2026-06-27","Overall","quantile","0.35",288
"Regular Baseline","2026-07-04",-1,"2026-06-27","Overall","quantile","0.4",294
"Regular Baseline","2026-07-04",-1,"2026-06-27","Overall","quantile","0.45",301
"Regular Baseline","2026-07-04",-1,"2026-06-27","Overall","quantile","0.5",307
"Regular Baseline","2026-07-04",-1,"2026-06-27","Overall","quantile","0.55",314
"Regular Baseline","2026-07-04",-1,"2026-06-27","Overall","quantile","0.6",321
"Regular Baseline","2026-07-04",-1,"2026-06-27","Overall","quantile","0.65",328
"Regular Baseline","2026-07-04",-1,"2026-06-27","Overall","quantile","0.7",336
"Regular Baseline","2026-07-04",-1,"2026-06-27","Overall","quantile","0.75",343
"Regular Baseline","2026-07-04",-1,"2026-06-27","Overall","quantile","0.8",352
"Regular Baseline","2026-07-04",-1,"2026-06-27","Overall","quantile","0.85",364
"Regular Baseline","2026-07-04",-1,"2026-06-27","Overall","quantile","0.9",379
"Regular Baseline","2026-07-04",-1,"2026-06-27","Overall","quantile","0.95",402
"Regular Baseline","2026-07-04",-1,"2026-06-27","Overall","quantile","0.975",423
"Regular Baseline","2026-07-04",-1,"2026-06-27","Overall","quantile","0.99",445
"Regular Baseline","2026-07-04",0,"2026-07-04","Overall","quantile","0.01",170
"Regular Baseline","2026-07-04",0,"2026-07-04","Overall","quantile","0.025",191
"Regular Baseline","2026-07-04",0,"2026-07-04","Overall","quantile","0.05",209
"Regular Baseline","2026-07-04",0,"2026-07-04","Overall","quantile","0.1",229
"Regular Baseline","2026-07-04",0,"2026-07-04","Overall","quantile","0.15",243
"Regular Baseline","2026-07-04",0,"2026-07-04","Overall","quantile","0.2",254
"Regular Baseline","2026-07-04",0,"2026-07-04","Overall","quantile","0.25",264
"Regular Baseline","2026-07-04",0,"2026-07-04","Overall","quantile","0.3",274
"Regular Baseline","2026-07-04",0,"2026-07-04","Overall","quantile","0.35",283
"Regular Baseline","2026-07-04",0,"2026-07-04","Overall","quantile","0.4",291
"Regular Baseline","2026-07-04",0,"2026-07-04","Overall","quantile","0.45",298
"Regular Baseline","2026-07-04",0,"2026-07-04","Overall","quantile","0.5",307
"Regular Baseline","2026-07-04",0,"2026-07-04","Overall","quantile","0.55",315
"Regular Baseline","2026-07-04",0,"2026-07-04","Overall","quantile","0.6",324
"Regular Baseline","2026-07-04",0,"2026-07-04","Overall","quantile","0.65",332
"Regular Baseline","2026-07-04",0,"2026-07-04","Overall","quantile","0.7",341
"Regular Baseline","2026-07-04",0,"2026-07-04","Overall","quantile","0.75",352
"Regular Baseline","2026-07-04",0,"2026-07-04","Overall","quantile","0.8",364
"Regular Baseline","2026-07-04",0,"2026-07-04","Overall","quantile","0.85",376
"Regular Baseline","2026-07-04",0,"2026-07-04","Overall","quantile","0.9",394
"Regular Baseline","2026-07-04",0,"2026-07-04","Overall","quantile","0.95",424
"Regular Baseline","2026-07-04",0,"2026-07-04","Overall","quantile","0.975",449
"Regular Baseline","2026-07-04",0,"2026-07-04","Overall","quantile","0.99",478
"Regular Baseline","2026-07-04",1,"2026-07-11","Overall","quantile","0.01",157
"Regular Baseline","2026-07-04",1,"2026-07-11","Overall","quantile","0.025",178
"Regular Baseline","2026-07-04",1,"2026-07-11","Overall","quantile","0.05",195
"Regular Baseline","2026-07-04",1,"2026-07-11","Overall","quantile","0.1",218
"Regular Baseline","2026-07-04",1,"2026-07-11","Overall","quantile","0.15",235
"Regular Baseline","2026-07-04",1,"2026-07-11","Overall","quantile","0.2",248
"Regular Baseline","2026-07-04",1,"2026-07-11","Overall","quantile","0.25",259
"Regular Baseline","2026-07-04",1,"2026-07-11","Overall","quantile","0.3",269
"Regular Baseline","2026-07-04",1,"2026-07-11","Overall","quantile","0.35",279
"Regular Baseline","2026-07-04",1,"2026-07-11","Overall","quantile","0.4",288
"Regular Baseline","2026-07-04",1,"2026-07-11","Overall","quantile","0.45",298
"Regular Baseline","2026-07-04",1,"2026-07-11","Overall","quantile","0.5",307
"Regular Baseline","2026-07-04",1,"2026-07-11","Overall","quantile","0.55",316
"Regular Baseline","2026-07-04",1,"2026-07-11","Overall","quantile","0.6",326
"Regular Baseline","2026-07-04",1,"2026-07-11","Overall","quantile","0.65",337
"Regular Baseline","2026-07-04",1,"2026-07-11","Overall","quantile","0.7",348
"Regular Baseline","2026-07-04",1,"2026-07-11","Overall","quantile","0.75",360
"Regular Baseline","2026-07-04",1,"2026-07-11","Overall","quantile","0.8",374
"Regular Baseline","2026-07-04",1,"2026-07-11","Overall","quantile","0.85",389
"Regular Baseline","2026-07-04",1,"2026-07-11","Overall","quantile","0.9",411
"Regular Baseline","2026-07-04",1,"2026-07-11","Overall","quantile","0.95",441
"Regular Baseline","2026-07-04",1,"2026-07-11","Overall","quantile","0.975",471
"Regular Baseline","2026-07-04",1,"2026-07-11","Overall","quantile","0.99",507
"Regular Baseline","2026-07-04",2,"2026-07-18","Overall","quantile","0.01",141
"Regular Baseline","2026-07-04",2,"2026-07-18","Overall","quantile","0.025",162
"Regular Baseline","2026-07-04",2,"2026-07-18","Overall","quantile","0.05",184
"Regular Baseline","2026-07-04",2,"2026-07-18","Overall","quantile","0.1",207
"Regular Baseline","2026-07-04",2,"2026-07-18","Overall","quantile","0.15",226
"Regular Baseline","2026-07-04",2,"2026-07-18","Overall","quantile","0.2",240
"Regular Baseline","2026-07-04",2,"2026-07-18","Overall","quantile","0.25",252
"Regular Baseline","2026-07-04",2,"2026-07-18","Overall","quantile","0.3",264
"Regular Baseline","2026-07-04",2,"2026-07-18","Overall","quantile","0.35",275
"Regular Baseline","2026-07-04",2,"2026-07-18","Overall","quantile","0.4",287
"Regular Baseline","2026-07-04",2,"2026-07-18","Overall","quantile","0.45",297
"Regular Baseline","2026-07-04",2,"2026-07-18","Overall","quantile","0.5",307
"Regular Baseline","2026-07-04",2,"2026-07-18","Overall","quantile","0.55",317
"Regular Baseline","2026-07-04",2,"2026-07-18","Overall","quantile","0.6",328
"Regular Baseline","2026-07-04",2,"2026-07-18","Overall","quantile","0.65",341
"Regular Baseline","2026-07-04",2,"2026-07-18","Overall","quantile","0.7",353
"Regular Baseline","2026-07-04",2,"2026-07-18","Overall","quantile","0.75",366
"Regular Baseline","2026-07-04",2,"2026-07-18","Overall","quantile","0.8",381
"Regular Baseline","2026-07-04",2,"2026-07-18","Overall","quantile","0.85",399
"Regular Baseline","2026-07-04",2,"2026-07-18","Overall","quantile","0.9",421
"Regular Baseline","2026-07-04",2,"2026-07-18","Overall","quantile","0.95",458
"Regular Baseline","2026-07-04",2,"2026-07-18","Overall","quantile","0.975",494
"Regular Baseline","2026-07-04",2,"2026-07-18","Overall","quantile","0.99",536
"Regular Baseline","2026-07-04",3,"2026-07-25","Overall","quantile","0.01",128
"Regular Baseline","2026-07-04",3,"2026-07-25","Overall","quantile","0.025",152
"Regular Baseline","2026-07-04",3,"2026-07-25","Overall","quantile","0.05",172
"Regular Baseline","2026-07-04",3,"2026-07-25","Overall","quantile","0.1",198
"Regular Baseline","2026-07-04",3,"2026-07-25","Overall","quantile","0.15",218
"Regular Baseline","2026-07-04",3,"2026-07-25","Overall","quantile","0.2",233
"Regular Baseline","2026-07-04",3,"2026-07-25","Overall","quantile","0.25",248
"Regular Baseline","2026-07-04",3,"2026-07-25","Overall","quantile","0.3",261
"Regular Baseline","2026-07-04",3,"2026-07-25","Overall","quantile","0.35",273
"Regular Baseline","2026-07-04",3,"2026-07-25","Overall","quantile","0.4",284
"Regular Baseline","2026-07-04",3,"2026-07-25","Overall","quantile","0.45",295
"Regular Baseline","2026-07-04",3,"2026-07-25","Overall","quantile","0.5",307
"Regular Baseline","2026-07-04",3,"2026-07-25","Overall","quantile","0.55",318
"Regular Baseline","2026-07-04",3,"2026-07-25","Overall","quantile","0.6",330
"Regular Baseline","2026-07-04",3,"2026-07-25","Overall","quantile","0.65",342
"Regular Baseline","2026-07-04",3,"2026-07-25","Overall","quantile","0.7",356
"Regular Baseline","2026-07-04",3,"2026-07-25","Overall","quantile","0.75",371
"Regular Baseline","2026-07-04",3,"2026-07-25","Overall","quantile","0.8",388
"Regular Baseline","2026-07-04",3,"2026-07-25","Overall","quantile","0.85",407
"Regular Baseline","2026-07-04",3,"2026-07-25","Overall","quantile","0.9",433
"Regular Baseline","2026-07-04",3,"2026-07-25","Overall","quantile","0.95",474
"Regular Baseline","2026-07-04",3,"2026-07-25","Overall","quantile","0.975",515
"Regular Baseline","2026-07-04",3,"2026-07-25","Overall","quantile","0.99",566
"Regular Baseline","2026-07-04",-2,"2026-06-20","Pediatrics","quantile","0.01",82
"Regular Baseline","2026-07-04",-2,"2026-06-20","Pediatrics","quantile","0.025",93
"Regular Baseline","2026-07-04",-2,"2026-06-20","Pediatrics","quantile","0.05",102
"Regular Baseline","2026-07-04",-2,"2026-06-20","Pediatrics","quantile","0.1",108
"Regular Baseline","2026-07-04",-2,"2026-06-20","Pediatrics","quantile","0.15",114
"Regular Baseline","2026-07-04",-2,"2026-06-20","Pediatrics","quantile","0.2",120
"Regular Baseline","2026-07-04",-2,"2026-06-20","Pediatrics","quantile","0.25",123
"Regular Baseline","2026-07-04",-2,"2026-06-20","Pediatrics","quantile","0.3",125
"Regular Baseline","2026-07-04",-2,"2026-06-20","Pediatrics","quantile","0.35",128
"Regular Baseline","2026-07-04",-2,"2026-06-20","Pediatrics","quantile","0.4",131
"Regular Baseline","2026-07-04",-2,"2026-06-20","Pediatrics","quantile","0.45",134
"Regular Baseline","2026-07-04",-2,"2026-06-20","Pediatrics","quantile","0.5",139
"Regular Baseline","2026-07-04",-2,"2026-06-20","Pediatrics","quantile","0.55",144
"Regular Baseline","2026-07-04",-2,"2026-06-20","Pediatrics","quantile","0.6",147
"Regular Baseline","2026-07-04",-2,"2026-06-20","Pediatrics","quantile","0.65",150
"Regular Baseline","2026-07-04",-2,"2026-06-20","Pediatrics","quantile","0.7",153
"Regular Baseline","2026-07-04",-2,"2026-06-20","Pediatrics","quantile","0.75",157
"Regular Baseline","2026-07-04",-2,"2026-06-20","Pediatrics","quantile","0.8",160
"Regular Baseline","2026-07-04",-2,"2026-06-20","Pediatrics","quantile","0.85",166
"Regular Baseline","2026-07-04",-2,"2026-06-20","Pediatrics","quantile","0.9",173
"Regular Baseline","2026-07-04",-2,"2026-06-20","Pediatrics","quantile","0.95",182
"Regular Baseline","2026-07-04",-2,"2026-06-20","Pediatrics","quantile","0.975",194
"Regular Baseline","2026-07-04",-2,"2026-06-20","Pediatrics","quantile","0.99",211
"Regular Baseline","2026-07-04",-1,"2026-06-27","Pediatrics","quantile","0.01",66
"Regular Baseline","2026-07-04",-1,"2026-06-27","Pediatrics","quantile","0.025",77
"Regular Baseline","2026-07-04",-1,"2026-06-27","Pediatrics","quantile","0.05",85
"Regular Baseline","2026-07-04",-1,"2026-06-27","Pediatrics","quantile","0.1",96
"Regular Baseline","2026-07-04",-1,"2026-06-27","Pediatrics","quantile","0.15",104
"Regular Baseline","2026-07-04",-1,"2026-06-27","Pediatrics","quantile","0.2",110
"Regular Baseline","2026-07-04",-1,"2026-06-27","Pediatrics","quantile","0.25",116
"Regular Baseline","2026-07-04",-1,"2026-06-27","Pediatrics","quantile","0.3",121
"Regular Baseline","2026-07-04",-1,"2026-06-27","Pediatrics","quantile","0.35",126
"Regular Baseline","2026-07-04",-1,"2026-06-27","Pediatrics","quantile","0.4",130
"Regular Baseline","2026-07-04",-1,"2026-06-27","Pediatrics","quantile","0.45",135
"Regular Baseline","2026-07-04",-1,"2026-06-27","Pediatrics","quantile","0.5",139
"Regular Baseline","2026-07-04",-1,"2026-06-27","Pediatrics","quantile","0.55",143
"Regular Baseline","2026-07-04",-1,"2026-06-27","Pediatrics","quantile","0.6",148
"Regular Baseline","2026-07-04",-1,"2026-06-27","Pediatrics","quantile","0.65",153
"Regular Baseline","2026-07-04",-1,"2026-06-27","Pediatrics","quantile","0.7",159
"Regular Baseline","2026-07-04",-1,"2026-06-27","Pediatrics","quantile","0.75",165
"Regular Baseline","2026-07-04",-1,"2026-06-27","Pediatrics","quantile","0.8",171
"Regular Baseline","2026-07-04",-1,"2026-06-27","Pediatrics","quantile","0.85",179
"Regular Baseline","2026-07-04",-1,"2026-06-27","Pediatrics","quantile","0.9",190
"Regular Baseline","2026-07-04",-1,"2026-06-27","Pediatrics","quantile","0.95",205
"Regular Baseline","2026-07-04",-1,"2026-06-27","Pediatrics","quantile","0.975",220
"Regular Baseline","2026-07-04",-1,"2026-06-27","Pediatrics","quantile","0.99",242
"Regular Baseline","2026-07-04",0,"2026-07-04","Pediatrics","quantile","0.01",53
"Regular Baseline","2026-07-04",0,"2026-07-04","Pediatrics","quantile","0.025",64
"Regular Baseline","2026-07-04",0,"2026-07-04","Pediatrics","quantile","0.05",74
"Regular Baseline","2026-07-04",0,"2026-07-04","Pediatrics","quantile","0.1",87
"Regular Baseline","2026-07-04",0,"2026-07-04","Pediatrics","quantile","0.15",96
"Regular Baseline","2026-07-04",0,"2026-07-04","Pediatrics","quantile","0.2",104
"Regular Baseline","2026-07-04",0,"2026-07-04","Pediatrics","quantile","0.25",110
"Regular Baseline","2026-07-04",0,"2026-07-04","Pediatrics","quantile","0.3",117
"Regular Baseline","2026-07-04",0,"2026-07-04","Pediatrics","quantile","0.35",122
"Regular Baseline","2026-07-04",0,"2026-07-04","Pediatrics","quantile","0.4",128
"Regular Baseline","2026-07-04",0,"2026-07-04","Pediatrics","quantile","0.45",134
"Regular Baseline","2026-07-04",0,"2026-07-04","Pediatrics","quantile","0.5",139
"Regular Baseline","2026-07-04",0,"2026-07-04","Pediatrics","quantile","0.55",144
"Regular Baseline","2026-07-04",0,"2026-07-04","Pediatrics","quantile","0.6",150
"Regular Baseline","2026-07-04",0,"2026-07-04","Pediatrics","quantile","0.65",156
"Regular Baseline","2026-07-04",0,"2026-07-04","Pediatrics","quantile","0.7",163
"Regular Baseline","2026-07-04",0,"2026-07-04","Pediatrics","quantile","0.75",170
"Regular Baseline","2026-07-04",0,"2026-07-04","Pediatrics","quantile","0.8",179
"Regular Baseline","2026-07-04",0,"2026-07-04","Pediatrics","quantile","0.85",189
"Regular Baseline","2026-07-04",0,"2026-07-04","Pediatrics","quantile","0.9",202
"Regular Baseline","2026-07-04",0,"2026-07-04","Pediatrics","quantile","0.95",223
"Regular Baseline","2026-07-04",0,"2026-07-04","Pediatrics","quantile","0.975",244
"Regular Baseline","2026-07-04",0,"2026-07-04","Pediatrics","quantile","0.99",272
"Regular Baseline","2026-07-04",1,"2026-07-11","Pediatrics","quantile","0.01",42
"Regular Baseline","2026-07-04",1,"2026-07-11","Pediatrics","quantile","0.025",54
"Regular Baseline","2026-07-04",1,"2026-07-11","Pediatrics","quantile","0.05",65
"Regular Baseline","2026-07-04",1,"2026-07-11","Pediatrics","quantile","0.1",80
"Regular Baseline","2026-07-04",1,"2026-07-11","Pediatrics","quantile","0.15",91
"Regular Baseline","2026-07-04",1,"2026-07-11","Pediatrics","quantile","0.2",100
"Regular Baseline","2026-07-04",1,"2026-07-11","Pediatrics","quantile","0.25",107
"Regular Baseline","2026-07-04",1,"2026-07-11","Pediatrics","quantile","0.3",114
"Regular Baseline","2026-07-04",1,"2026-07-11","Pediatrics","quantile","0.35",120
"Regular Baseline","2026-07-04",1,"2026-07-11","Pediatrics","quantile","0.4",127
"Regular Baseline","2026-07-04",1,"2026-07-11","Pediatrics","quantile","0.45",132
"Regular Baseline","2026-07-04",1,"2026-07-11","Pediatrics","quantile","0.5",139
"Regular Baseline","2026-07-04",1,"2026-07-11","Pediatrics","quantile","0.55",145
"Regular Baseline","2026-07-04",1,"2026-07-11","Pediatrics","quantile","0.6",152
"Regular Baseline","2026-07-04",1,"2026-07-11","Pediatrics","quantile","0.65",160
"Regular Baseline","2026-07-04",1,"2026-07-11","Pediatrics","quantile","0.7",167
"Regular Baseline","2026-07-04",1,"2026-07-11","Pediatrics","quantile","0.75",176
"Regular Baseline","2026-07-04",1,"2026-07-11","Pediatrics","quantile","0.8",187
"Regular Baseline","2026-07-04",1,"2026-07-11","Pediatrics","quantile","0.85",198
"Regular Baseline","2026-07-04",1,"2026-07-11","Pediatrics","quantile","0.9",213
"Regular Baseline","2026-07-04",1,"2026-07-11","Pediatrics","quantile","0.95",239
"Regular Baseline","2026-07-04",1,"2026-07-11","Pediatrics","quantile","0.975",260
"Regular Baseline","2026-07-04",1,"2026-07-11","Pediatrics","quantile","0.99",293
"Regular Baseline","2026-07-04",2,"2026-07-18","Pediatrics","quantile","0.01",35
"Regular Baseline","2026-07-04",2,"2026-07-18","Pediatrics","quantile","0.025",46
"Regular Baseline","2026-07-04",2,"2026-07-18","Pediatrics","quantile","0.05",58
"Regular Baseline","2026-07-04",2,"2026-07-18","Pediatrics","quantile","0.1",73
"Regular Baseline","2026-07-04",2,"2026-07-18","Pediatrics","quantile","0.15",84
"Regular Baseline","2026-07-04",2,"2026-07-18","Pediatrics","quantile","0.2",94
"Regular Baseline","2026-07-04",2,"2026-07-18","Pediatrics","quantile","0.25",102
"Regular Baseline","2026-07-04",2,"2026-07-18","Pediatrics","quantile","0.3",110
"Regular Baseline","2026-07-04",2,"2026-07-18","Pediatrics","quantile","0.35",118
"Regular Baseline","2026-07-04",2,"2026-07-18","Pediatrics","quantile","0.4",125
"Regular Baseline","2026-07-04",2,"2026-07-18","Pediatrics","quantile","0.45",132
"Regular Baseline","2026-07-04",2,"2026-07-18","Pediatrics","quantile","0.5",139
"Regular Baseline","2026-07-04",2,"2026-07-18","Pediatrics","quantile","0.55",146
"Regular Baseline","2026-07-04",2,"2026-07-18","Pediatrics","quantile","0.6",154
"Regular Baseline","2026-07-04",2,"2026-07-18","Pediatrics","quantile","0.65",162
"Regular Baseline","2026-07-04",2,"2026-07-18","Pediatrics","quantile","0.7",171
"Regular Baseline","2026-07-04",2,"2026-07-18","Pediatrics","quantile","0.75",180
"Regular Baseline","2026-07-04",2,"2026-07-18","Pediatrics","quantile","0.8",191
"Regular Baseline","2026-07-04",2,"2026-07-18","Pediatrics","quantile","0.85",205
"Regular Baseline","2026-07-04",2,"2026-07-18","Pediatrics","quantile","0.9",223
"Regular Baseline","2026-07-04",2,"2026-07-18","Pediatrics","quantile","0.95",252
"Regular Baseline","2026-07-04",2,"2026-07-18","Pediatrics","quantile","0.975",279
"Regular Baseline","2026-07-04",2,"2026-07-18","Pediatrics","quantile","0.99",316
"Regular Baseline","2026-07-04",3,"2026-07-25","Pediatrics","quantile","0.01",27
"Regular Baseline","2026-07-04",3,"2026-07-25","Pediatrics","quantile","0.025",40
"Regular Baseline","2026-07-04",3,"2026-07-25","Pediatrics","quantile","0.05",52
"Regular Baseline","2026-07-04",3,"2026-07-25","Pediatrics","quantile","0.1",67
"Regular Baseline","2026-07-04",3,"2026-07-25","Pediatrics","quantile","0.15",80
"Regular Baseline","2026-07-04",3,"2026-07-25","Pediatrics","quantile","0.2",90
"Regular Baseline","2026-07-04",3,"2026-07-25","Pediatrics","quantile","0.25",100
"Regular Baseline","2026-07-04",3,"2026-07-25","Pediatrics","quantile","0.3",108
"Regular Baseline","2026-07-04",3,"2026-07-25","Pediatrics","quantile","0.35",115
"Regular Baseline","2026-07-04",3,"2026-07-25","Pediatrics","quantile","0.4",124
"Regular Baseline","2026-07-04",3,"2026-07-25","Pediatrics","quantile","0.45",131
"Regular Baseline","2026-07-04",3,"2026-07-25","Pediatrics","quantile","0.5",139
"Regular Baseline","2026-07-04",3,"2026-07-25","Pediatrics","quantile","0.55",148
"Regular Baseline","2026-07-04",3,"2026-07-25","Pediatrics","quantile","0.6",156
"Regular Baseline","2026-07-04",3,"2026-07-25","Pediatrics","quantile","0.65",164
"Regular Baseline","2026-07-04",3,"2026-07-25","Pediatrics","quantile","0.7",174
"Regular Baseline","2026-07-04",3,"2026-07-25","Pediatrics","quantile","0.75",185
"Regular Baseline","2026-07-04",3,"2026-07-25","Pediatrics","quantile","0.8",198
"Regular Baseline","2026-07-04",3,"2026-07-25","Pediatrics","quantile","0.85",212
"Regular Baseline","2026-07-04",3,"2026-07-25","Pediatrics","quantile","0.9",232
"Regular Baseline","2026-07-04",3,"2026-07-25","Pediatrics","quantile","0.95",263
"Regular Baseline","2026-07-04",3,"2026-07-25","Pediatrics","quantile","0.975",293
"Regular Baseline","2026-07-04",3,"2026-07-25","Pediatrics","quantile","0.99",334
"Seasonal Baseline","2026-07-04",-2,"2026-06-20","Adults","quantile","0.01",81
"Seasonal Baseline","2026-07-04",-2,"2026-06-20","Adults","quantile","0.025",89
"Seasonal Baseline","2026-07-04",-2,"2026-06-20","Adults","quantile","0.05",97
"Seasonal Baseline","2026-07-04",-2,"2026-06-20","Adults","quantile","0.1",107
"Seasonal Baseline","2026-07-04",-2,"2026-06-20","Adults","quantile","0.15",114
"Seasonal Baseline","2026-07-04",-2,"2026-06-20","Adults","quantile","0.2",120
"Seasonal Baseline","2026-07-04",-2,"2026-06-20","Adults","quantile","0.25",126
"Seasonal Baseline","2026-07-04",-2,"2026-06-20","Adults","quantile","0.3",131
"Seasonal Baseline","2026-07-04",-2,"2026-06-20","Adults","quantile","0.35",136
"Seasonal Baseline","2026-07-04",-2,"2026-06-20","Adults","quantile","0.4",141
"Seasonal Baseline","2026-07-04",-2,"2026-06-20","Adults","quantile","0.45",146
"Seasonal Baseline","2026-07-04",-2,"2026-06-20","Adults","quantile","0.5",151
"Seasonal Baseline","2026-07-04",-2,"2026-06-20","Adults","quantile","0.55",156
"Seasonal Baseline","2026-07-04",-2,"2026-06-20","Adults","quantile","0.6",162
"Seasonal Baseline","2026-07-04",-2,"2026-06-20","Adults","quantile","0.65",168
"Seasonal Baseline","2026-07-04",-2,"2026-06-20","Adults","quantile","0.7",174
"Seasonal Baseline","2026-07-04",-2,"2026-06-20","Adults","quantile","0.75",181
"Seasonal Baseline","2026-07-04",-2,"2026-06-20","Adults","quantile","0.8",190
"Seasonal Baseline","2026-07-04",-2,"2026-06-20","Adults","quantile","0.85",201
"Seasonal Baseline","2026-07-04",-2,"2026-06-20","Adults","quantile","0.9",214
"Seasonal Baseline","2026-07-04",-2,"2026-06-20","Adults","quantile","0.95",238
"Seasonal Baseline","2026-07-04",-2,"2026-06-20","Adults","quantile","0.975",259
"Seasonal Baseline","2026-07-04",-2,"2026-06-20","Adults","quantile","0.99",283
"Seasonal Baseline","2026-07-04",-1,"2026-06-27","Adults","quantile","0.01",78
"Seasonal Baseline","2026-07-04",-1,"2026-06-27","Adults","quantile","0.025",86
"Seasonal Baseline","2026-07-04",-1,"2026-06-27","Adults","quantile","0.05",94
"Seasonal Baseline","2026-07-04",-1,"2026-06-27","Adults","quantile","0.1",104
"Seasonal Baseline","2026-07-04",-1,"2026-06-27","Adults","quantile","0.15",112
"Seasonal Baseline","2026-07-04",-1,"2026-06-27","Adults","quantile","0.2",118
"Seasonal Baseline","2026-07-04",-1,"2026-06-27","Adults","quantile","0.25",123
"Seasonal Baseline","2026-07-04",-1,"2026-06-27","Adults","quantile","0.3",128
"Seasonal Baseline","2026-07-04",-1,"2026-06-27","Adults","quantile","0.35",133
"Seasonal Baseline","2026-07-04",-1,"2026-06-27","Adults","quantile","0.4",138
"Seasonal Baseline","2026-07-04",-1,"2026-06-27","Adults","quantile","0.45",143
"Seasonal Baseline","2026-07-04",-1,"2026-06-27","Adults","quantile","0.5",148
"Seasonal Baseline","2026-07-04",-1,"2026-06-27","Adults","quantile","0.55",153
"Seasonal Baseline","2026-07-04",-1,"2026-06-27","Adults","quantile","0.6",159
"Seasonal Baseline","2026-07-04",-1,"2026-06-27","Adults","quantile","0.65",165
"Seasonal Baseline","2026-07-04",-1,"2026-06-27","Adults","quantile","0.7",172
"Seasonal Baseline","2026-07-04",-1,"2026-06-27","Adults","quantile","0.75",179
"Seasonal Baseline","2026-07-04",-1,"2026-06-27","Adults","quantile","0.8",187
"Seasonal Baseline","2026-07-04",-1,"2026-06-27","Adults","quantile","0.85",198
"Seasonal Baseline","2026-07-04",-1,"2026-06-27","Adults","quantile","0.9",212
"Seasonal Baseline","2026-07-04",-1,"2026-06-27","Adults","quantile","0.95",235
"Seasonal Baseline","2026-07-04",-1,"2026-06-27","Adults","quantile","0.975",255
"Seasonal Baseline","2026-07-04",-1,"2026-06-27","Adults","quantile","0.99",278
"Seasonal Baseline","2026-07-04",0,"2026-07-04","Adults","quantile","0.01",77
"Seasonal Baseline","2026-07-04",0,"2026-07-04","Adults","quantile","0.025",85
"Seasonal Baseline","2026-07-04",0,"2026-07-04","Adults","quantile","0.05",92
"Seasonal Baseline","2026-07-04",0,"2026-07-04","Adults","quantile","0.1",102
"Seasonal Baseline","2026-07-04",0,"2026-07-04","Adults","quantile","0.15",110
"Seasonal Baseline","2026-07-04",0,"2026-07-04","Adults","quantile","0.2",116
"Seasonal Baseline","2026-07-04",0,"2026-07-04","Adults","quantile","0.25",121
"Seasonal Baseline","2026-07-04",0,"2026-07-04","Adults","quantile","0.3",126
"Seasonal Baseline","2026-07-04",0,"2026-07-04","Adults","quantile","0.35",131
"Seasonal Baseline","2026-07-04",0,"2026-07-04","Adults","quantile","0.4",136
"Seasonal Baseline","2026-07-04",0,"2026-07-04","Adults","quantile","0.45",140
"Seasonal Baseline","2026-07-04",0,"2026-07-04","Adults","quantile","0.5",145
"Seasonal Baseline","2026-07-04",0,"2026-07-04","Adults","quantile","0.55",150
"Seasonal Baseline","2026-07-04",0,"2026-07-04","Adults","quantile","0.6",155
"Seasonal Baseline","2026-07-04",0,"2026-07-04","Adults","quantile","0.65",161
"Seasonal Baseline","2026-07-04",0,"2026-07-04","Adults","quantile","0.7",167
"Seasonal Baseline","2026-07-04",0,"2026-07-04","Adults","quantile","0.75",174
"Seasonal Baseline","2026-07-04",0,"2026-07-04","Adults","quantile","0.8",182
"Seasonal Baseline","2026-07-04",0,"2026-07-04","Adults","quantile","0.85",192
"Seasonal Baseline","2026-07-04",0,"2026-07-04","Adults","quantile","0.9",204
"Seasonal Baseline","2026-07-04",0,"2026-07-04","Adults","quantile","0.95",226
"Seasonal Baseline","2026-07-04",0,"2026-07-04","Adults","quantile","0.975",246
"Seasonal Baseline","2026-07-04",0,"2026-07-04","Adults","quantile","0.99",273
"Seasonal Baseline","2026-07-04",1,"2026-07-11","Adults","quantile","0.01",73
"Seasonal Baseline","2026-07-04",1,"2026-07-11","Adults","quantile","0.025",81
"Seasonal Baseline","2026-07-04",1,"2026-07-11","Adults","quantile","0.05",90
"Seasonal Baseline","2026-07-04",1,"2026-07-11","Adults","quantile","0.1",99
"Seasonal Baseline","2026-07-04",1,"2026-07-11","Adults","quantile","0.15",106
"Seasonal Baseline","2026-07-04",1,"2026-07-11","Adults","quantile","0.2",112
"Seasonal Baseline","2026-07-04",1,"2026-07-11","Adults","quantile","0.25",117
"Seasonal Baseline","2026-07-04",1,"2026-07-11","Adults","quantile","0.3",122
"Seasonal Baseline","2026-07-04",1,"2026-07-11","Adults","quantile","0.35",127
"Seasonal Baseline","2026-07-04",1,"2026-07-11","Adults","quantile","0.4",131
"Seasonal Baseline","2026-07-04",1,"2026-07-11","Adults","quantile","0.45",136
"Seasonal Baseline","2026-07-04",1,"2026-07-11","Adults","quantile","0.5",141
"Seasonal Baseline","2026-07-04",1,"2026-07-11","Adults","quantile","0.55",146
"Seasonal Baseline","2026-07-04",1,"2026-07-11","Adults","quantile","0.6",151
"Seasonal Baseline","2026-07-04",1,"2026-07-11","Adults","quantile","0.65",157
"Seasonal Baseline","2026-07-04",1,"2026-07-11","Adults","quantile","0.7",163
"Seasonal Baseline","2026-07-04",1,"2026-07-11","Adults","quantile","0.75",170
"Seasonal Baseline","2026-07-04",1,"2026-07-11","Adults","quantile","0.8",177
"Seasonal Baseline","2026-07-04",1,"2026-07-11","Adults","quantile","0.85",187
"Seasonal Baseline","2026-07-04",1,"2026-07-11","Adults","quantile","0.9",200
"Seasonal Baseline","2026-07-04",1,"2026-07-11","Adults","quantile","0.95",220
"Seasonal Baseline","2026-07-04",1,"2026-07-11","Adults","quantile","0.975",241
"Seasonal Baseline","2026-07-04",1,"2026-07-11","Adults","quantile","0.99",269
"Seasonal Baseline","2026-07-04",2,"2026-07-18","Adults","quantile","0.01",74
"Seasonal Baseline","2026-07-04",2,"2026-07-18","Adults","quantile","0.025",82
"Seasonal Baseline","2026-07-04",2,"2026-07-18","Adults","quantile","0.05",89
"Seasonal Baseline","2026-07-04",2,"2026-07-18","Adults","quantile","0.1",98
"Seasonal Baseline","2026-07-04",2,"2026-07-18","Adults","quantile","0.15",105
"Seasonal Baseline","2026-07-04",2,"2026-07-18","Adults","quantile","0.2",111
"Seasonal Baseline","2026-07-04",2,"2026-07-18","Adults","quantile","0.25",116
"Seasonal Baseline","2026-07-04",2,"2026-07-18","Adults","quantile","0.3",121
"Seasonal Baseline","2026-07-04",2,"2026-07-18","Adults","quantile","0.35",125
"Seasonal Baseline","2026-07-04",2,"2026-07-18","Adults","quantile","0.4",130
"Seasonal Baseline","2026-07-04",2,"2026-07-18","Adults","quantile","0.45",135
"Seasonal Baseline","2026-07-04",2,"2026-07-18","Adults","quantile","0.5",139
"Seasonal Baseline","2026-07-04",2,"2026-07-18","Adults","quantile","0.55",144
"Seasonal Baseline","2026-07-04",2,"2026-07-18","Adults","quantile","0.6",149
"Seasonal Baseline","2026-07-04",2,"2026-07-18","Adults","quantile","0.65",155
"Seasonal Baseline","2026-07-04",2,"2026-07-18","Adults","quantile","0.7",160
"Seasonal Baseline","2026-07-04",2,"2026-07-18","Adults","quantile","0.75",167
"Seasonal Baseline","2026-07-04",2,"2026-07-18","Adults","quantile","0.8",175
"Seasonal Baseline","2026-07-04",2,"2026-07-18","Adults","quantile","0.85",185
"Seasonal Baseline","2026-07-04",2,"2026-07-18","Adults","quantile","0.9",197
"Seasonal Baseline","2026-07-04",2,"2026-07-18","Adults","quantile","0.95",219
"Seasonal Baseline","2026-07-04",2,"2026-07-18","Adults","quantile","0.975",239
"Seasonal Baseline","2026-07-04",2,"2026-07-18","Adults","quantile","0.99",263
"Seasonal Baseline","2026-07-04",3,"2026-07-25","Adults","quantile","0.01",71
"Seasonal Baseline","2026-07-04",3,"2026-07-25","Adults","quantile","0.025",79
"Seasonal Baseline","2026-07-04",3,"2026-07-25","Adults","quantile","0.05",87
"Seasonal Baseline","2026-07-04",3,"2026-07-25","Adults","quantile","0.1",95
"Seasonal Baseline","2026-07-04",3,"2026-07-25","Adults","quantile","0.15",102
"Seasonal Baseline","2026-07-04",3,"2026-07-25","Adults","quantile","0.2",107
"Seasonal Baseline","2026-07-04",3,"2026-07-25","Adults","quantile","0.25",111
"Seasonal Baseline","2026-07-04",3,"2026-07-25","Adults","quantile","0.3",116
"Seasonal Baseline","2026-07-04",3,"2026-07-25","Adults","quantile","0.35",121
"Seasonal Baseline","2026-07-04",3,"2026-07-25","Adults","quantile","0.4",125
"Seasonal Baseline","2026-07-04",3,"2026-07-25","Adults","quantile","0.45",130
"Seasonal Baseline","2026-07-04",3,"2026-07-25","Adults","quantile","0.5",134
"Seasonal Baseline","2026-07-04",3,"2026-07-25","Adults","quantile","0.55",139
"Seasonal Baseline","2026-07-04",3,"2026-07-25","Adults","quantile","0.6",144
"Seasonal Baseline","2026-07-04",3,"2026-07-25","Adults","quantile","0.65",150
"Seasonal Baseline","2026-07-04",3,"2026-07-25","Adults","quantile","0.7",156
"Seasonal Baseline","2026-07-04",3,"2026-07-25","Adults","quantile","0.75",162
"Seasonal Baseline","2026-07-04",3,"2026-07-25","Adults","quantile","0.8",170
"Seasonal Baseline","2026-07-04",3,"2026-07-25","Adults","quantile","0.85",179
"Seasonal Baseline","2026-07-04",3,"2026-07-25","Adults","quantile","0.9",192
"Seasonal Baseline","2026-07-04",3,"2026-07-25","Adults","quantile","0.95",211
"Seasonal Baseline","2026-07-04",3,"2026-07-25","Adults","quantile","0.975",229
"Seasonal Baseline","2026-07-04",3,"2026-07-25","Adults","quantile","0.99",256
"Seasonal Baseline","2026-07-04",-2,"2026-06-20","Overall","quantile","0.01",170
"Seasonal Baseline","2026-07-04",-2,"2026-06-20","Overall","quantile","0.025",187
"Seasonal Baseline","2026-07-04",-2,"2026-06-20","Overall","quantile","0.05",205
"Seasonal Baseline","2026-07-04",-2,"2026-06-20","Overall","quantile","0.1",224
"Seasonal Baseline","2026-07-04",-2,"2026-06-20","Overall","quantile","0.15",238
"Seasonal Baseline","2026-07-04",-2,"2026-06-20","Overall","quantile","0.2",251
"Seasonal Baseline","2026-07-04",-2,"2026-06-20","Overall","quantile","0.25",262
"Seasonal Baseline","2026-07-04",-2,"2026-06-20","Overall","quantile","0.3",272
"Seasonal Baseline","2026-07-04",-2,"2026-06-20","Overall","quantile","0.35",283
"Seasonal Baseline","2026-07-04",-2,"2026-06-20","Overall","quantile","0.4",292
"Seasonal Baseline","2026-07-04",-2,"2026-06-20","Overall","quantile","0.45",302
"Seasonal Baseline","2026-07-04",-2,"2026-06-20","Overall","quantile","0.5",311
"Seasonal Baseline","2026-07-04",-2,"2026-06-20","Overall","quantile","0.55",322
"Seasonal Baseline","2026-07-04",-2,"2026-06-20","Overall","quantile","0.6",332
"Seasonal Baseline","2026-07-04",-2,"2026-06-20","Overall","quantile","0.65",343
"Seasonal Baseline","2026-07-04",-2,"2026-06-20","Overall","quantile","0.7",356
"Seasonal Baseline","2026-07-04",-2,"2026-06-20","Overall","quantile","0.75",369
"Seasonal Baseline","2026-07-04",-2,"2026-06-20","Overall","quantile","0.8",385
"Seasonal Baseline","2026-07-04",-2,"2026-06-20","Overall","quantile","0.85",406
"Seasonal Baseline","2026-07-04",-2,"2026-06-20","Overall","quantile","0.9",432
"Seasonal Baseline","2026-07-04",-2,"2026-06-20","Overall","quantile","0.95",474
"Seasonal Baseline","2026-07-04",-2,"2026-06-20","Overall","quantile","0.975",516
"Seasonal Baseline","2026-07-04",-2,"2026-06-20","Overall","quantile","0.99",557
"Seasonal Baseline","2026-07-04",-1,"2026-06-27","Overall","quantile","0.01",165
"Seasonal Baseline","2026-07-04",-1,"2026-06-27","Overall","quantile","0.025",181
"Seasonal Baseline","2026-07-04",-1,"2026-06-27","Overall","quantile","0.05",195
"Seasonal Baseline","2026-07-04",-1,"2026-06-27","Overall","quantile","0.1",214
"Seasonal Baseline","2026-07-04",-1,"2026-06-27","Overall","quantile","0.15",229
"Seasonal Baseline","2026-07-04",-1,"2026-06-27","Overall","quantile","0.2",241
"Seasonal Baseline","2026-07-04",-1,"2026-06-27","Overall","quantile","0.25",252
"Seasonal Baseline","2026-07-04",-1,"2026-06-27","Overall","quantile","0.3",261
"Seasonal Baseline","2026-07-04",-1,"2026-06-27","Overall","quantile","0.35",270
"Seasonal Baseline","2026-07-04",-1,"2026-06-27","Overall","quantile","0.4",280
"Seasonal Baseline","2026-07-04",-1,"2026-06-27","Overall","quantile","0.45",288
"Seasonal Baseline","2026-07-04",-1,"2026-06-27","Overall","quantile","0.5",297
"Seasonal Baseline","2026-07-04",-1,"2026-06-27","Overall","quantile","0.55",307
"Seasonal Baseline","2026-07-04",-1,"2026-06-27","Overall","quantile","0.6",317
"Seasonal Baseline","2026-07-04",-1,"2026-06-27","Overall","quantile","0.65",328
"Seasonal Baseline","2026-07-04",-1,"2026-06-27","Overall","quantile","0.7",339
"Seasonal Baseline","2026-07-04",-1,"2026-06-27","Overall","quantile","0.75",352
"Seasonal Baseline","2026-07-04",-1,"2026-06-27","Overall","quantile","0.8",368
"Seasonal Baseline","2026-07-04",-1,"2026-06-27","Overall","quantile","0.85",386
"Seasonal Baseline","2026-07-04",-1,"2026-06-27","Overall","quantile","0.9",412
"Seasonal Baseline","2026-07-04",-1,"2026-06-27","Overall","quantile","0.95",453
"Seasonal Baseline","2026-07-04",-1,"2026-06-27","Overall","quantile","0.975",489
"Seasonal Baseline","2026-07-04",-1,"2026-06-27","Overall","quantile","0.99",540
"Seasonal Baseline","2026-07-04",0,"2026-07-04","Overall","quantile","0.01",157
"Seasonal Baseline","2026-07-04",0,"2026-07-04","Overall","quantile","0.025",173
"Seasonal Baseline","2026-07-04",0,"2026-07-04","Overall","quantile","0.05",186
"Seasonal Baseline","2026-07-04",0,"2026-07-04","Overall","quantile","0.1",205
"Seasonal Baseline","2026-07-04",0,"2026-07-04","Overall","quantile","0.15",218
"Seasonal Baseline","2026-07-04",0,"2026-07-04","Overall","quantile","0.2",230
"Seasonal Baseline","2026-07-04",0,"2026-07-04","Overall","quantile","0.25",240
"Seasonal Baseline","2026-07-04",0,"2026-07-04","Overall","quantile","0.3",249
"Seasonal Baseline","2026-07-04",0,"2026-07-04","Overall","quantile","0.35",259
"Seasonal Baseline","2026-07-04",0,"2026-07-04","Overall","quantile","0.4",267
"Seasonal Baseline","2026-07-04",0,"2026-07-04","Overall","quantile","0.45",276
"Seasonal Baseline","2026-07-04",0,"2026-07-04","Overall","quantile","0.5",286
"Seasonal Baseline","2026-07-04",0,"2026-07-04","Overall","quantile","0.55",295
"Seasonal Baseline","2026-07-04",0,"2026-07-04","Overall","quantile","0.6",305
"Seasonal Baseline","2026-07-04",0,"2026-07-04","Overall","quantile","0.65",315
"Seasonal Baseline","2026-07-04",0,"2026-07-04","Overall","quantile","0.7",326
"Seasonal Baseline","2026-07-04",0,"2026-07-04","Overall","quantile","0.75",339
"Seasonal Baseline","2026-07-04",0,"2026-07-04","Overall","quantile","0.8",353
"Seasonal Baseline","2026-07-04",0,"2026-07-04","Overall","quantile","0.85",371
"Seasonal Baseline","2026-07-04",0,"2026-07-04","Overall","quantile","0.9",395
"Seasonal Baseline","2026-07-04",0,"2026-07-04","Overall","quantile","0.95",436
"Seasonal Baseline","2026-07-04",0,"2026-07-04","Overall","quantile","0.975",476
"Seasonal Baseline","2026-07-04",0,"2026-07-04","Overall","quantile","0.99",517
"Seasonal Baseline","2026-07-04",1,"2026-07-11","Overall","quantile","0.01",149
"Seasonal Baseline","2026-07-04",1,"2026-07-11","Overall","quantile","0.025",163
"Seasonal Baseline","2026-07-04",1,"2026-07-11","Overall","quantile","0.05",178
"Seasonal Baseline","2026-07-04",1,"2026-07-11","Overall","quantile","0.1",195
"Seasonal Baseline","2026-07-04",1,"2026-07-11","Overall","quantile","0.15",206
"Seasonal Baseline","2026-07-04",1,"2026-07-11","Overall","quantile","0.2",217
"Seasonal Baseline","2026-07-04",1,"2026-07-11","Overall","quantile","0.25",226
"Seasonal Baseline","2026-07-04",1,"2026-07-11","Overall","quantile","0.3",236
"Seasonal Baseline","2026-07-04",1,"2026-07-11","Overall","quantile","0.35",244
"Seasonal Baseline","2026-07-04",1,"2026-07-11","Overall","quantile","0.4",253
"Seasonal Baseline","2026-07-04",1,"2026-07-11","Overall","quantile","0.45",262
"Seasonal Baseline","2026-07-04",1,"2026-07-11","Overall","quantile","0.5",270
"Seasonal Baseline","2026-07-04",1,"2026-07-11","Overall","quantile","0.55",279
"Seasonal Baseline","2026-07-04",1,"2026-07-11","Overall","quantile","0.6",288
"Seasonal Baseline","2026-07-04",1,"2026-07-11","Overall","quantile","0.65",298
"Seasonal Baseline","2026-07-04",1,"2026-07-11","Overall","quantile","0.7",309
"Seasonal Baseline","2026-07-04",1,"2026-07-11","Overall","quantile","0.75",320
"Seasonal Baseline","2026-07-04",1,"2026-07-11","Overall","quantile","0.8",333
"Seasonal Baseline","2026-07-04",1,"2026-07-11","Overall","quantile","0.85",351
"Seasonal Baseline","2026-07-04",1,"2026-07-11","Overall","quantile","0.9",373
"Seasonal Baseline","2026-07-04",1,"2026-07-11","Overall","quantile","0.95",410
"Seasonal Baseline","2026-07-04",1,"2026-07-11","Overall","quantile","0.975",444
"Seasonal Baseline","2026-07-04",1,"2026-07-11","Overall","quantile","0.99",488
"Seasonal Baseline","2026-07-04",2,"2026-07-18","Overall","quantile","0.01",144
"Seasonal Baseline","2026-07-04",2,"2026-07-18","Overall","quantile","0.025",157
"Seasonal Baseline","2026-07-04",2,"2026-07-18","Overall","quantile","0.05",171
"Seasonal Baseline","2026-07-04",2,"2026-07-18","Overall","quantile","0.1",189
"Seasonal Baseline","2026-07-04",2,"2026-07-18","Overall","quantile","0.15",201
"Seasonal Baseline","2026-07-04",2,"2026-07-18","Overall","quantile","0.2",212
"Seasonal Baseline","2026-07-04",2,"2026-07-18","Overall","quantile","0.25",220
"Seasonal Baseline","2026-07-04",2,"2026-07-18","Overall","quantile","0.3",229
"Seasonal Baseline","2026-07-04",2,"2026-07-18","Overall","quantile","0.35",237
"Seasonal Baseline","2026-07-04",2,"2026-07-18","Overall","quantile","0.4",245
"Seasonal Baseline","2026-07-04",2,"2026-07-18","Overall","quantile","0.45",253
"Seasonal Baseline","2026-07-04",2,"2026-07-18","Overall","quantile","0.5",261
"Seasonal Baseline","2026-07-04",2,"2026-07-18","Overall","quantile","0.55",270
"Seasonal Baseline","2026-07-04",2,"2026-07-18","Overall","quantile","0.6",278
"Seasonal Baseline","2026-07-04",2,"2026-07-18","Overall","quantile","0.65",288
"Seasonal Baseline","2026-07-04",2,"2026-07-18","Overall","quantile","0.7",299
"Seasonal Baseline","2026-07-04",2,"2026-07-18","Overall","quantile","0.75",312
"Seasonal Baseline","2026-07-04",2,"2026-07-18","Overall","quantile","0.8",325
"Seasonal Baseline","2026-07-04",2,"2026-07-18","Overall","quantile","0.85",343
"Seasonal Baseline","2026-07-04",2,"2026-07-18","Overall","quantile","0.9",365
"Seasonal Baseline","2026-07-04",2,"2026-07-18","Overall","quantile","0.95",401
"Seasonal Baseline","2026-07-04",2,"2026-07-18","Overall","quantile","0.975",436
"Seasonal Baseline","2026-07-04",2,"2026-07-18","Overall","quantile","0.99",478
"Seasonal Baseline","2026-07-04",3,"2026-07-25","Overall","quantile","0.01",143
"Seasonal Baseline","2026-07-04",3,"2026-07-25","Overall","quantile","0.025",156
"Seasonal Baseline","2026-07-04",3,"2026-07-25","Overall","quantile","0.05",168
"Seasonal Baseline","2026-07-04",3,"2026-07-25","Overall","quantile","0.1",185
"Seasonal Baseline","2026-07-04",3,"2026-07-25","Overall","quantile","0.15",198
"Seasonal Baseline","2026-07-04",3,"2026-07-25","Overall","quantile","0.2",208
"Seasonal Baseline","2026-07-04",3,"2026-07-25","Overall","quantile","0.25",217
"Seasonal Baseline","2026-07-04",3,"2026-07-25","Overall","quantile","0.3",226
"Seasonal Baseline","2026-07-04",3,"2026-07-25","Overall","quantile","0.35",235
"Seasonal Baseline","2026-07-04",3,"2026-07-25","Overall","quantile","0.4",243
"Seasonal Baseline","2026-07-04",3,"2026-07-25","Overall","quantile","0.45",251
"Seasonal Baseline","2026-07-04",3,"2026-07-25","Overall","quantile","0.5",259
"Seasonal Baseline","2026-07-04",3,"2026-07-25","Overall","quantile","0.55",267
"Seasonal Baseline","2026-07-04",3,"2026-07-25","Overall","quantile","0.6",276
"Seasonal Baseline","2026-07-04",3,"2026-07-25","Overall","quantile","0.65",286
"Seasonal Baseline","2026-07-04",3,"2026-07-25","Overall","quantile","0.7",296
"Seasonal Baseline","2026-07-04",3,"2026-07-25","Overall","quantile","0.75",309
"Seasonal Baseline","2026-07-04",3,"2026-07-25","Overall","quantile","0.8",322
"Seasonal Baseline","2026-07-04",3,"2026-07-25","Overall","quantile","0.85",339
"Seasonal Baseline","2026-07-04",3,"2026-07-25","Overall","quantile","0.9",362
"Seasonal Baseline","2026-07-04",3,"2026-07-25","Overall","quantile","0.95",398
"Seasonal Baseline","2026-07-04",3,"2026-07-25","Overall","quantile","0.975",427
"Seasonal Baseline","2026-07-04",3,"2026-07-25","Overall","quantile","0.99",469
"Seasonal Baseline","2026-07-04",-2,"2026-06-20","Pediatrics","quantile","0.01",73
"Seasonal Baseline","2026-07-04",-2,"2026-06-20","Pediatrics","quantile","0.025",82
"Seasonal Baseline","2026-07-04",-2,"2026-06-20","Pediatrics","quantile","0.05",91
"Seasonal Baseline","2026-07-04",-2,"2026-06-20","Pediatrics","quantile","0.1",103
"Seasonal Baseline","2026-07-04",-2,"2026-06-20","Pediatrics","quantile","0.15",112
"Seasonal Baseline","2026-07-04",-2,"2026-06-20","Pediatrics","quantile","0.2",120
"Seasonal Baseline","2026-07-04",-2,"2026-06-20","Pediatrics","quantile","0.25",127
"Seasonal Baseline","2026-07-04",-2,"2026-06-20","Pediatrics","quantile","0.3",134
"Seasonal Baseline","2026-07-04",-2,"2026-06-20","Pediatrics","quantile","0.35",140
"Seasonal Baseline","2026-07-04",-2,"2026-06-20","Pediatrics","quantile","0.4",146
"Seasonal Baseline","2026-07-04",-2,"2026-06-20","Pediatrics","quantile","0.45",153
"Seasonal Baseline","2026-07-04",-2,"2026-06-20","Pediatrics","quantile","0.5",159
"Seasonal Baseline","2026-07-04",-2,"2026-06-20","Pediatrics","quantile","0.55",165
"Seasonal Baseline","2026-07-04",-2,"2026-06-20","Pediatrics","quantile","0.6",173
"Seasonal Baseline","2026-07-04",-2,"2026-06-20","Pediatrics","quantile","0.65",181
"Seasonal Baseline","2026-07-04",-2,"2026-06-20","Pediatrics","quantile","0.7",190
"Seasonal Baseline","2026-07-04",-2,"2026-06-20","Pediatrics","quantile","0.75",200
"Seasonal Baseline","2026-07-04",-2,"2026-06-20","Pediatrics","quantile","0.8",211
"Seasonal Baseline","2026-07-04",-2,"2026-06-20","Pediatrics","quantile","0.85",226
"Seasonal Baseline","2026-07-04",-2,"2026-06-20","Pediatrics","quantile","0.9",244
"Seasonal Baseline","2026-07-04",-2,"2026-06-20","Pediatrics","quantile","0.95",275
"Seasonal Baseline","2026-07-04",-2,"2026-06-20","Pediatrics","quantile","0.975",307
"Seasonal Baseline","2026-07-04",-2,"2026-06-20","Pediatrics","quantile","0.99",343
"Seasonal Baseline","2026-07-04",-1,"2026-06-27","Pediatrics","quantile","0.01",67
"Seasonal Baseline","2026-07-04",-1,"2026-06-27","Pediatrics","quantile","0.025",76
"Seasonal Baseline","2026-07-04",-1,"2026-06-27","Pediatrics","quantile","0.05",84
"Seasonal Baseline","2026-07-04",-1,"2026-06-27","Pediatrics","quantile","0.1",95
"Seasonal Baseline","2026-07-04",-1,"2026-06-27","Pediatrics","quantile","0.15",103
"Seasonal Baseline","2026-07-04",-1,"2026-06-27","Pediatrics","quantile","0.2",110
"Seasonal Baseline","2026-07-04",-1,"2026-06-27","Pediatrics","quantile","0.25",117
"Seasonal Baseline","2026-07-04",-1,"2026-06-27","Pediatrics","quantile","0.3",123
"Seasonal Baseline","2026-07-04",-1,"2026-06-27","Pediatrics","quantile","0.35",129
"Seasonal Baseline","2026-07-04",-1,"2026-06-27","Pediatrics","quantile","0.4",134
"Seasonal Baseline","2026-07-04",-1,"2026-06-27","Pediatrics","quantile","0.45",141
"Seasonal Baseline","2026-07-04",-1,"2026-06-27","Pediatrics","quantile","0.5",147
"Seasonal Baseline","2026-07-04",-1,"2026-06-27","Pediatrics","quantile","0.55",153
"Seasonal Baseline","2026-07-04",-1,"2026-06-27","Pediatrics","quantile","0.6",160
"Seasonal Baseline","2026-07-04",-1,"2026-06-27","Pediatrics","quantile","0.65",167
"Seasonal Baseline","2026-07-04",-1,"2026-06-27","Pediatrics","quantile","0.7",175
"Seasonal Baseline","2026-07-04",-1,"2026-06-27","Pediatrics","quantile","0.75",184
"Seasonal Baseline","2026-07-04",-1,"2026-06-27","Pediatrics","quantile","0.8",195
"Seasonal Baseline","2026-07-04",-1,"2026-06-27","Pediatrics","quantile","0.85",208
"Seasonal Baseline","2026-07-04",-1,"2026-06-27","Pediatrics","quantile","0.9",226
"Seasonal Baseline","2026-07-04",-1,"2026-06-27","Pediatrics","quantile","0.95",254
"Seasonal Baseline","2026-07-04",-1,"2026-06-27","Pediatrics","quantile","0.975",288
"Seasonal Baseline","2026-07-04",-1,"2026-06-27","Pediatrics","quantile","0.99",320
"Seasonal Baseline","2026-07-04",0,"2026-07-04","Pediatrics","quantile","0.01",60
"Seasonal Baseline","2026-07-04",0,"2026-07-04","Pediatrics","quantile","0.025",69
"Seasonal Baseline","2026-07-04",0,"2026-07-04","Pediatrics","quantile","0.05",76
"Seasonal Baseline","2026-07-04",0,"2026-07-04","Pediatrics","quantile","0.1",85
"Seasonal Baseline","2026-07-04",0,"2026-07-04","Pediatrics","quantile","0.15",92
"Seasonal Baseline","2026-07-04",0,"2026-07-04","Pediatrics","quantile","0.2",99
"Seasonal Baseline","2026-07-04",0,"2026-07-04","Pediatrics","quantile","0.25",105
"Seasonal Baseline","2026-07-04",0,"2026-07-04","Pediatrics","quantile","0.3",110
"Seasonal Baseline","2026-07-04",0,"2026-07-04","Pediatrics","quantile","0.35",116
"Seasonal Baseline","2026-07-04",0,"2026-07-04","Pediatrics","quantile","0.4",121
"Seasonal Baseline","2026-07-04",0,"2026-07-04","Pediatrics","quantile","0.45",126
"Seasonal Baseline","2026-07-04",0,"2026-07-04","Pediatrics","quantile","0.5",132
"Seasonal Baseline","2026-07-04",0,"2026-07-04","Pediatrics","quantile","0.55",138
"Seasonal Baseline","2026-07-04",0,"2026-07-04","Pediatrics","quantile","0.6",143
"Seasonal Baseline","2026-07-04",0,"2026-07-04","Pediatrics","quantile","0.65",150
"Seasonal Baseline","2026-07-04",0,"2026-07-04","Pediatrics","quantile","0.7",157
"Seasonal Baseline","2026-07-04",0,"2026-07-04","Pediatrics","quantile","0.75",165
"Seasonal Baseline","2026-07-04",0,"2026-07-04","Pediatrics","quantile","0.8",176
"Seasonal Baseline","2026-07-04",0,"2026-07-04","Pediatrics","quantile","0.85",188
"Seasonal Baseline","2026-07-04",0,"2026-07-04","Pediatrics","quantile","0.9",203
"Seasonal Baseline","2026-07-04",0,"2026-07-04","Pediatrics","quantile","0.95",229
"Seasonal Baseline","2026-07-04",0,"2026-07-04","Pediatrics","quantile","0.975",258
"Seasonal Baseline","2026-07-04",0,"2026-07-04","Pediatrics","quantile","0.99",299
"Seasonal Baseline","2026-07-04",1,"2026-07-11","Pediatrics","quantile","0.01",54
"Seasonal Baseline","2026-07-04",1,"2026-07-11","Pediatrics","quantile","0.025",61
"Seasonal Baseline","2026-07-04",1,"2026-07-11","Pediatrics","quantile","0.05",68
"Seasonal Baseline","2026-07-04",1,"2026-07-11","Pediatrics","quantile","0.1",77
"Seasonal Baseline","2026-07-04",1,"2026-07-11","Pediatrics","quantile","0.15",83
"Seasonal Baseline","2026-07-04",1,"2026-07-11","Pediatrics","quantile","0.2",89
"Seasonal Baseline","2026-07-04",1,"2026-07-11","Pediatrics","quantile","0.25",94
"Seasonal Baseline","2026-07-04",1,"2026-07-11","Pediatrics","quantile","0.3",99
"Seasonal Baseline","2026-07-04",1,"2026-07-11","Pediatrics","quantile","0.35",103
"Seasonal Baseline","2026-07-04",1,"2026-07-11","Pediatrics","quantile","0.4",108
"Seasonal Baseline","2026-07-04",1,"2026-07-11","Pediatrics","quantile","0.45",113
"Seasonal Baseline","2026-07-04",1,"2026-07-11","Pediatrics","quantile","0.5",118
"Seasonal Baseline","2026-07-04",1,"2026-07-11","Pediatrics","quantile","0.55",124
"Seasonal Baseline","2026-07-04",1,"2026-07-11","Pediatrics","quantile","0.6",129
"Seasonal Baseline","2026-07-04",1,"2026-07-11","Pediatrics","quantile","0.65",135
"Seasonal Baseline","2026-07-04",1,"2026-07-11","Pediatrics","quantile","0.7",141
"Seasonal Baseline","2026-07-04",1,"2026-07-11","Pediatrics","quantile","0.75",149
"Seasonal Baseline","2026-07-04",1,"2026-07-11","Pediatrics","quantile","0.8",158
"Seasonal Baseline","2026-07-04",1,"2026-07-11","Pediatrics","quantile","0.85",168
"Seasonal Baseline","2026-07-04",1,"2026-07-11","Pediatrics","quantile","0.9",182
"Seasonal Baseline","2026-07-04",1,"2026-07-11","Pediatrics","quantile","0.95",204
"Seasonal Baseline","2026-07-04",1,"2026-07-11","Pediatrics","quantile","0.975",225
"Seasonal Baseline","2026-07-04",1,"2026-07-11","Pediatrics","quantile","0.99",259
"Seasonal Baseline","2026-07-04",2,"2026-07-18","Pediatrics","quantile","0.01",51
"Seasonal Baseline","2026-07-04",2,"2026-07-18","Pediatrics","quantile","0.025",58
"Seasonal Baseline","2026-07-04",2,"2026-07-18","Pediatrics","quantile","0.05",65
"Seasonal Baseline","2026-07-04",2,"2026-07-18","Pediatrics","quantile","0.1",72
"Seasonal Baseline","2026-07-04",2,"2026-07-18","Pediatrics","quantile","0.15",78
"Seasonal Baseline","2026-07-04",2,"2026-07-18","Pediatrics","quantile","0.2",84
"Seasonal Baseline","2026-07-04",2,"2026-07-18","Pediatrics","quantile","0.25",88
"Seasonal Baseline","2026-07-04",2,"2026-07-18","Pediatrics","quantile","0.3",93
"Seasonal Baseline","2026-07-04",2,"2026-07-18","Pediatrics","quantile","0.35",97
"Seasonal Baseline","2026-07-04",2,"2026-07-18","Pediatrics","quantile","0.4",102
"Seasonal Baseline","2026-07-04",2,"2026-07-18","Pediatrics","quantile","0.45",106
"Seasonal Baseline","2026-07-04",2,"2026-07-18","Pediatrics","quantile","0.5",111
"Seasonal Baseline","2026-07-04",2,"2026-07-18","Pediatrics","quantile","0.55",115
"Seasonal Baseline","2026-07-04",2,"2026-07-18","Pediatrics","quantile","0.6",120
"Seasonal Baseline","2026-07-04",2,"2026-07-18","Pediatrics","quantile","0.65",126
"Seasonal Baseline","2026-07-04",2,"2026-07-18","Pediatrics","quantile","0.7",132
"Seasonal Baseline","2026-07-04",2,"2026-07-18","Pediatrics","quantile","0.75",139
"Seasonal Baseline","2026-07-04",2,"2026-07-18","Pediatrics","quantile","0.8",147
"Seasonal Baseline","2026-07-04",2,"2026-07-18","Pediatrics","quantile","0.85",157
"Seasonal Baseline","2026-07-04",2,"2026-07-18","Pediatrics","quantile","0.9",170
"Seasonal Baseline","2026-07-04",2,"2026-07-18","Pediatrics","quantile","0.95",193
"Seasonal Baseline","2026-07-04",2,"2026-07-18","Pediatrics","quantile","0.975",215
"Seasonal Baseline","2026-07-04",2,"2026-07-18","Pediatrics","quantile","0.99",243
"Seasonal Baseline","2026-07-04",3,"2026-07-25","Pediatrics","quantile","0.01",51
"Seasonal Baseline","2026-07-04",3,"2026-07-25","Pediatrics","quantile","0.025",58
"Seasonal Baseline","2026-07-04",3,"2026-07-25","Pediatrics","quantile","0.05",64
"Seasonal Baseline","2026-07-04",3,"2026-07-25","Pediatrics","quantile","0.1",72
"Seasonal Baseline","2026-07-04",3,"2026-07-25","Pediatrics","quantile","0.15",79
"Seasonal Baseline","2026-07-04",3,"2026-07-25","Pediatrics","quantile","0.2",85
"Seasonal Baseline","2026-07-04",3,"2026-07-25","Pediatrics","quantile","0.25",90
"Seasonal Baseline","2026-07-04",3,"2026-07-25","Pediatrics","quantile","0.3",94
"Seasonal Baseline","2026-07-04",3,"2026-07-25","Pediatrics","quantile","0.35",99
"Seasonal Baseline","2026-07-04",3,"2026-07-25","Pediatrics","quantile","0.4",103
"Seasonal Baseline","2026-07-04",3,"2026-07-25","Pediatrics","quantile","0.45",108
"Seasonal Baseline","2026-07-04",3,"2026-07-25","Pediatrics","quantile","0.5",113
"Seasonal Baseline","2026-07-04",3,"2026-07-25","Pediatrics","quantile","0.55",117
"Seasonal Baseline","2026-07-04",3,"2026-07-25","Pediatrics","quantile","0.6",122
"Seasonal Baseline","2026-07-04",3,"2026-07-25","Pediatrics","quantile","0.65",128
"Seasonal Baseline","2026-07-04",3,"2026-07-25","Pediatrics","quantile","0.7",134
"Seasonal Baseline","2026-07-04",3,"2026-07-25","Pediatrics","quantile","0.75",140
"Seasonal Baseline","2026-07-04",3,"2026-07-25","Pediatrics","quantile","0.8",149
"Seasonal Baseline","2026-07-04",3,"2026-07-25","Pediatrics","quantile","0.85",159
"Seasonal Baseline","2026-07-04",3,"2026-07-25","Pediatrics","quantile","0.9",174
"Seasonal Baseline","2026-07-04",3,"2026-07-25","Pediatrics","quantile","0.95",196
"Seasonal Baseline","2026-07-04",3,"2026-07-25","Pediatrics","quantile","0.975",220
"Seasonal Baseline","2026-07-04",3,"2026-07-25","Pediatrics","quantile","0.99",249
"Opt Baseline","2026-07-04",-2,"2026-06-20","Adults","quantile","0.01",128
"Opt Baseline","2026-07-04",-2,"2026-06-20","Adults","quantile","0.025",130
"Opt Baseline","2026-07-04",-2,"2026-06-20","Adults","quantile","0.05",135
"Opt Baseline","2026-07-04",-2,"2026-06-20","Adults","quantile","0.1",145
"Opt Baseline","2026-07-04",-2,"2026-06-20","Adults","quantile","0.15",152
"Opt Baseline","2026-07-04",-2,"2026-06-20","Adults","quantile","0.2",152
"Opt Baseline","2026-07-04",-2,"2026-06-20","Adults","quantile","0.25",155
"Opt Baseline","2026-07-04",-2,"2026-06-20","Adults","quantile","0.3",157
"Opt Baseline","2026-07-04",-2,"2026-06-20","Adults","quantile","0.35",159
"Opt Baseline","2026-07-04",-2,"2026-06-20","Adults","quantile","0.4",161
"Opt Baseline","2026-07-04",-2,"2026-06-20","Adults","quantile","0.45",161
"Opt Baseline","2026-07-04",-2,"2026-06-20","Adults","quantile","0.5",168
"Opt Baseline","2026-07-04",-2,"2026-06-20","Adults","quantile","0.55",175
"Opt Baseline","2026-07-04",-2,"2026-06-20","Adults","quantile","0.6",176
"Opt Baseline","2026-07-04",-2,"2026-06-20","Adults","quantile","0.65",177
"Opt Baseline","2026-07-04",-2,"2026-06-20","Adults","quantile","0.7",179
"Opt Baseline","2026-07-04",-2,"2026-06-20","Adults","quantile","0.75",181
"Opt Baseline","2026-07-04",-2,"2026-06-20","Adults","quantile","0.8",185
"Opt Baseline","2026-07-04",-2,"2026-06-20","Adults","quantile","0.85",185
"Opt Baseline","2026-07-04",-2,"2026-06-20","Adults","quantile","0.9",193
"Opt Baseline","2026-07-04",-2,"2026-06-20","Adults","quantile","0.95",205
"Opt Baseline","2026-07-04",-2,"2026-06-20","Adults","quantile","0.975",210
"Opt Baseline","2026-07-04",-2,"2026-06-20","Adults","quantile","0.99",213
"Opt Baseline","2026-07-04",-1,"2026-06-27","Adults","quantile","0.01",113
"Opt Baseline","2026-07-04",-1,"2026-06-27","Adults","quantile","0.025",119
"Opt Baseline","2026-07-04",-1,"2026-06-27","Adults","quantile","0.05",125
"Opt Baseline","2026-07-04",-1,"2026-06-27","Adults","quantile","0.1",135
"Opt Baseline","2026-07-04",-1,"2026-06-27","Adults","quantile","0.15",141
"Opt Baseline","2026-07-04",-1,"2026-06-27","Adults","quantile","0.2",145
"Opt Baseline","2026-07-04",-1,"2026-06-27","Adults","quantile","0.25",149
"Opt Baseline","2026-07-04",-1,"2026-06-27","Adults","quantile","0.3",152
"Opt Baseline","2026-07-04",-1,"2026-06-27","Adults","quantile","0.35",158
"Opt Baseline","2026-07-04",-1,"2026-06-27","Adults","quantile","0.4",162
"Opt Baseline","2026-07-04",-1,"2026-06-27","Adults","quantile","0.45",165
"Opt Baseline","2026-07-04",-1,"2026-06-27","Adults","quantile","0.5",168
"Opt Baseline","2026-07-04",-1,"2026-06-27","Adults","quantile","0.55",170
"Opt Baseline","2026-07-04",-1,"2026-06-27","Adults","quantile","0.6",174
"Opt Baseline","2026-07-04",-1,"2026-06-27","Adults","quantile","0.65",178
"Opt Baseline","2026-07-04",-1,"2026-06-27","Adults","quantile","0.7",185
"Opt Baseline","2026-07-04",-1,"2026-06-27","Adults","quantile","0.75",189
"Opt Baseline","2026-07-04",-1,"2026-06-27","Adults","quantile","0.8",193
"Opt Baseline","2026-07-04",-1,"2026-06-27","Adults","quantile","0.85",198
"Opt Baseline","2026-07-04",-1,"2026-06-27","Adults","quantile","0.9",205
"Opt Baseline","2026-07-04",-1,"2026-06-27","Adults","quantile","0.95",218
"Opt Baseline","2026-07-04",-1,"2026-06-27","Adults","quantile","0.975",225
"Opt Baseline","2026-07-04",-1,"2026-06-27","Adults","quantile","0.99",233
"Opt Baseline","2026-07-04",0,"2026-07-04","Adults","quantile","0.01",98
"Opt Baseline","2026-07-04",0,"2026-07-04","Adults","quantile","0.025",108
"Opt Baseline","2026-07-04",0,"2026-07-04","Adults","quantile","0.05",116
"Opt Baseline","2026-07-04",0,"2026-07-04","Adults","quantile","0.1",128
"Opt Baseline","2026-07-04",0,"2026-07-04","Adults","quantile","0.15",134
"Opt Baseline","2026-07-04",0,"2026-07-04","Adults","quantile","0.2",140
"Opt Baseline","2026-07-04",0,"2026-07-04","Adults","quantile","0.25",146
"Opt Baseline","2026-07-04",0,"2026-07-04","Adults","quantile","0.3",151
"Opt Baseline","2026-07-04",0,"2026-07-04","Adults","quantile","0.35",155
"Opt Baseline","2026-07-04",0,"2026-07-04","Adults","quantile","0.4",158
"Opt Baseline","2026-07-04",0,"2026-07-04","Adults","quantile","0.45",163
"Opt Baseline","2026-07-04",0,"2026-07-04","Adults","quantile","0.5",168
"Opt Baseline","2026-07-04",0,"2026-07-04","Adults","quantile","0.55",173
"Opt Baseline","2026-07-04",0,"2026-07-04","Adults","quantile","0.6",177
"Opt Baseline","2026-07-04",0,"2026-07-04","Adults","quantile","0.65",181
"Opt Baseline","2026-07-04",0,"2026-07-04","Adults","quantile","0.7",185
"Opt Baseline","2026-07-04",0,"2026-07-04","Adults","quantile","0.75",191
"Opt Baseline","2026-07-04",0,"2026-07-04","Adults","quantile","0.8",198
"Opt Baseline","2026-07-04",0,"2026-07-04","Adults","quantile","0.85",205
"Opt Baseline","2026-07-04",0,"2026-07-04","Adults","quantile","0.9",214
"Opt Baseline","2026-07-04",0,"2026-07-04","Adults","quantile","0.95",228
"Opt Baseline","2026-07-04",0,"2026-07-04","Adults","quantile","0.975",240
"Opt Baseline","2026-07-04",0,"2026-07-04","Adults","quantile","0.99",253
"Opt Baseline","2026-07-04",1,"2026-07-11","Adults","quantile","0.01",90
"Opt Baseline","2026-07-04",1,"2026-07-11","Adults","quantile","0.025",100
"Opt Baseline","2026-07-04",1,"2026-07-11","Adults","quantile","0.05",110
"Opt Baseline","2026-07-04",1,"2026-07-11","Adults","quantile","0.1",122
"Opt Baseline","2026-07-04",1,"2026-07-11","Adults","quantile","0.15",130
"Opt Baseline","2026-07-04",1,"2026-07-11","Adults","quantile","0.2",137
"Opt Baseline","2026-07-04",1,"2026-07-11","Adults","quantile","0.25",143
"Opt Baseline","2026-07-04",1,"2026-07-11","Adults","quantile","0.3",148
"Opt Baseline","2026-07-04",1,"2026-07-11","Adults","quantile","0.35",154
"Opt Baseline","2026-07-04",1,"2026-07-11","Adults","quantile","0.4",159
"Opt Baseline","2026-07-04",1,"2026-07-11","Adults","quantile","0.45",163
"Opt Baseline","2026-07-04",1,"2026-07-11","Adults","quantile","0.5",168
"Opt Baseline","2026-07-04",1,"2026-07-11","Adults","quantile","0.55",173
"Opt Baseline","2026-07-04",1,"2026-07-11","Adults","quantile","0.6",179
"Opt Baseline","2026-07-04",1,"2026-07-11","Adults","quantile","0.65",184
"Opt Baseline","2026-07-04",1,"2026-07-11","Adults","quantile","0.7",190
"Opt Baseline","2026-07-04",1,"2026-07-11","Adults","quantile","0.75",196
"Opt Baseline","2026-07-04",1,"2026-07-11","Adults","quantile","0.8",203
"Opt Baseline","2026-07-04",1,"2026-07-11","Adults","quantile","0.85",212
"Opt Baseline","2026-07-04",1,"2026-07-11","Adults","quantile","0.9",223
"Opt Baseline","2026-07-04",1,"2026-07-11","Adults","quantile","0.95",239
"Opt Baseline","2026-07-04",1,"2026-07-11","Adults","quantile","0.975",253
"Opt Baseline","2026-07-04",1,"2026-07-11","Adults","quantile","0.99",272
"Opt Baseline","2026-07-04",2,"2026-07-18","Adults","quantile","0.01",83
"Opt Baseline","2026-07-04",2,"2026-07-18","Adults","quantile","0.025",93
"Opt Baseline","2026-07-04",2,"2026-07-18","Adults","quantile","0.05",104
"Opt Baseline","2026-07-04",2,"2026-07-18","Adults","quantile","0.1",116
"Opt Baseline","2026-07-04",2,"2026-07-18","Adults","quantile","0.15",125
"Opt Baseline","2026-07-04",2,"2026-07-18","Adults","quantile","0.2",133
"Opt Baseline","2026-07-04",2,"2026-07-18","Adults","quantile","0.25",139
"Opt Baseline","2026-07-04",2,"2026-07-18","Adults","quantile","0.3",145
"Opt Baseline","2026-07-04",2,"2026-07-18","Adults","quantile","0.35",151
"Opt Baseline","2026-07-04",2,"2026-07-18","Adults","quantile","0.4",157
"Opt Baseline","2026-07-04",2,"2026-07-18","Adults","quantile","0.45",162
"Opt Baseline","2026-07-04",2,"2026-07-18","Adults","quantile","0.5",168
"Opt Baseline","2026-07-04",2,"2026-07-18","Adults","quantile","0.55",173
"Opt Baseline","2026-07-04",2,"2026-07-18","Adults","quantile","0.6",179
"Opt Baseline","2026-07-04",2,"2026-07-18","Adults","quantile","0.65",185
"Opt Baseline","2026-07-04",2,"2026-07-18","Adults","quantile","0.7",192
"Opt Baseline","2026-07-04",2,"2026-07-18","Adults","quantile","0.75",199
"Opt Baseline","2026-07-04",2,"2026-07-18","Adults","quantile","0.8",207
"Opt Baseline","2026-07-04",2,"2026-07-18","Adults","quantile","0.85",217
"Opt Baseline","2026-07-04",2,"2026-07-18","Adults","quantile","0.9",229
"Opt Baseline","2026-07-04",2,"2026-07-18","Adults","quantile","0.95",249
"Opt Baseline","2026-07-04",2,"2026-07-18","Adults","quantile","0.975",265
"Opt Baseline","2026-07-04",2,"2026-07-18","Adults","quantile","0.99",286
"Opt Baseline","2026-07-04",3,"2026-07-25","Adults","quantile","0.01",75
"Opt Baseline","2026-07-04",3,"2026-07-25","Adults","quantile","0.025",87
"Opt Baseline","2026-07-04",3,"2026-07-25","Adults","quantile","0.05",98
"Opt Baseline","2026-07-04",3,"2026-07-25","Adults","quantile","0.1",113
"Opt Baseline","2026-07-04",3,"2026-07-25","Adults","quantile","0.15",122
"Opt Baseline","2026-07-04",3,"2026-07-25","Adults","quantile","0.2",130
"Opt Baseline","2026-07-04",3,"2026-07-25","Adults","quantile","0.25",137
"Opt Baseline","2026-07-04",3,"2026-07-25","Adults","quantile","0.3",143
"Opt Baseline","2026-07-04",3,"2026-07-25","Adults","quantile","0.35",150
"Opt Baseline","2026-07-04",3,"2026-07-25","Adults","quantile","0.4",156
"Opt Baseline","2026-07-04",3,"2026-07-25","Adults","quantile","0.45",162
"Opt Baseline","2026-07-04",3,"2026-07-25","Adults","quantile","0.5",168
"Opt Baseline","2026-07-04",3,"2026-07-25","Adults","quantile","0.55",175
"Opt Baseline","2026-07-04",3,"2026-07-25","Adults","quantile","0.6",181
"Opt Baseline","2026-07-04",3,"2026-07-25","Adults","quantile","0.65",187
"Opt Baseline","2026-07-04",3,"2026-07-25","Adults","quantile","0.7",194
"Opt Baseline","2026-07-04",3,"2026-07-25","Adults","quantile","0.75",202
"Opt Baseline","2026-07-04",3,"2026-07-25","Adults","quantile","0.8",211
"Opt Baseline","2026-07-04",3,"2026-07-25","Adults","quantile","0.85",222
"Opt Baseline","2026-07-04",3,"2026-07-25","Adults","quantile","0.9",237
"Opt Baseline","2026-07-04",3,"2026-07-25","Adults","quantile","0.95",258
"Opt Baseline","2026-07-04",3,"2026-07-25","Adults","quantile","0.975",276
"Opt Baseline","2026-07-04",3,"2026-07-25","Adults","quantile","0.99",297
"Opt Baseline","2026-07-04",-2,"2026-06-20","Overall","quantile","0.01",231
"Opt Baseline","2026-07-04",-2,"2026-06-20","Overall","quantile","0.025",234
"Opt Baseline","2026-07-04",-2,"2026-06-20","Overall","quantile","0.05",239
"Opt Baseline","2026-07-04",-2,"2026-06-20","Overall","quantile","0.1",253
"Opt Baseline","2026-07-04",-2,"2026-06-20","Overall","quantile","0.15",265
"Opt Baseline","2026-07-04",-2,"2026-06-20","Overall","quantile","0.2",274
"Opt Baseline","2026-07-04",-2,"2026-06-20","Overall","quantile","0.25",284
"Opt Baseline","2026-07-04",-2,"2026-06-20","Overall","quantile","0.3",294
"Opt Baseline","2026-07-04",-2,"2026-06-20","Overall","quantile","0.35",301
"Opt Baseline","2026-07-04",-2,"2026-06-20","Overall","quantile","0.4",303
"Opt Baseline","2026-07-04",-2,"2026-06-20","Overall","quantile","0.45",304
"Opt Baseline","2026-07-04",-2,"2026-06-20","Overall","quantile","0.5",307
"Opt Baseline","2026-07-04",-2,"2026-06-20","Overall","quantile","0.55",310
"Opt Baseline","2026-07-04",-2,"2026-06-20","Overall","quantile","0.6",311
"Opt Baseline","2026-07-04",-2,"2026-06-20","Overall","quantile","0.65",313
"Opt Baseline","2026-07-04",-2,"2026-06-20","Overall","quantile","0.7",320
"Opt Baseline","2026-07-04",-2,"2026-06-20","Overall","quantile","0.75",330
"Opt Baseline","2026-07-04",-2,"2026-06-20","Overall","quantile","0.8",342
"Opt Baseline","2026-07-04",-2,"2026-06-20","Overall","quantile","0.85",352
"Opt Baseline","2026-07-04",-2,"2026-06-20","Overall","quantile","0.9",367
"Opt Baseline","2026-07-04",-2,"2026-06-20","Overall","quantile","0.95",383
"Opt Baseline","2026-07-04",-2,"2026-06-20","Overall","quantile","0.975",389
"Opt Baseline","2026-07-04",-2,"2026-06-20","Overall","quantile","0.99",393
"Opt Baseline","2026-07-04",-1,"2026-06-27","Overall","quantile","0.01",190
"Opt Baseline","2026-07-04",-1,"2026-06-27","Overall","quantile","0.025",205
"Opt Baseline","2026-07-04",-1,"2026-06-27","Overall","quantile","0.05",225
"Opt Baseline","2026-07-04",-1,"2026-06-27","Overall","quantile","0.1",239
"Opt Baseline","2026-07-04",-1,"2026-06-27","Overall","quantile","0.15",250
"Opt Baseline","2026-07-04",-1,"2026-06-27","Overall","quantile","0.2",261
"Opt Baseline","2026-07-04",-1,"2026-06-27","Overall","quantile","0.25",270
"Opt Baseline","2026-07-04",-1,"2026-06-27","Overall","quantile","0.3",279
"Opt Baseline","2026-07-04",-1,"2026-06-27","Overall","quantile","0.35",288
"Opt Baseline","2026-07-04",-1,"2026-06-27","Overall","quantile","0.4",296
"Opt Baseline","2026-07-04",-1,"2026-06-27","Overall","quantile","0.45",302
"Opt Baseline","2026-07-04",-1,"2026-06-27","Overall","quantile","0.5",307
"Opt Baseline","2026-07-04",-1,"2026-06-27","Overall","quantile","0.55",312
"Opt Baseline","2026-07-04",-1,"2026-06-27","Overall","quantile","0.6",318
"Opt Baseline","2026-07-04",-1,"2026-06-27","Overall","quantile","0.65",327
"Opt Baseline","2026-07-04",-1,"2026-06-27","Overall","quantile","0.7",336
"Opt Baseline","2026-07-04",-1,"2026-06-27","Overall","quantile","0.75",346
"Opt Baseline","2026-07-04",-1,"2026-06-27","Overall","quantile","0.8",356
"Opt Baseline","2026-07-04",-1,"2026-06-27","Overall","quantile","0.85",370
"Opt Baseline","2026-07-04",-1,"2026-06-27","Overall","quantile","0.9",384
"Opt Baseline","2026-07-04",-1,"2026-06-27","Overall","quantile","0.95",403
"Opt Baseline","2026-07-04",-1,"2026-06-27","Overall","quantile","0.975",429
"Opt Baseline","2026-07-04",-1,"2026-06-27","Overall","quantile","0.99",451
"Opt Baseline","2026-07-04",0,"2026-07-04","Overall","quantile","0.01",173
"Opt Baseline","2026-07-04",0,"2026-07-04","Overall","quantile","0.025",189
"Opt Baseline","2026-07-04",0,"2026-07-04","Overall","quantile","0.05",205
"Opt Baseline","2026-07-04",0,"2026-07-04","Overall","quantile","0.1",227
"Opt Baseline","2026-07-04",0,"2026-07-04","Overall","quantile","0.15",241
"Opt Baseline","2026-07-04",0,"2026-07-04","Overall","quantile","0.2",253
"Opt Baseline","2026-07-04",0,"2026-07-04","Overall","quantile","0.25",263
"Opt Baseline","2026-07-04",0,"2026-07-04","Overall","quantile","0.3",272
"Opt Baseline","2026-07-04",0,"2026-07-04","Overall","quantile","0.35",282
"Opt Baseline","2026-07-04",0,"2026-07-04","Overall","quantile","0.4",290
"Opt Baseline","2026-07-04",0,"2026-07-04","Overall","quantile","0.45",300
"Opt Baseline","2026-07-04",0,"2026-07-04","Overall","quantile","0.5",307
"Opt Baseline","2026-07-04",0,"2026-07-04","Overall","quantile","0.55",315
"Opt Baseline","2026-07-04",0,"2026-07-04","Overall","quantile","0.6",324
"Opt Baseline","2026-07-04",0,"2026-07-04","Overall","quantile","0.65",335
"Opt Baseline","2026-07-04",0,"2026-07-04","Overall","quantile","0.7",345
"Opt Baseline","2026-07-04",0,"2026-07-04","Overall","quantile","0.75",357
"Opt Baseline","2026-07-04",0,"2026-07-04","Overall","quantile","0.8",370
"Opt Baseline","2026-07-04",0,"2026-07-04","Overall","quantile","0.85",384
"Opt Baseline","2026-07-04",0,"2026-07-04","Overall","quantile","0.9",401
"Opt Baseline","2026-07-04",0,"2026-07-04","Overall","quantile","0.95",430
"Opt Baseline","2026-07-04",0,"2026-07-04","Overall","quantile","0.975",456
"Opt Baseline","2026-07-04",0,"2026-07-04","Overall","quantile","0.99",487
"Opt Baseline","2026-07-04",1,"2026-07-11","Overall","quantile","0.01",158
"Opt Baseline","2026-07-04",1,"2026-07-11","Overall","quantile","0.025",176
"Opt Baseline","2026-07-04",1,"2026-07-11","Overall","quantile","0.05",194
"Opt Baseline","2026-07-04",1,"2026-07-11","Overall","quantile","0.1",215
"Opt Baseline","2026-07-04",1,"2026-07-11","Overall","quantile","0.15",231
"Opt Baseline","2026-07-04",1,"2026-07-11","Overall","quantile","0.2",245
"Opt Baseline","2026-07-04",1,"2026-07-11","Overall","quantile","0.25",257
"Opt Baseline","2026-07-04",1,"2026-07-11","Overall","quantile","0.3",267
"Opt Baseline","2026-07-04",1,"2026-07-11","Overall","quantile","0.35",278
"Opt Baseline","2026-07-04",1,"2026-07-11","Overall","quantile","0.4",288
"Opt Baseline","2026-07-04",1,"2026-07-11","Overall","quantile","0.45",298
"Opt Baseline","2026-07-04",1,"2026-07-11","Overall","quantile","0.5",307
"Opt Baseline","2026-07-04",1,"2026-07-11","Overall","quantile","0.55",317
"Opt Baseline","2026-07-04",1,"2026-07-11","Overall","quantile","0.6",329
"Opt Baseline","2026-07-04",1,"2026-07-11","Overall","quantile","0.65",339
"Opt Baseline","2026-07-04",1,"2026-07-11","Overall","quantile","0.7",350
"Opt Baseline","2026-07-04",1,"2026-07-11","Overall","quantile","0.75",364
"Opt Baseline","2026-07-04",1,"2026-07-11","Overall","quantile","0.8",377
"Opt Baseline","2026-07-04",1,"2026-07-11","Overall","quantile","0.85",394
"Opt Baseline","2026-07-04",1,"2026-07-11","Overall","quantile","0.9",416
"Opt Baseline","2026-07-04",1,"2026-07-11","Overall","quantile","0.95",452
"Opt Baseline","2026-07-04",1,"2026-07-11","Overall","quantile","0.975",483
"Opt Baseline","2026-07-04",1,"2026-07-11","Overall","quantile","0.99",514
"Opt Baseline","2026-07-04",2,"2026-07-18","Overall","quantile","0.01",137
"Opt Baseline","2026-07-04",2,"2026-07-18","Overall","quantile","0.025",161
"Opt Baseline","2026-07-04",2,"2026-07-18","Overall","quantile","0.05",181
"Opt Baseline","2026-07-04",2,"2026-07-18","Overall","quantile","0.1",205
"Opt Baseline","2026-07-04",2,"2026-07-18","Overall","quantile","0.15",223
"Opt Baseline","2026-07-04",2,"2026-07-18","Overall","quantile","0.2",237
"Opt Baseline","2026-07-04",2,"2026-07-18","Overall","quantile","0.25",250
"Opt Baseline","2026-07-04",2,"2026-07-18","Overall","quantile","0.3",262
"Opt Baseline","2026-07-04",2,"2026-07-18","Overall","quantile","0.35",274
"Opt Baseline","2026-07-04",2,"2026-07-18","Overall","quantile","0.4",285
"Opt Baseline","2026-07-04",2,"2026-07-18","Overall","quantile","0.45",296
"Opt Baseline","2026-07-04",2,"2026-07-18","Overall","quantile","0.5",307
"Opt Baseline","2026-07-04",2,"2026-07-18","Overall","quantile","0.55",318
"Opt Baseline","2026-07-04",2,"2026-07-18","Overall","quantile","0.6",329
"Opt Baseline","2026-07-04",2,"2026-07-18","Overall","quantile","0.65",341
"Opt Baseline","2026-07-04",2,"2026-07-18","Overall","quantile","0.7",354
"Opt Baseline","2026-07-04",2,"2026-07-18","Overall","quantile","0.75",369
"Opt Baseline","2026-07-04",2,"2026-07-18","Overall","quantile","0.8",385
"Opt Baseline","2026-07-04",2,"2026-07-18","Overall","quantile","0.85",405
"Opt Baseline","2026-07-04",2,"2026-07-18","Overall","quantile","0.9",429
"Opt Baseline","2026-07-04",2,"2026-07-18","Overall","quantile","0.95",468
"Opt Baseline","2026-07-04",2,"2026-07-18","Overall","quantile","0.975",503
"Opt Baseline","2026-07-04",2,"2026-07-18","Overall","quantile","0.99",540
"Opt Baseline","2026-07-04",3,"2026-07-25","Overall","quantile","0.01",124
"Opt Baseline","2026-07-04",3,"2026-07-25","Overall","quantile","0.025",146
"Opt Baseline","2026-07-04",3,"2026-07-25","Overall","quantile","0.05",169
"Opt Baseline","2026-07-04",3,"2026-07-25","Overall","quantile","0.1",196
"Opt Baseline","2026-07-04",3,"2026-07-25","Overall","quantile","0.15",215
"Opt Baseline","2026-07-04",3,"2026-07-25","Overall","quantile","0.2",230
"Opt Baseline","2026-07-04",3,"2026-07-25","Overall","quantile","0.25",245
"Opt Baseline","2026-07-04",3,"2026-07-25","Overall","quantile","0.3",257
"Opt Baseline","2026-07-04",3,"2026-07-25","Overall","quantile","0.35",269
"Opt Baseline","2026-07-04",3,"2026-07-25","Overall","quantile","0.4",281
"Opt Baseline","2026-07-04",3,"2026-07-25","Overall","quantile","0.45",294
"Opt Baseline","2026-07-04",3,"2026-07-25","Overall","quantile","0.5",307
"Opt Baseline","2026-07-04",3,"2026-07-25","Overall","quantile","0.55",320
"Opt Baseline","2026-07-04",3,"2026-07-25","Overall","quantile","0.6",332
"Opt Baseline","2026-07-04",3,"2026-07-25","Overall","quantile","0.65",345
"Opt Baseline","2026-07-04",3,"2026-07-25","Overall","quantile","0.7",360
"Opt Baseline","2026-07-04",3,"2026-07-25","Overall","quantile","0.75",375
"Opt Baseline","2026-07-04",3,"2026-07-25","Overall","quantile","0.8",393
"Opt Baseline","2026-07-04",3,"2026-07-25","Overall","quantile","0.85",413
"Opt Baseline","2026-07-04",3,"2026-07-25","Overall","quantile","0.9",442
"Opt Baseline","2026-07-04",3,"2026-07-25","Overall","quantile","0.95",487
"Opt Baseline","2026-07-04",3,"2026-07-25","Overall","quantile","0.975",524
"Opt Baseline","2026-07-04",3,"2026-07-25","Overall","quantile","0.99",566
"Opt Baseline","2026-07-04",-2,"2026-06-20","Pediatrics","quantile","0.01",103
"Opt Baseline","2026-07-04",-2,"2026-06-20","Pediatrics","quantile","0.025",104
"Opt Baseline","2026-07-04",-2,"2026-06-20","Pediatrics","quantile","0.05",104
"Opt Baseline","2026-07-04",-2,"2026-06-20","Pediatrics","quantile","0.1",105
"Opt Baseline","2026-07-04",-2,"2026-06-20","Pediatrics","quantile","0.15",110
"Opt Baseline","2026-07-04",-2,"2026-06-20","Pediatrics","quantile","0.2",123
"Opt Baseline","2026-07-04",-2,"2026-06-20","Pediatrics","quantile","0.25",124
"Opt Baseline","2026-07-04",-2,"2026-06-20","Pediatrics","quantile","0.3",127
"Opt Baseline","2026-07-04",-2,"2026-06-20","Pediatrics","quantile","0.35",130
"Opt Baseline","2026-07-04",-2,"2026-06-20","Pediatrics","quantile","0.4",137
"Opt Baseline","2026-07-04",-2,"2026-06-20","Pediatrics","quantile","0.45",137
"Opt Baseline","2026-07-04",-2,"2026-06-20","Pediatrics","quantile","0.5",139
"Opt Baseline","2026-07-04",-2,"2026-06-20","Pediatrics","quantile","0.55",141
"Opt Baseline","2026-07-04",-2,"2026-06-20","Pediatrics","quantile","0.6",141
"Opt Baseline","2026-07-04",-2,"2026-06-20","Pediatrics","quantile","0.65",148
"Opt Baseline","2026-07-04",-2,"2026-06-20","Pediatrics","quantile","0.7",152
"Opt Baseline","2026-07-04",-2,"2026-06-20","Pediatrics","quantile","0.75",154
"Opt Baseline","2026-07-04",-2,"2026-06-20","Pediatrics","quantile","0.8",157
"Opt Baseline","2026-07-04",-2,"2026-06-20","Pediatrics","quantile","0.85",172
"Opt Baseline","2026-07-04",-2,"2026-06-20","Pediatrics","quantile","0.9",177
"Opt Baseline","2026-07-04",-2,"2026-06-20","Pediatrics","quantile","0.95",179
"Opt Baseline","2026-07-04",-2,"2026-06-20","Pediatrics","quantile","0.975",179
"Opt Baseline","2026-07-04",-2,"2026-06-20","Pediatrics","quantile","0.99",180
"Opt Baseline","2026-07-04",-1,"2026-06-27","Pediatrics","quantile","0.01",75
"Opt Baseline","2026-07-04",-1,"2026-06-27","Pediatrics","quantile","0.025",80
"Opt Baseline","2026-07-04",-1,"2026-06-27","Pediatrics","quantile","0.05",91
"Opt Baseline","2026-07-04",-1,"2026-06-27","Pediatrics","quantile","0.1",101
"Opt Baseline","2026-07-04",-1,"2026-06-27","Pediatrics","quantile","0.15",106
"Opt Baseline","2026-07-04",-1,"2026-06-27","Pediatrics","quantile","0.2",112
"Opt Baseline","2026-07-04",-1,"2026-06-27","Pediatrics","quantile","0.25",117
"Opt Baseline","2026-07-04",-1,"2026-06-27","Pediatrics","quantile","0.3",122
"Opt Baseline","2026-07-04",-1,"2026-06-27","Pediatrics","quantile","0.35",126
"Opt Baseline","2026-07-04",-1,"2026-06-27","Pediatrics","quantile","0.4",132
"Opt Baseline","2026-07-04",-1,"2026-06-27","Pediatrics","quantile","0.45",137
"Opt Baseline","2026-07-04",-1,"2026-06-27","Pediatrics","quantile","0.5",139
"Opt Baseline","2026-07-04",-1,"2026-06-27","Pediatrics","quantile","0.55",142
"Opt Baseline","2026-07-04",-1,"2026-06-27","Pediatrics","quantile","0.6",147
"Opt Baseline","2026-07-04",-1,"2026-06-27","Pediatrics","quantile","0.65",153
"Opt Baseline","2026-07-04",-1,"2026-06-27","Pediatrics","quantile","0.7",158
"Opt Baseline","2026-07-04",-1,"2026-06-27","Pediatrics","quantile","0.75",163
"Opt Baseline","2026-07-04",-1,"2026-06-27","Pediatrics","quantile","0.8",169
"Opt Baseline","2026-07-04",-1,"2026-06-27","Pediatrics","quantile","0.85",176
"Opt Baseline","2026-07-04",-1,"2026-06-27","Pediatrics","quantile","0.9",182
"Opt Baseline","2026-07-04",-1,"2026-06-27","Pediatrics","quantile","0.95",196
"Opt Baseline","2026-07-04",-1,"2026-06-27","Pediatrics","quantile","0.975",211
"Opt Baseline","2026-07-04",-1,"2026-06-27","Pediatrics","quantile","0.99",222
"Opt Baseline","2026-07-04",0,"2026-07-04","Pediatrics","quantile","0.01",64
"Opt Baseline","2026-07-04",0,"2026-07-04","Pediatrics","quantile","0.025",72
"Opt Baseline","2026-07-04",0,"2026-07-04","Pediatrics","quantile","0.05",81
"Opt Baseline","2026-07-04",0,"2026-07-04","Pediatrics","quantile","0.1",92
"Opt Baseline","2026-07-04",0,"2026-07-04","Pediatrics","quantile","0.15",101
"Opt Baseline","2026-07-04",0,"2026-07-04","Pediatrics","quantile","0.2",106
"Opt Baseline","2026-07-04",0,"2026-07-04","Pediatrics","quantile","0.25",113
"Opt Baseline","2026-07-04",0,"2026-07-04","Pediatrics","quantile","0.3",118
"Opt Baseline","2026-07-04",0,"2026-07-04","Pediatrics","quantile","0.35",123
"Opt Baseline","2026-07-04",0,"2026-07-04","Pediatrics","quantile","0.4",128
"Opt Baseline","2026-07-04",0,"2026-07-04","Pediatrics","quantile","0.45",134
"Opt Baseline","2026-07-04",0,"2026-07-04","Pediatrics","quantile","0.5",139
"Opt Baseline","2026-07-04",0,"2026-07-04","Pediatrics","quantile","0.55",144
"Opt Baseline","2026-07-04",0,"2026-07-04","Pediatrics","quantile","0.6",149
"Opt Baseline","2026-07-04",0,"2026-07-04","Pediatrics","quantile","0.65",154
"Opt Baseline","2026-07-04",0,"2026-07-04","Pediatrics","quantile","0.7",160
"Opt Baseline","2026-07-04",0,"2026-07-04","Pediatrics","quantile","0.75",167
"Opt Baseline","2026-07-04",0,"2026-07-04","Pediatrics","quantile","0.8",175
"Opt Baseline","2026-07-04",0,"2026-07-04","Pediatrics","quantile","0.85",181
"Opt Baseline","2026-07-04",0,"2026-07-04","Pediatrics","quantile","0.9",193
"Opt Baseline","2026-07-04",0,"2026-07-04","Pediatrics","quantile","0.95",210
"Opt Baseline","2026-07-04",0,"2026-07-04","Pediatrics","quantile","0.975",224
"Opt Baseline","2026-07-04",0,"2026-07-04","Pediatrics","quantile","0.99",240
"Opt Baseline","2026-07-04",1,"2026-07-11","Pediatrics","quantile","0.01",55
"Opt Baseline","2026-07-04",1,"2026-07-11","Pediatrics","quantile","0.025",64
"Opt Baseline","2026-07-04",1,"2026-07-11","Pediatrics","quantile","0.05",73
"Opt Baseline","2026-07-04",1,"2026-07-11","Pediatrics","quantile","0.1",86
"Opt Baseline","2026-07-04",1,"2026-07-11","Pediatrics","quantile","0.15",95
"Opt Baseline","2026-07-04",1,"2026-07-11","Pediatrics","quantile","0.2",103
"Opt Baseline","2026-07-04",1,"2026-07-11","Pediatrics","quantile","0.25",110
"Opt Baseline","2026-07-04",1,"2026-07-11","Pediatrics","quantile","0.3",116
"Opt Baseline","2026-07-04",1,"2026-07-11","Pediatrics","quantile","0.35",122
"Opt Baseline","2026-07-04",1,"2026-07-11","Pediatrics","quantile","0.4",127
"Opt Baseline","2026-07-04",1,"2026-07-11","Pediatrics","quantile","0.45",134
"Opt Baseline","2026-07-04",1,"2026-07-11","Pediatrics","quantile","0.5",139
"Opt Baseline","2026-07-04",1,"2026-07-11","Pediatrics","quantile","0.55",144
"Opt Baseline","2026-07-04",1,"2026-07-11","Pediatrics","quantile","0.6",151
"Opt Baseline","2026-07-04",1,"2026-07-11","Pediatrics","quantile","0.65",157
"Opt Baseline","2026-07-04",1,"2026-07-11","Pediatrics","quantile","0.7",164
"Opt Baseline","2026-07-04",1,"2026-07-11","Pediatrics","quantile","0.75",172
"Opt Baseline","2026-07-04",1,"2026-07-11","Pediatrics","quantile","0.8",180
"Opt Baseline","2026-07-04",1,"2026-07-11","Pediatrics","quantile","0.85",191
"Opt Baseline","2026-07-04",1,"2026-07-11","Pediatrics","quantile","0.9",203
"Opt Baseline","2026-07-04",1,"2026-07-11","Pediatrics","quantile","0.95",223
"Opt Baseline","2026-07-04",1,"2026-07-11","Pediatrics","quantile","0.975",241
"Opt Baseline","2026-07-04",1,"2026-07-11","Pediatrics","quantile","0.99",263
"Opt Baseline","2026-07-04",2,"2026-07-18","Pediatrics","quantile","0.01",45
"Opt Baseline","2026-07-04",2,"2026-07-18","Pediatrics","quantile","0.025",56
"Opt Baseline","2026-07-04",2,"2026-07-18","Pediatrics","quantile","0.05",67
"Opt Baseline","2026-07-04",2,"2026-07-18","Pediatrics","quantile","0.1",81
"Opt Baseline","2026-07-04",2,"2026-07-18","Pediatrics","quantile","0.15",92
"Opt Baseline","2026-07-04",2,"2026-07-18","Pediatrics","quantile","0.2",100
"Opt Baseline","2026-07-04",2,"2026-07-18","Pediatrics","quantile","0.25",107
"Opt Baseline","2026-07-04",2,"2026-07-18","Pediatrics","quantile","0.3",114
"Opt Baseline","2026-07-04",2,"2026-07-18","Pediatrics","quantile","0.35",120
"Opt Baseline","2026-07-04",2,"2026-07-18","Pediatrics","quantile","0.4",126
"Opt Baseline","2026-07-04",2,"2026-07-18","Pediatrics","quantile","0.45",132
"Opt Baseline","2026-07-04",2,"2026-07-18","Pediatrics","quantile","0.5",139
"Opt Baseline","2026-07-04",2,"2026-07-18","Pediatrics","quantile","0.55",145
"Opt Baseline","2026-07-04",2,"2026-07-18","Pediatrics","quantile","0.6",152
"Opt Baseline","2026-07-04",2,"2026-07-18","Pediatrics","quantile","0.65",159
"Opt Baseline","2026-07-04",2,"2026-07-18","Pediatrics","quantile","0.7",167
"Opt Baseline","2026-07-04",2,"2026-07-18","Pediatrics","quantile","0.75",175
"Opt Baseline","2026-07-04",2,"2026-07-18","Pediatrics","quantile","0.8",185
"Opt Baseline","2026-07-04",2,"2026-07-18","Pediatrics","quantile","0.85",196
"Opt Baseline","2026-07-04",2,"2026-07-18","Pediatrics","quantile","0.9",212
"Opt Baseline","2026-07-04",2,"2026-07-18","Pediatrics","quantile","0.95",235
"Opt Baseline","2026-07-04",2,"2026-07-18","Pediatrics","quantile","0.975",256
"Opt Baseline","2026-07-04",2,"2026-07-18","Pediatrics","quantile","0.99",279
"Opt Baseline","2026-07-04",3,"2026-07-25","Pediatrics","quantile","0.01",39
"Opt Baseline","2026-07-04",3,"2026-07-25","Pediatrics","quantile","0.025",51
"Opt Baseline","2026-07-04",3,"2026-07-25","Pediatrics","quantile","0.05",62
"Opt Baseline","2026-07-04",3,"2026-07-25","Pediatrics","quantile","0.1",77
"Opt Baseline","2026-07-04",3,"2026-07-25","Pediatrics","quantile","0.15",87
"Opt Baseline","2026-07-04",3,"2026-07-25","Pediatrics","quantile","0.2",95
"Opt Baseline","2026-07-04",3,"2026-07-25","Pediatrics","quantile","0.25",103
"Opt Baseline","2026-07-04",3,"2026-07-25","Pediatrics","quantile","0.3",111
"Opt Baseline","2026-07-04",3,"2026-07-25","Pediatrics","quantile","0.35",118
"Opt Baseline","2026-07-04",3,"2026-07-25","Pediatrics","quantile","0.4",125
"Opt Baseline","2026-07-04",3,"2026-07-25","Pediatrics","quantile","0.45",132
"Opt Baseline","2026-07-04",3,"2026-07-25","Pediatrics","quantile","0.5",139
"Opt Baseline","2026-07-04",3,"2026-07-25","Pediatrics","quantile","0.55",146
"Opt Baseline","2026-07-04",3,"2026-07-25","Pediatrics","quantile","0.6",154
"Opt Baseline","2026-07-04",3,"2026-07-25","Pediatrics","quantile","0.65",162
"Opt Baseline","2026-07-04",3,"2026-07-25","Pediatrics","quantile","0.7",171
"Opt Baseline","2026-07-04",3,"2026-07-25","Pediatrics","quantile","0.75",180
"Opt Baseline","2026-07-04",3,"2026-07-25","Pediatrics","quantile","0.8",191
"Opt Baseline","2026-07-04",3,"2026-07-25","Pediatrics","quantile","0.85",204
"Opt Baseline","2026-07-04",3,"2026-07-25","Pediatrics","quantile","0.9",220
"Opt Baseline","2026-07-04",3,"2026-07-25","Pediatrics","quantile","0.95",245
"Opt Baseline","2026-07-04",3,"2026-07-25","Pediatrics","quantile","0.975",267
"Opt Baseline","2026-07-04",3,"2026-07-25","Pediatrics","quantile","0.99",293
"INFLAenza","2026-07-04",-2,"2026-06-20","Adults","quantile","0.01",106
"INFLAenza","2026-07-04",-2,"2026-06-20","Adults","quantile","0.025",114
"INFLAenza","2026-07-04",-2,"2026-06-20","Adults","quantile","0.05",121
"INFLAenza","2026-07-04",-2,"2026-06-20","Adults","quantile","0.1",130
"INFLAenza","2026-07-04",-2,"2026-06-20","Adults","quantile","0.15",136
"INFLAenza","2026-07-04",-2,"2026-06-20","Adults","quantile","0.2",141
"INFLAenza","2026-07-04",-2,"2026-06-20","Adults","quantile","0.25",146
"INFLAenza","2026-07-04",-2,"2026-06-20","Adults","quantile","0.3",151
"INFLAenza","2026-07-04",-2,"2026-06-20","Adults","quantile","0.35",154
"INFLAenza","2026-07-04",-2,"2026-06-20","Adults","quantile","0.4",158
"INFLAenza","2026-07-04",-2,"2026-06-20","Adults","quantile","0.45",162
"INFLAenza","2026-07-04",-2,"2026-06-20","Adults","quantile","0.5",166
"INFLAenza","2026-07-04",-2,"2026-06-20","Adults","quantile","0.55",169
"INFLAenza","2026-07-04",-2,"2026-06-20","Adults","quantile","0.6",174
"INFLAenza","2026-07-04",-2,"2026-06-20","Adults","quantile","0.65",178
"INFLAenza","2026-07-04",-2,"2026-06-20","Adults","quantile","0.7",182
"INFLAenza","2026-07-04",-2,"2026-06-20","Adults","quantile","0.75",188
"INFLAenza","2026-07-04",-2,"2026-06-20","Adults","quantile","0.8",193
"INFLAenza","2026-07-04",-2,"2026-06-20","Adults","quantile","0.85",200
"INFLAenza","2026-07-04",-2,"2026-06-20","Adults","quantile","0.9",209
"INFLAenza","2026-07-04",-2,"2026-06-20","Adults","quantile","0.95",222
"INFLAenza","2026-07-04",-2,"2026-06-20","Adults","quantile","0.975",233
"INFLAenza","2026-07-04",-2,"2026-06-20","Adults","quantile","0.99",248
"INFLAenza","2026-07-04",-2,"2026-06-20","Overall","quantile","0.01",219
"INFLAenza","2026-07-04",-2,"2026-06-20","Overall","quantile","0.025",230
"INFLAenza","2026-07-04",-2,"2026-06-20","Overall","quantile","0.05",239
"INFLAenza","2026-07-04",-2,"2026-06-20","Overall","quantile","0.1",252
"INFLAenza","2026-07-04",-2,"2026-06-20","Overall","quantile","0.15",260
"INFLAenza","2026-07-04",-2,"2026-06-20","Overall","quantile","0.2",267
"INFLAenza","2026-07-04",-2,"2026-06-20","Overall","quantile","0.25",273
"INFLAenza","2026-07-04",-2,"2026-06-20","Overall","quantile","0.3",279
"INFLAenza","2026-07-04",-2,"2026-06-20","Overall","quantile","0.35",284
"INFLAenza","2026-07-04",-2,"2026-06-20","Overall","quantile","0.4",289
"INFLAenza","2026-07-04",-2,"2026-06-20","Overall","quantile","0.45",294
"INFLAenza","2026-07-04",-2,"2026-06-20","Overall","quantile","0.5",298
"INFLAenza","2026-07-04",-2,"2026-06-20","Overall","quantile","0.55",303
"INFLAenza","2026-07-04",-2,"2026-06-20","Overall","quantile","0.6",309
"INFLAenza","2026-07-04",-2,"2026-06-20","Overall","quantile","0.65",314
"INFLAenza","2026-07-04",-2,"2026-06-20","Overall","quantile","0.7",320
"INFLAenza","2026-07-04",-2,"2026-06-20","Overall","quantile","0.75",327
"INFLAenza","2026-07-04",-2,"2026-06-20","Overall","quantile","0.8",333
"INFLAenza","2026-07-04",-2,"2026-06-20","Overall","quantile","0.85",342
"INFLAenza","2026-07-04",-2,"2026-06-20","Overall","quantile","0.9",352
"INFLAenza","2026-07-04",-2,"2026-06-20","Overall","quantile","0.95",370
"INFLAenza","2026-07-04",-2,"2026-06-20","Overall","quantile","0.975",383
"INFLAenza","2026-07-04",-2,"2026-06-20","Overall","quantile","0.99",400
"INFLAenza","2026-07-04",-2,"2026-06-20","Pediatrics","quantile","0.01",82
"INFLAenza","2026-07-04",-2,"2026-06-20","Pediatrics","quantile","0.025",89
"INFLAenza","2026-07-04",-2,"2026-06-20","Pediatrics","quantile","0.05",96
"INFLAenza","2026-07-04",-2,"2026-06-20","Pediatrics","quantile","0.1",103
"INFLAenza","2026-07-04",-2,"2026-06-20","Pediatrics","quantile","0.15",108
"INFLAenza","2026-07-04",-2,"2026-06-20","Pediatrics","quantile","0.2",112
"INFLAenza","2026-07-04",-2,"2026-06-20","Pediatrics","quantile","0.25",115
"INFLAenza","2026-07-04",-2,"2026-06-20","Pediatrics","quantile","0.3",119
"INFLAenza","2026-07-04",-2,"2026-06-20","Pediatrics","quantile","0.35",122
"INFLAenza","2026-07-04",-2,"2026-06-20","Pediatrics","quantile","0.4",125
"INFLAenza","2026-07-04",-2,"2026-06-20","Pediatrics","quantile","0.45",128
"INFLAenza","2026-07-04",-2,"2026-06-20","Pediatrics","quantile","0.5",131
"INFLAenza","2026-07-04",-2,"2026-06-20","Pediatrics","quantile","0.55",134
"INFLAenza","2026-07-04",-2,"2026-06-20","Pediatrics","quantile","0.6",137
"INFLAenza","2026-07-04",-2,"2026-06-20","Pediatrics","quantile","0.65",140
"INFLAenza","2026-07-04",-2,"2026-06-20","Pediatrics","quantile","0.7",144
"INFLAenza","2026-07-04",-2,"2026-06-20","Pediatrics","quantile","0.75",148
"INFLAenza","2026-07-04",-2,"2026-06-20","Pediatrics","quantile","0.8",153
"INFLAenza","2026-07-04",-2,"2026-06-20","Pediatrics","quantile","0.85",158
"INFLAenza","2026-07-04",-2,"2026-06-20","Pediatrics","quantile","0.9",166
"INFLAenza","2026-07-04",-2,"2026-06-20","Pediatrics","quantile","0.95",178
"INFLAenza","2026-07-04",-2,"2026-06-20","Pediatrics","quantile","0.975",188
"INFLAenza","2026-07-04",-2,"2026-06-20","Pediatrics","quantile","0.99",201
"INFLAenza","2026-07-04",-1,"2026-06-27","Adults","quantile","0.01",92
"INFLAenza","2026-07-04",-1,"2026-06-27","Adults","quantile","0.025",100
"INFLAenza","2026-07-04",-1,"2026-06-27","Adults","quantile","0.05",108
"INFLAenza","2026-07-04",-1,"2026-06-27","Adults","quantile","0.1",117
"INFLAenza","2026-07-04",-1,"2026-06-27","Adults","quantile","0.15",125
"INFLAenza","2026-07-04",-1,"2026-06-27","Adults","quantile","0.2",130
"INFLAenza","2026-07-04",-1,"2026-06-27","Adults","quantile","0.25",136
"INFLAenza","2026-07-04",-1,"2026-06-27","Adults","quantile","0.3",140
"INFLAenza","2026-07-04",-1,"2026-06-27","Adults","quantile","0.35",145
"INFLAenza","2026-07-04",-1,"2026-06-27","Adults","quantile","0.4",149
"INFLAenza","2026-07-04",-1,"2026-06-27","Adults","quantile","0.45",153
"INFLAenza","2026-07-04",-1,"2026-06-27","Adults","quantile","0.5",158
"INFLAenza","2026-07-04",-1,"2026-06-27","Adults","quantile","0.55",163
"INFLAenza","2026-07-04",-1,"2026-06-27","Adults","quantile","0.6",168
"INFLAenza","2026-07-04",-1,"2026-06-27","Adults","quantile","0.65",173
"INFLAenza","2026-07-04",-1,"2026-06-27","Adults","quantile","0.7",178
"INFLAenza","2026-07-04",-1,"2026-06-27","Adults","quantile","0.75",184
"INFLAenza","2026-07-04",-1,"2026-06-27","Adults","quantile","0.8",191
"INFLAenza","2026-07-04",-1,"2026-06-27","Adults","quantile","0.85",199
"INFLAenza","2026-07-04",-1,"2026-06-27","Adults","quantile","0.9",210
"INFLAenza","2026-07-04",-1,"2026-06-27","Adults","quantile","0.95",227
"INFLAenza","2026-07-04",-1,"2026-06-27","Adults","quantile","0.975",244
"INFLAenza","2026-07-04",-1,"2026-06-27","Adults","quantile","0.99",267
"INFLAenza","2026-07-04",-1,"2026-06-27","Overall","quantile","0.01",191
"INFLAenza","2026-07-04",-1,"2026-06-27","Overall","quantile","0.025",205
"INFLAenza","2026-07-04",-1,"2026-06-27","Overall","quantile","0.05",216
"INFLAenza","2026-07-04",-1,"2026-06-27","Overall","quantile","0.1",230
"INFLAenza","2026-07-04",-1,"2026-06-27","Overall","quantile","0.15",240
"INFLAenza","2026-07-04",-1,"2026-06-27","Overall","quantile","0.2",248
"INFLAenza","2026-07-04",-1,"2026-06-27","Overall","quantile","0.25",255
"INFLAenza","2026-07-04",-1,"2026-06-27","Overall","quantile","0.3",262
"INFLAenza","2026-07-04",-1,"2026-06-27","Overall","quantile","0.35",268
"INFLAenza","2026-07-04",-1,"2026-06-27","Overall","quantile","0.4",273
"INFLAenza","2026-07-04",-1,"2026-06-27","Overall","quantile","0.45",279
"INFLAenza","2026-07-04",-1,"2026-06-27","Overall","quantile","0.5",284
"INFLAenza","2026-07-04",-1,"2026-06-27","Overall","quantile","0.55",290
"INFLAenza","2026-07-04",-1,"2026-06-27","Overall","quantile","0.6",297
"INFLAenza","2026-07-04",-1,"2026-06-27","Overall","quantile","0.65",303
"INFLAenza","2026-07-04",-1,"2026-06-27","Overall","quantile","0.7",310
"INFLAenza","2026-07-04",-1,"2026-06-27","Overall","quantile","0.75",319
"INFLAenza","2026-07-04",-1,"2026-06-27","Overall","quantile","0.8",327
"INFLAenza","2026-07-04",-1,"2026-06-27","Overall","quantile","0.85",337
"INFLAenza","2026-07-04",-1,"2026-06-27","Overall","quantile","0.9",351
"INFLAenza","2026-07-04",-1,"2026-06-27","Overall","quantile","0.95",370
"INFLAenza","2026-07-04",-1,"2026-06-27","Overall","quantile","0.975",389
"INFLAenza","2026-07-04",-1,"2026-06-27","Overall","quantile","0.99",410
"INFLAenza","2026-07-04",-1,"2026-06-27","Pediatrics","quantile","0.01",69
"INFLAenza","2026-07-04",-1,"2026-06-27","Pediatrics","quantile","0.025",77
"INFLAenza","2026-07-04",-1,"2026-06-27","Pediatrics","quantile","0.05",83
"INFLAenza","2026-07-04",-1,"2026-06-27","Pediatrics","quantile","0.1",90
"INFLAenza","2026-07-04",-1,"2026-06-27","Pediatrics","quantile","0.15",96
"INFLAenza","2026-07-04",-1,"2026-06-27","Pediatrics","quantile","0.2",101
"INFLAenza","2026-07-04",-1,"2026-06-27","Pediatrics","quantile","0.25",105
"INFLAenza","2026-07-04",-1,"2026-06-27","Pediatrics","quantile","0.3",109
"INFLAenza","2026-07-04",-1,"2026-06-27","Pediatrics","quantile","0.35",112
"INFLAenza","2026-07-04",-1,"2026-06-27","Pediatrics","quantile","0.4",116
"INFLAenza","2026-07-04",-1,"2026-06-27","Pediatrics","quantile","0.45",120
"INFLAenza","2026-07-04",-1,"2026-06-27","Pediatrics","quantile","0.5",123
"INFLAenza","2026-07-04",-1,"2026-06-27","Pediatrics","quantile","0.55",127
"INFLAenza","2026-07-04",-1,"2026-06-27","Pediatrics","quantile","0.6",131
"INFLAenza","2026-07-04",-1,"2026-06-27","Pediatrics","quantile","0.65",135
"INFLAenza","2026-07-04",-1,"2026-06-27","Pediatrics","quantile","0.7",139
"INFLAenza","2026-07-04",-1,"2026-06-27","Pediatrics","quantile","0.75",144
"INFLAenza","2026-07-04",-1,"2026-06-27","Pediatrics","quantile","0.8",150
"INFLAenza","2026-07-04",-1,"2026-06-27","Pediatrics","quantile","0.85",157
"INFLAenza","2026-07-04",-1,"2026-06-27","Pediatrics","quantile","0.9",165
"INFLAenza","2026-07-04",-1,"2026-06-27","Pediatrics","quantile","0.95",181
"INFLAenza","2026-07-04",-1,"2026-06-27","Pediatrics","quantile","0.975",196
"INFLAenza","2026-07-04",-1,"2026-06-27","Pediatrics","quantile","0.99",209
"INFLAenza","2026-07-04",0,"2026-07-04","Adults","quantile","0.01",79
"INFLAenza","2026-07-04",0,"2026-07-04","Adults","quantile","0.025",86
"INFLAenza","2026-07-04",0,"2026-07-04","Adults","quantile","0.05",94
"INFLAenza","2026-07-04",0,"2026-07-04","Adults","quantile","0.1",104
"INFLAenza","2026-07-04",0,"2026-07-04","Adults","quantile","0.15",111
"INFLAenza","2026-07-04",0,"2026-07-04","Adults","quantile","0.2",118
"INFLAenza","2026-07-04",0,"2026-07-04","Adults","quantile","0.25",123
"INFLAenza","2026-07-04",0,"2026-07-04","Adults","quantile","0.3",128
"INFLAenza","2026-07-04",0,"2026-07-04","Adults","quantile","0.35",133
"INFLAenza","2026-07-04",0,"2026-07-04","Adults","quantile","0.4",138
"INFLAenza","2026-07-04",0,"2026-07-04","Adults","quantile","0.45",142
"INFLAenza","2026-07-04",0,"2026-07-04","Adults","quantile","0.5",148
"INFLAenza","2026-07-04",0,"2026-07-04","Adults","quantile","0.55",152
"INFLAenza","2026-07-04",0,"2026-07-04","Adults","quantile","0.6",157
"INFLAenza","2026-07-04",0,"2026-07-04","Adults","quantile","0.65",162
"INFLAenza","2026-07-04",0,"2026-07-04","Adults","quantile","0.7",168
"INFLAenza","2026-07-04",0,"2026-07-04","Adults","quantile","0.75",174
"INFLAenza","2026-07-04",0,"2026-07-04","Adults","quantile","0.8",182
"INFLAenza","2026-07-04",0,"2026-07-04","Adults","quantile","0.85",190
"INFLAenza","2026-07-04",0,"2026-07-04","Adults","quantile","0.9",202
"INFLAenza","2026-07-04",0,"2026-07-04","Adults","quantile","0.95",222
"INFLAenza","2026-07-04",0,"2026-07-04","Adults","quantile","0.975",241
"INFLAenza","2026-07-04",0,"2026-07-04","Adults","quantile","0.99",269
"INFLAenza","2026-07-04",0,"2026-07-04","Overall","quantile","0.01",169
"INFLAenza","2026-07-04",0,"2026-07-04","Overall","quantile","0.025",181
"INFLAenza","2026-07-04",0,"2026-07-04","Overall","quantile","0.05",193
"INFLAenza","2026-07-04",0,"2026-07-04","Overall","quantile","0.1",207
"INFLAenza","2026-07-04",0,"2026-07-04","Overall","quantile","0.15",218
"INFLAenza","2026-07-04",0,"2026-07-04","Overall","quantile","0.2",225
"INFLAenza","2026-07-04",0,"2026-07-04","Overall","quantile","0.25",233
"INFLAenza","2026-07-04",0,"2026-07-04","Overall","quantile","0.3",239
"INFLAenza","2026-07-04",0,"2026-07-04","Overall","quantile","0.35",246
"INFLAenza","2026-07-04",0,"2026-07-04","Overall","quantile","0.4",252
"INFLAenza","2026-07-04",0,"2026-07-04","Overall","quantile","0.45",258
"INFLAenza","2026-07-04",0,"2026-07-04","Overall","quantile","0.5",264
"INFLAenza","2026-07-04",0,"2026-07-04","Overall","quantile","0.55",270
"INFLAenza","2026-07-04",0,"2026-07-04","Overall","quantile","0.6",277
"INFLAenza","2026-07-04",0,"2026-07-04","Overall","quantile","0.65",284
"INFLAenza","2026-07-04",0,"2026-07-04","Overall","quantile","0.7",292
"INFLAenza","2026-07-04",0,"2026-07-04","Overall","quantile","0.75",299
"INFLAenza","2026-07-04",0,"2026-07-04","Overall","quantile","0.8",308
"INFLAenza","2026-07-04",0,"2026-07-04","Overall","quantile","0.85",320
"INFLAenza","2026-07-04",0,"2026-07-04","Overall","quantile","0.9",333
"INFLAenza","2026-07-04",0,"2026-07-04","Overall","quantile","0.95",357
"INFLAenza","2026-07-04",0,"2026-07-04","Overall","quantile","0.975",380
"INFLAenza","2026-07-04",0,"2026-07-04","Overall","quantile","0.99",409
"INFLAenza","2026-07-04",0,"2026-07-04","Pediatrics","quantile","0.01",60
"INFLAenza","2026-07-04",0,"2026-07-04","Pediatrics","quantile","0.025",66
"INFLAenza","2026-07-04",0,"2026-07-04","Pediatrics","quantile","0.05",72
"INFLAenza","2026-07-04",0,"2026-07-04","Pediatrics","quantile","0.1",79
"INFLAenza","2026-07-04",0,"2026-07-04","Pediatrics","quantile","0.15",85
"INFLAenza","2026-07-04",0,"2026-07-04","Pediatrics","quantile","0.2",90
"INFLAenza","2026-07-04",0,"2026-07-04","Pediatrics","quantile","0.25",94
"INFLAenza","2026-07-04",0,"2026-07-04","Pediatrics","quantile","0.3",98
"INFLAenza","2026-07-04",0,"2026-07-04","Pediatrics","quantile","0.35",103
"INFLAenza","2026-07-04",0,"2026-07-04","Pediatrics","quantile","0.4",106
"INFLAenza","2026-07-04",0,"2026-07-04","Pediatrics","quantile","0.45",109
"INFLAenza","2026-07-04",0,"2026-07-04","Pediatrics","quantile","0.5",113
"INFLAenza","2026-07-04",0,"2026-07-04","Pediatrics","quantile","0.55",117
"INFLAenza","2026-07-04",0,"2026-07-04","Pediatrics","quantile","0.6",121
"INFLAenza","2026-07-04",0,"2026-07-04","Pediatrics","quantile","0.65",126
"INFLAenza","2026-07-04",0,"2026-07-04","Pediatrics","quantile","0.7",131
"INFLAenza","2026-07-04",0,"2026-07-04","Pediatrics","quantile","0.75",136
"INFLAenza","2026-07-04",0,"2026-07-04","Pediatrics","quantile","0.8",142
"INFLAenza","2026-07-04",0,"2026-07-04","Pediatrics","quantile","0.85",149
"INFLAenza","2026-07-04",0,"2026-07-04","Pediatrics","quantile","0.9",158
"INFLAenza","2026-07-04",0,"2026-07-04","Pediatrics","quantile","0.95",174
"INFLAenza","2026-07-04",0,"2026-07-04","Pediatrics","quantile","0.975",189
"INFLAenza","2026-07-04",0,"2026-07-04","Pediatrics","quantile","0.99",211
"INFLAenza","2026-07-04",1,"2026-07-11","Adults","quantile","0.01",68
"INFLAenza","2026-07-04",1,"2026-07-11","Adults","quantile","0.025",77
"INFLAenza","2026-07-04",1,"2026-07-11","Adults","quantile","0.05",84
"INFLAenza","2026-07-04",1,"2026-07-11","Adults","quantile","0.1",95
"INFLAenza","2026-07-04",1,"2026-07-11","Adults","quantile","0.15",101
"INFLAenza","2026-07-04",1,"2026-07-11","Adults","quantile","0.2",107
"INFLAenza","2026-07-04",1,"2026-07-11","Adults","quantile","0.25",113
"INFLAenza","2026-07-04",1,"2026-07-11","Adults","quantile","0.3",118
"INFLAenza","2026-07-04",1,"2026-07-11","Adults","quantile","0.35",124
"INFLAenza","2026-07-04",1,"2026-07-11","Adults","quantile","0.4",128
"INFLAenza","2026-07-04",1,"2026-07-11","Adults","quantile","0.45",133
"INFLAenza","2026-07-04",1,"2026-07-11","Adults","quantile","0.5",137
"INFLAenza","2026-07-04",1,"2026-07-11","Adults","quantile","0.55",141
"INFLAenza","2026-07-04",1,"2026-07-11","Adults","quantile","0.6",147
"INFLAenza","2026-07-04",1,"2026-07-11","Adults","quantile","0.65",152
"INFLAenza","2026-07-04",1,"2026-07-11","Adults","quantile","0.7",158
"INFLAenza","2026-07-04",1,"2026-07-11","Adults","quantile","0.75",165
"INFLAenza","2026-07-04",1,"2026-07-11","Adults","quantile","0.8",173
"INFLAenza","2026-07-04",1,"2026-07-11","Adults","quantile","0.85",183
"INFLAenza","2026-07-04",1,"2026-07-11","Adults","quantile","0.9",196
"INFLAenza","2026-07-04",1,"2026-07-11","Adults","quantile","0.95",218
"INFLAenza","2026-07-04",1,"2026-07-11","Adults","quantile","0.975",239
"INFLAenza","2026-07-04",1,"2026-07-11","Adults","quantile","0.99",267
"INFLAenza","2026-07-04",1,"2026-07-11","Overall","quantile","0.01",153
"INFLAenza","2026-07-04",1,"2026-07-11","Overall","quantile","0.025",164
"INFLAenza","2026-07-04",1,"2026-07-11","Overall","quantile","0.05",175
"INFLAenza","2026-07-04",1,"2026-07-11","Overall","quantile","0.1",189
"INFLAenza","2026-07-04",1,"2026-07-11","Overall","quantile","0.15",199
"INFLAenza","2026-07-04",1,"2026-07-11","Overall","quantile","0.2",208
"INFLAenza","2026-07-04",1,"2026-07-11","Overall","quantile","0.25",215
"INFLAenza","2026-07-04",1,"2026-07-11","Overall","quantile","0.3",221
"INFLAenza","2026-07-04",1,"2026-07-11","Overall","quantile","0.35",227
"INFLAenza","2026-07-04",1,"2026-07-11","Overall","quantile","0.4",234
"INFLAenza","2026-07-04",1,"2026-07-11","Overall","quantile","0.45",240
"INFLAenza","2026-07-04",1,"2026-07-11","Overall","quantile","0.5",246
"INFLAenza","2026-07-04",1,"2026-07-11","Overall","quantile","0.55",253
"INFLAenza","2026-07-04",1,"2026-07-11","Overall","quantile","0.6",260
"INFLAenza","2026-07-04",1,"2026-07-11","Overall","quantile","0.65",267
"INFLAenza","2026-07-04",1,"2026-07-11","Overall","quantile","0.7",275
"INFLAenza","2026-07-04",1,"2026-07-11","Overall","quantile","0.75",283
"INFLAenza","2026-07-04",1,"2026-07-11","Overall","quantile","0.8",293
"INFLAenza","2026-07-04",1,"2026-07-11","Overall","quantile","0.85",304
"INFLAenza","2026-07-04",1,"2026-07-11","Overall","quantile","0.9",318
"INFLAenza","2026-07-04",1,"2026-07-11","Overall","quantile","0.95",342
"INFLAenza","2026-07-04",1,"2026-07-11","Overall","quantile","0.975",365
"INFLAenza","2026-07-04",1,"2026-07-11","Overall","quantile","0.99",392
"INFLAenza","2026-07-04",1,"2026-07-11","Pediatrics","quantile","0.01",51
"INFLAenza","2026-07-04",1,"2026-07-11","Pediatrics","quantile","0.025",57
"INFLAenza","2026-07-04",1,"2026-07-11","Pediatrics","quantile","0.05",64
"INFLAenza","2026-07-04",1,"2026-07-11","Pediatrics","quantile","0.1",71
"INFLAenza","2026-07-04",1,"2026-07-11","Pediatrics","quantile","0.15",77
"INFLAenza","2026-07-04",1,"2026-07-11","Pediatrics","quantile","0.2",82
"INFLAenza","2026-07-04",1,"2026-07-11","Pediatrics","quantile","0.25",86
"INFLAenza","2026-07-04",1,"2026-07-11","Pediatrics","quantile","0.3",90
"INFLAenza","2026-07-04",1,"2026-07-11","Pediatrics","quantile","0.35",94
"INFLAenza","2026-07-04",1,"2026-07-11","Pediatrics","quantile","0.4",97
"INFLAenza","2026-07-04",1,"2026-07-11","Pediatrics","quantile","0.45",101
"INFLAenza","2026-07-04",1,"2026-07-11","Pediatrics","quantile","0.5",105
"INFLAenza","2026-07-04",1,"2026-07-11","Pediatrics","quantile","0.55",109
"INFLAenza","2026-07-04",1,"2026-07-11","Pediatrics","quantile","0.6",112
"INFLAenza","2026-07-04",1,"2026-07-11","Pediatrics","quantile","0.65",117
"INFLAenza","2026-07-04",1,"2026-07-11","Pediatrics","quantile","0.7",121
"INFLAenza","2026-07-04",1,"2026-07-11","Pediatrics","quantile","0.75",127
"INFLAenza","2026-07-04",1,"2026-07-11","Pediatrics","quantile","0.8",133
"INFLAenza","2026-07-04",1,"2026-07-11","Pediatrics","quantile","0.85",141
"INFLAenza","2026-07-04",1,"2026-07-11","Pediatrics","quantile","0.9",151
"INFLAenza","2026-07-04",1,"2026-07-11","Pediatrics","quantile","0.95",168
"INFLAenza","2026-07-04",1,"2026-07-11","Pediatrics","quantile","0.975",184
"INFLAenza","2026-07-04",1,"2026-07-11","Pediatrics","quantile","0.99",208
"INFLAenza","2026-07-04",2,"2026-07-18","Adults","quantile","0.01",62
"INFLAenza","2026-07-04",2,"2026-07-18","Adults","quantile","0.025",71
"INFLAenza","2026-07-04",2,"2026-07-18","Adults","quantile","0.05",80
"INFLAenza","2026-07-04",2,"2026-07-18","Adults","quantile","0.1",89
"INFLAenza","2026-07-04",2,"2026-07-18","Adults","quantile","0.15",97
"INFLAenza","2026-07-04",2,"2026-07-18","Adults","quantile","0.2",103
"INFLAenza","2026-07-04",2,"2026-07-18","Adults","quantile","0.25",108
"INFLAenza","2026-07-04",2,"2026-07-18","Adults","quantile","0.3",113
"INFLAenza","2026-07-04",2,"2026-07-18","Adults","quantile","0.35",118
"INFLAenza","2026-07-04",2,"2026-07-18","Adults","quantile","0.4",123
"INFLAenza","2026-07-04",2,"2026-07-18","Adults","quantile","0.45",128
"INFLAenza","2026-07-04",2,"2026-07-18","Adults","quantile","0.5",134
"INFLAenza","2026-07-04",2,"2026-07-18","Adults","quantile","0.55",139
"INFLAenza","2026-07-04",2,"2026-07-18","Adults","quantile","0.6",144
"INFLAenza","2026-07-04",2,"2026-07-18","Adults","quantile","0.65",151
"INFLAenza","2026-07-04",2,"2026-07-18","Adults","quantile","0.7",157
"INFLAenza","2026-07-04",2,"2026-07-18","Adults","quantile","0.75",164
"INFLAenza","2026-07-04",2,"2026-07-18","Adults","quantile","0.8",172
"INFLAenza","2026-07-04",2,"2026-07-18","Adults","quantile","0.85",182
"INFLAenza","2026-07-04",2,"2026-07-18","Adults","quantile","0.9",196
"INFLAenza","2026-07-04",2,"2026-07-18","Adults","quantile","0.95",219
"INFLAenza","2026-07-04",2,"2026-07-18","Adults","quantile","0.975",239
"INFLAenza","2026-07-04",2,"2026-07-18","Adults","quantile","0.99",265
"INFLAenza","2026-07-04",2,"2026-07-18","Overall","quantile","0.01",144
"INFLAenza","2026-07-04",2,"2026-07-18","Overall","quantile","0.025",156
"INFLAenza","2026-07-04",2,"2026-07-18","Overall","quantile","0.05",166
"INFLAenza","2026-07-04",2,"2026-07-18","Overall","quantile","0.1",181
"INFLAenza","2026-07-04",2,"2026-07-18","Overall","quantile","0.15",191
"INFLAenza","2026-07-04",2,"2026-07-18","Overall","quantile","0.2",199
"INFLAenza","2026-07-04",2,"2026-07-18","Overall","quantile","0.25",207
"INFLAenza","2026-07-04",2,"2026-07-18","Overall","quantile","0.3",214
"INFLAenza","2026-07-04",2,"2026-07-18","Overall","quantile","0.35",221
"INFLAenza","2026-07-04",2,"2026-07-18","Overall","quantile","0.4",227
"INFLAenza","2026-07-04",2,"2026-07-18","Overall","quantile","0.45",233
"INFLAenza","2026-07-04",2,"2026-07-18","Overall","quantile","0.5",239
"INFLAenza","2026-07-04",2,"2026-07-18","Overall","quantile","0.55",246
"INFLAenza","2026-07-04",2,"2026-07-18","Overall","quantile","0.6",253
"INFLAenza","2026-07-04",2,"2026-07-18","Overall","quantile","0.65",261
"INFLAenza","2026-07-04",2,"2026-07-18","Overall","quantile","0.7",269
"INFLAenza","2026-07-04",2,"2026-07-18","Overall","quantile","0.75",277
"INFLAenza","2026-07-04",2,"2026-07-18","Overall","quantile","0.8",288
"INFLAenza","2026-07-04",2,"2026-07-18","Overall","quantile","0.85",300
"INFLAenza","2026-07-04",2,"2026-07-18","Overall","quantile","0.9",316
"INFLAenza","2026-07-04",2,"2026-07-18","Overall","quantile","0.95",340
"INFLAenza","2026-07-04",2,"2026-07-18","Overall","quantile","0.975",365
"INFLAenza","2026-07-04",2,"2026-07-18","Overall","quantile","0.99",399
"INFLAenza","2026-07-04",2,"2026-07-18","Pediatrics","quantile","0.01",48
"INFLAenza","2026-07-04",2,"2026-07-18","Pediatrics","quantile","0.025",54
"INFLAenza","2026-07-04",2,"2026-07-18","Pediatrics","quantile","0.05",60
"INFLAenza","2026-07-04",2,"2026-07-18","Pediatrics","quantile","0.1",67
"INFLAenza","2026-07-04",2,"2026-07-18","Pediatrics","quantile","0.15",73
"INFLAenza","2026-07-04",2,"2026-07-18","Pediatrics","quantile","0.2",78
"INFLAenza","2026-07-04",2,"2026-07-18","Pediatrics","quantile","0.25",82
"INFLAenza","2026-07-04",2,"2026-07-18","Pediatrics","quantile","0.3",86
"INFLAenza","2026-07-04",2,"2026-07-18","Pediatrics","quantile","0.35",90
"INFLAenza","2026-07-04",2,"2026-07-18","Pediatrics","quantile","0.4",94
"INFLAenza","2026-07-04",2,"2026-07-18","Pediatrics","quantile","0.45",98
"INFLAenza","2026-07-04",2,"2026-07-18","Pediatrics","quantile","0.5",101
"INFLAenza","2026-07-04",2,"2026-07-18","Pediatrics","quantile","0.55",105
"INFLAenza","2026-07-04",2,"2026-07-18","Pediatrics","quantile","0.6",109
"INFLAenza","2026-07-04",2,"2026-07-18","Pediatrics","quantile","0.65",114
"INFLAenza","2026-07-04",2,"2026-07-18","Pediatrics","quantile","0.7",119
"INFLAenza","2026-07-04",2,"2026-07-18","Pediatrics","quantile","0.75",125
"INFLAenza","2026-07-04",2,"2026-07-18","Pediatrics","quantile","0.8",131
"INFLAenza","2026-07-04",2,"2026-07-18","Pediatrics","quantile","0.85",139
"INFLAenza","2026-07-04",2,"2026-07-18","Pediatrics","quantile","0.9",150
"INFLAenza","2026-07-04",2,"2026-07-18","Pediatrics","quantile","0.95",169
"INFLAenza","2026-07-04",2,"2026-07-18","Pediatrics","quantile","0.975",189
"INFLAenza","2026-07-04",2,"2026-07-18","Pediatrics","quantile","0.99",208
"INFLAenza","2026-07-04",3,"2026-07-25","Adults","quantile","0.01",64
"INFLAenza","2026-07-04",3,"2026-07-25","Adults","quantile","0.025",71
"INFLAenza","2026-07-04",3,"2026-07-25","Adults","quantile","0.05",78
"INFLAenza","2026-07-04",3,"2026-07-25","Adults","quantile","0.1",88
"INFLAenza","2026-07-04",3,"2026-07-25","Adults","quantile","0.15",97
"INFLAenza","2026-07-04",3,"2026-07-25","Adults","quantile","0.2",104
"INFLAenza","2026-07-04",3,"2026-07-25","Adults","quantile","0.25",110
"INFLAenza","2026-07-04",3,"2026-07-25","Adults","quantile","0.3",114
"INFLAenza","2026-07-04",3,"2026-07-25","Adults","quantile","0.35",119
"INFLAenza","2026-07-04",3,"2026-07-25","Adults","quantile","0.4",124
"INFLAenza","2026-07-04",3,"2026-07-25","Adults","quantile","0.45",130
"INFLAenza","2026-07-04",3,"2026-07-25","Adults","quantile","0.5",135
"INFLAenza","2026-07-04",3,"2026-07-25","Adults","quantile","0.55",141
"INFLAenza","2026-07-04",3,"2026-07-25","Adults","quantile","0.6",147
"INFLAenza","2026-07-04",3,"2026-07-25","Adults","quantile","0.65",153
"INFLAenza","2026-07-04",3,"2026-07-25","Adults","quantile","0.7",160
"INFLAenza","2026-07-04",3,"2026-07-25","Adults","quantile","0.75",168
"INFLAenza","2026-07-04",3,"2026-07-25","Adults","quantile","0.8",176
"INFLAenza","2026-07-04",3,"2026-07-25","Adults","quantile","0.85",187
"INFLAenza","2026-07-04",3,"2026-07-25","Adults","quantile","0.9",202
"INFLAenza","2026-07-04",3,"2026-07-25","Adults","quantile","0.95",227
"INFLAenza","2026-07-04",3,"2026-07-25","Adults","quantile","0.975",251
"INFLAenza","2026-07-04",3,"2026-07-25","Adults","quantile","0.99",280
"INFLAenza","2026-07-04",3,"2026-07-25","Overall","quantile","0.01",142
"INFLAenza","2026-07-04",3,"2026-07-25","Overall","quantile","0.025",154
"INFLAenza","2026-07-04",3,"2026-07-25","Overall","quantile","0.05",165
"INFLAenza","2026-07-04",3,"2026-07-25","Overall","quantile","0.1",180
"INFLAenza","2026-07-04",3,"2026-07-25","Overall","quantile","0.15",192
"INFLAenza","2026-07-04",3,"2026-07-25","Overall","quantile","0.2",201
"INFLAenza","2026-07-04",3,"2026-07-25","Overall","quantile","0.25",209
"INFLAenza","2026-07-04",3,"2026-07-25","Overall","quantile","0.3",216
"INFLAenza","2026-07-04",3,"2026-07-25","Overall","quantile","0.35",223
"INFLAenza","2026-07-04",3,"2026-07-25","Overall","quantile","0.4",230
"INFLAenza","2026-07-04",3,"2026-07-25","Overall","quantile","0.45",236
"INFLAenza","2026-07-04",3,"2026-07-25","Overall","quantile","0.5",243
"INFLAenza","2026-07-04",3,"2026-07-25","Overall","quantile","0.55",250
"INFLAenza","2026-07-04",3,"2026-07-25","Overall","quantile","0.6",257
"INFLAenza","2026-07-04",3,"2026-07-25","Overall","quantile","0.65",265
"INFLAenza","2026-07-04",3,"2026-07-25","Overall","quantile","0.7",274
"INFLAenza","2026-07-04",3,"2026-07-25","Overall","quantile","0.75",283
"INFLAenza","2026-07-04",3,"2026-07-25","Overall","quantile","0.8",293
"INFLAenza","2026-07-04",3,"2026-07-25","Overall","quantile","0.85",308
"INFLAenza","2026-07-04",3,"2026-07-25","Overall","quantile","0.9",326
"INFLAenza","2026-07-04",3,"2026-07-25","Overall","quantile","0.95",353
"INFLAenza","2026-07-04",3,"2026-07-25","Overall","quantile","0.975",379
"INFLAenza","2026-07-04",3,"2026-07-25","Overall","quantile","0.99",414
"INFLAenza","2026-07-04",3,"2026-07-25","Pediatrics","quantile","0.01",46
"INFLAenza","2026-07-04",3,"2026-07-25","Pediatrics","quantile","0.025",53
"INFLAenza","2026-07-04",3,"2026-07-25","Pediatrics","quantile","0.05",59
"INFLAenza","2026-07-04",3,"2026-07-25","Pediatrics","quantile","0.1",66
"INFLAenza","2026-07-04",3,"2026-07-25","Pediatrics","quantile","0.15",72
"INFLAenza","2026-07-04",3,"2026-07-25","Pediatrics","quantile","0.2",78
"INFLAenza","2026-07-04",3,"2026-07-25","Pediatrics","quantile","0.25",82
"INFLAenza","2026-07-04",3,"2026-07-25","Pediatrics","quantile","0.3",86
"INFLAenza","2026-07-04",3,"2026-07-25","Pediatrics","quantile","0.35",90
"INFLAenza","2026-07-04",3,"2026-07-25","Pediatrics","quantile","0.4",94
"INFLAenza","2026-07-04",3,"2026-07-25","Pediatrics","quantile","0.45",98
"INFLAenza","2026-07-04",3,"2026-07-25","Pediatrics","quantile","0.5",102
"INFLAenza","2026-07-04",3,"2026-07-25","Pediatrics","quantile","0.55",106
"INFLAenza","2026-07-04",3,"2026-07-25","Pediatrics","quantile","0.6",111
"INFLAenza","2026-07-04",3,"2026-07-25","Pediatrics","quantile","0.65",116
"INFLAenza","2026-07-04",3,"2026-07-25","Pediatrics","quantile","0.7",121
"INFLAenza","2026-07-04",3,"2026-07-25","Pediatrics","quantile","0.75",127
"INFLAenza","2026-07-04",3,"2026-07-25","Pediatrics","quantile","0.8",133
"INFLAenza","2026-07-04",3,"2026-07-25","Pediatrics","quantile","0.85",144
"INFLAenza","2026-07-04",3,"2026-07-25","Pediatrics","quantile","0.9",155
"INFLAenza","2026-07-04",3,"2026-07-25","Pediatrics","quantile","0.95",173
"INFLAenza","2026-07-04",3,"2026-07-25","Pediatrics","quantile","0.975",194
"INFLAenza","2026-07-04",3,"2026-07-25","Pediatrics","quantile","0.99",221
"Copycat","2026-07-04",-2,"2026-06-20","Adults","quantile","0.01",125
"Copycat","2026-07-04",-2,"2026-06-20","Adults","quantile","0.025",130
"Copycat","2026-07-04",-2,"2026-06-20","Adults","quantile","0.05",134
"Copycat","2026-07-04",-2,"2026-06-20","Adults","quantile","0.1",141
"Copycat","2026-07-04",-2,"2026-06-20","Adults","quantile","0.15",146
"Copycat","2026-07-04",-2,"2026-06-20","Adults","quantile","0.2",149
"Copycat","2026-07-04",-2,"2026-06-20","Adults","quantile","0.25",153
"Copycat","2026-07-04",-2,"2026-06-20","Adults","quantile","0.3",155
"Copycat","2026-07-04",-2,"2026-06-20","Adults","quantile","0.35",157
"Copycat","2026-07-04",-2,"2026-06-20","Adults","quantile","0.4",159
"Copycat","2026-07-04",-2,"2026-06-20","Adults","quantile","0.45",161
"Copycat","2026-07-04",-2,"2026-06-20","Adults","quantile","0.5",164
"Copycat","2026-07-04",-2,"2026-06-20","Adults","quantile","0.55",166
"Copycat","2026-07-04",-2,"2026-06-20","Adults","quantile","0.6",169
"Copycat","2026-07-04",-2,"2026-06-20","Adults","quantile","0.65",172
"Copycat","2026-07-04",-2,"2026-06-20","Adults","quantile","0.7",173
"Copycat","2026-07-04",-2,"2026-06-20","Adults","quantile","0.75",177
"Copycat","2026-07-04",-2,"2026-06-20","Adults","quantile","0.8",180
"Copycat","2026-07-04",-2,"2026-06-20","Adults","quantile","0.85",183
"Copycat","2026-07-04",-2,"2026-06-20","Adults","quantile","0.9",188
"Copycat","2026-07-04",-2,"2026-06-20","Adults","quantile","0.95",194
"Copycat","2026-07-04",-2,"2026-06-20","Adults","quantile","0.975",199
"Copycat","2026-07-04",-2,"2026-06-20","Adults","quantile","0.99",204
"Copycat","2026-07-04",-1,"2026-06-27","Adults","quantile","0.01",104
"Copycat","2026-07-04",-1,"2026-06-27","Adults","quantile","0.025",114
"Copycat","2026-07-04",-1,"2026-06-27","Adults","quantile","0.05",121
"Copycat","2026-07-04",-1,"2026-06-27","Adults","quantile","0.1",129
"Copycat","2026-07-04",-1,"2026-06-27","Adults","quantile","0.15",134
"Copycat","2026-07-04",-1,"2026-06-27","Adults","quantile","0.2",139
"Copycat","2026-07-04",-1,"2026-06-27","Adults","quantile","0.25",144
"Copycat","2026-07-04",-1,"2026-06-27","Adults","quantile","0.3",147
"Copycat","2026-07-04",-1,"2026-06-27","Adults","quantile","0.35",150
"Copycat","2026-07-04",-1,"2026-06-27","Adults","quantile","0.4",153
"Copycat","2026-07-04",-1,"2026-06-27","Adults","quantile","0.45",156
"Copycat","2026-07-04",-1,"2026-06-27","Adults","quantile","0.5",158
"Copycat","2026-07-04",-1,"2026-06-27","Adults","quantile","0.55",161
"Copycat","2026-07-04",-1,"2026-06-27","Adults","quantile","0.6",164
"Copycat","2026-07-04",-1,"2026-06-27","Adults","quantile","0.65",167
"Copycat","2026-07-04",-1,"2026-06-27","Adults","quantile","0.7",171
"Copycat","2026-07-04",-1,"2026-06-27","Adults","quantile","0.75",174
"Copycat","2026-07-04",-1,"2026-06-27","Adults","quantile","0.8",178
"Copycat","2026-07-04",-1,"2026-06-27","Adults","quantile","0.85",183
"Copycat","2026-07-04",-1,"2026-06-27","Adults","quantile","0.9",188
"Copycat","2026-07-04",-1,"2026-06-27","Adults","quantile","0.95",200
"Copycat","2026-07-04",-1,"2026-06-27","Adults","quantile","0.975",210
"Copycat","2026-07-04",-1,"2026-06-27","Adults","quantile","0.99",222
"Copycat","2026-07-04",0,"2026-07-04","Adults","quantile","0.01",92
"Copycat","2026-07-04",0,"2026-07-04","Adults","quantile","0.025",100
"Copycat","2026-07-04",0,"2026-07-04","Adults","quantile","0.05",109
"Copycat","2026-07-04",0,"2026-07-04","Adults","quantile","0.1",118
"Copycat","2026-07-04",0,"2026-07-04","Adults","quantile","0.15",124
"Copycat","2026-07-04",0,"2026-07-04","Adults","quantile","0.2",129
"Copycat","2026-07-04",0,"2026-07-04","Adults","quantile","0.25",133
"Copycat","2026-07-04",0,"2026-07-04","Adults","quantile","0.3",138
"Copycat","2026-07-04",0,"2026-07-04","Adults","quantile","0.35",141
"Copycat","2026-07-04",0,"2026-07-04","Adults","quantile","0.4",145
"Copycat","2026-07-04",0,"2026-07-04","Adults","quantile","0.45",148
"Copycat","2026-07-04",0,"2026-07-04","Adults","quantile","0.5",153
"Copycat","2026-07-04",0,"2026-07-04","Adults","quantile","0.55",157
"Copycat","2026-07-04",0,"2026-07-04","Adults","quantile","0.6",159
"Copycat","2026-07-04",0,"2026-07-04","Adults","quantile","0.65",163
"Copycat","2026-07-04",0,"2026-07-04","Adults","quantile","0.7",168
"Copycat","2026-07-04",0,"2026-07-04","Adults","quantile","0.75",172
"Copycat","2026-07-04",0,"2026-07-04","Adults","quantile","0.8",177
"Copycat","2026-07-04",0,"2026-07-04","Adults","quantile","0.85",183
"Copycat","2026-07-04",0,"2026-07-04","Adults","quantile","0.9",192
"Copycat","2026-07-04",0,"2026-07-04","Adults","quantile","0.95",202
"Copycat","2026-07-04",0,"2026-07-04","Adults","quantile","0.975",215
"Copycat","2026-07-04",0,"2026-07-04","Adults","quantile","0.99",239
"Copycat","2026-07-04",1,"2026-07-11","Adults","quantile","0.01",80
"Copycat","2026-07-04",1,"2026-07-11","Adults","quantile","0.025",89
"Copycat","2026-07-04",1,"2026-07-11","Adults","quantile","0.05",99
"Copycat","2026-07-04",1,"2026-07-11","Adults","quantile","0.1",109
"Copycat","2026-07-04",1,"2026-07-11","Adults","quantile","0.15",115
"Copycat","2026-07-04",1,"2026-07-11","Adults","quantile","0.2",122
"Copycat","2026-07-04",1,"2026-07-11","Adults","quantile","0.25",128
"Copycat","2026-07-04",1,"2026-07-11","Adults","quantile","0.3",132
"Copycat","2026-07-04",1,"2026-07-11","Adults","quantile","0.35",136
"Copycat","2026-07-04",1,"2026-07-11","Adults","quantile","0.4",140
"Copycat","2026-07-04",1,"2026-07-11","Adults","quantile","0.45",145
"Copycat","2026-07-04",1,"2026-07-11","Adults","quantile","0.5",149
"Copycat","2026-07-04",1,"2026-07-11","Adults","quantile","0.55",153
"Copycat","2026-07-04",1,"2026-07-11","Adults","quantile","0.6",157
"Copycat","2026-07-04",1,"2026-07-11","Adults","quantile","0.65",162
"Copycat","2026-07-04",1,"2026-07-11","Adults","quantile","0.7",167
"Copycat","2026-07-04",1,"2026-07-11","Adults","quantile","0.75",171
"Copycat","2026-07-04",1,"2026-07-11","Adults","quantile","0.8",177
"Copycat","2026-07-04",1,"2026-07-11","Adults","quantile","0.85",184
"Copycat","2026-07-04",1,"2026-07-11","Adults","quantile","0.9",194
"Copycat","2026-07-04",1,"2026-07-11","Adults","quantile","0.95",207
"Copycat","2026-07-04",1,"2026-07-11","Adults","quantile","0.975",221
"Copycat","2026-07-04",1,"2026-07-11","Adults","quantile","0.99",243
"Copycat","2026-07-04",2,"2026-07-18","Adults","quantile","0.01",73
"Copycat","2026-07-04",2,"2026-07-18","Adults","quantile","0.025",79
"Copycat","2026-07-04",2,"2026-07-18","Adults","quantile","0.05",88
"Copycat","2026-07-04",2,"2026-07-18","Adults","quantile","0.1",101
"Copycat","2026-07-04",2,"2026-07-18","Adults","quantile","0.15",110
"Copycat","2026-07-04",2,"2026-07-18","Adults","quantile","0.2",115
"Copycat","2026-07-04",2,"2026-07-18","Adults","quantile","0.25",121
"Copycat","2026-07-04",2,"2026-07-18","Adults","quantile","0.3",127
"Copycat","2026-07-04",2,"2026-07-18","Adults","quantile","0.35",132
"Copycat","2026-07-04",2,"2026-07-18","Adults","quantile","0.4",136
"Copycat","2026-07-04",2,"2026-07-18","Adults","quantile","0.45",140
"Copycat","2026-07-04",2,"2026-07-18","Adults","quantile","0.5",144
"Copycat","2026-07-04",2,"2026-07-18","Adults","quantile","0.55",149
"Copycat","2026-07-04",2,"2026-07-18","Adults","quantile","0.6",154
"Copycat","2026-07-04",2,"2026-07-18","Adults","quantile","0.65",160
"Copycat","2026-07-04",2,"2026-07-18","Adults","quantile","0.7",166
"Copycat","2026-07-04",2,"2026-07-18","Adults","quantile","0.75",173
"Copycat","2026-07-04",2,"2026-07-18","Adults","quantile","0.8",180
"Copycat","2026-07-04",2,"2026-07-18","Adults","quantile","0.85",188
"Copycat","2026-07-04",2,"2026-07-18","Adults","quantile","0.9",198
"Copycat","2026-07-04",2,"2026-07-18","Adults","quantile","0.95",219
"Copycat","2026-07-04",2,"2026-07-18","Adults","quantile","0.975",239
"Copycat","2026-07-04",2,"2026-07-18","Adults","quantile","0.99",260
"Copycat","2026-07-04",3,"2026-07-25","Adults","quantile","0.01",63
"Copycat","2026-07-04",3,"2026-07-25","Adults","quantile","0.025",73
"Copycat","2026-07-04",3,"2026-07-25","Adults","quantile","0.05",82
"Copycat","2026-07-04",3,"2026-07-25","Adults","quantile","0.1",95
"Copycat","2026-07-04",3,"2026-07-25","Adults","quantile","0.15",104
"Copycat","2026-07-04",3,"2026-07-25","Adults","quantile","0.2",110
"Copycat","2026-07-04",3,"2026-07-25","Adults","quantile","0.25",115
"Copycat","2026-07-04",3,"2026-07-25","Adults","quantile","0.3",121
"Copycat","2026-07-04",3,"2026-07-25","Adults","quantile","0.35",126
"Copycat","2026-07-04",3,"2026-07-25","Adults","quantile","0.4",132
"Copycat","2026-07-04",3,"2026-07-25","Adults","quantile","0.45",138
"Copycat","2026-07-04",3,"2026-07-25","Adults","quantile","0.5",142
"Copycat","2026-07-04",3,"2026-07-25","Adults","quantile","0.55",147
"Copycat","2026-07-04",3,"2026-07-25","Adults","quantile","0.6",153
"Copycat","2026-07-04",3,"2026-07-25","Adults","quantile","0.65",159
"Copycat","2026-07-04",3,"2026-07-25","Adults","quantile","0.7",164
"Copycat","2026-07-04",3,"2026-07-25","Adults","quantile","0.75",172
"Copycat","2026-07-04",3,"2026-07-25","Adults","quantile","0.8",180
"Copycat","2026-07-04",3,"2026-07-25","Adults","quantile","0.85",190
"Copycat","2026-07-04",3,"2026-07-25","Adults","quantile","0.9",207
"Copycat","2026-07-04",3,"2026-07-25","Adults","quantile","0.95",232
"Copycat","2026-07-04",3,"2026-07-25","Adults","quantile","0.975",257
"Copycat","2026-07-04",3,"2026-07-25","Adults","quantile","0.99",287
"Copycat","2026-07-04",-2,"2026-06-20","Overall","quantile","0.01",230
"Copycat","2026-07-04",-2,"2026-06-20","Overall","quantile","0.025",239
"Copycat","2026-07-04",-2,"2026-06-20","Overall","quantile","0.05",249
"Copycat","2026-07-04",-2,"2026-06-20","Overall","quantile","0.1",261
"Copycat","2026-07-04",-2,"2026-06-20","Overall","quantile","0.15",267
"Copycat","2026-07-04",-2,"2026-06-20","Overall","quantile","0.2",273
"Copycat","2026-07-04",-2,"2026-06-20","Overall","quantile","0.25",279
"Copycat","2026-07-04",-2,"2026-06-20","Overall","quantile","0.3",282
"Copycat","2026-07-04",-2,"2026-06-20","Overall","quantile","0.35",286
"Copycat","2026-07-04",-2,"2026-06-20","Overall","quantile","0.4",291
"Copycat","2026-07-04",-2,"2026-06-20","Overall","quantile","0.45",294
"Copycat","2026-07-04",-2,"2026-06-20","Overall","quantile","0.5",298
"Copycat","2026-07-04",-2,"2026-06-20","Overall","quantile","0.55",302
"Copycat","2026-07-04",-2,"2026-06-20","Overall","quantile","0.6",307
"Copycat","2026-07-04",-2,"2026-06-20","Overall","quantile","0.65",311
"Copycat","2026-07-04",-2,"2026-06-20","Overall","quantile","0.7",316
"Copycat","2026-07-04",-2,"2026-06-20","Overall","quantile","0.75",320
"Copycat","2026-07-04",-2,"2026-06-20","Overall","quantile","0.8",326
"Copycat","2026-07-04",-2,"2026-06-20","Overall","quantile","0.85",332
"Copycat","2026-07-04",-2,"2026-06-20","Overall","quantile","0.9",342
"Copycat","2026-07-04",-2,"2026-06-20","Overall","quantile","0.95",354
"Copycat","2026-07-04",-2,"2026-06-20","Overall","quantile","0.975",365
"Copycat","2026-07-04",-2,"2026-06-20","Overall","quantile","0.99",376
"Copycat","2026-07-04",-1,"2026-06-27","Overall","quantile","0.01",201
"Copycat","2026-07-04",-1,"2026-06-27","Overall","quantile","0.025",213
"Copycat","2026-07-04",-1,"2026-06-27","Overall","quantile","0.05",224
"Copycat","2026-07-04",-1,"2026-06-27","Overall","quantile","0.1",237
"Copycat","2026-07-04",-1,"2026-06-27","Overall","quantile","0.15",249
"Copycat","2026-07-04",-1,"2026-06-27","Overall","quantile","0.2",255
"Copycat","2026-07-04",-1,"2026-06-27","Overall","quantile","0.25",263
"Copycat","2026-07-04",-1,"2026-06-27","Overall","quantile","0.3",268
"Copycat","2026-07-04",-1,"2026-06-27","Overall","quantile","0.35",273
"Copycat","2026-07-04",-1,"2026-06-27","Overall","quantile","0.4",277
"Copycat","2026-07-04",-1,"2026-06-27","Overall","quantile","0.45",283
"Copycat","2026-07-04",-1,"2026-06-27","Overall","quantile","0.5",290
"Copycat","2026-07-04",-1,"2026-06-27","Overall","quantile","0.55",295
"Copycat","2026-07-04",-1,"2026-06-27","Overall","quantile","0.6",299
"Copycat","2026-07-04",-1,"2026-06-27","Overall","quantile","0.65",304
"Copycat","2026-07-04",-1,"2026-06-27","Overall","quantile","0.7",311
"Copycat","2026-07-04",-1,"2026-06-27","Overall","quantile","0.75",316
"Copycat","2026-07-04",-1,"2026-06-27","Overall","quantile","0.8",323
"Copycat","2026-07-04",-1,"2026-06-27","Overall","quantile","0.85",334
"Copycat","2026-07-04",-1,"2026-06-27","Overall","quantile","0.9",345
"Copycat","2026-07-04",-1,"2026-06-27","Overall","quantile","0.95",367
"Copycat","2026-07-04",-1,"2026-06-27","Overall","quantile","0.975",383
"Copycat","2026-07-04",-1,"2026-06-27","Overall","quantile","0.99",402
"Copycat","2026-07-04",0,"2026-07-04","Overall","quantile","0.01",161
"Copycat","2026-07-04",0,"2026-07-04","Overall","quantile","0.025",184
"Copycat","2026-07-04",0,"2026-07-04","Overall","quantile","0.05",198
"Copycat","2026-07-04",0,"2026-07-04","Overall","quantile","0.1",215
"Copycat","2026-07-04",0,"2026-07-04","Overall","quantile","0.15",227
"Copycat","2026-07-04",0,"2026-07-04","Overall","quantile","0.2",236
"Copycat","2026-07-04",0,"2026-07-04","Overall","quantile","0.25",244
"Copycat","2026-07-04",0,"2026-07-04","Overall","quantile","0.3",251
"Copycat","2026-07-04",0,"2026-07-04","Overall","quantile","0.35",258
"Copycat","2026-07-04",0,"2026-07-04","Overall","quantile","0.4",266
"Copycat","2026-07-04",0,"2026-07-04","Overall","quantile","0.45",273
"Copycat","2026-07-04",0,"2026-07-04","Overall","quantile","0.5",279
"Copycat","2026-07-04",0,"2026-07-04","Overall","quantile","0.55",285
"Copycat","2026-07-04",0,"2026-07-04","Overall","quantile","0.6",293
"Copycat","2026-07-04",0,"2026-07-04","Overall","quantile","0.65",301
"Copycat","2026-07-04",0,"2026-07-04","Overall","quantile","0.7",308
"Copycat","2026-07-04",0,"2026-07-04","Overall","quantile","0.75",315
"Copycat","2026-07-04",0,"2026-07-04","Overall","quantile","0.8",323
"Copycat","2026-07-04",0,"2026-07-04","Overall","quantile","0.85",335
"Copycat","2026-07-04",0,"2026-07-04","Overall","quantile","0.9",352
"Copycat","2026-07-04",0,"2026-07-04","Overall","quantile","0.95",378
"Copycat","2026-07-04",0,"2026-07-04","Overall","quantile","0.975",403
"Copycat","2026-07-04",0,"2026-07-04","Overall","quantile","0.99",431
"Copycat","2026-07-04",1,"2026-07-11","Overall","quantile","0.01",145
"Copycat","2026-07-04",1,"2026-07-11","Overall","quantile","0.025",158
"Copycat","2026-07-04",1,"2026-07-11","Overall","quantile","0.05",173
"Copycat","2026-07-04",1,"2026-07-11","Overall","quantile","0.1",197
"Copycat","2026-07-04",1,"2026-07-11","Overall","quantile","0.15",212
"Copycat","2026-07-04",1,"2026-07-11","Overall","quantile","0.2",223
"Copycat","2026-07-04",1,"2026-07-11","Overall","quantile","0.25",232
"Copycat","2026-07-04",1,"2026-07-11","Overall","quantile","0.3",239
"Copycat","2026-07-04",1,"2026-07-11","Overall","quantile","0.35",248
"Copycat","2026-07-04",1,"2026-07-11","Overall","quantile","0.4",255
"Copycat","2026-07-04",1,"2026-07-11","Overall","quantile","0.45",265
"Copycat","2026-07-04",1,"2026-07-11","Overall","quantile","0.5",271
"Copycat","2026-07-04",1,"2026-07-11","Overall","quantile","0.55",279
"Copycat","2026-07-04",1,"2026-07-11","Overall","quantile","0.6",286
"Copycat","2026-07-04",1,"2026-07-11","Overall","quantile","0.65",296
"Copycat","2026-07-04",1,"2026-07-11","Overall","quantile","0.7",305
"Copycat","2026-07-04",1,"2026-07-11","Overall","quantile","0.75",312
"Copycat","2026-07-04",1,"2026-07-11","Overall","quantile","0.8",323
"Copycat","2026-07-04",1,"2026-07-11","Overall","quantile","0.85",335
"Copycat","2026-07-04",1,"2026-07-11","Overall","quantile","0.9",357
"Copycat","2026-07-04",1,"2026-07-11","Overall","quantile","0.95",388
"Copycat","2026-07-04",1,"2026-07-11","Overall","quantile","0.975",431
"Copycat","2026-07-04",1,"2026-07-11","Overall","quantile","0.99",482
"Copycat","2026-07-04",2,"2026-07-18","Overall","quantile","0.01",115
"Copycat","2026-07-04",2,"2026-07-18","Overall","quantile","0.025",135
"Copycat","2026-07-04",2,"2026-07-18","Overall","quantile","0.05",155
"Copycat","2026-07-04",2,"2026-07-18","Overall","quantile","0.1",181
"Copycat","2026-07-04",2,"2026-07-18","Overall","quantile","0.15",196
"Copycat","2026-07-04",2,"2026-07-18","Overall","quantile","0.2",210
"Copycat","2026-07-04",2,"2026-07-18","Overall","quantile","0.25",220
"Copycat","2026-07-04",2,"2026-07-18","Overall","quantile","0.3",230
"Copycat","2026-07-04",2,"2026-07-18","Overall","quantile","0.35",241
"Copycat","2026-07-04",2,"2026-07-18","Overall","quantile","0.4",251
"Copycat","2026-07-04",2,"2026-07-18","Overall","quantile","0.45",258
"Copycat","2026-07-04",2,"2026-07-18","Overall","quantile","0.5",266
"Copycat","2026-07-04",2,"2026-07-18","Overall","quantile","0.55",275
"Copycat","2026-07-04",2,"2026-07-18","Overall","quantile","0.6",284
"Copycat","2026-07-04",2,"2026-07-18","Overall","quantile","0.65",292
"Copycat","2026-07-04",2,"2026-07-18","Overall","quantile","0.7",301
"Copycat","2026-07-04",2,"2026-07-18","Overall","quantile","0.75",312
"Copycat","2026-07-04",2,"2026-07-18","Overall","quantile","0.8",328
"Copycat","2026-07-04",2,"2026-07-18","Overall","quantile","0.85",348
"Copycat","2026-07-04",2,"2026-07-18","Overall","quantile","0.9",374
"Copycat","2026-07-04",2,"2026-07-18","Overall","quantile","0.95",416
"Copycat","2026-07-04",2,"2026-07-18","Overall","quantile","0.975",466
"Copycat","2026-07-04",2,"2026-07-18","Overall","quantile","0.99",509
"Copycat","2026-07-04",3,"2026-07-25","Overall","quantile","0.01",107
"Copycat","2026-07-04",3,"2026-07-25","Overall","quantile","0.025",125
"Copycat","2026-07-04",3,"2026-07-25","Overall","quantile","0.05",145
"Copycat","2026-07-04",3,"2026-07-25","Overall","quantile","0.1",168
"Copycat","2026-07-04",3,"2026-07-25","Overall","quantile","0.15",185
"Copycat","2026-07-04",3,"2026-07-25","Overall","quantile","0.2",198
"Copycat","2026-07-04",3,"2026-07-25","Overall","quantile","0.25",210
"Copycat","2026-07-04",3,"2026-07-25","Overall","quantile","0.3",223
"Copycat","2026-07-04",3,"2026-07-25","Overall","quantile","0.35",231
"Copycat","2026-07-04",3,"2026-07-25","Overall","quantile","0.4",241
"Copycat","2026-07-04",3,"2026-07-25","Overall","quantile","0.45",251
"Copycat","2026-07-04",3,"2026-07-25","Overall","quantile","0.5",258
"Copycat","2026-07-04",3,"2026-07-25","Overall","quantile","0.55",269
"Copycat","2026-07-04",3,"2026-07-25","Overall","quantile","0.6",281
"Copycat","2026-07-04",3,"2026-07-25","Overall","quantile","0.65",292
"Copycat","2026-07-04",3,"2026-07-25","Overall","quantile","0.7",301
"Copycat","2026-07-04",3,"2026-07-25","Overall","quantile","0.75",318
"Copycat","2026-07-04",3,"2026-07-25","Overall","quantile","0.8",342
"Copycat","2026-07-04",3,"2026-07-25","Overall","quantile","0.85",364
"Copycat","2026-07-04",3,"2026-07-25","Overall","quantile","0.9",391
"Copycat","2026-07-04",3,"2026-07-25","Overall","quantile","0.95",458
"Copycat","2026-07-04",3,"2026-07-25","Overall","quantile","0.975",495
"Copycat","2026-07-04",3,"2026-07-25","Overall","quantile","0.99",537
"Copycat","2026-07-04",-2,"2026-06-20","Pediatrics","quantile","0.01",97
"Copycat","2026-07-04",-2,"2026-06-20","Pediatrics","quantile","0.025",103
"Copycat","2026-07-04",-2,"2026-06-20","Pediatrics","quantile","0.05",108
"Copycat","2026-07-04",-2,"2026-06-20","Pediatrics","quantile","0.1",114
"Copycat","2026-07-04",-2,"2026-06-20","Pediatrics","quantile","0.15",118
"Copycat","2026-07-04",-2,"2026-06-20","Pediatrics","quantile","0.2",121
"Copycat","2026-07-04",-2,"2026-06-20","Pediatrics","quantile","0.25",124
"Copycat","2026-07-04",-2,"2026-06-20","Pediatrics","quantile","0.3",127
"Copycat","2026-07-04",-2,"2026-06-20","Pediatrics","quantile","0.35",129
"Copycat","2026-07-04",-2,"2026-06-20","Pediatrics","quantile","0.4",132
"Copycat","2026-07-04",-2,"2026-06-20","Pediatrics","quantile","0.45",134
"Copycat","2026-07-04",-2,"2026-06-20","Pediatrics","quantile","0.5",135
"Copycat","2026-07-04",-2,"2026-06-20","Pediatrics","quantile","0.55",137
"Copycat","2026-07-04",-2,"2026-06-20","Pediatrics","quantile","0.6",139
"Copycat","2026-07-04",-2,"2026-06-20","Pediatrics","quantile","0.65",142
"Copycat","2026-07-04",-2,"2026-06-20","Pediatrics","quantile","0.7",144
"Copycat","2026-07-04",-2,"2026-06-20","Pediatrics","quantile","0.75",146
"Copycat","2026-07-04",-2,"2026-06-20","Pediatrics","quantile","0.8",149
"Copycat","2026-07-04",-2,"2026-06-20","Pediatrics","quantile","0.85",152
"Copycat","2026-07-04",-2,"2026-06-20","Pediatrics","quantile","0.9",156
"Copycat","2026-07-04",-2,"2026-06-20","Pediatrics","quantile","0.95",162
"Copycat","2026-07-04",-2,"2026-06-20","Pediatrics","quantile","0.975",167
"Copycat","2026-07-04",-2,"2026-06-20","Pediatrics","quantile","0.99",177
"Copycat","2026-07-04",-1,"2026-06-27","Pediatrics","quantile","0.01",81
"Copycat","2026-07-04",-1,"2026-06-27","Pediatrics","quantile","0.025",87
"Copycat","2026-07-04",-1,"2026-06-27","Pediatrics","quantile","0.05",95
"Copycat","2026-07-04",-1,"2026-06-27","Pediatrics","quantile","0.1",103
"Copycat","2026-07-04",-1,"2026-06-27","Pediatrics","quantile","0.15",109
"Copycat","2026-07-04",-1,"2026-06-27","Pediatrics","quantile","0.2",113
"Copycat","2026-07-04",-1,"2026-06-27","Pediatrics","quantile","0.25",118
"Copycat","2026-07-04",-1,"2026-06-27","Pediatrics","quantile","0.3",121
"Copycat","2026-07-04",-1,"2026-06-27","Pediatrics","quantile","0.35",124
"Copycat","2026-07-04",-1,"2026-06-27","Pediatrics","quantile","0.4",126
"Copycat","2026-07-04",-1,"2026-06-27","Pediatrics","quantile","0.45",128
"Copycat","2026-07-04",-1,"2026-06-27","Pediatrics","quantile","0.5",130
"Copycat","2026-07-04",-1,"2026-06-27","Pediatrics","quantile","0.55",133
"Copycat","2026-07-04",-1,"2026-06-27","Pediatrics","quantile","0.6",135
"Copycat","2026-07-04",-1,"2026-06-27","Pediatrics","quantile","0.65",138
"Copycat","2026-07-04",-1,"2026-06-27","Pediatrics","quantile","0.7",142
"Copycat","2026-07-04",-1,"2026-06-27","Pediatrics","quantile","0.75",145
"Copycat","2026-07-04",-1,"2026-06-27","Pediatrics","quantile","0.8",148
"Copycat","2026-07-04",-1,"2026-06-27","Pediatrics","quantile","0.85",152
"Copycat","2026-07-04",-1,"2026-06-27","Pediatrics","quantile","0.9",159
"Copycat","2026-07-04",-1,"2026-06-27","Pediatrics","quantile","0.95",166
"Copycat","2026-07-04",-1,"2026-06-27","Pediatrics","quantile","0.975",177
"Copycat","2026-07-04",-1,"2026-06-27","Pediatrics","quantile","0.99",188
"Copycat","2026-07-04",0,"2026-07-04","Pediatrics","quantile","0.01",69
"Copycat","2026-07-04",0,"2026-07-04","Pediatrics","quantile","0.025",75
"Copycat","2026-07-04",0,"2026-07-04","Pediatrics","quantile","0.05",83
"Copycat","2026-07-04",0,"2026-07-04","Pediatrics","quantile","0.1",93
"Copycat","2026-07-04",0,"2026-07-04","Pediatrics","quantile","0.15",99
"Copycat","2026-07-04",0,"2026-07-04","Pediatrics","quantile","0.2",104
"Copycat","2026-07-04",0,"2026-07-04","Pediatrics","quantile","0.25",110
"Copycat","2026-07-04",0,"2026-07-04","Pediatrics","quantile","0.3",114
"Copycat","2026-07-04",0,"2026-07-04","Pediatrics","quantile","0.35",118
"Copycat","2026-07-04",0,"2026-07-04","Pediatrics","quantile","0.4",121
"Copycat","2026-07-04",0,"2026-07-04","Pediatrics","quantile","0.45",124
"Copycat","2026-07-04",0,"2026-07-04","Pediatrics","quantile","0.5",127
"Copycat","2026-07-04",0,"2026-07-04","Pediatrics","quantile","0.55",131
"Copycat","2026-07-04",0,"2026-07-04","Pediatrics","quantile","0.6",134
"Copycat","2026-07-04",0,"2026-07-04","Pediatrics","quantile","0.65",138
"Copycat","2026-07-04",0,"2026-07-04","Pediatrics","quantile","0.7",141
"Copycat","2026-07-04",0,"2026-07-04","Pediatrics","quantile","0.75",145
"Copycat","2026-07-04",0,"2026-07-04","Pediatrics","quantile","0.8",150
"Copycat","2026-07-04",0,"2026-07-04","Pediatrics","quantile","0.85",155
"Copycat","2026-07-04",0,"2026-07-04","Pediatrics","quantile","0.9",163
"Copycat","2026-07-04",0,"2026-07-04","Pediatrics","quantile","0.95",173
"Copycat","2026-07-04",0,"2026-07-04","Pediatrics","quantile","0.975",182
"Copycat","2026-07-04",0,"2026-07-04","Pediatrics","quantile","0.99",191
"Copycat","2026-07-04",1,"2026-07-11","Pediatrics","quantile","0.01",59
"Copycat","2026-07-04",1,"2026-07-11","Pediatrics","quantile","0.025",67
"Copycat","2026-07-04",1,"2026-07-11","Pediatrics","quantile","0.05",73
"Copycat","2026-07-04",1,"2026-07-11","Pediatrics","quantile","0.1",82
"Copycat","2026-07-04",1,"2026-07-11","Pediatrics","quantile","0.15",90
"Copycat","2026-07-04",1,"2026-07-11","Pediatrics","quantile","0.2",97
"Copycat","2026-07-04",1,"2026-07-11","Pediatrics","quantile","0.25",102
"Copycat","2026-07-04",1,"2026-07-11","Pediatrics","quantile","0.3",108
"Copycat","2026-07-04",1,"2026-07-11","Pediatrics","quantile","0.35",113
"Copycat","2026-07-04",1,"2026-07-11","Pediatrics","quantile","0.4",116
"Copycat","2026-07-04",1,"2026-07-11","Pediatrics","quantile","0.45",119
"Copycat","2026-07-04",1,"2026-07-11","Pediatrics","quantile","0.5",123
"Copycat","2026-07-04",1,"2026-07-11","Pediatrics","quantile","0.55",126
"Copycat","2026-07-04",1,"2026-07-11","Pediatrics","quantile","0.6",131
"Copycat","2026-07-04",1,"2026-07-11","Pediatrics","quantile","0.65",134
"Copycat","2026-07-04",1,"2026-07-11","Pediatrics","quantile","0.7",139
"Copycat","2026-07-04",1,"2026-07-11","Pediatrics","quantile","0.75",145
"Copycat","2026-07-04",1,"2026-07-11","Pediatrics","quantile","0.8",149
"Copycat","2026-07-04",1,"2026-07-11","Pediatrics","quantile","0.85",156
"Copycat","2026-07-04",1,"2026-07-11","Pediatrics","quantile","0.9",163
"Copycat","2026-07-04",1,"2026-07-11","Pediatrics","quantile","0.95",176
"Copycat","2026-07-04",1,"2026-07-11","Pediatrics","quantile","0.975",191
"Copycat","2026-07-04",1,"2026-07-11","Pediatrics","quantile","0.99",211
"Copycat","2026-07-04",2,"2026-07-18","Pediatrics","quantile","0.01",49
"Copycat","2026-07-04",2,"2026-07-18","Pediatrics","quantile","0.025",57
"Copycat","2026-07-04",2,"2026-07-18","Pediatrics","quantile","0.05",64
"Copycat","2026-07-04",2,"2026-07-18","Pediatrics","quantile","0.1",74
"Copycat","2026-07-04",2,"2026-07-18","Pediatrics","quantile","0.15",81
"Copycat","2026-07-04",2,"2026-07-18","Pediatrics","quantile","0.2",90
"Copycat","2026-07-04",2,"2026-07-18","Pediatrics","quantile","0.25",96
"Copycat","2026-07-04",2,"2026-07-18","Pediatrics","quantile","0.3",102
"Copycat","2026-07-04",2,"2026-07-18","Pediatrics","quantile","0.35",107
"Copycat","2026-07-04",2,"2026-07-18","Pediatrics","quantile","0.4",112
"Copycat","2026-07-04",2,"2026-07-18","Pediatrics","quantile","0.45",117
"Copycat","2026-07-04",2,"2026-07-18","Pediatrics","quantile","0.5",121
"Copycat","2026-07-04",2,"2026-07-18","Pediatrics","quantile","0.55",126
"Copycat","2026-07-04",2,"2026-07-18","Pediatrics","quantile","0.6",131
"Copycat","2026-07-04",2,"2026-07-18","Pediatrics","quantile","0.65",135
"Copycat","2026-07-04",2,"2026-07-18","Pediatrics","quantile","0.7",142
"Copycat","2026-07-04",2,"2026-07-18","Pediatrics","quantile","0.75",147
"Copycat","2026-07-04",2,"2026-07-18","Pediatrics","quantile","0.8",154
"Copycat","2026-07-04",2,"2026-07-18","Pediatrics","quantile","0.85",161
"Copycat","2026-07-04",2,"2026-07-18","Pediatrics","quantile","0.9",172
"Copycat","2026-07-04",2,"2026-07-18","Pediatrics","quantile","0.95",190
"Copycat","2026-07-04",2,"2026-07-18","Pediatrics","quantile","0.975",213
"Copycat","2026-07-04",2,"2026-07-18","Pediatrics","quantile","0.99",241
"Copycat","2026-07-04",3,"2026-07-25","Pediatrics","quantile","0.01",44
"Copycat","2026-07-04",3,"2026-07-25","Pediatrics","quantile","0.025",50
"Copycat","2026-07-04",3,"2026-07-25","Pediatrics","quantile","0.05",58
"Copycat","2026-07-04",3,"2026-07-25","Pediatrics","quantile","0.1",69
"Copycat","2026-07-04",3,"2026-07-25","Pediatrics","quantile","0.15",80
"Copycat","2026-07-04",3,"2026-07-25","Pediatrics","quantile","0.2",86
"Copycat","2026-07-04",3,"2026-07-25","Pediatrics","quantile","0.25",92
"Copycat","2026-07-04",3,"2026-07-25","Pediatrics","quantile","0.3",98
"Copycat","2026-07-04",3,"2026-07-25","Pediatrics","quantile","0.35",102
"Copycat","2026-07-04",3,"2026-07-25","Pediatrics","quantile","0.4",107
"Copycat","2026-07-04",3,"2026-07-25","Pediatrics","quantile","0.45",112
"Copycat","2026-07-04",3,"2026-07-25","Pediatrics","quantile","0.5",118
"Copycat","2026-07-04",3,"2026-07-25","Pediatrics","quantile","0.55",124
"Copycat","2026-07-04",3,"2026-07-25","Pediatrics","quantile","0.6",129
"Copycat","2026-07-04",3,"2026-07-25","Pediatrics","quantile","0.65",135
"Copycat","2026-07-04",3,"2026-07-25","Pediatrics","quantile","0.7",142
"Copycat","2026-07-04",3,"2026-07-25","Pediatrics","quantile","0.75",149
"Copycat","2026-07-04",3,"2026-07-25","Pediatrics","quantile","0.8",157
"Copycat","2026-07-04",3,"2026-07-25","Pediatrics","quantile","0.85",168
"Copycat","2026-07-04",3,"2026-07-25","Pediatrics","quantile","0.9",180
"Copycat","2026-07-04",3,"2026-07-25","Pediatrics","quantile","0.95",204
"Copycat","2026-07-04",3,"2026-07-25","Pediatrics","quantile","0.975",226
"Copycat","2026-07-04",3,"2026-07-25","Pediatrics","quantile","0.99",276
"newGBQR","2026-07-04",-2,"2026-06-20","Adults","quantile","0.01",103
"newGBQR","2026-07-04",-2,"2026-06-20","Adults","quantile","0.025",117
"newGBQR","2026-07-04",-2,"2026-06-20","Adults","quantile","0.05",127
"newGBQR","2026-07-04",-2,"2026-06-20","Adults","quantile","0.1",135
"newGBQR","2026-07-04",-2,"2026-06-20","Adults","quantile","0.15",139
"newGBQR","2026-07-04",-2,"2026-06-20","Adults","quantile","0.2",143
"newGBQR","2026-07-04",-2,"2026-06-20","Adults","quantile","0.25",145
"newGBQR","2026-07-04",-2,"2026-06-20","Adults","quantile","0.3",147
"newGBQR","2026-07-04",-2,"2026-06-20","Adults","quantile","0.35",149
"newGBQR","2026-07-04",-2,"2026-06-20","Adults","quantile","0.4",153
"newGBQR","2026-07-04",-2,"2026-06-20","Adults","quantile","0.45",159
"newGBQR","2026-07-04",-2,"2026-06-20","Adults","quantile","0.5",164
"newGBQR","2026-07-04",-2,"2026-06-20","Adults","quantile","0.55",165
"newGBQR","2026-07-04",-2,"2026-06-20","Adults","quantile","0.6",169
"newGBQR","2026-07-04",-2,"2026-06-20","Adults","quantile","0.65",171
"newGBQR","2026-07-04",-2,"2026-06-20","Adults","quantile","0.7",174
"newGBQR","2026-07-04",-2,"2026-06-20","Adults","quantile","0.75",177
"newGBQR","2026-07-04",-2,"2026-06-20","Adults","quantile","0.8",180
"newGBQR","2026-07-04",-2,"2026-06-20","Adults","quantile","0.85",185
"newGBQR","2026-07-04",-2,"2026-06-20","Adults","quantile","0.9",194
"newGBQR","2026-07-04",-2,"2026-06-20","Adults","quantile","0.95",211
"newGBQR","2026-07-04",-2,"2026-06-20","Adults","quantile","0.975",237
"newGBQR","2026-07-04",-2,"2026-06-20","Adults","quantile","0.99",272
"newGBQR","2026-07-04",-1,"2026-06-27","Adults","quantile","0.01",102
"newGBQR","2026-07-04",-1,"2026-06-27","Adults","quantile","0.025",116
"newGBQR","2026-07-04",-1,"2026-06-27","Adults","quantile","0.05",126
"newGBQR","2026-07-04",-1,"2026-06-27","Adults","quantile","0.1",133
"newGBQR","2026-07-04",-1,"2026-06-27","Adults","quantile","0.15",137
"newGBQR","2026-07-04",-1,"2026-06-27","Adults","quantile","0.2",141
"newGBQR","2026-07-04",-1,"2026-06-27","Adults","quantile","0.25",143
"newGBQR","2026-07-04",-1,"2026-06-27","Adults","quantile","0.3",144
"newGBQR","2026-07-04",-1,"2026-06-27","Adults","quantile","0.35",146
"newGBQR","2026-07-04",-1,"2026-06-27","Adults","quantile","0.4",151
"newGBQR","2026-07-04",-1,"2026-06-27","Adults","quantile","0.45",157
"newGBQR","2026-07-04",-1,"2026-06-27","Adults","quantile","0.5",163
"newGBQR","2026-07-04",-1,"2026-06-27","Adults","quantile","0.55",164
"newGBQR","2026-07-04",-1,"2026-06-27","Adults","quantile","0.6",168
"newGBQR","2026-07-04",-1,"2026-06-27","Adults","quantile","0.65",170
"newGBQR","2026-07-04",-1,"2026-06-27","Adults","quantile","0.7",174
"newGBQR","2026-07-04",-1,"2026-06-27","Adults","quantile","0.75",177
"newGBQR","2026-07-04",-1,"2026-06-27","Adults","quantile","0.8",180
"newGBQR","2026-07-04",-1,"2026-06-27","Adults","quantile","0.85",186
"newGBQR","2026-07-04",-1,"2026-06-27","Adults","quantile","0.9",194
"newGBQR","2026-07-04",-1,"2026-06-27","Adults","quantile","0.95",212
"newGBQR","2026-07-04",-1,"2026-06-27","Adults","quantile","0.975",237
"newGBQR","2026-07-04",-1,"2026-06-27","Adults","quantile","0.99",272
"newGBQR","2026-07-04",0,"2026-07-04","Adults","quantile","0.01",102
"newGBQR","2026-07-04",0,"2026-07-04","Adults","quantile","0.025",114
"newGBQR","2026-07-04",0,"2026-07-04","Adults","quantile","0.05",121
"newGBQR","2026-07-04",0,"2026-07-04","Adults","quantile","0.1",129
"newGBQR","2026-07-04",0,"2026-07-04","Adults","quantile","0.15",134
"newGBQR","2026-07-04",0,"2026-07-04","Adults","quantile","0.2",138
"newGBQR","2026-07-04",0,"2026-07-04","Adults","quantile","0.25",141
"newGBQR","2026-07-04",0,"2026-07-04","Adults","quantile","0.3",143
"newGBQR","2026-07-04",0,"2026-07-04","Adults","quantile","0.35",145
"newGBQR","2026-07-04",0,"2026-07-04","Adults","quantile","0.4",149
"newGBQR","2026-07-04",0,"2026-07-04","Adults","quantile","0.45",155
"newGBQR","2026-07-04",0,"2026-07-04","Adults","quantile","0.5",161
"newGBQR","2026-07-04",0,"2026-07-04","Adults","quantile","0.55",163
"newGBQR","2026-07-04",0,"2026-07-04","Adults","quantile","0.6",167
"newGBQR","2026-07-04",0,"2026-07-04","Adults","quantile","0.65",168
"newGBQR","2026-07-04",0,"2026-07-04","Adults","quantile","0.7",172
"newGBQR","2026-07-04",0,"2026-07-04","Adults","quantile","0.75",175
"newGBQR","2026-07-04",0,"2026-07-04","Adults","quantile","0.8",179
"newGBQR","2026-07-04",0,"2026-07-04","Adults","quantile","0.85",187
"newGBQR","2026-07-04",0,"2026-07-04","Adults","quantile","0.9",195
"newGBQR","2026-07-04",0,"2026-07-04","Adults","quantile","0.95",216
"newGBQR","2026-07-04",0,"2026-07-04","Adults","quantile","0.975",240
"newGBQR","2026-07-04",0,"2026-07-04","Adults","quantile","0.99",273
"newGBQR","2026-07-04",1,"2026-07-11","Adults","quantile","0.01",101
"newGBQR","2026-07-04",1,"2026-07-11","Adults","quantile","0.025",112
"newGBQR","2026-07-04",1,"2026-07-11","Adults","quantile","0.05",120
"newGBQR","2026-07-04",1,"2026-07-11","Adults","quantile","0.1",125
"newGBQR","2026-07-04",1,"2026-07-11","Adults","quantile","0.15",131
"newGBQR","2026-07-04",1,"2026-07-11","Adults","quantile","0.2",135
"newGBQR","2026-07-04",1,"2026-07-11","Adults","quantile","0.25",138
"newGBQR","2026-07-04",1,"2026-07-11","Adults","quantile","0.3",139
"newGBQR","2026-07-04",1,"2026-07-11","Adults","quantile","0.35",142
"newGBQR","2026-07-04",1,"2026-07-11","Adults","quantile","0.4",146
"newGBQR","2026-07-04",1,"2026-07-11","Adults","quantile","0.45",150
"newGBQR","2026-07-04",1,"2026-07-11","Adults","quantile","0.5",154
"newGBQR","2026-07-04",1,"2026-07-11","Adults","quantile","0.55",157
"newGBQR","2026-07-04",1,"2026-07-11","Adults","quantile","0.6",162
"newGBQR","2026-07-04",1,"2026-07-11","Adults","quantile","0.65",165
"newGBQR","2026-07-04",1,"2026-07-11","Adults","quantile","0.7",168
"newGBQR","2026-07-04",1,"2026-07-11","Adults","quantile","0.75",173
"newGBQR","2026-07-04",1,"2026-07-11","Adults","quantile","0.8",177
"newGBQR","2026-07-04",1,"2026-07-11","Adults","quantile","0.85",185
"newGBQR","2026-07-04",1,"2026-07-11","Adults","quantile","0.9",196
"newGBQR","2026-07-04",1,"2026-07-11","Adults","quantile","0.95",217
"newGBQR","2026-07-04",1,"2026-07-11","Adults","quantile","0.975",244
"newGBQR","2026-07-04",1,"2026-07-11","Adults","quantile","0.99",275
"newGBQR","2026-07-04",2,"2026-07-18","Adults","quantile","0.01",99
"newGBQR","2026-07-04",2,"2026-07-18","Adults","quantile","0.025",109
"newGBQR","2026-07-04",2,"2026-07-18","Adults","quantile","0.05",119
"newGBQR","2026-07-04",2,"2026-07-18","Adults","quantile","0.1",123
"newGBQR","2026-07-04",2,"2026-07-18","Adults","quantile","0.15",126
"newGBQR","2026-07-04",2,"2026-07-18","Adults","quantile","0.2",133
"newGBQR","2026-07-04",2,"2026-07-18","Adults","quantile","0.25",134
"newGBQR","2026-07-04",2,"2026-07-18","Adults","quantile","0.3",135
"newGBQR","2026-07-04",2,"2026-07-18","Adults","quantile","0.35",138
"newGBQR","2026-07-04",2,"2026-07-18","Adults","quantile","0.4",142
"newGBQR","2026-07-04",2,"2026-07-18","Adults","quantile","0.45",148
"newGBQR","2026-07-04",2,"2026-07-18","Adults","quantile","0.5",152
"newGBQR","2026-07-04",2,"2026-07-18","Adults","quantile","0.55",156
"newGBQR","2026-07-04",2,"2026-07-18","Adults","quantile","0.6",159
"newGBQR","2026-07-04",2,"2026-07-18","Adults","quantile","0.65",163
"newGBQR","2026-07-04",2,"2026-07-18","Adults","quantile","0.7",166
"newGBQR","2026-07-04",2,"2026-07-18","Adults","quantile","0.75",172
"newGBQR","2026-07-04",2,"2026-07-18","Adults","quantile","0.8",177
"newGBQR","2026-07-04",2,"2026-07-18","Adults","quantile","0.85",185
"newGBQR","2026-07-04",2,"2026-07-18","Adults","quantile","0.9",197
"newGBQR","2026-07-04",2,"2026-07-18","Adults","quantile","0.95",218
"newGBQR","2026-07-04",2,"2026-07-18","Adults","quantile","0.975",246
"newGBQR","2026-07-04",2,"2026-07-18","Adults","quantile","0.99",282
"newGBQR","2026-07-04",3,"2026-07-25","Adults","quantile","0.01",98
"newGBQR","2026-07-04",3,"2026-07-25","Adults","quantile","0.025",108
"newGBQR","2026-07-04",3,"2026-07-25","Adults","quantile","0.05",117
"newGBQR","2026-07-04",3,"2026-07-25","Adults","quantile","0.1",119
"newGBQR","2026-07-04",3,"2026-07-25","Adults","quantile","0.15",124
"newGBQR","2026-07-04",3,"2026-07-25","Adults","quantile","0.2",130
"newGBQR","2026-07-04",3,"2026-07-25","Adults","quantile","0.25",132
"newGBQR","2026-07-04",3,"2026-07-25","Adults","quantile","0.3",134
"newGBQR","2026-07-04",3,"2026-07-25","Adults","quantile","0.35",138
"newGBQR","2026-07-04",3,"2026-07-25","Adults","quantile","0.4",141
"newGBQR","2026-07-04",3,"2026-07-25","Adults","quantile","0.45",148
"newGBQR","2026-07-04",3,"2026-07-25","Adults","quantile","0.5",152
"newGBQR","2026-07-04",3,"2026-07-25","Adults","quantile","0.55",155
"newGBQR","2026-07-04",3,"2026-07-25","Adults","quantile","0.6",159
"newGBQR","2026-07-04",3,"2026-07-25","Adults","quantile","0.65",163
"newGBQR","2026-07-04",3,"2026-07-25","Adults","quantile","0.7",166
"newGBQR","2026-07-04",3,"2026-07-25","Adults","quantile","0.75",172
"newGBQR","2026-07-04",3,"2026-07-25","Adults","quantile","0.8",177
"newGBQR","2026-07-04",3,"2026-07-25","Adults","quantile","0.85",186
"newGBQR","2026-07-04",3,"2026-07-25","Adults","quantile","0.9",197
"newGBQR","2026-07-04",3,"2026-07-25","Adults","quantile","0.95",217
"newGBQR","2026-07-04",3,"2026-07-25","Adults","quantile","0.975",246
"newGBQR","2026-07-04",3,"2026-07-25","Adults","quantile","0.99",283
"newGBQR","2026-07-04",-2,"2026-06-20","Overall","quantile","0.01",195
"newGBQR","2026-07-04",-2,"2026-06-20","Overall","quantile","0.025",220
"newGBQR","2026-07-04",-2,"2026-06-20","Overall","quantile","0.05",239
"newGBQR","2026-07-04",-2,"2026-06-20","Overall","quantile","0.1",252
"newGBQR","2026-07-04",-2,"2026-06-20","Overall","quantile","0.15",258
"newGBQR","2026-07-04",-2,"2026-06-20","Overall","quantile","0.2",265
"newGBQR","2026-07-04",-2,"2026-06-20","Overall","quantile","0.25",266
"newGBQR","2026-07-04",-2,"2026-06-20","Overall","quantile","0.3",269
"newGBQR","2026-07-04",-2,"2026-06-20","Overall","quantile","0.35",273
"newGBQR","2026-07-04",-2,"2026-06-20","Overall","quantile","0.4",279
"newGBQR","2026-07-04",-2,"2026-06-20","Overall","quantile","0.45",289
"newGBQR","2026-07-04",-2,"2026-06-20","Overall","quantile","0.5",297
"newGBQR","2026-07-04",-2,"2026-06-20","Overall","quantile","0.55",303
"newGBQR","2026-07-04",-2,"2026-06-20","Overall","quantile","0.6",306
"newGBQR","2026-07-04",-2,"2026-06-20","Overall","quantile","0.65",313
"newGBQR","2026-07-04",-2,"2026-06-20","Overall","quantile","0.7",316
"newGBQR","2026-07-04",-2,"2026-06-20","Overall","quantile","0.75",323
"newGBQR","2026-07-04",-2,"2026-06-20","Overall","quantile","0.8",330
"newGBQR","2026-07-04",-2,"2026-06-20","Overall","quantile","0.85",341
"newGBQR","2026-07-04",-2,"2026-06-20","Overall","quantile","0.9",356
"newGBQR","2026-07-04",-2,"2026-06-20","Overall","quantile","0.95",384
"newGBQR","2026-07-04",-2,"2026-06-20","Overall","quantile","0.975",428
"newGBQR","2026-07-04",-2,"2026-06-20","Overall","quantile","0.99",489
"newGBQR","2026-07-04",-1,"2026-06-27","Overall","quantile","0.01",193
"newGBQR","2026-07-04",-1,"2026-06-27","Overall","quantile","0.025",217
"newGBQR","2026-07-04",-1,"2026-06-27","Overall","quantile","0.05",235
"newGBQR","2026-07-04",-1,"2026-06-27","Overall","quantile","0.1",248
"newGBQR","2026-07-04",-1,"2026-06-27","Overall","quantile","0.15",256
"newGBQR","2026-07-04",-1,"2026-06-27","Overall","quantile","0.2",261
"newGBQR","2026-07-04",-1,"2026-06-27","Overall","quantile","0.25",262
"newGBQR","2026-07-04",-1,"2026-06-27","Overall","quantile","0.3",266
"newGBQR","2026-07-04",-1,"2026-06-27","Overall","quantile","0.35",270
"newGBQR","2026-07-04",-1,"2026-06-27","Overall","quantile","0.4",278
"newGBQR","2026-07-04",-1,"2026-06-27","Overall","quantile","0.45",288
"newGBQR","2026-07-04",-1,"2026-06-27","Overall","quantile","0.5",296
"newGBQR","2026-07-04",-1,"2026-06-27","Overall","quantile","0.55",302
"newGBQR","2026-07-04",-1,"2026-06-27","Overall","quantile","0.6",306
"newGBQR","2026-07-04",-1,"2026-06-27","Overall","quantile","0.65",312
"newGBQR","2026-07-04",-1,"2026-06-27","Overall","quantile","0.7",316
"newGBQR","2026-07-04",-1,"2026-06-27","Overall","quantile","0.75",324
"newGBQR","2026-07-04",-1,"2026-06-27","Overall","quantile","0.8",330
"newGBQR","2026-07-04",-1,"2026-06-27","Overall","quantile","0.85",342
"newGBQR","2026-07-04",-1,"2026-06-27","Overall","quantile","0.9",357
"newGBQR","2026-07-04",-1,"2026-06-27","Overall","quantile","0.95",386
"newGBQR","2026-07-04",-1,"2026-06-27","Overall","quantile","0.975",430
"newGBQR","2026-07-04",-1,"2026-06-27","Overall","quantile","0.99",492
"newGBQR","2026-07-04",0,"2026-07-04","Overall","quantile","0.01",193
"newGBQR","2026-07-04",0,"2026-07-04","Overall","quantile","0.025",214
"newGBQR","2026-07-04",0,"2026-07-04","Overall","quantile","0.05",228
"newGBQR","2026-07-04",0,"2026-07-04","Overall","quantile","0.1",240
"newGBQR","2026-07-04",0,"2026-07-04","Overall","quantile","0.15",249
"newGBQR","2026-07-04",0,"2026-07-04","Overall","quantile","0.2",256
"newGBQR","2026-07-04",0,"2026-07-04","Overall","quantile","0.25",258
"newGBQR","2026-07-04",0,"2026-07-04","Overall","quantile","0.3",262
"newGBQR","2026-07-04",0,"2026-07-04","Overall","quantile","0.35",265
"newGBQR","2026-07-04",0,"2026-07-04","Overall","quantile","0.4",273
"newGBQR","2026-07-04",0,"2026-07-04","Overall","quantile","0.45",286
"newGBQR","2026-07-04",0,"2026-07-04","Overall","quantile","0.5",293
"newGBQR","2026-07-04",0,"2026-07-04","Overall","quantile","0.55",298
"newGBQR","2026-07-04",0,"2026-07-04","Overall","quantile","0.6",304
"newGBQR","2026-07-04",0,"2026-07-04","Overall","quantile","0.65",308
"newGBQR","2026-07-04",0,"2026-07-04","Overall","quantile","0.7",315
"newGBQR","2026-07-04",0,"2026-07-04","Overall","quantile","0.75",321
"newGBQR","2026-07-04",0,"2026-07-04","Overall","quantile","0.8",329
"newGBQR","2026-07-04",0,"2026-07-04","Overall","quantile","0.85",343
"newGBQR","2026-07-04",0,"2026-07-04","Overall","quantile","0.9",362
"newGBQR","2026-07-04",0,"2026-07-04","Overall","quantile","0.95",393
"newGBQR","2026-07-04",0,"2026-07-04","Overall","quantile","0.975",434
"newGBQR","2026-07-04",0,"2026-07-04","Overall","quantile","0.99",492
"newGBQR","2026-07-04",1,"2026-07-11","Overall","quantile","0.01",189
"newGBQR","2026-07-04",1,"2026-07-11","Overall","quantile","0.025",209
"newGBQR","2026-07-04",1,"2026-07-11","Overall","quantile","0.05",227
"newGBQR","2026-07-04",1,"2026-07-11","Overall","quantile","0.1",235
"newGBQR","2026-07-04",1,"2026-07-11","Overall","quantile","0.15",244
"newGBQR","2026-07-04",1,"2026-07-11","Overall","quantile","0.2",252
"newGBQR","2026-07-04",1,"2026-07-11","Overall","quantile","0.25",253
"newGBQR","2026-07-04",1,"2026-07-11","Overall","quantile","0.3",256
"newGBQR","2026-07-04",1,"2026-07-11","Overall","quantile","0.35",258
"newGBQR","2026-07-04",1,"2026-07-11","Overall","quantile","0.4",265
"newGBQR","2026-07-04",1,"2026-07-11","Overall","quantile","0.45",275
"newGBQR","2026-07-04",1,"2026-07-11","Overall","quantile","0.5",281
"newGBQR","2026-07-04",1,"2026-07-11","Overall","quantile","0.55",287
"newGBQR","2026-07-04",1,"2026-07-11","Overall","quantile","0.6",294
"newGBQR","2026-07-04",1,"2026-07-11","Overall","quantile","0.65",303
"newGBQR","2026-07-04",1,"2026-07-11","Overall","quantile","0.7",310
"newGBQR","2026-07-04",1,"2026-07-11","Overall","quantile","0.75",317
"newGBQR","2026-07-04",1,"2026-07-11","Overall","quantile","0.8",326
"newGBQR","2026-07-04",1,"2026-07-11","Overall","quantile","0.85",341
"newGBQR","2026-07-04",1,"2026-07-11","Overall","quantile","0.9",363
"newGBQR","2026-07-04",1,"2026-07-11","Overall","quantile","0.95",394
"newGBQR","2026-07-04",1,"2026-07-11","Overall","quantile","0.975",439
"newGBQR","2026-07-04",1,"2026-07-11","Overall","quantile","0.99",496
"newGBQR","2026-07-04",2,"2026-07-18","Overall","quantile","0.01",185
"newGBQR","2026-07-04",2,"2026-07-18","Overall","quantile","0.025",204
"newGBQR","2026-07-04",2,"2026-07-18","Overall","quantile","0.05",223
"newGBQR","2026-07-04",2,"2026-07-18","Overall","quantile","0.1",226
"newGBQR","2026-07-04",2,"2026-07-18","Overall","quantile","0.15",237
"newGBQR","2026-07-04",2,"2026-07-18","Overall","quantile","0.2",243
"newGBQR","2026-07-04",2,"2026-07-18","Overall","quantile","0.25",243
"newGBQR","2026-07-04",2,"2026-07-18","Overall","quantile","0.3",248
"newGBQR","2026-07-04",2,"2026-07-18","Overall","quantile","0.35",253
"newGBQR","2026-07-04",2,"2026-07-18","Overall","quantile","0.4",262
"newGBQR","2026-07-04",2,"2026-07-18","Overall","quantile","0.45",273
"newGBQR","2026-07-04",2,"2026-07-18","Overall","quantile","0.5",280
"newGBQR","2026-07-04",2,"2026-07-18","Overall","quantile","0.55",287
"newGBQR","2026-07-04",2,"2026-07-18","Overall","quantile","0.6",293
"newGBQR","2026-07-04",2,"2026-07-18","Overall","quantile","0.65",302
"newGBQR","2026-07-04",2,"2026-07-18","Overall","quantile","0.7",306
"newGBQR","2026-07-04",2,"2026-07-18","Overall","quantile","0.75",317
"newGBQR","2026-07-04",2,"2026-07-18","Overall","quantile","0.8",326
"newGBQR","2026-07-04",2,"2026-07-18","Overall","quantile","0.85",340
"newGBQR","2026-07-04",2,"2026-07-18","Overall","quantile","0.9",363
"newGBQR","2026-07-04",2,"2026-07-18","Overall","quantile","0.95",397
"newGBQR","2026-07-04",2,"2026-07-18","Overall","quantile","0.975",443
"newGBQR","2026-07-04",2,"2026-07-18","Overall","quantile","0.99",507
"newGBQR","2026-07-04",3,"2026-07-25","Overall","quantile","0.01",183
"newGBQR","2026-07-04",3,"2026-07-25","Overall","quantile","0.025",199
"newGBQR","2026-07-04",3,"2026-07-25","Overall","quantile","0.05",219
"newGBQR","2026-07-04",3,"2026-07-25","Overall","quantile","0.1",221
"newGBQR","2026-07-04",3,"2026-07-25","Overall","quantile","0.15",231
"newGBQR","2026-07-04",3,"2026-07-25","Overall","quantile","0.2",240
"newGBQR","2026-07-04",3,"2026-07-25","Overall","quantile","0.25",240
"newGBQR","2026-07-04",3,"2026-07-25","Overall","quantile","0.3",245
"newGBQR","2026-07-04",3,"2026-07-25","Overall","quantile","0.35",248
"newGBQR","2026-07-04",3,"2026-07-25","Overall","quantile","0.4",257
"newGBQR","2026-07-04",3,"2026-07-25","Overall","quantile","0.45",264
"newGBQR","2026-07-04",3,"2026-07-25","Overall","quantile","0.5",275
"newGBQR","2026-07-04",3,"2026-07-25","Overall","quantile","0.55",283
"newGBQR","2026-07-04",3,"2026-07-25","Overall","quantile","0.6",288
"newGBQR","2026-07-04",3,"2026-07-25","Overall","quantile","0.65",296
"newGBQR","2026-07-04",3,"2026-07-25","Overall","quantile","0.7",302
"newGBQR","2026-07-04",3,"2026-07-25","Overall","quantile","0.75",314
"newGBQR","2026-07-04",3,"2026-07-25","Overall","quantile","0.8",324
"newGBQR","2026-07-04",3,"2026-07-25","Overall","quantile","0.85",341
"newGBQR","2026-07-04",3,"2026-07-25","Overall","quantile","0.9",364
"newGBQR","2026-07-04",3,"2026-07-25","Overall","quantile","0.95",398
"newGBQR","2026-07-04",3,"2026-07-25","Overall","quantile","0.975",446
"newGBQR","2026-07-04",3,"2026-07-25","Overall","quantile","0.99",508
"newGBQR","2026-07-04",-2,"2026-06-20","Pediatrics","quantile","0.01",89
"newGBQR","2026-07-04",-2,"2026-06-20","Pediatrics","quantile","0.025",98
"newGBQR","2026-07-04",-2,"2026-06-20","Pediatrics","quantile","0.05",106
"newGBQR","2026-07-04",-2,"2026-06-20","Pediatrics","quantile","0.1",113
"newGBQR","2026-07-04",-2,"2026-06-20","Pediatrics","quantile","0.15",118
"newGBQR","2026-07-04",-2,"2026-06-20","Pediatrics","quantile","0.2",121
"newGBQR","2026-07-04",-2,"2026-06-20","Pediatrics","quantile","0.25",121
"newGBQR","2026-07-04",-2,"2026-06-20","Pediatrics","quantile","0.3",123
"newGBQR","2026-07-04",-2,"2026-06-20","Pediatrics","quantile","0.35",125
"newGBQR","2026-07-04",-2,"2026-06-20","Pediatrics","quantile","0.4",128
"newGBQR","2026-07-04",-2,"2026-06-20","Pediatrics","quantile","0.45",131
"newGBQR","2026-07-04",-2,"2026-06-20","Pediatrics","quantile","0.5",134
"newGBQR","2026-07-04",-2,"2026-06-20","Pediatrics","quantile","0.55",137
"newGBQR","2026-07-04",-2,"2026-06-20","Pediatrics","quantile","0.6",141
"newGBQR","2026-07-04",-2,"2026-06-20","Pediatrics","quantile","0.65",144
"newGBQR","2026-07-04",-2,"2026-06-20","Pediatrics","quantile","0.7",147
"newGBQR","2026-07-04",-2,"2026-06-20","Pediatrics","quantile","0.75",150
"newGBQR","2026-07-04",-2,"2026-06-20","Pediatrics","quantile","0.8",154
"newGBQR","2026-07-04",-2,"2026-06-20","Pediatrics","quantile","0.85",161
"newGBQR","2026-07-04",-2,"2026-06-20","Pediatrics","quantile","0.9",166
"newGBQR","2026-07-04",-2,"2026-06-20","Pediatrics","quantile","0.95",176
"newGBQR","2026-07-04",-2,"2026-06-20","Pediatrics","quantile","0.975",195
"newGBQR","2026-07-04",-2,"2026-06-20","Pediatrics","quantile","0.99",220
"newGBQR","2026-07-04",-1,"2026-06-27","Pediatrics","quantile","0.01",89
"newGBQR","2026-07-04",-1,"2026-06-27","Pediatrics","quantile","0.025",96
"newGBQR","2026-07-04",-1,"2026-06-27","Pediatrics","quantile","0.05",104
"newGBQR","2026-07-04",-1,"2026-06-27","Pediatrics","quantile","0.1",111
"newGBQR","2026-07-04",-1,"2026-06-27","Pediatrics","quantile","0.15",116
"newGBQR","2026-07-04",-1,"2026-06-27","Pediatrics","quantile","0.2",118
"newGBQR","2026-07-04",-1,"2026-06-27","Pediatrics","quantile","0.25",119
"newGBQR","2026-07-04",-1,"2026-06-27","Pediatrics","quantile","0.3",121
"newGBQR","2026-07-04",-1,"2026-06-27","Pediatrics","quantile","0.35",123
"newGBQR","2026-07-04",-1,"2026-06-27","Pediatrics","quantile","0.4",128
"newGBQR","2026-07-04",-1,"2026-06-27","Pediatrics","quantile","0.45",131
"newGBQR","2026-07-04",-1,"2026-06-27","Pediatrics","quantile","0.5",134
"newGBQR","2026-07-04",-1,"2026-06-27","Pediatrics","quantile","0.55",137
"newGBQR","2026-07-04",-1,"2026-06-27","Pediatrics","quantile","0.6",141
"newGBQR","2026-07-04",-1,"2026-06-27","Pediatrics","quantile","0.65",144
"newGBQR","2026-07-04",-1,"2026-06-27","Pediatrics","quantile","0.7",146
"newGBQR","2026-07-04",-1,"2026-06-27","Pediatrics","quantile","0.75",151
"newGBQR","2026-07-04",-1,"2026-06-27","Pediatrics","quantile","0.8",154
"newGBQR","2026-07-04",-1,"2026-06-27","Pediatrics","quantile","0.85",161
"newGBQR","2026-07-04",-1,"2026-06-27","Pediatrics","quantile","0.9",168
"newGBQR","2026-07-04",-1,"2026-06-27","Pediatrics","quantile","0.95",179
"newGBQR","2026-07-04",-1,"2026-06-27","Pediatrics","quantile","0.975",196
"newGBQR","2026-07-04",-1,"2026-06-27","Pediatrics","quantile","0.99",221
"newGBQR","2026-07-04",0,"2026-07-04","Pediatrics","quantile","0.01",87
"newGBQR","2026-07-04",0,"2026-07-04","Pediatrics","quantile","0.025",94
"newGBQR","2026-07-04",0,"2026-07-04","Pediatrics","quantile","0.05",101
"newGBQR","2026-07-04",0,"2026-07-04","Pediatrics","quantile","0.1",106
"newGBQR","2026-07-04",0,"2026-07-04","Pediatrics","quantile","0.15",112
"newGBQR","2026-07-04",0,"2026-07-04","Pediatrics","quantile","0.2",115
"newGBQR","2026-07-04",0,"2026-07-04","Pediatrics","quantile","0.25",117
"newGBQR","2026-07-04",0,"2026-07-04","Pediatrics","quantile","0.3",118
"newGBQR","2026-07-04",0,"2026-07-04","Pediatrics","quantile","0.35",121
"newGBQR","2026-07-04",0,"2026-07-04","Pediatrics","quantile","0.4",124
"newGBQR","2026-07-04",0,"2026-07-04","Pediatrics","quantile","0.45",128
"newGBQR","2026-07-04",0,"2026-07-04","Pediatrics","quantile","0.5",129
"newGBQR","2026-07-04",0,"2026-07-04","Pediatrics","quantile","0.55",133
"newGBQR","2026-07-04",0,"2026-07-04","Pediatrics","quantile","0.6",136
"newGBQR","2026-07-04",0,"2026-07-04","Pediatrics","quantile","0.65",140
"newGBQR","2026-07-04",0,"2026-07-04","Pediatrics","quantile","0.7",145
"newGBQR","2026-07-04",0,"2026-07-04","Pediatrics","quantile","0.75",150
"newGBQR","2026-07-04",0,"2026-07-04","Pediatrics","quantile","0.8",153
"newGBQR","2026-07-04",0,"2026-07-04","Pediatrics","quantile","0.85",161
"newGBQR","2026-07-04",0,"2026-07-04","Pediatrics","quantile","0.9",171
"newGBQR","2026-07-04",0,"2026-07-04","Pediatrics","quantile","0.95",181
"newGBQR","2026-07-04",0,"2026-07-04","Pediatrics","quantile","0.975",199
"newGBQR","2026-07-04",0,"2026-07-04","Pediatrics","quantile","0.99",221
"newGBQR","2026-07-04",1,"2026-07-11","Pediatrics","quantile","0.01",85
"newGBQR","2026-07-04",1,"2026-07-11","Pediatrics","quantile","0.025",92
"newGBQR","2026-07-04",1,"2026-07-11","Pediatrics","quantile","0.05",99
"newGBQR","2026-07-04",1,"2026-07-11","Pediatrics","quantile","0.1",102
"newGBQR","2026-07-04",1,"2026-07-11","Pediatrics","quantile","0.15",110
"newGBQR","2026-07-04",1,"2026-07-11","Pediatrics","quantile","0.2",112
"newGBQR","2026-07-04",1,"2026-07-11","Pediatrics","quantile","0.25",113
"newGBQR","2026-07-04",1,"2026-07-11","Pediatrics","quantile","0.3",115
"newGBQR","2026-07-04",1,"2026-07-11","Pediatrics","quantile","0.35",117
"newGBQR","2026-07-04",1,"2026-07-11","Pediatrics","quantile","0.4",120
"newGBQR","2026-07-04",1,"2026-07-11","Pediatrics","quantile","0.45",124
"newGBQR","2026-07-04",1,"2026-07-11","Pediatrics","quantile","0.5",127
"newGBQR","2026-07-04",1,"2026-07-11","Pediatrics","quantile","0.55",130
"newGBQR","2026-07-04",1,"2026-07-11","Pediatrics","quantile","0.6",135
"newGBQR","2026-07-04",1,"2026-07-11","Pediatrics","quantile","0.65",139
"newGBQR","2026-07-04",1,"2026-07-11","Pediatrics","quantile","0.7",143
"newGBQR","2026-07-04",1,"2026-07-11","Pediatrics","quantile","0.75",149
"newGBQR","2026-07-04",1,"2026-07-11","Pediatrics","quantile","0.8",153
"newGBQR","2026-07-04",1,"2026-07-11","Pediatrics","quantile","0.85",161
"newGBQR","2026-07-04",1,"2026-07-11","Pediatrics","quantile","0.9",171
"newGBQR","2026-07-04",1,"2026-07-11","Pediatrics","quantile","0.95",182
"newGBQR","2026-07-04",1,"2026-07-11","Pediatrics","quantile","0.975",200
"newGBQR","2026-07-04",1,"2026-07-11","Pediatrics","quantile","0.99",223
"newGBQR","2026-07-04",2,"2026-07-18","Pediatrics","quantile","0.01",80
"newGBQR","2026-07-04",2,"2026-07-18","Pediatrics","quantile","0.025",89
"newGBQR","2026-07-04",2,"2026-07-18","Pediatrics","quantile","0.05",95
"newGBQR","2026-07-04",2,"2026-07-18","Pediatrics","quantile","0.1",100
"newGBQR","2026-07-04",2,"2026-07-18","Pediatrics","quantile","0.15",105
"newGBQR","2026-07-04",2,"2026-07-18","Pediatrics","quantile","0.2",110
"newGBQR","2026-07-04",2,"2026-07-18","Pediatrics","quantile","0.25",110
"newGBQR","2026-07-04",2,"2026-07-18","Pediatrics","quantile","0.3",111
"newGBQR","2026-07-04",2,"2026-07-18","Pediatrics","quantile","0.35",114
"newGBQR","2026-07-04",2,"2026-07-18","Pediatrics","quantile","0.4",116
"newGBQR","2026-07-04",2,"2026-07-18","Pediatrics","quantile","0.45",121
"newGBQR","2026-07-04",2,"2026-07-18","Pediatrics","quantile","0.5",125
"newGBQR","2026-07-04",2,"2026-07-18","Pediatrics","quantile","0.55",128
"newGBQR","2026-07-04",2,"2026-07-18","Pediatrics","quantile","0.6",132
"newGBQR","2026-07-04",2,"2026-07-18","Pediatrics","quantile","0.65",136
"newGBQR","2026-07-04",2,"2026-07-18","Pediatrics","quantile","0.7",140
"newGBQR","2026-07-04",2,"2026-07-18","Pediatrics","quantile","0.75",146
"newGBQR","2026-07-04",2,"2026-07-18","Pediatrics","quantile","0.8",151
"newGBQR","2026-07-04",2,"2026-07-18","Pediatrics","quantile","0.85",160
"newGBQR","2026-07-04",2,"2026-07-18","Pediatrics","quantile","0.9",171
"newGBQR","2026-07-04",2,"2026-07-18","Pediatrics","quantile","0.95",183
"newGBQR","2026-07-04",2,"2026-07-18","Pediatrics","quantile","0.975",204
"newGBQR","2026-07-04",2,"2026-07-18","Pediatrics","quantile","0.99",228
"newGBQR","2026-07-04",3,"2026-07-25","Pediatrics","quantile","0.01",77
"newGBQR","2026-07-04",3,"2026-07-25","Pediatrics","quantile","0.025",83
"newGBQR","2026-07-04",3,"2026-07-25","Pediatrics","quantile","0.05",88
"newGBQR","2026-07-04",3,"2026-07-25","Pediatrics","quantile","0.1",94
"newGBQR","2026-07-04",3,"2026-07-25","Pediatrics","quantile","0.15",102
"newGBQR","2026-07-04",3,"2026-07-25","Pediatrics","quantile","0.2",105
"newGBQR","2026-07-04",3,"2026-07-25","Pediatrics","quantile","0.25",105
"newGBQR","2026-07-04",3,"2026-07-25","Pediatrics","quantile","0.3",106
"newGBQR","2026-07-04",3,"2026-07-25","Pediatrics","quantile","0.35",109
"newGBQR","2026-07-04",3,"2026-07-25","Pediatrics","quantile","0.4",112
"newGBQR","2026-07-04",3,"2026-07-25","Pediatrics","quantile","0.45",115
"newGBQR","2026-07-04",3,"2026-07-25","Pediatrics","quantile","0.5",119
"newGBQR","2026-07-04",3,"2026-07-25","Pediatrics","quantile","0.55",123
"newGBQR","2026-07-04",3,"2026-07-25","Pediatrics","quantile","0.6",129
"newGBQR","2026-07-04",3,"2026-07-25","Pediatrics","quantile","0.65",134
"newGBQR","2026-07-04",3,"2026-07-25","Pediatrics","quantile","0.7",138
"newGBQR","2026-07-04",3,"2026-07-25","Pediatrics","quantile","0.75",145
"newGBQR","2026-07-04",3,"2026-07-25","Pediatrics","quantile","0.8",150
"newGBQR","2026-07-04",3,"2026-07-25","Pediatrics","quantile","0.85",159
"newGBQR","2026-07-04",3,"2026-07-25","Pediatrics","quantile","0.9",171
"newGBQR","2026-07-04",3,"2026-07-25","Pediatrics","quantile","0.95",183
"newGBQR","2026-07-04",3,"2026-07-25","Pediatrics","quantile","0.975",204
"newGBQR","2026-07-04",3,"2026-07-25","Pediatrics","quantile","0.99",228
"Ensemble","2026-07-04",-2,"2026-06-20","Adults","quantile","0.01",106
"Ensemble","2026-07-04",-2,"2026-06-20","Adults","quantile","0.025",117
"Ensemble","2026-07-04",-2,"2026-06-20","Adults","quantile","0.05",127
"Ensemble","2026-07-04",-2,"2026-06-20","Adults","quantile","0.1",135
"Ensemble","2026-07-04",-2,"2026-06-20","Adults","quantile","0.15",139
"Ensemble","2026-07-04",-2,"2026-06-20","Adults","quantile","0.2",143
"Ensemble","2026-07-04",-2,"2026-06-20","Adults","quantile","0.25",146
"Ensemble","2026-07-04",-2,"2026-06-20","Adults","quantile","0.3",151
"Ensemble","2026-07-04",-2,"2026-06-20","Adults","quantile","0.35",154
"Ensemble","2026-07-04",-2,"2026-06-20","Adults","quantile","0.4",158
"Ensemble","2026-07-04",-2,"2026-06-20","Adults","quantile","0.45",161
"Ensemble","2026-07-04",-2,"2026-06-20","Adults","quantile","0.5",164
"Ensemble","2026-07-04",-2,"2026-06-20","Adults","quantile","0.55",166
"Ensemble","2026-07-04",-2,"2026-06-20","Adults","quantile","0.6",169
"Ensemble","2026-07-04",-2,"2026-06-20","Adults","quantile","0.65",172
"Ensemble","2026-07-04",-2,"2026-06-20","Adults","quantile","0.7",174
"Ensemble","2026-07-04",-2,"2026-06-20","Adults","quantile","0.75",177
"Ensemble","2026-07-04",-2,"2026-06-20","Adults","quantile","0.8",180
"Ensemble","2026-07-04",-2,"2026-06-20","Adults","quantile","0.85",185
"Ensemble","2026-07-04",-2,"2026-06-20","Adults","quantile","0.9",194
"Ensemble","2026-07-04",-2,"2026-06-20","Adults","quantile","0.95",211
"Ensemble","2026-07-04",-2,"2026-06-20","Adults","quantile","0.975",233
"Ensemble","2026-07-04",-2,"2026-06-20","Adults","quantile","0.99",248
"Ensemble","2026-07-04",-2,"2026-06-20","Overall","quantile","0.01",219
"Ensemble","2026-07-04",-2,"2026-06-20","Overall","quantile","0.025",230
"Ensemble","2026-07-04",-2,"2026-06-20","Overall","quantile","0.05",239
"Ensemble","2026-07-04",-2,"2026-06-20","Overall","quantile","0.1",252
"Ensemble","2026-07-04",-2,"2026-06-20","Overall","quantile","0.15",260
"Ensemble","2026-07-04",-2,"2026-06-20","Overall","quantile","0.2",267
"Ensemble","2026-07-04",-2,"2026-06-20","Overall","quantile","0.25",273
"Ensemble","2026-07-04",-2,"2026-06-20","Overall","quantile","0.3",279
"Ensemble","2026-07-04",-2,"2026-06-20","Overall","quantile","0.35",284
"Ensemble","2026-07-04",-2,"2026-06-20","Overall","quantile","0.4",289
"Ensemble","2026-07-04",-2,"2026-06-20","Overall","quantile","0.45",294
"Ensemble","2026-07-04",-2,"2026-06-20","Overall","quantile","0.5",298
"Ensemble","2026-07-04",-2,"2026-06-20","Overall","quantile","0.55",303
"Ensemble","2026-07-04",-2,"2026-06-20","Overall","quantile","0.6",307
"Ensemble","2026-07-04",-2,"2026-06-20","Overall","quantile","0.65",313
"Ensemble","2026-07-04",-2,"2026-06-20","Overall","quantile","0.7",316
"Ensemble","2026-07-04",-2,"2026-06-20","Overall","quantile","0.75",323
"Ensemble","2026-07-04",-2,"2026-06-20","Overall","quantile","0.8",330
"Ensemble","2026-07-04",-2,"2026-06-20","Overall","quantile","0.85",341
"Ensemble","2026-07-04",-2,"2026-06-20","Overall","quantile","0.9",352
"Ensemble","2026-07-04",-2,"2026-06-20","Overall","quantile","0.95",370
"Ensemble","2026-07-04",-2,"2026-06-20","Overall","quantile","0.975",383
"Ensemble","2026-07-04",-2,"2026-06-20","Overall","quantile","0.99",400
"Ensemble","2026-07-04",-2,"2026-06-20","Pediatrics","quantile","0.01",89
"Ensemble","2026-07-04",-2,"2026-06-20","Pediatrics","quantile","0.025",98
"Ensemble","2026-07-04",-2,"2026-06-20","Pediatrics","quantile","0.05",106
"Ensemble","2026-07-04",-2,"2026-06-20","Pediatrics","quantile","0.1",113
"Ensemble","2026-07-04",-2,"2026-06-20","Pediatrics","quantile","0.15",118
"Ensemble","2026-07-04",-2,"2026-06-20","Pediatrics","quantile","0.2",121
"Ensemble","2026-07-04",-2,"2026-06-20","Pediatrics","quantile","0.25",121
"Ensemble","2026-07-04",-2,"2026-06-20","Pediatrics","quantile","0.3",123
"Ensemble","2026-07-04",-2,"2026-06-20","Pediatrics","quantile","0.35",125
"Ensemble","2026-07-04",-2,"2026-06-20","Pediatrics","quantile","0.4",128
"Ensemble","2026-07-04",-2,"2026-06-20","Pediatrics","quantile","0.45",131
"Ensemble","2026-07-04",-2,"2026-06-20","Pediatrics","quantile","0.5",134
"Ensemble","2026-07-04",-2,"2026-06-20","Pediatrics","quantile","0.55",137
"Ensemble","2026-07-04",-2,"2026-06-20","Pediatrics","quantile","0.6",139
"Ensemble","2026-07-04",-2,"2026-06-20","Pediatrics","quantile","0.65",142
"Ensemble","2026-07-04",-2,"2026-06-20","Pediatrics","quantile","0.7",144
"Ensemble","2026-07-04",-2,"2026-06-20","Pediatrics","quantile","0.75",148
"Ensemble","2026-07-04",-2,"2026-06-20","Pediatrics","quantile","0.8",153
"Ensemble","2026-07-04",-2,"2026-06-20","Pediatrics","quantile","0.85",158
"Ensemble","2026-07-04",-2,"2026-06-20","Pediatrics","quantile","0.9",166
"Ensemble","2026-07-04",-2,"2026-06-20","Pediatrics","quantile","0.95",176
"Ensemble","2026-07-04",-2,"2026-06-20","Pediatrics","quantile","0.975",188
"Ensemble","2026-07-04",-2,"2026-06-20","Pediatrics","quantile","0.99",201
"Ensemble","2026-07-04",-1,"2026-06-27","Adults","quantile","0.01",102
"Ensemble","2026-07-04",-1,"2026-06-27","Adults","quantile","0.025",114
"Ensemble","2026-07-04",-1,"2026-06-27","Adults","quantile","0.05",121
"Ensemble","2026-07-04",-1,"2026-06-27","Adults","quantile","0.1",129
"Ensemble","2026-07-04",-1,"2026-06-27","Adults","quantile","0.15",134
"Ensemble","2026-07-04",-1,"2026-06-27","Adults","quantile","0.2",139
"Ensemble","2026-07-04",-1,"2026-06-27","Adults","quantile","0.25",143
"Ensemble","2026-07-04",-1,"2026-06-27","Adults","quantile","0.3",144
"Ensemble","2026-07-04",-1,"2026-06-27","Adults","quantile","0.35",146
"Ensemble","2026-07-04",-1,"2026-06-27","Adults","quantile","0.4",151
"Ensemble","2026-07-04",-1,"2026-06-27","Adults","quantile","0.45",156
"Ensemble","2026-07-04",-1,"2026-06-27","Adults","quantile","0.5",158
"Ensemble","2026-07-04",-1,"2026-06-27","Adults","quantile","0.55",163
"Ensemble","2026-07-04",-1,"2026-06-27","Adults","quantile","0.6",168
"Ensemble","2026-07-04",-1,"2026-06-27","Adults","quantile","0.65",170
"Ensemble","2026-07-04",-1,"2026-06-27","Adults","quantile","0.7",174
"Ensemble","2026-07-04",-1,"2026-06-27","Adults","quantile","0.75",177
"Ensemble","2026-07-04",-1,"2026-06-27","Adults","quantile","0.8",180
"Ensemble","2026-07-04",-1,"2026-06-27","Adults","quantile","0.85",186
"Ensemble","2026-07-04",-1,"2026-06-27","Adults","quantile","0.9",194
"Ensemble","2026-07-04",-1,"2026-06-27","Adults","quantile","0.95",212
"Ensemble","2026-07-04",-1,"2026-06-27","Adults","quantile","0.975",237
"Ensemble","2026-07-04",-1,"2026-06-27","Adults","quantile","0.99",267
"Ensemble","2026-07-04",-1,"2026-06-27","Overall","quantile","0.01",193
"Ensemble","2026-07-04",-1,"2026-06-27","Overall","quantile","0.025",213
"Ensemble","2026-07-04",-1,"2026-06-27","Overall","quantile","0.05",224
"Ensemble","2026-07-04",-1,"2026-06-27","Overall","quantile","0.1",237
"Ensemble","2026-07-04",-1,"2026-06-27","Overall","quantile","0.15",249
"Ensemble","2026-07-04",-1,"2026-06-27","Overall","quantile","0.2",255
"Ensemble","2026-07-04",-1,"2026-06-27","Overall","quantile","0.25",262
"Ensemble","2026-07-04",-1,"2026-06-27","Overall","quantile","0.3",266
"Ensemble","2026-07-04",-1,"2026-06-27","Overall","quantile","0.35",270
"Ensemble","2026-07-04",-1,"2026-06-27","Overall","quantile","0.4",277
"Ensemble","2026-07-04",-1,"2026-06-27","Overall","quantile","0.45",283
"Ensemble","2026-07-04",-1,"2026-06-27","Overall","quantile","0.5",290
"Ensemble","2026-07-04",-1,"2026-06-27","Overall","quantile","0.55",295
"Ensemble","2026-07-04",-1,"2026-06-27","Overall","quantile","0.6",299
"Ensemble","2026-07-04",-1,"2026-06-27","Overall","quantile","0.65",304
"Ensemble","2026-07-04",-1,"2026-06-27","Overall","quantile","0.7",311
"Ensemble","2026-07-04",-1,"2026-06-27","Overall","quantile","0.75",319
"Ensemble","2026-07-04",-1,"2026-06-27","Overall","quantile","0.8",327
"Ensemble","2026-07-04",-1,"2026-06-27","Overall","quantile","0.85",337
"Ensemble","2026-07-04",-1,"2026-06-27","Overall","quantile","0.9",351
"Ensemble","2026-07-04",-1,"2026-06-27","Overall","quantile","0.95",370
"Ensemble","2026-07-04",-1,"2026-06-27","Overall","quantile","0.975",389
"Ensemble","2026-07-04",-1,"2026-06-27","Overall","quantile","0.99",410
"Ensemble","2026-07-04",-1,"2026-06-27","Pediatrics","quantile","0.01",81
"Ensemble","2026-07-04",-1,"2026-06-27","Pediatrics","quantile","0.025",87
"Ensemble","2026-07-04",-1,"2026-06-27","Pediatrics","quantile","0.05",95
"Ensemble","2026-07-04",-1,"2026-06-27","Pediatrics","quantile","0.1",103
"Ensemble","2026-07-04",-1,"2026-06-27","Pediatrics","quantile","0.15",109
"Ensemble","2026-07-04",-1,"2026-06-27","Pediatrics","quantile","0.2",113
"Ensemble","2026-07-04",-1,"2026-06-27","Pediatrics","quantile","0.25",118
"Ensemble","2026-07-04",-1,"2026-06-27","Pediatrics","quantile","0.3",121
"Ensemble","2026-07-04",-1,"2026-06-27","Pediatrics","quantile","0.35",123
"Ensemble","2026-07-04",-1,"2026-06-27","Pediatrics","quantile","0.4",126
"Ensemble","2026-07-04",-1,"2026-06-27","Pediatrics","quantile","0.45",128
"Ensemble","2026-07-04",-1,"2026-06-27","Pediatrics","quantile","0.5",130
"Ensemble","2026-07-04",-1,"2026-06-27","Pediatrics","quantile","0.55",133
"Ensemble","2026-07-04",-1,"2026-06-27","Pediatrics","quantile","0.6",135
"Ensemble","2026-07-04",-1,"2026-06-27","Pediatrics","quantile","0.65",138
"Ensemble","2026-07-04",-1,"2026-06-27","Pediatrics","quantile","0.7",142
"Ensemble","2026-07-04",-1,"2026-06-27","Pediatrics","quantile","0.75",145
"Ensemble","2026-07-04",-1,"2026-06-27","Pediatrics","quantile","0.8",150
"Ensemble","2026-07-04",-1,"2026-06-27","Pediatrics","quantile","0.85",157
"Ensemble","2026-07-04",-1,"2026-06-27","Pediatrics","quantile","0.9",165
"Ensemble","2026-07-04",-1,"2026-06-27","Pediatrics","quantile","0.95",179
"Ensemble","2026-07-04",-1,"2026-06-27","Pediatrics","quantile","0.975",196
"Ensemble","2026-07-04",-1,"2026-06-27","Pediatrics","quantile","0.99",209
"Ensemble","2026-07-04",0,"2026-07-04","Adults","quantile","0.01",92
"Ensemble","2026-07-04",0,"2026-07-04","Adults","quantile","0.025",100
"Ensemble","2026-07-04",0,"2026-07-04","Adults","quantile","0.05",109
"Ensemble","2026-07-04",0,"2026-07-04","Adults","quantile","0.1",118
"Ensemble","2026-07-04",0,"2026-07-04","Adults","quantile","0.15",124
"Ensemble","2026-07-04",0,"2026-07-04","Adults","quantile","0.2",129
"Ensemble","2026-07-04",0,"2026-07-04","Adults","quantile","0.25",133
"Ensemble","2026-07-04",0,"2026-07-04","Adults","quantile","0.3",138
"Ensemble","2026-07-04",0,"2026-07-04","Adults","quantile","0.35",141
"Ensemble","2026-07-04",0,"2026-07-04","Adults","quantile","0.4",145
"Ensemble","2026-07-04",0,"2026-07-04","Adults","quantile","0.45",148
"Ensemble","2026-07-04",0,"2026-07-04","Adults","quantile","0.5",153
"Ensemble","2026-07-04",0,"2026-07-04","Adults","quantile","0.55",157
"Ensemble","2026-07-04",0,"2026-07-04","Adults","quantile","0.6",159
"Ensemble","2026-07-04",0,"2026-07-04","Adults","quantile","0.65",163
"Ensemble","2026-07-04",0,"2026-07-04","Adults","quantile","0.7",168
"Ensemble","2026-07-04",0,"2026-07-04","Adults","quantile","0.75",174
"Ensemble","2026-07-04",0,"2026-07-04","Adults","quantile","0.8",179
"Ensemble","2026-07-04",0,"2026-07-04","Adults","quantile","0.85",187
"Ensemble","2026-07-04",0,"2026-07-04","Adults","quantile","0.9",195
"Ensemble","2026-07-04",0,"2026-07-04","Adults","quantile","0.95",216
"Ensemble","2026-07-04",0,"2026-07-04","Adults","quantile","0.975",240
"Ensemble","2026-07-04",0,"2026-07-04","Adults","quantile","0.99",269
"Ensemble","2026-07-04",0,"2026-07-04","Overall","quantile","0.01",169
"Ensemble","2026-07-04",0,"2026-07-04","Overall","quantile","0.025",184
"Ensemble","2026-07-04",0,"2026-07-04","Overall","quantile","0.05",198
"Ensemble","2026-07-04",0,"2026-07-04","Overall","quantile","0.1",215
"Ensemble","2026-07-04",0,"2026-07-04","Overall","quantile","0.15",227
"Ensemble","2026-07-04",0,"2026-07-04","Overall","quantile","0.2",236
"Ensemble","2026-07-04",0,"2026-07-04","Overall","quantile","0.25",244
"Ensemble","2026-07-04",0,"2026-07-04","Overall","quantile","0.3",251
"Ensemble","2026-07-04",0,"2026-07-04","Overall","quantile","0.35",258
"Ensemble","2026-07-04",0,"2026-07-04","Overall","quantile","0.4",266
"Ensemble","2026-07-04",0,"2026-07-04","Overall","quantile","0.45",273
"Ensemble","2026-07-04",0,"2026-07-04","Overall","quantile","0.5",279
"Ensemble","2026-07-04",0,"2026-07-04","Overall","quantile","0.55",285
"Ensemble","2026-07-04",0,"2026-07-04","Overall","quantile","0.6",293
"Ensemble","2026-07-04",0,"2026-07-04","Overall","quantile","0.65",301
"Ensemble","2026-07-04",0,"2026-07-04","Overall","quantile","0.7",308
"Ensemble","2026-07-04",0,"2026-07-04","Overall","quantile","0.75",315
"Ensemble","2026-07-04",0,"2026-07-04","Overall","quantile","0.8",323
"Ensemble","2026-07-04",0,"2026-07-04","Overall","quantile","0.85",335
"Ensemble","2026-07-04",0,"2026-07-04","Overall","quantile","0.9",352
"Ensemble","2026-07-04",0,"2026-07-04","Overall","quantile","0.95",378
"Ensemble","2026-07-04",0,"2026-07-04","Overall","quantile","0.975",403
"Ensemble","2026-07-04",0,"2026-07-04","Overall","quantile","0.99",431
"Ensemble","2026-07-04",0,"2026-07-04","Pediatrics","quantile","0.01",69
"Ensemble","2026-07-04",0,"2026-07-04","Pediatrics","quantile","0.025",75
"Ensemble","2026-07-04",0,"2026-07-04","Pediatrics","quantile","0.05",83
"Ensemble","2026-07-04",0,"2026-07-04","Pediatrics","quantile","0.1",93
"Ensemble","2026-07-04",0,"2026-07-04","Pediatrics","quantile","0.15",99
"Ensemble","2026-07-04",0,"2026-07-04","Pediatrics","quantile","0.2",104
"Ensemble","2026-07-04",0,"2026-07-04","Pediatrics","quantile","0.25",110
"Ensemble","2026-07-04",0,"2026-07-04","Pediatrics","quantile","0.3",114
"Ensemble","2026-07-04",0,"2026-07-04","Pediatrics","quantile","0.35",118
"Ensemble","2026-07-04",0,"2026-07-04","Pediatrics","quantile","0.4",121
"Ensemble","2026-07-04",0,"2026-07-04","Pediatrics","quantile","0.45",124
"Ensemble","2026-07-04",0,"2026-07-04","Pediatrics","quantile","0.5",127
"Ensemble","2026-07-04",0,"2026-07-04","Pediatrics","quantile","0.55",131
"Ensemble","2026-07-04",0,"2026-07-04","Pediatrics","quantile","0.6",134
"Ensemble","2026-07-04",0,"2026-07-04","Pediatrics","quantile","0.65",138
"Ensemble","2026-07-04",0,"2026-07-04","Pediatrics","quantile","0.7",141
"Ensemble","2026-07-04",0,"2026-07-04","Pediatrics","quantile","0.75",145
"Ensemble","2026-07-04",0,"2026-07-04","Pediatrics","quantile","0.8",150
"Ensemble","2026-07-04",0,"2026-07-04","Pediatrics","quantile","0.85",155
"Ensemble","2026-07-04",0,"2026-07-04","Pediatrics","quantile","0.9",163
"Ensemble","2026-07-04",0,"2026-07-04","Pediatrics","quantile","0.95",174
"Ensemble","2026-07-04",0,"2026-07-04","Pediatrics","quantile","0.975",189
"Ensemble","2026-07-04",0,"2026-07-04","Pediatrics","quantile","0.99",211
"Ensemble","2026-07-04",1,"2026-07-11","Adults","quantile","0.01",80
"Ensemble","2026-07-04",1,"2026-07-11","Adults","quantile","0.025",89
"Ensemble","2026-07-04",1,"2026-07-11","Adults","quantile","0.05",99
"Ensemble","2026-07-04",1,"2026-07-11","Adults","quantile","0.1",109
"Ensemble","2026-07-04",1,"2026-07-11","Adults","quantile","0.15",115
"Ensemble","2026-07-04",1,"2026-07-11","Adults","quantile","0.2",122
"Ensemble","2026-07-04",1,"2026-07-11","Adults","quantile","0.25",128
"Ensemble","2026-07-04",1,"2026-07-11","Adults","quantile","0.3",132
"Ensemble","2026-07-04",1,"2026-07-11","Adults","quantile","0.35",136
"Ensemble","2026-07-04",1,"2026-07-11","Adults","quantile","0.4",140
"Ensemble","2026-07-04",1,"2026-07-11","Adults","quantile","0.45",145
"Ensemble","2026-07-04",1,"2026-07-11","Adults","quantile","0.5",149
"Ensemble","2026-07-04",1,"2026-07-11","Adults","quantile","0.55",153
"Ensemble","2026-07-04",1,"2026-07-11","Adults","quantile","0.6",157
"Ensemble","2026-07-04",1,"2026-07-11","Adults","quantile","0.65",162
"Ensemble","2026-07-04",1,"2026-07-11","Adults","quantile","0.7",167
"Ensemble","2026-07-04",1,"2026-07-11","Adults","quantile","0.75",171
"Ensemble","2026-07-04",1,"2026-07-11","Adults","quantile","0.8",177
"Ensemble","2026-07-04",1,"2026-07-11","Adults","quantile","0.85",184
"Ensemble","2026-07-04",1,"2026-07-11","Adults","quantile","0.9",196
"Ensemble","2026-07-04",1,"2026-07-11","Adults","quantile","0.95",217
"Ensemble","2026-07-04",1,"2026-07-11","Adults","quantile","0.975",239
"Ensemble","2026-07-04",1,"2026-07-11","Adults","quantile","0.99",267
"Ensemble","2026-07-04",1,"2026-07-11","Overall","quantile","0.01",153
"Ensemble","2026-07-04",1,"2026-07-11","Overall","quantile","0.025",164
"Ensemble","2026-07-04",1,"2026-07-11","Overall","quantile","0.05",175
"Ensemble","2026-07-04",1,"2026-07-11","Overall","quantile","0.1",197
"Ensemble","2026-07-04",1,"2026-07-11","Overall","quantile","0.15",212
"Ensemble","2026-07-04",1,"2026-07-11","Overall","quantile","0.2",223
"Ensemble","2026-07-04",1,"2026-07-11","Overall","quantile","0.25",232
"Ensemble","2026-07-04",1,"2026-07-11","Overall","quantile","0.3",239
"Ensemble","2026-07-04",1,"2026-07-11","Overall","quantile","0.35",248
"Ensemble","2026-07-04",1,"2026-07-11","Overall","quantile","0.4",255
"Ensemble","2026-07-04",1,"2026-07-11","Overall","quantile","0.45",265
"Ensemble","2026-07-04",1,"2026-07-11","Overall","quantile","0.5",271
"Ensemble","2026-07-04",1,"2026-07-11","Overall","quantile","0.55",279
"Ensemble","2026-07-04",1,"2026-07-11","Overall","quantile","0.6",286
"Ensemble","2026-07-04",1,"2026-07-11","Overall","quantile","0.65",296
"Ensemble","2026-07-04",1,"2026-07-11","Overall","quantile","0.7",305
"Ensemble","2026-07-04",1,"2026-07-11","Overall","quantile","0.75",312
"Ensemble","2026-07-04",1,"2026-07-11","Overall","quantile","0.8",323
"Ensemble","2026-07-04",1,"2026-07-11","Overall","quantile","0.85",335
"Ensemble","2026-07-04",1,"2026-07-11","Overall","quantile","0.9",357
"Ensemble","2026-07-04",1,"2026-07-11","Overall","quantile","0.95",388
"Ensemble","2026-07-04",1,"2026-07-11","Overall","quantile","0.975",431
"Ensemble","2026-07-04",1,"2026-07-11","Overall","quantile","0.99",482
"Ensemble","2026-07-04",1,"2026-07-11","Pediatrics","quantile","0.01",59
"Ensemble","2026-07-04",1,"2026-07-11","Pediatrics","quantile","0.025",67
"Ensemble","2026-07-04",1,"2026-07-11","Pediatrics","quantile","0.05",73
"Ensemble","2026-07-04",1,"2026-07-11","Pediatrics","quantile","0.1",82
"Ensemble","2026-07-04",1,"2026-07-11","Pediatrics","quantile","0.15",90
"Ensemble","2026-07-04",1,"2026-07-11","Pediatrics","quantile","0.2",97
"Ensemble","2026-07-04",1,"2026-07-11","Pediatrics","quantile","0.25",102
"Ensemble","2026-07-04",1,"2026-07-11","Pediatrics","quantile","0.3",108
"Ensemble","2026-07-04",1,"2026-07-11","Pediatrics","quantile","0.35",113
"Ensemble","2026-07-04",1,"2026-07-11","Pediatrics","quantile","0.4",116
"Ensemble","2026-07-04",1,"2026-07-11","Pediatrics","quantile","0.45",119
"Ensemble","2026-07-04",1,"2026-07-11","Pediatrics","quantile","0.5",123
"Ensemble","2026-07-04",1,"2026-07-11","Pediatrics","quantile","0.55",126
"Ensemble","2026-07-04",1,"2026-07-11","Pediatrics","quantile","0.6",131
"Ensemble","2026-07-04",1,"2026-07-11","Pediatrics","quantile","0.65",134
"Ensemble","2026-07-04",1,"2026-07-11","Pediatrics","quantile","0.7",139
"Ensemble","2026-07-04",1,"2026-07-11","Pediatrics","quantile","0.75",145
"Ensemble","2026-07-04",1,"2026-07-11","Pediatrics","quantile","0.8",149
"Ensemble","2026-07-04",1,"2026-07-11","Pediatrics","quantile","0.85",156
"Ensemble","2026-07-04",1,"2026-07-11","Pediatrics","quantile","0.9",163
"Ensemble","2026-07-04",1,"2026-07-11","Pediatrics","quantile","0.95",176
"Ensemble","2026-07-04",1,"2026-07-11","Pediatrics","quantile","0.975",191
"Ensemble","2026-07-04",1,"2026-07-11","Pediatrics","quantile","0.99",211
"Ensemble","2026-07-04",2,"2026-07-18","Adults","quantile","0.01",73
"Ensemble","2026-07-04",2,"2026-07-18","Adults","quantile","0.025",79
"Ensemble","2026-07-04",2,"2026-07-18","Adults","quantile","0.05",88
"Ensemble","2026-07-04",2,"2026-07-18","Adults","quantile","0.1",101
"Ensemble","2026-07-04",2,"2026-07-18","Adults","quantile","0.15",110
"Ensemble","2026-07-04",2,"2026-07-18","Adults","quantile","0.2",115
"Ensemble","2026-07-04",2,"2026-07-18","Adults","quantile","0.25",121
"Ensemble","2026-07-04",2,"2026-07-18","Adults","quantile","0.3",127
"Ensemble","2026-07-04",2,"2026-07-18","Adults","quantile","0.35",132
"Ensemble","2026-07-04",2,"2026-07-18","Adults","quantile","0.4",136
"Ensemble","2026-07-04",2,"2026-07-18","Adults","quantile","0.45",140
"Ensemble","2026-07-04",2,"2026-07-18","Adults","quantile","0.5",144
"Ensemble","2026-07-04",2,"2026-07-18","Adults","quantile","0.55",149
"Ensemble","2026-07-04",2,"2026-07-18","Adults","quantile","0.6",154
"Ensemble","2026-07-04",2,"2026-07-18","Adults","quantile","0.65",160
"Ensemble","2026-07-04",2,"2026-07-18","Adults","quantile","0.7",166
"Ensemble","2026-07-04",2,"2026-07-18","Adults","quantile","0.75",172
"Ensemble","2026-07-04",2,"2026-07-18","Adults","quantile","0.8",177
"Ensemble","2026-07-04",2,"2026-07-18","Adults","quantile","0.85",185
"Ensemble","2026-07-04",2,"2026-07-18","Adults","quantile","0.9",197
"Ensemble","2026-07-04",2,"2026-07-18","Adults","quantile","0.95",219
"Ensemble","2026-07-04",2,"2026-07-18","Adults","quantile","0.975",239
"Ensemble","2026-07-04",2,"2026-07-18","Adults","quantile","0.99",265
"Ensemble","2026-07-04",2,"2026-07-18","Overall","quantile","0.01",144
"Ensemble","2026-07-04",2,"2026-07-18","Overall","quantile","0.025",156
"Ensemble","2026-07-04",2,"2026-07-18","Overall","quantile","0.05",166
"Ensemble","2026-07-04",2,"2026-07-18","Overall","quantile","0.1",181
"Ensemble","2026-07-04",2,"2026-07-18","Overall","quantile","0.15",196
"Ensemble","2026-07-04",2,"2026-07-18","Overall","quantile","0.2",210
"Ensemble","2026-07-04",2,"2026-07-18","Overall","quantile","0.25",220
"Ensemble","2026-07-04",2,"2026-07-18","Overall","quantile","0.3",230
"Ensemble","2026-07-04",2,"2026-07-18","Overall","quantile","0.35",241
"Ensemble","2026-07-04",2,"2026-07-18","Overall","quantile","0.4",251
"Ensemble","2026-07-04",2,"2026-07-18","Overall","quantile","0.45",258
"Ensemble","2026-07-04",2,"2026-07-18","Overall","quantile","0.5",266
"Ensemble","2026-07-04",2,"2026-07-18","Overall","quantile","0.55",275
"Ensemble","2026-07-04",2,"2026-07-18","Overall","quantile","0.6",284
"Ensemble","2026-07-04",2,"2026-07-18","Overall","quantile","0.65",292
"Ensemble","2026-07-04",2,"2026-07-18","Overall","quantile","0.7",301
"Ensemble","2026-07-04",2,"2026-07-18","Overall","quantile","0.75",312
"Ensemble","2026-07-04",2,"2026-07-18","Overall","quantile","0.8",326
"Ensemble","2026-07-04",2,"2026-07-18","Overall","quantile","0.85",340
"Ensemble","2026-07-04",2,"2026-07-18","Overall","quantile","0.9",363
"Ensemble","2026-07-04",2,"2026-07-18","Overall","quantile","0.95",397
"Ensemble","2026-07-04",2,"2026-07-18","Overall","quantile","0.975",443
"Ensemble","2026-07-04",2,"2026-07-18","Overall","quantile","0.99",507
"Ensemble","2026-07-04",2,"2026-07-18","Pediatrics","quantile","0.01",49
"Ensemble","2026-07-04",2,"2026-07-18","Pediatrics","quantile","0.025",57
"Ensemble","2026-07-04",2,"2026-07-18","Pediatrics","quantile","0.05",64
"Ensemble","2026-07-04",2,"2026-07-18","Pediatrics","quantile","0.1",74
"Ensemble","2026-07-04",2,"2026-07-18","Pediatrics","quantile","0.15",81
"Ensemble","2026-07-04",2,"2026-07-18","Pediatrics","quantile","0.2",90
"Ensemble","2026-07-04",2,"2026-07-18","Pediatrics","quantile","0.25",96
"Ensemble","2026-07-04",2,"2026-07-18","Pediatrics","quantile","0.3",102
"Ensemble","2026-07-04",2,"2026-07-18","Pediatrics","quantile","0.35",107
"Ensemble","2026-07-04",2,"2026-07-18","Pediatrics","quantile","0.4",112
"Ensemble","2026-07-04",2,"2026-07-18","Pediatrics","quantile","0.45",117
"Ensemble","2026-07-04",2,"2026-07-18","Pediatrics","quantile","0.5",121
"Ensemble","2026-07-04",2,"2026-07-18","Pediatrics","quantile","0.55",126
"Ensemble","2026-07-04",2,"2026-07-18","Pediatrics","quantile","0.6",131
"Ensemble","2026-07-04",2,"2026-07-18","Pediatrics","quantile","0.65",135
"Ensemble","2026-07-04",2,"2026-07-18","Pediatrics","quantile","0.7",140
"Ensemble","2026-07-04",2,"2026-07-18","Pediatrics","quantile","0.75",146
"Ensemble","2026-07-04",2,"2026-07-18","Pediatrics","quantile","0.8",151
"Ensemble","2026-07-04",2,"2026-07-18","Pediatrics","quantile","0.85",160
"Ensemble","2026-07-04",2,"2026-07-18","Pediatrics","quantile","0.9",171
"Ensemble","2026-07-04",2,"2026-07-18","Pediatrics","quantile","0.95",183
"Ensemble","2026-07-04",2,"2026-07-18","Pediatrics","quantile","0.975",204
"Ensemble","2026-07-04",2,"2026-07-18","Pediatrics","quantile","0.99",228
"Ensemble","2026-07-04",3,"2026-07-25","Adults","quantile","0.01",64
"Ensemble","2026-07-04",3,"2026-07-25","Adults","quantile","0.025",73
"Ensemble","2026-07-04",3,"2026-07-25","Adults","quantile","0.05",82
"Ensemble","2026-07-04",3,"2026-07-25","Adults","quantile","0.1",95
"Ensemble","2026-07-04",3,"2026-07-25","Adults","quantile","0.15",104
"Ensemble","2026-07-04",3,"2026-07-25","Adults","quantile","0.2",110
"Ensemble","2026-07-04",3,"2026-07-25","Adults","quantile","0.25",115
"Ensemble","2026-07-04",3,"2026-07-25","Adults","quantile","0.3",121
"Ensemble","2026-07-04",3,"2026-07-25","Adults","quantile","0.35",126
"Ensemble","2026-07-04",3,"2026-07-25","Adults","quantile","0.4",132
"Ensemble","2026-07-04",3,"2026-07-25","Adults","quantile","0.45",138
"Ensemble","2026-07-04",3,"2026-07-25","Adults","quantile","0.5",142
"Ensemble","2026-07-04",3,"2026-07-25","Adults","quantile","0.55",147
"Ensemble","2026-07-04",3,"2026-07-25","Adults","quantile","0.6",153
"Ensemble","2026-07-04",3,"2026-07-25","Adults","quantile","0.65",159
"Ensemble","2026-07-04",3,"2026-07-25","Adults","quantile","0.7",164
"Ensemble","2026-07-04",3,"2026-07-25","Adults","quantile","0.75",172
"Ensemble","2026-07-04",3,"2026-07-25","Adults","quantile","0.8",177
"Ensemble","2026-07-04",3,"2026-07-25","Adults","quantile","0.85",187
"Ensemble","2026-07-04",3,"2026-07-25","Adults","quantile","0.9",202
"Ensemble","2026-07-04",3,"2026-07-25","Adults","quantile","0.95",227
"Ensemble","2026-07-04",3,"2026-07-25","Adults","quantile","0.975",251
"Ensemble","2026-07-04",3,"2026-07-25","Adults","quantile","0.99",283
"Ensemble","2026-07-04",3,"2026-07-25","Overall","quantile","0.01",142
"Ensemble","2026-07-04",3,"2026-07-25","Overall","quantile","0.025",154
"Ensemble","2026-07-04",3,"2026-07-25","Overall","quantile","0.05",165
"Ensemble","2026-07-04",3,"2026-07-25","Overall","quantile","0.1",180
"Ensemble","2026-07-04",3,"2026-07-25","Overall","quantile","0.15",192
"Ensemble","2026-07-04",3,"2026-07-25","Overall","quantile","0.2",201
"Ensemble","2026-07-04",3,"2026-07-25","Overall","quantile","0.25",210
"Ensemble","2026-07-04",3,"2026-07-25","Overall","quantile","0.3",223
"Ensemble","2026-07-04",3,"2026-07-25","Overall","quantile","0.35",231
"Ensemble","2026-07-04",3,"2026-07-25","Overall","quantile","0.4",241
"Ensemble","2026-07-04",3,"2026-07-25","Overall","quantile","0.45",251
"Ensemble","2026-07-04",3,"2026-07-25","Overall","quantile","0.5",258
"Ensemble","2026-07-04",3,"2026-07-25","Overall","quantile","0.55",269
"Ensemble","2026-07-04",3,"2026-07-25","Overall","quantile","0.6",281
"Ensemble","2026-07-04",3,"2026-07-25","Overall","quantile","0.65",292
"Ensemble","2026-07-04",3,"2026-07-25","Overall","quantile","0.7",301
"Ensemble","2026-07-04",3,"2026-07-25","Overall","quantile","0.75",314
"Ensemble","2026-07-04",3,"2026-07-25","Overall","quantile","0.8",324
"Ensemble","2026-07-04",3,"2026-07-25","Overall","quantile","0.85",341
"Ensemble","2026-07-04",3,"2026-07-25","Overall","quantile","0.9",364
"Ensemble","2026-07-04",3,"2026-07-25","Overall","quantile","0.95",398
"Ensemble","2026-07-04",3,"2026-07-25","Overall","quantile","0.975",446
"Ensemble","2026-07-04",3,"2026-07-25","Overall","quantile","0.99",508
"Ensemble","2026-07-04",3,"2026-07-25","Pediatrics","quantile","0.01",46
"Ensemble","2026-07-04",3,"2026-07-25","Pediatrics","quantile","0.025",53
"Ensemble","2026-07-04",3,"2026-07-25","Pediatrics","quantile","0.05",59
"Ensemble","2026-07-04",3,"2026-07-25","Pediatrics","quantile","0.1",69
"Ensemble","2026-07-04",3,"2026-07-25","Pediatrics","quantile","0.15",80
"Ensemble","2026-07-04",3,"2026-07-25","Pediatrics","quantile","0.2",86
"Ensemble","2026-07-04",3,"2026-07-25","Pediatrics","quantile","0.25",92
"Ensemble","2026-07-04",3,"2026-07-25","Pediatrics","quantile","0.3",98
"Ensemble","2026-07-04",3,"2026-07-25","Pediatrics","quantile","0.35",102
"Ensemble","2026-07-04",3,"2026-07-25","Pediatrics","quantile","0.4",107
"Ensemble","2026-07-04",3,"2026-07-25","Pediatrics","quantile","0.45",112
"Ensemble","2026-07-04",3,"2026-07-25","Pediatrics","quantile","0.5",118
"Ensemble","2026-07-04",3,"2026-07-25","Pediatrics","quantile","0.55",123
"Ensemble","2026-07-04",3,"2026-07-25","Pediatrics","quantile","0.6",129
"Ensemble","2026-07-04",3,"2026-07-25","Pediatrics","quantile","0.65",134
"Ensemble","2026-07-04",3,"2026-07-25","Pediatrics","quantile","0.7",138
"Ensemble","2026-07-04",3,"2026-07-25","Pediatrics","quantile","0.75",145
"Ensemble","2026-07-04",3,"2026-07-25","Pediatrics","quantile","0.8",150
"Ensemble","2026-07-04",3,"2026-07-25","Pediatrics","quantile","0.85",159
"Ensemble","2026-07-04",3,"2026-07-25","Pediatrics","quantile","0.9",171
"Ensemble","2026-07-04",3,"2026-07-25","Pediatrics","quantile","0.95",183
"Ensemble","2026-07-04",3,"2026-07-25","Pediatrics","quantile","0.975",204
"Ensemble","2026-07-04",3,"2026-07-25","Pediatrics","quantile","0.99",228
