"model","reference_date","horizon","target_end_date","target_group","output_type","output_type_id","value"
"Regular Baseline","2026-06-20",-4,"2026-05-23","Adults","quantile","0.01",95
"Regular Baseline","2026-06-20",-4,"2026-05-23","Adults","quantile","0.025",103
"Regular Baseline","2026-06-20",-4,"2026-05-23","Adults","quantile","0.05",109
"Regular Baseline","2026-06-20",-4,"2026-05-23","Adults","quantile","0.1",116
"Regular Baseline","2026-06-20",-4,"2026-05-23","Adults","quantile","0.15",122
"Regular Baseline","2026-06-20",-4,"2026-05-23","Adults","quantile","0.2",126
"Regular Baseline","2026-06-20",-4,"2026-05-23","Adults","quantile","0.25",129
"Regular Baseline","2026-06-20",-4,"2026-05-23","Adults","quantile","0.3",131
"Regular Baseline","2026-06-20",-4,"2026-05-23","Adults","quantile","0.35",133
"Regular Baseline","2026-06-20",-4,"2026-05-23","Adults","quantile","0.4",136
"Regular Baseline","2026-06-20",-4,"2026-05-23","Adults","quantile","0.45",138
"Regular Baseline","2026-06-20",-4,"2026-05-23","Adults","quantile","0.5",140
"Regular Baseline","2026-06-20",-4,"2026-05-23","Adults","quantile","0.55",142
"Regular Baseline","2026-06-20",-4,"2026-05-23","Adults","quantile","0.6",144
"Regular Baseline","2026-06-20",-4,"2026-05-23","Adults","quantile","0.65",147
"Regular Baseline","2026-06-20",-4,"2026-05-23","Adults","quantile","0.7",150
"Regular Baseline","2026-06-20",-4,"2026-05-23","Adults","quantile","0.75",152
"Regular Baseline","2026-06-20",-4,"2026-05-23","Adults","quantile","0.8",155
"Regular Baseline","2026-06-20",-4,"2026-05-23","Adults","quantile","0.85",159
"Regular Baseline","2026-06-20",-4,"2026-05-23","Adults","quantile","0.9",166
"Regular Baseline","2026-06-20",-4,"2026-05-23","Adults","quantile","0.95",175
"Regular Baseline","2026-06-20",-4,"2026-05-23","Adults","quantile","0.975",183
"Regular Baseline","2026-06-20",-4,"2026-05-23","Adults","quantile","0.99",194
"Regular Baseline","2026-06-20",-3,"2026-05-30","Adults","quantile","0.01",80
"Regular Baseline","2026-06-20",-3,"2026-05-30","Adults","quantile","0.025",90
"Regular Baseline","2026-06-20",-3,"2026-05-30","Adults","quantile","0.05",98
"Regular Baseline","2026-06-20",-3,"2026-05-30","Adults","quantile","0.1",107
"Regular Baseline","2026-06-20",-3,"2026-05-30","Adults","quantile","0.15",113
"Regular Baseline","2026-06-20",-3,"2026-05-30","Adults","quantile","0.2",118
"Regular Baseline","2026-06-20",-3,"2026-05-30","Adults","quantile","0.25",123
"Regular Baseline","2026-06-20",-3,"2026-05-30","Adults","quantile","0.3",126
"Regular Baseline","2026-06-20",-3,"2026-05-30","Adults","quantile","0.35",130
"Regular Baseline","2026-06-20",-3,"2026-05-30","Adults","quantile","0.4",133
"Regular Baseline","2026-06-20",-3,"2026-05-30","Adults","quantile","0.45",137
"Regular Baseline","2026-06-20",-3,"2026-05-30","Adults","quantile","0.5",140
"Regular Baseline","2026-06-20",-3,"2026-05-30","Adults","quantile","0.55",143
"Regular Baseline","2026-06-20",-3,"2026-05-30","Adults","quantile","0.6",147
"Regular Baseline","2026-06-20",-3,"2026-05-30","Adults","quantile","0.65",150
"Regular Baseline","2026-06-20",-3,"2026-05-30","Adults","quantile","0.7",154
"Regular Baseline","2026-06-20",-3,"2026-05-30","Adults","quantile","0.75",158
"Regular Baseline","2026-06-20",-3,"2026-05-30","Adults","quantile","0.8",164
"Regular Baseline","2026-06-20",-3,"2026-05-30","Adults","quantile","0.85",169
"Regular Baseline","2026-06-20",-3,"2026-05-30","Adults","quantile","0.9",176
"Regular Baseline","2026-06-20",-3,"2026-05-30","Adults","quantile","0.95",189
"Regular Baseline","2026-06-20",-3,"2026-05-30","Adults","quantile","0.975",200
"Regular Baseline","2026-06-20",-3,"2026-05-30","Adults","quantile","0.99",214
"Regular Baseline","2026-06-20",-2,"2026-06-06","Adults","quantile","0.01",70
"Regular Baseline","2026-06-20",-2,"2026-06-06","Adults","quantile","0.025",80
"Regular Baseline","2026-06-20",-2,"2026-06-06","Adults","quantile","0.05",90
"Regular Baseline","2026-06-20",-2,"2026-06-06","Adults","quantile","0.1",100
"Regular Baseline","2026-06-20",-2,"2026-06-06","Adults","quantile","0.15",107
"Regular Baseline","2026-06-20",-2,"2026-06-06","Adults","quantile","0.2",113
"Regular Baseline","2026-06-20",-2,"2026-06-06","Adults","quantile","0.25",118
"Regular Baseline","2026-06-20",-2,"2026-06-06","Adults","quantile","0.3",123
"Regular Baseline","2026-06-20",-2,"2026-06-06","Adults","quantile","0.35",127
"Regular Baseline","2026-06-20",-2,"2026-06-06","Adults","quantile","0.4",132
"Regular Baseline","2026-06-20",-2,"2026-06-06","Adults","quantile","0.45",136
"Regular Baseline","2026-06-20",-2,"2026-06-06","Adults","quantile","0.5",140
"Regular Baseline","2026-06-20",-2,"2026-06-06","Adults","quantile","0.55",144
"Regular Baseline","2026-06-20",-2,"2026-06-06","Adults","quantile","0.6",148
"Regular Baseline","2026-06-20",-2,"2026-06-06","Adults","quantile","0.65",153
"Regular Baseline","2026-06-20",-2,"2026-06-06","Adults","quantile","0.7",158
"Regular Baseline","2026-06-20",-2,"2026-06-06","Adults","quantile","0.75",163
"Regular Baseline","2026-06-20",-2,"2026-06-06","Adults","quantile","0.8",169
"Regular Baseline","2026-06-20",-2,"2026-06-06","Adults","quantile","0.85",176
"Regular Baseline","2026-06-20",-2,"2026-06-06","Adults","quantile","0.9",186
"Regular Baseline","2026-06-20",-2,"2026-06-06","Adults","quantile","0.95",202
"Regular Baseline","2026-06-20",-2,"2026-06-06","Adults","quantile","0.975",216
"Regular Baseline","2026-06-20",-2,"2026-06-06","Adults","quantile","0.99",232
"Regular Baseline","2026-06-20",-1,"2026-06-13","Adults","quantile","0.01",62
"Regular Baseline","2026-06-20",-1,"2026-06-13","Adults","quantile","0.025",72
"Regular Baseline","2026-06-20",-1,"2026-06-13","Adults","quantile","0.05",82
"Regular Baseline","2026-06-20",-1,"2026-06-13","Adults","quantile","0.1",95
"Regular Baseline","2026-06-20",-1,"2026-06-13","Adults","quantile","0.15",103
"Regular Baseline","2026-06-20",-1,"2026-06-13","Adults","quantile","0.2",110
"Regular Baseline","2026-06-20",-1,"2026-06-13","Adults","quantile","0.25",116
"Regular Baseline","2026-06-20",-1,"2026-06-13","Adults","quantile","0.3",121
"Regular Baseline","2026-06-20",-1,"2026-06-13","Adults","quantile","0.35",126
"Regular Baseline","2026-06-20",-1,"2026-06-13","Adults","quantile","0.4",130
"Regular Baseline","2026-06-20",-1,"2026-06-13","Adults","quantile","0.45",135
"Regular Baseline","2026-06-20",-1,"2026-06-13","Adults","quantile","0.5",140
"Regular Baseline","2026-06-20",-1,"2026-06-13","Adults","quantile","0.55",145
"Regular Baseline","2026-06-20",-1,"2026-06-13","Adults","quantile","0.6",149
"Regular Baseline","2026-06-20",-1,"2026-06-13","Adults","quantile","0.65",155
"Regular Baseline","2026-06-20",-1,"2026-06-13","Adults","quantile","0.7",160
"Regular Baseline","2026-06-20",-1,"2026-06-13","Adults","quantile","0.75",167
"Regular Baseline","2026-06-20",-1,"2026-06-13","Adults","quantile","0.8",174
"Regular Baseline","2026-06-20",-1,"2026-06-13","Adults","quantile","0.85",183
"Regular Baseline","2026-06-20",-1,"2026-06-13","Adults","quantile","0.9",194
"Regular Baseline","2026-06-20",-1,"2026-06-13","Adults","quantile","0.95",211
"Regular Baseline","2026-06-20",-1,"2026-06-13","Adults","quantile","0.975",228
"Regular Baseline","2026-06-20",-1,"2026-06-13","Adults","quantile","0.99",250
"Regular Baseline","2026-06-20",0,"2026-06-20","Adults","quantile","0.01",54
"Regular Baseline","2026-06-20",0,"2026-06-20","Adults","quantile","0.025",66
"Regular Baseline","2026-06-20",0,"2026-06-20","Adults","quantile","0.05",76
"Regular Baseline","2026-06-20",0,"2026-06-20","Adults","quantile","0.1",89
"Regular Baseline","2026-06-20",0,"2026-06-20","Adults","quantile","0.15",99
"Regular Baseline","2026-06-20",0,"2026-06-20","Adults","quantile","0.2",106
"Regular Baseline","2026-06-20",0,"2026-06-20","Adults","quantile","0.25",113
"Regular Baseline","2026-06-20",0,"2026-06-20","Adults","quantile","0.3",118
"Regular Baseline","2026-06-20",0,"2026-06-20","Adults","quantile","0.35",124
"Regular Baseline","2026-06-20",0,"2026-06-20","Adults","quantile","0.4",129
"Regular Baseline","2026-06-20",0,"2026-06-20","Adults","quantile","0.45",134
"Regular Baseline","2026-06-20",0,"2026-06-20","Adults","quantile","0.5",140
"Regular Baseline","2026-06-20",0,"2026-06-20","Adults","quantile","0.55",145
"Regular Baseline","2026-06-20",0,"2026-06-20","Adults","quantile","0.6",151
"Regular Baseline","2026-06-20",0,"2026-06-20","Adults","quantile","0.65",157
"Regular Baseline","2026-06-20",0,"2026-06-20","Adults","quantile","0.7",163
"Regular Baseline","2026-06-20",0,"2026-06-20","Adults","quantile","0.75",170
"Regular Baseline","2026-06-20",0,"2026-06-20","Adults","quantile","0.8",178
"Regular Baseline","2026-06-20",0,"2026-06-20","Adults","quantile","0.85",188
"Regular Baseline","2026-06-20",0,"2026-06-20","Adults","quantile","0.9",201
"Regular Baseline","2026-06-20",0,"2026-06-20","Adults","quantile","0.95",222
"Regular Baseline","2026-06-20",0,"2026-06-20","Adults","quantile","0.975",240
"Regular Baseline","2026-06-20",0,"2026-06-20","Adults","quantile","0.99",260
"Regular Baseline","2026-06-20",1,"2026-06-27","Adults","quantile","0.01",48
"Regular Baseline","2026-06-20",1,"2026-06-27","Adults","quantile","0.025",60
"Regular Baseline","2026-06-20",1,"2026-06-27","Adults","quantile","0.05",71
"Regular Baseline","2026-06-20",1,"2026-06-27","Adults","quantile","0.1",85
"Regular Baseline","2026-06-20",1,"2026-06-27","Adults","quantile","0.15",95
"Regular Baseline","2026-06-20",1,"2026-06-27","Adults","quantile","0.2",103
"Regular Baseline","2026-06-20",1,"2026-06-27","Adults","quantile","0.25",110
"Regular Baseline","2026-06-20",1,"2026-06-27","Adults","quantile","0.3",116
"Regular Baseline","2026-06-20",1,"2026-06-27","Adults","quantile","0.35",123
"Regular Baseline","2026-06-20",1,"2026-06-27","Adults","quantile","0.4",128
"Regular Baseline","2026-06-20",1,"2026-06-27","Adults","quantile","0.45",134
"Regular Baseline","2026-06-20",1,"2026-06-27","Adults","quantile","0.5",140
"Regular Baseline","2026-06-20",1,"2026-06-27","Adults","quantile","0.55",146
"Regular Baseline","2026-06-20",1,"2026-06-27","Adults","quantile","0.6",152
"Regular Baseline","2026-06-20",1,"2026-06-27","Adults","quantile","0.65",159
"Regular Baseline","2026-06-20",1,"2026-06-27","Adults","quantile","0.7",166
"Regular Baseline","2026-06-20",1,"2026-06-27","Adults","quantile","0.75",174
"Regular Baseline","2026-06-20",1,"2026-06-27","Adults","quantile","0.8",183
"Regular Baseline","2026-06-20",1,"2026-06-27","Adults","quantile","0.85",194
"Regular Baseline","2026-06-20",1,"2026-06-27","Adults","quantile","0.9",208
"Regular Baseline","2026-06-20",1,"2026-06-27","Adults","quantile","0.95",229
"Regular Baseline","2026-06-20",1,"2026-06-27","Adults","quantile","0.975",251
"Regular Baseline","2026-06-20",1,"2026-06-27","Adults","quantile","0.99",272
"Regular Baseline","2026-06-20",2,"2026-07-04","Adults","quantile","0.01",44
"Regular Baseline","2026-06-20",2,"2026-07-04","Adults","quantile","0.025",55
"Regular Baseline","2026-06-20",2,"2026-07-04","Adults","quantile","0.05",67
"Regular Baseline","2026-06-20",2,"2026-07-04","Adults","quantile","0.1",82
"Regular Baseline","2026-06-20",2,"2026-07-04","Adults","quantile","0.15",93
"Regular Baseline","2026-06-20",2,"2026-07-04","Adults","quantile","0.2",101
"Regular Baseline","2026-06-20",2,"2026-07-04","Adults","quantile","0.25",108
"Regular Baseline","2026-06-20",2,"2026-07-04","Adults","quantile","0.3",114
"Regular Baseline","2026-06-20",2,"2026-07-04","Adults","quantile","0.35",121
"Regular Baseline","2026-06-20",2,"2026-07-04","Adults","quantile","0.4",127
"Regular Baseline","2026-06-20",2,"2026-07-04","Adults","quantile","0.45",134
"Regular Baseline","2026-06-20",2,"2026-07-04","Adults","quantile","0.5",140
"Regular Baseline","2026-06-20",2,"2026-07-04","Adults","quantile","0.55",147
"Regular Baseline","2026-06-20",2,"2026-07-04","Adults","quantile","0.6",153
"Regular Baseline","2026-06-20",2,"2026-07-04","Adults","quantile","0.65",161
"Regular Baseline","2026-06-20",2,"2026-07-04","Adults","quantile","0.7",169
"Regular Baseline","2026-06-20",2,"2026-07-04","Adults","quantile","0.75",177
"Regular Baseline","2026-06-20",2,"2026-07-04","Adults","quantile","0.8",187
"Regular Baseline","2026-06-20",2,"2026-07-04","Adults","quantile","0.85",199
"Regular Baseline","2026-06-20",2,"2026-07-04","Adults","quantile","0.9",215
"Regular Baseline","2026-06-20",2,"2026-07-04","Adults","quantile","0.95",239
"Regular Baseline","2026-06-20",2,"2026-07-04","Adults","quantile","0.975",258
"Regular Baseline","2026-06-20",2,"2026-07-04","Adults","quantile","0.99",289
"Regular Baseline","2026-06-20",3,"2026-07-11","Adults","quantile","0.01",41
"Regular Baseline","2026-06-20",3,"2026-07-11","Adults","quantile","0.025",51
"Regular Baseline","2026-06-20",3,"2026-07-11","Adults","quantile","0.05",63
"Regular Baseline","2026-06-20",3,"2026-07-11","Adults","quantile","0.1",78
"Regular Baseline","2026-06-20",3,"2026-07-11","Adults","quantile","0.15",88
"Regular Baseline","2026-06-20",3,"2026-07-11","Adults","quantile","0.2",97
"Regular Baseline","2026-06-20",3,"2026-07-11","Adults","quantile","0.25",105
"Regular Baseline","2026-06-20",3,"2026-07-11","Adults","quantile","0.3",113
"Regular Baseline","2026-06-20",3,"2026-07-11","Adults","quantile","0.35",120
"Regular Baseline","2026-06-20",3,"2026-07-11","Adults","quantile","0.4",127
"Regular Baseline","2026-06-20",3,"2026-07-11","Adults","quantile","0.45",133
"Regular Baseline","2026-06-20",3,"2026-07-11","Adults","quantile","0.5",140
"Regular Baseline","2026-06-20",3,"2026-07-11","Adults","quantile","0.55",147
"Regular Baseline","2026-06-20",3,"2026-07-11","Adults","quantile","0.6",154
"Regular Baseline","2026-06-20",3,"2026-07-11","Adults","quantile","0.65",161
"Regular Baseline","2026-06-20",3,"2026-07-11","Adults","quantile","0.7",170
"Regular Baseline","2026-06-20",3,"2026-07-11","Adults","quantile","0.75",180
"Regular Baseline","2026-06-20",3,"2026-07-11","Adults","quantile","0.8",191
"Regular Baseline","2026-06-20",3,"2026-07-11","Adults","quantile","0.85",203
"Regular Baseline","2026-06-20",3,"2026-07-11","Adults","quantile","0.9",221
"Regular Baseline","2026-06-20",3,"2026-07-11","Adults","quantile","0.95",248
"Regular Baseline","2026-06-20",3,"2026-07-11","Adults","quantile","0.975",272
"Regular Baseline","2026-06-20",3,"2026-07-11","Adults","quantile","0.99",298
"Regular Baseline","2026-06-20",-4,"2026-05-23","Overall","quantile","0.01",163
"Regular Baseline","2026-06-20",-4,"2026-05-23","Overall","quantile","0.025",177
"Regular Baseline","2026-06-20",-4,"2026-05-23","Overall","quantile","0.05",190
"Regular Baseline","2026-06-20",-4,"2026-05-23","Overall","quantile","0.1",202
"Regular Baseline","2026-06-20",-4,"2026-05-23","Overall","quantile","0.15",209
"Regular Baseline","2026-06-20",-4,"2026-05-23","Overall","quantile","0.2",215
"Regular Baseline","2026-06-20",-4,"2026-05-23","Overall","quantile","0.25",221
"Regular Baseline","2026-06-20",-4,"2026-05-23","Overall","quantile","0.3",225
"Regular Baseline","2026-06-20",-4,"2026-05-23","Overall","quantile","0.35",229
"Regular Baseline","2026-06-20",-4,"2026-05-23","Overall","quantile","0.4",234
"Regular Baseline","2026-06-20",-4,"2026-05-23","Overall","quantile","0.45",238
"Regular Baseline","2026-06-20",-4,"2026-05-23","Overall","quantile","0.5",242
"Regular Baseline","2026-06-20",-4,"2026-05-23","Overall","quantile","0.55",246
"Regular Baseline","2026-06-20",-4,"2026-05-23","Overall","quantile","0.6",250
"Regular Baseline","2026-06-20",-4,"2026-05-23","Overall","quantile","0.65",255
"Regular Baseline","2026-06-20",-4,"2026-05-23","Overall","quantile","0.7",260
"Regular Baseline","2026-06-20",-4,"2026-05-23","Overall","quantile","0.75",264
"Regular Baseline","2026-06-20",-4,"2026-05-23","Overall","quantile","0.8",270
"Regular Baseline","2026-06-20",-4,"2026-05-23","Overall","quantile","0.85",277
"Regular Baseline","2026-06-20",-4,"2026-05-23","Overall","quantile","0.9",286
"Regular Baseline","2026-06-20",-4,"2026-05-23","Overall","quantile","0.95",300
"Regular Baseline","2026-06-20",-4,"2026-05-23","Overall","quantile","0.975",317
"Regular Baseline","2026-06-20",-4,"2026-05-23","Overall","quantile","0.99",336
"Regular Baseline","2026-06-20",-3,"2026-05-30","Overall","quantile","0.01",142
"Regular Baseline","2026-06-20",-3,"2026-05-30","Overall","quantile","0.025",157
"Regular Baseline","2026-06-20",-3,"2026-05-30","Overall","quantile","0.05",170
"Regular Baseline","2026-06-20",-3,"2026-05-30","Overall","quantile","0.1",185
"Regular Baseline","2026-06-20",-3,"2026-05-30","Overall","quantile","0.15",196
"Regular Baseline","2026-06-20",-3,"2026-05-30","Overall","quantile","0.2",204
"Regular Baseline","2026-06-20",-3,"2026-05-30","Overall","quantile","0.25",211
"Regular Baseline","2026-06-20",-3,"2026-05-30","Overall","quantile","0.3",218
"Regular Baseline","2026-06-20",-3,"2026-05-30","Overall","quantile","0.35",224
"Regular Baseline","2026-06-20",-3,"2026-05-30","Overall","quantile","0.4",230
"Regular Baseline","2026-06-20",-3,"2026-05-30","Overall","quantile","0.45",236
"Regular Baseline","2026-06-20",-3,"2026-05-30","Overall","quantile","0.5",242
"Regular Baseline","2026-06-20",-3,"2026-05-30","Overall","quantile","0.55",248
"Regular Baseline","2026-06-20",-3,"2026-05-30","Overall","quantile","0.6",254
"Regular Baseline","2026-06-20",-3,"2026-05-30","Overall","quantile","0.65",260
"Regular Baseline","2026-06-20",-3,"2026-05-30","Overall","quantile","0.7",267
"Regular Baseline","2026-06-20",-3,"2026-05-30","Overall","quantile","0.75",275
"Regular Baseline","2026-06-20",-3,"2026-05-30","Overall","quantile","0.8",283
"Regular Baseline","2026-06-20",-3,"2026-05-30","Overall","quantile","0.85",293
"Regular Baseline","2026-06-20",-3,"2026-05-30","Overall","quantile","0.9",306
"Regular Baseline","2026-06-20",-3,"2026-05-30","Overall","quantile","0.95",325
"Regular Baseline","2026-06-20",-3,"2026-05-30","Overall","quantile","0.975",345
"Regular Baseline","2026-06-20",-3,"2026-05-30","Overall","quantile","0.99",366
"Regular Baseline","2026-06-20",-2,"2026-06-06","Overall","quantile","0.01",123
"Regular Baseline","2026-06-20",-2,"2026-06-06","Overall","quantile","0.025",139
"Regular Baseline","2026-06-20",-2,"2026-06-06","Overall","quantile","0.05",154
"Regular Baseline","2026-06-20",-2,"2026-06-06","Overall","quantile","0.1",172
"Regular Baseline","2026-06-20",-2,"2026-06-06","Overall","quantile","0.15",186
"Regular Baseline","2026-06-20",-2,"2026-06-06","Overall","quantile","0.2",196
"Regular Baseline","2026-06-20",-2,"2026-06-06","Overall","quantile","0.25",204
"Regular Baseline","2026-06-20",-2,"2026-06-06","Overall","quantile","0.3",213
"Regular Baseline","2026-06-20",-2,"2026-06-06","Overall","quantile","0.35",220
"Regular Baseline","2026-06-20",-2,"2026-06-06","Overall","quantile","0.4",228
"Regular Baseline","2026-06-20",-2,"2026-06-06","Overall","quantile","0.45",235
"Regular Baseline","2026-06-20",-2,"2026-06-06","Overall","quantile","0.5",242
"Regular Baseline","2026-06-20",-2,"2026-06-06","Overall","quantile","0.55",250
"Regular Baseline","2026-06-20",-2,"2026-06-06","Overall","quantile","0.6",257
"Regular Baseline","2026-06-20",-2,"2026-06-06","Overall","quantile","0.65",265
"Regular Baseline","2026-06-20",-2,"2026-06-06","Overall","quantile","0.7",273
"Regular Baseline","2026-06-20",-2,"2026-06-06","Overall","quantile","0.75",282
"Regular Baseline","2026-06-20",-2,"2026-06-06","Overall","quantile","0.8",293
"Regular Baseline","2026-06-20",-2,"2026-06-06","Overall","quantile","0.85",305
"Regular Baseline","2026-06-20",-2,"2026-06-06","Overall","quantile","0.9",321
"Regular Baseline","2026-06-20",-2,"2026-06-06","Overall","quantile","0.95",346
"Regular Baseline","2026-06-20",-2,"2026-06-06","Overall","quantile","0.975",368
"Regular Baseline","2026-06-20",-2,"2026-06-06","Overall","quantile","0.99",396
"Regular Baseline","2026-06-20",-1,"2026-06-13","Overall","quantile","0.01",108
"Regular Baseline","2026-06-20",-1,"2026-06-13","Overall","quantile","0.025",127
"Regular Baseline","2026-06-20",-1,"2026-06-13","Overall","quantile","0.05",144
"Regular Baseline","2026-06-20",-1,"2026-06-13","Overall","quantile","0.1",164
"Regular Baseline","2026-06-20",-1,"2026-06-13","Overall","quantile","0.15",179
"Regular Baseline","2026-06-20",-1,"2026-06-13","Overall","quantile","0.2",190
"Regular Baseline","2026-06-20",-1,"2026-06-13","Overall","quantile","0.25",200
"Regular Baseline","2026-06-20",-1,"2026-06-13","Overall","quantile","0.3",209
"Regular Baseline","2026-06-20",-1,"2026-06-13","Overall","quantile","0.35",217
"Regular Baseline","2026-06-20",-1,"2026-06-13","Overall","quantile","0.4",225
"Regular Baseline","2026-06-20",-1,"2026-06-13","Overall","quantile","0.45",233
"Regular Baseline","2026-06-20",-1,"2026-06-13","Overall","quantile","0.5",242
"Regular Baseline","2026-06-20",-1,"2026-06-13","Overall","quantile","0.55",251
"Regular Baseline","2026-06-20",-1,"2026-06-13","Overall","quantile","0.6",259
"Regular Baseline","2026-06-20",-1,"2026-06-13","Overall","quantile","0.65",267
"Regular Baseline","2026-06-20",-1,"2026-06-13","Overall","quantile","0.7",277
"Regular Baseline","2026-06-20",-1,"2026-06-13","Overall","quantile","0.75",288
"Regular Baseline","2026-06-20",-1,"2026-06-13","Overall","quantile","0.8",301
"Regular Baseline","2026-06-20",-1,"2026-06-13","Overall","quantile","0.85",316
"Regular Baseline","2026-06-20",-1,"2026-06-13","Overall","quantile","0.9",333
"Regular Baseline","2026-06-20",-1,"2026-06-13","Overall","quantile","0.95",364
"Regular Baseline","2026-06-20",-1,"2026-06-13","Overall","quantile","0.975",392
"Regular Baseline","2026-06-20",-1,"2026-06-13","Overall","quantile","0.99",421
"Regular Baseline","2026-06-20",0,"2026-06-20","Overall","quantile","0.01",96
"Regular Baseline","2026-06-20",0,"2026-06-20","Overall","quantile","0.025",115
"Regular Baseline","2026-06-20",0,"2026-06-20","Overall","quantile","0.05",133
"Regular Baseline","2026-06-20",0,"2026-06-20","Overall","quantile","0.1",155
"Regular Baseline","2026-06-20",0,"2026-06-20","Overall","quantile","0.15",170
"Regular Baseline","2026-06-20",0,"2026-06-20","Overall","quantile","0.2",182
"Regular Baseline","2026-06-20",0,"2026-06-20","Overall","quantile","0.25",193
"Regular Baseline","2026-06-20",0,"2026-06-20","Overall","quantile","0.3",203
"Regular Baseline","2026-06-20",0,"2026-06-20","Overall","quantile","0.35",213
"Regular Baseline","2026-06-20",0,"2026-06-20","Overall","quantile","0.4",223
"Regular Baseline","2026-06-20",0,"2026-06-20","Overall","quantile","0.45",232
"Regular Baseline","2026-06-20",0,"2026-06-20","Overall","quantile","0.5",242
"Regular Baseline","2026-06-20",0,"2026-06-20","Overall","quantile","0.55",251
"Regular Baseline","2026-06-20",0,"2026-06-20","Overall","quantile","0.6",261
"Regular Baseline","2026-06-20",0,"2026-06-20","Overall","quantile","0.65",271
"Regular Baseline","2026-06-20",0,"2026-06-20","Overall","quantile","0.7",282
"Regular Baseline","2026-06-20",0,"2026-06-20","Overall","quantile","0.75",294
"Regular Baseline","2026-06-20",0,"2026-06-20","Overall","quantile","0.8",307
"Regular Baseline","2026-06-20",0,"2026-06-20","Overall","quantile","0.85",324
"Regular Baseline","2026-06-20",0,"2026-06-20","Overall","quantile","0.9",346
"Regular Baseline","2026-06-20",0,"2026-06-20","Overall","quantile","0.95",380
"Regular Baseline","2026-06-20",0,"2026-06-20","Overall","quantile","0.975",411
"Regular Baseline","2026-06-20",0,"2026-06-20","Overall","quantile","0.99",448
"Regular Baseline","2026-06-20",1,"2026-06-27","Overall","quantile","0.01",87
"Regular Baseline","2026-06-20",1,"2026-06-27","Overall","quantile","0.025",107
"Regular Baseline","2026-06-20",1,"2026-06-27","Overall","quantile","0.05",125
"Regular Baseline","2026-06-20",1,"2026-06-27","Overall","quantile","0.1",148
"Regular Baseline","2026-06-20",1,"2026-06-27","Overall","quantile","0.15",163
"Regular Baseline","2026-06-20",1,"2026-06-27","Overall","quantile","0.2",177
"Regular Baseline","2026-06-20",1,"2026-06-27","Overall","quantile","0.25",189
"Regular Baseline","2026-06-20",1,"2026-06-27","Overall","quantile","0.3",200
"Regular Baseline","2026-06-20",1,"2026-06-27","Overall","quantile","0.35",211
"Regular Baseline","2026-06-20",1,"2026-06-27","Overall","quantile","0.4",221
"Regular Baseline","2026-06-20",1,"2026-06-27","Overall","quantile","0.45",231
"Regular Baseline","2026-06-20",1,"2026-06-27","Overall","quantile","0.5",242
"Regular Baseline","2026-06-20",1,"2026-06-27","Overall","quantile","0.55",253
"Regular Baseline","2026-06-20",1,"2026-06-27","Overall","quantile","0.6",263
"Regular Baseline","2026-06-20",1,"2026-06-27","Overall","quantile","0.65",274
"Regular Baseline","2026-06-20",1,"2026-06-27","Overall","quantile","0.7",287
"Regular Baseline","2026-06-20",1,"2026-06-27","Overall","quantile","0.75",301
"Regular Baseline","2026-06-20",1,"2026-06-27","Overall","quantile","0.8",316
"Regular Baseline","2026-06-20",1,"2026-06-27","Overall","quantile","0.85",334
"Regular Baseline","2026-06-20",1,"2026-06-27","Overall","quantile","0.9",357
"Regular Baseline","2026-06-20",1,"2026-06-27","Overall","quantile","0.95",393
"Regular Baseline","2026-06-20",1,"2026-06-27","Overall","quantile","0.975",428
"Regular Baseline","2026-06-20",1,"2026-06-27","Overall","quantile","0.99",473
"Regular Baseline","2026-06-20",2,"2026-07-04","Overall","quantile","0.01",77
"Regular Baseline","2026-06-20",2,"2026-07-04","Overall","quantile","0.025",99
"Regular Baseline","2026-06-20",2,"2026-07-04","Overall","quantile","0.05",118
"Regular Baseline","2026-06-20",2,"2026-07-04","Overall","quantile","0.1",141
"Regular Baseline","2026-06-20",2,"2026-07-04","Overall","quantile","0.15",159
"Regular Baseline","2026-06-20",2,"2026-07-04","Overall","quantile","0.2",173
"Regular Baseline","2026-06-20",2,"2026-07-04","Overall","quantile","0.25",186
"Regular Baseline","2026-06-20",2,"2026-07-04","Overall","quantile","0.3",197
"Regular Baseline","2026-06-20",2,"2026-07-04","Overall","quantile","0.35",209
"Regular Baseline","2026-06-20",2,"2026-07-04","Overall","quantile","0.4",220
"Regular Baseline","2026-06-20",2,"2026-07-04","Overall","quantile","0.45",231
"Regular Baseline","2026-06-20",2,"2026-07-04","Overall","quantile","0.5",242
"Regular Baseline","2026-06-20",2,"2026-07-04","Overall","quantile","0.55",253
"Regular Baseline","2026-06-20",2,"2026-07-04","Overall","quantile","0.6",265
"Regular Baseline","2026-06-20",2,"2026-07-04","Overall","quantile","0.65",278
"Regular Baseline","2026-06-20",2,"2026-07-04","Overall","quantile","0.7",291
"Regular Baseline","2026-06-20",2,"2026-07-04","Overall","quantile","0.75",306
"Regular Baseline","2026-06-20",2,"2026-07-04","Overall","quantile","0.8",322
"Regular Baseline","2026-06-20",2,"2026-07-04","Overall","quantile","0.85",341
"Regular Baseline","2026-06-20",2,"2026-07-04","Overall","quantile","0.9",366
"Regular Baseline","2026-06-20",2,"2026-07-04","Overall","quantile","0.95",409
"Regular Baseline","2026-06-20",2,"2026-07-04","Overall","quantile","0.975",451
"Regular Baseline","2026-06-20",2,"2026-07-04","Overall","quantile","0.99",495
"Regular Baseline","2026-06-20",3,"2026-07-11","Overall","quantile","0.01",69
"Regular Baseline","2026-06-20",3,"2026-07-11","Overall","quantile","0.025",91
"Regular Baseline","2026-06-20",3,"2026-07-11","Overall","quantile","0.05",110
"Regular Baseline","2026-06-20",3,"2026-07-11","Overall","quantile","0.1",134
"Regular Baseline","2026-06-20",3,"2026-07-11","Overall","quantile","0.15",152
"Regular Baseline","2026-06-20",3,"2026-07-11","Overall","quantile","0.2",168
"Regular Baseline","2026-06-20",3,"2026-07-11","Overall","quantile","0.25",182
"Regular Baseline","2026-06-20",3,"2026-07-11","Overall","quantile","0.3",194
"Regular Baseline","2026-06-20",3,"2026-07-11","Overall","quantile","0.35",208
"Regular Baseline","2026-06-20",3,"2026-07-11","Overall","quantile","0.4",219
"Regular Baseline","2026-06-20",3,"2026-07-11","Overall","quantile","0.45",230
"Regular Baseline","2026-06-20",3,"2026-07-11","Overall","quantile","0.5",242
"Regular Baseline","2026-06-20",3,"2026-07-11","Overall","quantile","0.55",254
"Regular Baseline","2026-06-20",3,"2026-07-11","Overall","quantile","0.6",266
"Regular Baseline","2026-06-20",3,"2026-07-11","Overall","quantile","0.65",280
"Regular Baseline","2026-06-20",3,"2026-07-11","Overall","quantile","0.7",295
"Regular Baseline","2026-06-20",3,"2026-07-11","Overall","quantile","0.75",311
"Regular Baseline","2026-06-20",3,"2026-07-11","Overall","quantile","0.8",330
"Regular Baseline","2026-06-20",3,"2026-07-11","Overall","quantile","0.85",352
"Regular Baseline","2026-06-20",3,"2026-07-11","Overall","quantile","0.9",378
"Regular Baseline","2026-06-20",3,"2026-07-11","Overall","quantile","0.95",422
"Regular Baseline","2026-06-20",3,"2026-07-11","Overall","quantile","0.975",465
"Regular Baseline","2026-06-20",3,"2026-07-11","Overall","quantile","0.99",516
"Regular Baseline","2026-06-20",-4,"2026-05-23","Pediatrics","quantile","0.01",54
"Regular Baseline","2026-06-20",-4,"2026-05-23","Pediatrics","quantile","0.025",63
"Regular Baseline","2026-06-20",-4,"2026-05-23","Pediatrics","quantile","0.05",70
"Regular Baseline","2026-06-20",-4,"2026-05-23","Pediatrics","quantile","0.1",76
"Regular Baseline","2026-06-20",-4,"2026-05-23","Pediatrics","quantile","0.15",81
"Regular Baseline","2026-06-20",-4,"2026-05-23","Pediatrics","quantile","0.2",85
"Regular Baseline","2026-06-20",-4,"2026-05-23","Pediatrics","quantile","0.25",88
"Regular Baseline","2026-06-20",-4,"2026-05-23","Pediatrics","quantile","0.3",90
"Regular Baseline","2026-06-20",-4,"2026-05-23","Pediatrics","quantile","0.35",93
"Regular Baseline","2026-06-20",-4,"2026-05-23","Pediatrics","quantile","0.4",95
"Regular Baseline","2026-06-20",-4,"2026-05-23","Pediatrics","quantile","0.45",98
"Regular Baseline","2026-06-20",-4,"2026-05-23","Pediatrics","quantile","0.5",102
"Regular Baseline","2026-06-20",-4,"2026-05-23","Pediatrics","quantile","0.55",106
"Regular Baseline","2026-06-20",-4,"2026-05-23","Pediatrics","quantile","0.6",109
"Regular Baseline","2026-06-20",-4,"2026-05-23","Pediatrics","quantile","0.65",112
"Regular Baseline","2026-06-20",-4,"2026-05-23","Pediatrics","quantile","0.7",115
"Regular Baseline","2026-06-20",-4,"2026-05-23","Pediatrics","quantile","0.75",117
"Regular Baseline","2026-06-20",-4,"2026-05-23","Pediatrics","quantile","0.8",120
"Regular Baseline","2026-06-20",-4,"2026-05-23","Pediatrics","quantile","0.85",126
"Regular Baseline","2026-06-20",-4,"2026-05-23","Pediatrics","quantile","0.9",132
"Regular Baseline","2026-06-20",-4,"2026-05-23","Pediatrics","quantile","0.95",140
"Regular Baseline","2026-06-20",-4,"2026-05-23","Pediatrics","quantile","0.975",150
"Regular Baseline","2026-06-20",-4,"2026-05-23","Pediatrics","quantile","0.99",166
"Regular Baseline","2026-06-20",-3,"2026-05-30","Pediatrics","quantile","0.01",40
"Regular Baseline","2026-06-20",-3,"2026-05-30","Pediatrics","quantile","0.025",49
"Regular Baseline","2026-06-20",-3,"2026-05-30","Pediatrics","quantile","0.05",57
"Regular Baseline","2026-06-20",-3,"2026-05-30","Pediatrics","quantile","0.1",66
"Regular Baseline","2026-06-20",-3,"2026-05-30","Pediatrics","quantile","0.15",73
"Regular Baseline","2026-06-20",-3,"2026-05-30","Pediatrics","quantile","0.2",77
"Regular Baseline","2026-06-20",-3,"2026-05-30","Pediatrics","quantile","0.25",82
"Regular Baseline","2026-06-20",-3,"2026-05-30","Pediatrics","quantile","0.3",86
"Regular Baseline","2026-06-20",-3,"2026-05-30","Pediatrics","quantile","0.35",90
"Regular Baseline","2026-06-20",-3,"2026-05-30","Pediatrics","quantile","0.4",94
"Regular Baseline","2026-06-20",-3,"2026-05-30","Pediatrics","quantile","0.45",98
"Regular Baseline","2026-06-20",-3,"2026-05-30","Pediatrics","quantile","0.5",102
"Regular Baseline","2026-06-20",-3,"2026-05-30","Pediatrics","quantile","0.55",106
"Regular Baseline","2026-06-20",-3,"2026-05-30","Pediatrics","quantile","0.6",110
"Regular Baseline","2026-06-20",-3,"2026-05-30","Pediatrics","quantile","0.65",115
"Regular Baseline","2026-06-20",-3,"2026-05-30","Pediatrics","quantile","0.7",119
"Regular Baseline","2026-06-20",-3,"2026-05-30","Pediatrics","quantile","0.75",124
"Regular Baseline","2026-06-20",-3,"2026-05-30","Pediatrics","quantile","0.8",130
"Regular Baseline","2026-06-20",-3,"2026-05-30","Pediatrics","quantile","0.85",137
"Regular Baseline","2026-06-20",-3,"2026-05-30","Pediatrics","quantile","0.9",146
"Regular Baseline","2026-06-20",-3,"2026-05-30","Pediatrics","quantile","0.95",160
"Regular Baseline","2026-06-20",-3,"2026-05-30","Pediatrics","quantile","0.975",174
"Regular Baseline","2026-06-20",-3,"2026-05-30","Pediatrics","quantile","0.99",195
"Regular Baseline","2026-06-20",-2,"2026-06-06","Pediatrics","quantile","0.01",30
"Regular Baseline","2026-06-20",-2,"2026-06-06","Pediatrics","quantile","0.025",40
"Regular Baseline","2026-06-20",-2,"2026-06-06","Pediatrics","quantile","0.05",49
"Regular Baseline","2026-06-20",-2,"2026-06-06","Pediatrics","quantile","0.1",59
"Regular Baseline","2026-06-20",-2,"2026-06-06","Pediatrics","quantile","0.15",67
"Regular Baseline","2026-06-20",-2,"2026-06-06","Pediatrics","quantile","0.2",73
"Regular Baseline","2026-06-20",-2,"2026-06-06","Pediatrics","quantile","0.25",78
"Regular Baseline","2026-06-20",-2,"2026-06-06","Pediatrics","quantile","0.3",83
"Regular Baseline","2026-06-20",-2,"2026-06-06","Pediatrics","quantile","0.35",88
"Regular Baseline","2026-06-20",-2,"2026-06-06","Pediatrics","quantile","0.4",93
"Regular Baseline","2026-06-20",-2,"2026-06-06","Pediatrics","quantile","0.45",98
"Regular Baseline","2026-06-20",-2,"2026-06-06","Pediatrics","quantile","0.5",102
"Regular Baseline","2026-06-20",-2,"2026-06-06","Pediatrics","quantile","0.55",107
"Regular Baseline","2026-06-20",-2,"2026-06-06","Pediatrics","quantile","0.6",112
"Regular Baseline","2026-06-20",-2,"2026-06-06","Pediatrics","quantile","0.65",117
"Regular Baseline","2026-06-20",-2,"2026-06-06","Pediatrics","quantile","0.7",123
"Regular Baseline","2026-06-20",-2,"2026-06-06","Pediatrics","quantile","0.75",129
"Regular Baseline","2026-06-20",-2,"2026-06-06","Pediatrics","quantile","0.8",137
"Regular Baseline","2026-06-20",-2,"2026-06-06","Pediatrics","quantile","0.85",146
"Regular Baseline","2026-06-20",-2,"2026-06-06","Pediatrics","quantile","0.9",158
"Regular Baseline","2026-06-20",-2,"2026-06-06","Pediatrics","quantile","0.95",177
"Regular Baseline","2026-06-20",-2,"2026-06-06","Pediatrics","quantile","0.975",195
"Regular Baseline","2026-06-20",-2,"2026-06-06","Pediatrics","quantile","0.99",221
"Regular Baseline","2026-06-20",-1,"2026-06-13","Pediatrics","quantile","0.01",22
"Regular Baseline","2026-06-20",-1,"2026-06-13","Pediatrics","quantile","0.025",32
"Regular Baseline","2026-06-20",-1,"2026-06-13","Pediatrics","quantile","0.05",41
"Regular Baseline","2026-06-20",-1,"2026-06-13","Pediatrics","quantile","0.1",53
"Regular Baseline","2026-06-20",-1,"2026-06-13","Pediatrics","quantile","0.15",61
"Regular Baseline","2026-06-20",-1,"2026-06-13","Pediatrics","quantile","0.2",68
"Regular Baseline","2026-06-20",-1,"2026-06-13","Pediatrics","quantile","0.25",74
"Regular Baseline","2026-06-20",-1,"2026-06-13","Pediatrics","quantile","0.3",80
"Regular Baseline","2026-06-20",-1,"2026-06-13","Pediatrics","quantile","0.35",85
"Regular Baseline","2026-06-20",-1,"2026-06-13","Pediatrics","quantile","0.4",90
"Regular Baseline","2026-06-20",-1,"2026-06-13","Pediatrics","quantile","0.45",96
"Regular Baseline","2026-06-20",-1,"2026-06-13","Pediatrics","quantile","0.5",102
"Regular Baseline","2026-06-20",-1,"2026-06-13","Pediatrics","quantile","0.55",108
"Regular Baseline","2026-06-20",-1,"2026-06-13","Pediatrics","quantile","0.6",113
"Regular Baseline","2026-06-20",-1,"2026-06-13","Pediatrics","quantile","0.65",119
"Regular Baseline","2026-06-20",-1,"2026-06-13","Pediatrics","quantile","0.7",126
"Regular Baseline","2026-06-20",-1,"2026-06-13","Pediatrics","quantile","0.75",134
"Regular Baseline","2026-06-20",-1,"2026-06-13","Pediatrics","quantile","0.8",142
"Regular Baseline","2026-06-20",-1,"2026-06-13","Pediatrics","quantile","0.85",153
"Regular Baseline","2026-06-20",-1,"2026-06-13","Pediatrics","quantile","0.9",166
"Regular Baseline","2026-06-20",-1,"2026-06-13","Pediatrics","quantile","0.95",189
"Regular Baseline","2026-06-20",-1,"2026-06-13","Pediatrics","quantile","0.975",212
"Regular Baseline","2026-06-20",-1,"2026-06-13","Pediatrics","quantile","0.99",240
"Regular Baseline","2026-06-20",0,"2026-06-20","Pediatrics","quantile","0.01",17
"Regular Baseline","2026-06-20",0,"2026-06-20","Pediatrics","quantile","0.025",26
"Regular Baseline","2026-06-20",0,"2026-06-20","Pediatrics","quantile","0.05",35
"Regular Baseline","2026-06-20",0,"2026-06-20","Pediatrics","quantile","0.1",47
"Regular Baseline","2026-06-20",0,"2026-06-20","Pediatrics","quantile","0.15",56
"Regular Baseline","2026-06-20",0,"2026-06-20","Pediatrics","quantile","0.2",64
"Regular Baseline","2026-06-20",0,"2026-06-20","Pediatrics","quantile","0.25",71
"Regular Baseline","2026-06-20",0,"2026-06-20","Pediatrics","quantile","0.3",77
"Regular Baseline","2026-06-20",0,"2026-06-20","Pediatrics","quantile","0.35",84
"Regular Baseline","2026-06-20",0,"2026-06-20","Pediatrics","quantile","0.4",90
"Regular Baseline","2026-06-20",0,"2026-06-20","Pediatrics","quantile","0.45",96
"Regular Baseline","2026-06-20",0,"2026-06-20","Pediatrics","quantile","0.5",102
"Regular Baseline","2026-06-20",0,"2026-06-20","Pediatrics","quantile","0.55",108
"Regular Baseline","2026-06-20",0,"2026-06-20","Pediatrics","quantile","0.6",114
"Regular Baseline","2026-06-20",0,"2026-06-20","Pediatrics","quantile","0.65",121
"Regular Baseline","2026-06-20",0,"2026-06-20","Pediatrics","quantile","0.7",129
"Regular Baseline","2026-06-20",0,"2026-06-20","Pediatrics","quantile","0.75",137
"Regular Baseline","2026-06-20",0,"2026-06-20","Pediatrics","quantile","0.8",147
"Regular Baseline","2026-06-20",0,"2026-06-20","Pediatrics","quantile","0.85",159
"Regular Baseline","2026-06-20",0,"2026-06-20","Pediatrics","quantile","0.9",175
"Regular Baseline","2026-06-20",0,"2026-06-20","Pediatrics","quantile","0.95",202
"Regular Baseline","2026-06-20",0,"2026-06-20","Pediatrics","quantile","0.975",228
"Regular Baseline","2026-06-20",0,"2026-06-20","Pediatrics","quantile","0.99",263
"Regular Baseline","2026-06-20",1,"2026-06-27","Pediatrics","quantile","0.01",13
"Regular Baseline","2026-06-20",1,"2026-06-27","Pediatrics","quantile","0.025",22
"Regular Baseline","2026-06-20",1,"2026-06-27","Pediatrics","quantile","0.05",31
"Regular Baseline","2026-06-20",1,"2026-06-27","Pediatrics","quantile","0.1",43
"Regular Baseline","2026-06-20",1,"2026-06-27","Pediatrics","quantile","0.15",53
"Regular Baseline","2026-06-20",1,"2026-06-27","Pediatrics","quantile","0.2",61
"Regular Baseline","2026-06-20",1,"2026-06-27","Pediatrics","quantile","0.25",69
"Regular Baseline","2026-06-20",1,"2026-06-27","Pediatrics","quantile","0.3",75
"Regular Baseline","2026-06-20",1,"2026-06-27","Pediatrics","quantile","0.35",82
"Regular Baseline","2026-06-20",1,"2026-06-27","Pediatrics","quantile","0.4",89
"Regular Baseline","2026-06-20",1,"2026-06-27","Pediatrics","quantile","0.45",96
"Regular Baseline","2026-06-20",1,"2026-06-27","Pediatrics","quantile","0.5",102
"Regular Baseline","2026-06-20",1,"2026-06-27","Pediatrics","quantile","0.55",109
"Regular Baseline","2026-06-20",1,"2026-06-27","Pediatrics","quantile","0.6",116
"Regular Baseline","2026-06-20",1,"2026-06-27","Pediatrics","quantile","0.65",125
"Regular Baseline","2026-06-20",1,"2026-06-27","Pediatrics","quantile","0.7",133
"Regular Baseline","2026-06-20",1,"2026-06-27","Pediatrics","quantile","0.75",142
"Regular Baseline","2026-06-20",1,"2026-06-27","Pediatrics","quantile","0.8",153
"Regular Baseline","2026-06-20",1,"2026-06-27","Pediatrics","quantile","0.85",167
"Regular Baseline","2026-06-20",1,"2026-06-27","Pediatrics","quantile","0.9",185
"Regular Baseline","2026-06-20",1,"2026-06-27","Pediatrics","quantile","0.95",216
"Regular Baseline","2026-06-20",1,"2026-06-27","Pediatrics","quantile","0.975",243
"Regular Baseline","2026-06-20",1,"2026-06-27","Pediatrics","quantile","0.99",284
"Regular Baseline","2026-06-20",2,"2026-07-04","Pediatrics","quantile","0.01",10
"Regular Baseline","2026-06-20",2,"2026-07-04","Pediatrics","quantile","0.025",17
"Regular Baseline","2026-06-20",2,"2026-07-04","Pediatrics","quantile","0.05",27
"Regular Baseline","2026-06-20",2,"2026-07-04","Pediatrics","quantile","0.1",39
"Regular Baseline","2026-06-20",2,"2026-07-04","Pediatrics","quantile","0.15",49
"Regular Baseline","2026-06-20",2,"2026-07-04","Pediatrics","quantile","0.2",58
"Regular Baseline","2026-06-20",2,"2026-07-04","Pediatrics","quantile","0.25",66
"Regular Baseline","2026-06-20",2,"2026-07-04","Pediatrics","quantile","0.3",73
"Regular Baseline","2026-06-20",2,"2026-07-04","Pediatrics","quantile","0.35",80
"Regular Baseline","2026-06-20",2,"2026-07-04","Pediatrics","quantile","0.4",87
"Regular Baseline","2026-06-20",2,"2026-07-04","Pediatrics","quantile","0.45",95
"Regular Baseline","2026-06-20",2,"2026-07-04","Pediatrics","quantile","0.5",102
"Regular Baseline","2026-06-20",2,"2026-07-04","Pediatrics","quantile","0.55",109
"Regular Baseline","2026-06-20",2,"2026-07-04","Pediatrics","quantile","0.6",118
"Regular Baseline","2026-06-20",2,"2026-07-04","Pediatrics","quantile","0.65",126
"Regular Baseline","2026-06-20",2,"2026-07-04","Pediatrics","quantile","0.7",136
"Regular Baseline","2026-06-20",2,"2026-07-04","Pediatrics","quantile","0.75",146
"Regular Baseline","2026-06-20",2,"2026-07-04","Pediatrics","quantile","0.8",159
"Regular Baseline","2026-06-20",2,"2026-07-04","Pediatrics","quantile","0.85",174
"Regular Baseline","2026-06-20",2,"2026-07-04","Pediatrics","quantile","0.9",194
"Regular Baseline","2026-06-20",2,"2026-07-04","Pediatrics","quantile","0.95",227
"Regular Baseline","2026-06-20",2,"2026-07-04","Pediatrics","quantile","0.975",257
"Regular Baseline","2026-06-20",2,"2026-07-04","Pediatrics","quantile","0.99",297
"Regular Baseline","2026-06-20",3,"2026-07-11","Pediatrics","quantile","0.01",6
"Regular Baseline","2026-06-20",3,"2026-07-11","Pediatrics","quantile","0.025",15
"Regular Baseline","2026-06-20",3,"2026-07-11","Pediatrics","quantile","0.05",23
"Regular Baseline","2026-06-20",3,"2026-07-11","Pediatrics","quantile","0.1",36
"Regular Baseline","2026-06-20",3,"2026-07-11","Pediatrics","quantile","0.15",46
"Regular Baseline","2026-06-20",3,"2026-07-11","Pediatrics","quantile","0.2",55
"Regular Baseline","2026-06-20",3,"2026-07-11","Pediatrics","quantile","0.25",63
"Regular Baseline","2026-06-20",3,"2026-07-11","Pediatrics","quantile","0.3",71
"Regular Baseline","2026-06-20",3,"2026-07-11","Pediatrics","quantile","0.35",78
"Regular Baseline","2026-06-20",3,"2026-07-11","Pediatrics","quantile","0.4",86
"Regular Baseline","2026-06-20",3,"2026-07-11","Pediatrics","quantile","0.45",94
"Regular Baseline","2026-06-20",3,"2026-07-11","Pediatrics","quantile","0.5",102
"Regular Baseline","2026-06-20",3,"2026-07-11","Pediatrics","quantile","0.55",110
"Regular Baseline","2026-06-20",3,"2026-07-11","Pediatrics","quantile","0.6",119
"Regular Baseline","2026-06-20",3,"2026-07-11","Pediatrics","quantile","0.65",128
"Regular Baseline","2026-06-20",3,"2026-07-11","Pediatrics","quantile","0.7",139
"Regular Baseline","2026-06-20",3,"2026-07-11","Pediatrics","quantile","0.75",150
"Regular Baseline","2026-06-20",3,"2026-07-11","Pediatrics","quantile","0.8",163
"Regular Baseline","2026-06-20",3,"2026-07-11","Pediatrics","quantile","0.85",178
"Regular Baseline","2026-06-20",3,"2026-07-11","Pediatrics","quantile","0.9",200
"Regular Baseline","2026-06-20",3,"2026-07-11","Pediatrics","quantile","0.95",236
"Regular Baseline","2026-06-20",3,"2026-07-11","Pediatrics","quantile","0.975",270
"Regular Baseline","2026-06-20",3,"2026-07-11","Pediatrics","quantile","0.99",316
"Seasonal Baseline","2026-06-20",-4,"2026-05-23","Adults","quantile","0.01",78
"Seasonal Baseline","2026-06-20",-4,"2026-05-23","Adults","quantile","0.025",86
"Seasonal Baseline","2026-06-20",-4,"2026-05-23","Adults","quantile","0.05",93
"Seasonal Baseline","2026-06-20",-4,"2026-05-23","Adults","quantile","0.1",103
"Seasonal Baseline","2026-06-20",-4,"2026-05-23","Adults","quantile","0.15",111
"Seasonal Baseline","2026-06-20",-4,"2026-05-23","Adults","quantile","0.2",117
"Seasonal Baseline","2026-06-20",-4,"2026-05-23","Adults","quantile","0.25",122
"Seasonal Baseline","2026-06-20",-4,"2026-05-23","Adults","quantile","0.3",127
"Seasonal Baseline","2026-06-20",-4,"2026-05-23","Adults","quantile","0.35",132
"Seasonal Baseline","2026-06-20",-4,"2026-05-23","Adults","quantile","0.4",137
"Seasonal Baseline","2026-06-20",-4,"2026-05-23","Adults","quantile","0.45",142
"Seasonal Baseline","2026-06-20",-4,"2026-05-23","Adults","quantile","0.5",147
"Seasonal Baseline","2026-06-20",-4,"2026-05-23","Adults","quantile","0.55",153
"Seasonal Baseline","2026-06-20",-4,"2026-05-23","Adults","quantile","0.6",158
"Seasonal Baseline","2026-06-20",-4,"2026-05-23","Adults","quantile","0.65",164
"Seasonal Baseline","2026-06-20",-4,"2026-05-23","Adults","quantile","0.7",170
"Seasonal Baseline","2026-06-20",-4,"2026-05-23","Adults","quantile","0.75",178
"Seasonal Baseline","2026-06-20",-4,"2026-05-23","Adults","quantile","0.8",186
"Seasonal Baseline","2026-06-20",-4,"2026-05-23","Adults","quantile","0.85",195
"Seasonal Baseline","2026-06-20",-4,"2026-05-23","Adults","quantile","0.9",209
"Seasonal Baseline","2026-06-20",-4,"2026-05-23","Adults","quantile","0.95",232
"Seasonal Baseline","2026-06-20",-4,"2026-05-23","Adults","quantile","0.975",250
"Seasonal Baseline","2026-06-20",-4,"2026-05-23","Adults","quantile","0.99",280
"Seasonal Baseline","2026-06-20",-3,"2026-05-30","Adults","quantile","0.01",79
"Seasonal Baseline","2026-06-20",-3,"2026-05-30","Adults","quantile","0.025",88
"Seasonal Baseline","2026-06-20",-3,"2026-05-30","Adults","quantile","0.05",96
"Seasonal Baseline","2026-06-20",-3,"2026-05-30","Adults","quantile","0.1",106
"Seasonal Baseline","2026-06-20",-3,"2026-05-30","Adults","quantile","0.15",113
"Seasonal Baseline","2026-06-20",-3,"2026-05-30","Adults","quantile","0.2",119
"Seasonal Baseline","2026-06-20",-3,"2026-05-30","Adults","quantile","0.25",125
"Seasonal Baseline","2026-06-20",-3,"2026-05-30","Adults","quantile","0.3",130
"Seasonal Baseline","2026-06-20",-3,"2026-05-30","Adults","quantile","0.35",135
"Seasonal Baseline","2026-06-20",-3,"2026-05-30","Adults","quantile","0.4",140
"Seasonal Baseline","2026-06-20",-3,"2026-05-30","Adults","quantile","0.45",145
"Seasonal Baseline","2026-06-20",-3,"2026-05-30","Adults","quantile","0.5",150
"Seasonal Baseline","2026-06-20",-3,"2026-05-30","Adults","quantile","0.55",156
"Seasonal Baseline","2026-06-20",-3,"2026-05-30","Adults","quantile","0.6",161
"Seasonal Baseline","2026-06-20",-3,"2026-05-30","Adults","quantile","0.65",167
"Seasonal Baseline","2026-06-20",-3,"2026-05-30","Adults","quantile","0.7",173
"Seasonal Baseline","2026-06-20",-3,"2026-05-30","Adults","quantile","0.75",181
"Seasonal Baseline","2026-06-20",-3,"2026-05-30","Adults","quantile","0.8",190
"Seasonal Baseline","2026-06-20",-3,"2026-05-30","Adults","quantile","0.85",200
"Seasonal Baseline","2026-06-20",-3,"2026-05-30","Adults","quantile","0.9",214
"Seasonal Baseline","2026-06-20",-3,"2026-05-30","Adults","quantile","0.95",237
"Seasonal Baseline","2026-06-20",-3,"2026-05-30","Adults","quantile","0.975",259
"Seasonal Baseline","2026-06-20",-3,"2026-05-30","Adults","quantile","0.99",284
"Seasonal Baseline","2026-06-20",-2,"2026-06-06","Adults","quantile","0.01",80
"Seasonal Baseline","2026-06-20",-2,"2026-06-06","Adults","quantile","0.025",89
"Seasonal Baseline","2026-06-20",-2,"2026-06-06","Adults","quantile","0.05",97
"Seasonal Baseline","2026-06-20",-2,"2026-06-06","Adults","quantile","0.1",107
"Seasonal Baseline","2026-06-20",-2,"2026-06-06","Adults","quantile","0.15",114
"Seasonal Baseline","2026-06-20",-2,"2026-06-06","Adults","quantile","0.2",120
"Seasonal Baseline","2026-06-20",-2,"2026-06-06","Adults","quantile","0.25",125
"Seasonal Baseline","2026-06-20",-2,"2026-06-06","Adults","quantile","0.3",131
"Seasonal Baseline","2026-06-20",-2,"2026-06-06","Adults","quantile","0.35",136
"Seasonal Baseline","2026-06-20",-2,"2026-06-06","Adults","quantile","0.4",141
"Seasonal Baseline","2026-06-20",-2,"2026-06-06","Adults","quantile","0.45",146
"Seasonal Baseline","2026-06-20",-2,"2026-06-06","Adults","quantile","0.5",151
"Seasonal Baseline","2026-06-20",-2,"2026-06-06","Adults","quantile","0.55",157
"Seasonal Baseline","2026-06-20",-2,"2026-06-06","Adults","quantile","0.6",163
"Seasonal Baseline","2026-06-20",-2,"2026-06-06","Adults","quantile","0.65",169
"Seasonal Baseline","2026-06-20",-2,"2026-06-06","Adults","quantile","0.7",175
"Seasonal Baseline","2026-06-20",-2,"2026-06-06","Adults","quantile","0.75",183
"Seasonal Baseline","2026-06-20",-2,"2026-06-06","Adults","quantile","0.8",191
"Seasonal Baseline","2026-06-20",-2,"2026-06-06","Adults","quantile","0.85",202
"Seasonal Baseline","2026-06-20",-2,"2026-06-06","Adults","quantile","0.9",217
"Seasonal Baseline","2026-06-20",-2,"2026-06-06","Adults","quantile","0.95",240
"Seasonal Baseline","2026-06-20",-2,"2026-06-06","Adults","quantile","0.975",261
"Seasonal Baseline","2026-06-20",-2,"2026-06-06","Adults","quantile","0.99",290
"Seasonal Baseline","2026-06-20",-1,"2026-06-13","Adults","quantile","0.01",80
"Seasonal Baseline","2026-06-20",-1,"2026-06-13","Adults","quantile","0.025",88
"Seasonal Baseline","2026-06-20",-1,"2026-06-13","Adults","quantile","0.05",96
"Seasonal Baseline","2026-06-20",-1,"2026-06-13","Adults","quantile","0.1",106
"Seasonal Baseline","2026-06-20",-1,"2026-06-13","Adults","quantile","0.15",114
"Seasonal Baseline","2026-06-20",-1,"2026-06-13","Adults","quantile","0.2",120
"Seasonal Baseline","2026-06-20",-1,"2026-06-13","Adults","quantile","0.25",126
"Seasonal Baseline","2026-06-20",-1,"2026-06-13","Adults","quantile","0.3",131
"Seasonal Baseline","2026-06-20",-1,"2026-06-13","Adults","quantile","0.35",136
"Seasonal Baseline","2026-06-20",-1,"2026-06-13","Adults","quantile","0.4",141
"Seasonal Baseline","2026-06-20",-1,"2026-06-13","Adults","quantile","0.45",147
"Seasonal Baseline","2026-06-20",-1,"2026-06-13","Adults","quantile","0.5",152
"Seasonal Baseline","2026-06-20",-1,"2026-06-13","Adults","quantile","0.55",157
"Seasonal Baseline","2026-06-20",-1,"2026-06-13","Adults","quantile","0.6",163
"Seasonal Baseline","2026-06-20",-1,"2026-06-13","Adults","quantile","0.65",168
"Seasonal Baseline","2026-06-20",-1,"2026-06-13","Adults","quantile","0.7",175
"Seasonal Baseline","2026-06-20",-1,"2026-06-13","Adults","quantile","0.75",182
"Seasonal Baseline","2026-06-20",-1,"2026-06-13","Adults","quantile","0.8",191
"Seasonal Baseline","2026-06-20",-1,"2026-06-13","Adults","quantile","0.85",202
"Seasonal Baseline","2026-06-20",-1,"2026-06-13","Adults","quantile","0.9",215
"Seasonal Baseline","2026-06-20",-1,"2026-06-13","Adults","quantile","0.95",238
"Seasonal Baseline","2026-06-20",-1,"2026-06-13","Adults","quantile","0.975",262
"Seasonal Baseline","2026-06-20",-1,"2026-06-13","Adults","quantile","0.99",289
"Seasonal Baseline","2026-06-20",0,"2026-06-20","Adults","quantile","0.01",80
"Seasonal Baseline","2026-06-20",0,"2026-06-20","Adults","quantile","0.025",88
"Seasonal Baseline","2026-06-20",0,"2026-06-20","Adults","quantile","0.05",95
"Seasonal Baseline","2026-06-20",0,"2026-06-20","Adults","quantile","0.1",105
"Seasonal Baseline","2026-06-20",0,"2026-06-20","Adults","quantile","0.15",113
"Seasonal Baseline","2026-06-20",0,"2026-06-20","Adults","quantile","0.2",119
"Seasonal Baseline","2026-06-20",0,"2026-06-20","Adults","quantile","0.25",125
"Seasonal Baseline","2026-06-20",0,"2026-06-20","Adults","quantile","0.3",130
"Seasonal Baseline","2026-06-20",0,"2026-06-20","Adults","quantile","0.35",135
"Seasonal Baseline","2026-06-20",0,"2026-06-20","Adults","quantile","0.4",141
"Seasonal Baseline","2026-06-20",0,"2026-06-20","Adults","quantile","0.45",145
"Seasonal Baseline","2026-06-20",0,"2026-06-20","Adults","quantile","0.5",151
"Seasonal Baseline","2026-06-20",0,"2026-06-20","Adults","quantile","0.55",156
"Seasonal Baseline","2026-06-20",0,"2026-06-20","Adults","quantile","0.6",161
"Seasonal Baseline","2026-06-20",0,"2026-06-20","Adults","quantile","0.65",167
"Seasonal Baseline","2026-06-20",0,"2026-06-20","Adults","quantile","0.7",173
"Seasonal Baseline","2026-06-20",0,"2026-06-20","Adults","quantile","0.75",181
"Seasonal Baseline","2026-06-20",0,"2026-06-20","Adults","quantile","0.8",190
"Seasonal Baseline","2026-06-20",0,"2026-06-20","Adults","quantile","0.85",200
"Seasonal Baseline","2026-06-20",0,"2026-06-20","Adults","quantile","0.9",214
"Seasonal Baseline","2026-06-20",0,"2026-06-20","Adults","quantile","0.95",237
"Seasonal Baseline","2026-06-20",0,"2026-06-20","Adults","quantile","0.975",259
"Seasonal Baseline","2026-06-20",0,"2026-06-20","Adults","quantile","0.99",287
"Seasonal Baseline","2026-06-20",1,"2026-06-27","Adults","quantile","0.01",77
"Seasonal Baseline","2026-06-20",1,"2026-06-27","Adults","quantile","0.025",85
"Seasonal Baseline","2026-06-20",1,"2026-06-27","Adults","quantile","0.05",93
"Seasonal Baseline","2026-06-20",1,"2026-06-27","Adults","quantile","0.1",103
"Seasonal Baseline","2026-06-20",1,"2026-06-27","Adults","quantile","0.15",110
"Seasonal Baseline","2026-06-20",1,"2026-06-27","Adults","quantile","0.2",117
"Seasonal Baseline","2026-06-20",1,"2026-06-27","Adults","quantile","0.25",122
"Seasonal Baseline","2026-06-20",1,"2026-06-27","Adults","quantile","0.3",127
"Seasonal Baseline","2026-06-20",1,"2026-06-27","Adults","quantile","0.35",132
"Seasonal Baseline","2026-06-20",1,"2026-06-27","Adults","quantile","0.4",137
"Seasonal Baseline","2026-06-20",1,"2026-06-27","Adults","quantile","0.45",142
"Seasonal Baseline","2026-06-20",1,"2026-06-27","Adults","quantile","0.5",147
"Seasonal Baseline","2026-06-20",1,"2026-06-27","Adults","quantile","0.55",153
"Seasonal Baseline","2026-06-20",1,"2026-06-27","Adults","quantile","0.6",158
"Seasonal Baseline","2026-06-20",1,"2026-06-27","Adults","quantile","0.65",164
"Seasonal Baseline","2026-06-20",1,"2026-06-27","Adults","quantile","0.7",170
"Seasonal Baseline","2026-06-20",1,"2026-06-27","Adults","quantile","0.75",178
"Seasonal Baseline","2026-06-20",1,"2026-06-27","Adults","quantile","0.8",186
"Seasonal Baseline","2026-06-20",1,"2026-06-27","Adults","quantile","0.85",197
"Seasonal Baseline","2026-06-20",1,"2026-06-27","Adults","quantile","0.9",211
"Seasonal Baseline","2026-06-20",1,"2026-06-27","Adults","quantile","0.95",233
"Seasonal Baseline","2026-06-20",1,"2026-06-27","Adults","quantile","0.975",256
"Seasonal Baseline","2026-06-20",1,"2026-06-27","Adults","quantile","0.99",284
"Seasonal Baseline","2026-06-20",2,"2026-07-04","Adults","quantile","0.01",76
"Seasonal Baseline","2026-06-20",2,"2026-07-04","Adults","quantile","0.025",85
"Seasonal Baseline","2026-06-20",2,"2026-07-04","Adults","quantile","0.05",92
"Seasonal Baseline","2026-06-20",2,"2026-07-04","Adults","quantile","0.1",101
"Seasonal Baseline","2026-06-20",2,"2026-07-04","Adults","quantile","0.15",109
"Seasonal Baseline","2026-06-20",2,"2026-07-04","Adults","quantile","0.2",115
"Seasonal Baseline","2026-06-20",2,"2026-07-04","Adults","quantile","0.25",120
"Seasonal Baseline","2026-06-20",2,"2026-07-04","Adults","quantile","0.3",125
"Seasonal Baseline","2026-06-20",2,"2026-07-04","Adults","quantile","0.35",130
"Seasonal Baseline","2026-06-20",2,"2026-07-04","Adults","quantile","0.4",135
"Seasonal Baseline","2026-06-20",2,"2026-07-04","Adults","quantile","0.45",140
"Seasonal Baseline","2026-06-20",2,"2026-07-04","Adults","quantile","0.5",145
"Seasonal Baseline","2026-06-20",2,"2026-07-04","Adults","quantile","0.55",150
"Seasonal Baseline","2026-06-20",2,"2026-07-04","Adults","quantile","0.6",155
"Seasonal Baseline","2026-06-20",2,"2026-07-04","Adults","quantile","0.65",161
"Seasonal Baseline","2026-06-20",2,"2026-07-04","Adults","quantile","0.7",167
"Seasonal Baseline","2026-06-20",2,"2026-07-04","Adults","quantile","0.75",174
"Seasonal Baseline","2026-06-20",2,"2026-07-04","Adults","quantile","0.8",181
"Seasonal Baseline","2026-06-20",2,"2026-07-04","Adults","quantile","0.85",192
"Seasonal Baseline","2026-06-20",2,"2026-07-04","Adults","quantile","0.9",205
"Seasonal Baseline","2026-06-20",2,"2026-07-04","Adults","quantile","0.95",225
"Seasonal Baseline","2026-06-20",2,"2026-07-04","Adults","quantile","0.975",249
"Seasonal Baseline","2026-06-20",2,"2026-07-04","Adults","quantile","0.99",275
"Seasonal Baseline","2026-06-20",3,"2026-07-11","Adults","quantile","0.01",75
"Seasonal Baseline","2026-06-20",3,"2026-07-11","Adults","quantile","0.025",83
"Seasonal Baseline","2026-06-20",3,"2026-07-11","Adults","quantile","0.05",90
"Seasonal Baseline","2026-06-20",3,"2026-07-11","Adults","quantile","0.1",99
"Seasonal Baseline","2026-06-20",3,"2026-07-11","Adults","quantile","0.15",106
"Seasonal Baseline","2026-06-20",3,"2026-07-11","Adults","quantile","0.2",112
"Seasonal Baseline","2026-06-20",3,"2026-07-11","Adults","quantile","0.25",117
"Seasonal Baseline","2026-06-20",3,"2026-07-11","Adults","quantile","0.3",122
"Seasonal Baseline","2026-06-20",3,"2026-07-11","Adults","quantile","0.35",127
"Seasonal Baseline","2026-06-20",3,"2026-07-11","Adults","quantile","0.4",131
"Seasonal Baseline","2026-06-20",3,"2026-07-11","Adults","quantile","0.45",136
"Seasonal Baseline","2026-06-20",3,"2026-07-11","Adults","quantile","0.5",141
"Seasonal Baseline","2026-06-20",3,"2026-07-11","Adults","quantile","0.55",146
"Seasonal Baseline","2026-06-20",3,"2026-07-11","Adults","quantile","0.6",151
"Seasonal Baseline","2026-06-20",3,"2026-07-11","Adults","quantile","0.65",157
"Seasonal Baseline","2026-06-20",3,"2026-07-11","Adults","quantile","0.7",162
"Seasonal Baseline","2026-06-20",3,"2026-07-11","Adults","quantile","0.75",170
"Seasonal Baseline","2026-06-20",3,"2026-07-11","Adults","quantile","0.8",178
"Seasonal Baseline","2026-06-20",3,"2026-07-11","Adults","quantile","0.85",187
"Seasonal Baseline","2026-06-20",3,"2026-07-11","Adults","quantile","0.9",200
"Seasonal Baseline","2026-06-20",3,"2026-07-11","Adults","quantile","0.95",220
"Seasonal Baseline","2026-06-20",3,"2026-07-11","Adults","quantile","0.975",240
"Seasonal Baseline","2026-06-20",3,"2026-07-11","Adults","quantile","0.99",266
"Seasonal Baseline","2026-06-20",-4,"2026-05-23","Overall","quantile","0.01",170
"Seasonal Baseline","2026-06-20",-4,"2026-05-23","Overall","quantile","0.025",188
"Seasonal Baseline","2026-06-20",-4,"2026-05-23","Overall","quantile","0.05",203
"Seasonal Baseline","2026-06-20",-4,"2026-05-23","Overall","quantile","0.1",223
"Seasonal Baseline","2026-06-20",-4,"2026-05-23","Overall","quantile","0.15",237
"Seasonal Baseline","2026-06-20",-4,"2026-05-23","Overall","quantile","0.2",250
"Seasonal Baseline","2026-06-20",-4,"2026-05-23","Overall","quantile","0.25",260
"Seasonal Baseline","2026-06-20",-4,"2026-05-23","Overall","quantile","0.3",271
"Seasonal Baseline","2026-06-20",-4,"2026-05-23","Overall","quantile","0.35",281
"Seasonal Baseline","2026-06-20",-4,"2026-05-23","Overall","quantile","0.4",291
"Seasonal Baseline","2026-06-20",-4,"2026-05-23","Overall","quantile","0.45",301
"Seasonal Baseline","2026-06-20",-4,"2026-05-23","Overall","quantile","0.5",310
"Seasonal Baseline","2026-06-20",-4,"2026-05-23","Overall","quantile","0.55",321
"Seasonal Baseline","2026-06-20",-4,"2026-05-23","Overall","quantile","0.6",332
"Seasonal Baseline","2026-06-20",-4,"2026-05-23","Overall","quantile","0.65",344
"Seasonal Baseline","2026-06-20",-4,"2026-05-23","Overall","quantile","0.7",357
"Seasonal Baseline","2026-06-20",-4,"2026-05-23","Overall","quantile","0.75",372
"Seasonal Baseline","2026-06-20",-4,"2026-05-23","Overall","quantile","0.8",388
"Seasonal Baseline","2026-06-20",-4,"2026-05-23","Overall","quantile","0.85",407
"Seasonal Baseline","2026-06-20",-4,"2026-05-23","Overall","quantile","0.9",432
"Seasonal Baseline","2026-06-20",-4,"2026-05-23","Overall","quantile","0.95",474
"Seasonal Baseline","2026-06-20",-4,"2026-05-23","Overall","quantile","0.975",515
"Seasonal Baseline","2026-06-20",-4,"2026-05-23","Overall","quantile","0.99",568
"Seasonal Baseline","2026-06-20",-3,"2026-05-30","Overall","quantile","0.01",179
"Seasonal Baseline","2026-06-20",-3,"2026-05-30","Overall","quantile","0.025",197
"Seasonal Baseline","2026-06-20",-3,"2026-05-30","Overall","quantile","0.05",214
"Seasonal Baseline","2026-06-20",-3,"2026-05-30","Overall","quantile","0.1",235
"Seasonal Baseline","2026-06-20",-3,"2026-05-30","Overall","quantile","0.15",249
"Seasonal Baseline","2026-06-20",-3,"2026-05-30","Overall","quantile","0.2",263
"Seasonal Baseline","2026-06-20",-3,"2026-05-30","Overall","quantile","0.25",275
"Seasonal Baseline","2026-06-20",-3,"2026-05-30","Overall","quantile","0.3",285
"Seasonal Baseline","2026-06-20",-3,"2026-05-30","Overall","quantile","0.35",295
"Seasonal Baseline","2026-06-20",-3,"2026-05-30","Overall","quantile","0.4",305
"Seasonal Baseline","2026-06-20",-3,"2026-05-30","Overall","quantile","0.45",315
"Seasonal Baseline","2026-06-20",-3,"2026-05-30","Overall","quantile","0.5",326
"Seasonal Baseline","2026-06-20",-3,"2026-05-30","Overall","quantile","0.55",336
"Seasonal Baseline","2026-06-20",-3,"2026-05-30","Overall","quantile","0.6",347
"Seasonal Baseline","2026-06-20",-3,"2026-05-30","Overall","quantile","0.65",358
"Seasonal Baseline","2026-06-20",-3,"2026-05-30","Overall","quantile","0.7",371
"Seasonal Baseline","2026-06-20",-3,"2026-05-30","Overall","quantile","0.75",386
"Seasonal Baseline","2026-06-20",-3,"2026-05-30","Overall","quantile","0.8",403
"Seasonal Baseline","2026-06-20",-3,"2026-05-30","Overall","quantile","0.85",422
"Seasonal Baseline","2026-06-20",-3,"2026-05-30","Overall","quantile","0.9",450
"Seasonal Baseline","2026-06-20",-3,"2026-05-30","Overall","quantile","0.95",495
"Seasonal Baseline","2026-06-20",-3,"2026-05-30","Overall","quantile","0.975",539
"Seasonal Baseline","2026-06-20",-3,"2026-05-30","Overall","quantile","0.99",595
"Seasonal Baseline","2026-06-20",-2,"2026-06-06","Overall","quantile","0.01",184
"Seasonal Baseline","2026-06-20",-2,"2026-06-06","Overall","quantile","0.025",202
"Seasonal Baseline","2026-06-20",-2,"2026-06-06","Overall","quantile","0.05",218
"Seasonal Baseline","2026-06-20",-2,"2026-06-06","Overall","quantile","0.1",239
"Seasonal Baseline","2026-06-20",-2,"2026-06-06","Overall","quantile","0.15",253
"Seasonal Baseline","2026-06-20",-2,"2026-06-06","Overall","quantile","0.2",267
"Seasonal Baseline","2026-06-20",-2,"2026-06-06","Overall","quantile","0.25",279
"Seasonal Baseline","2026-06-20",-2,"2026-06-06","Overall","quantile","0.3",290
"Seasonal Baseline","2026-06-20",-2,"2026-06-06","Overall","quantile","0.35",301
"Seasonal Baseline","2026-06-20",-2,"2026-06-06","Overall","quantile","0.4",310
"Seasonal Baseline","2026-06-20",-2,"2026-06-06","Overall","quantile","0.45",320
"Seasonal Baseline","2026-06-20",-2,"2026-06-06","Overall","quantile","0.5",331
"Seasonal Baseline","2026-06-20",-2,"2026-06-06","Overall","quantile","0.55",341
"Seasonal Baseline","2026-06-20",-2,"2026-06-06","Overall","quantile","0.6",352
"Seasonal Baseline","2026-06-20",-2,"2026-06-06","Overall","quantile","0.65",364
"Seasonal Baseline","2026-06-20",-2,"2026-06-06","Overall","quantile","0.7",378
"Seasonal Baseline","2026-06-20",-2,"2026-06-06","Overall","quantile","0.75",393
"Seasonal Baseline","2026-06-20",-2,"2026-06-06","Overall","quantile","0.8",411
"Seasonal Baseline","2026-06-20",-2,"2026-06-06","Overall","quantile","0.85",432
"Seasonal Baseline","2026-06-20",-2,"2026-06-06","Overall","quantile","0.9",461
"Seasonal Baseline","2026-06-20",-2,"2026-06-06","Overall","quantile","0.95",504
"Seasonal Baseline","2026-06-20",-2,"2026-06-06","Overall","quantile","0.975",547
"Seasonal Baseline","2026-06-20",-2,"2026-06-06","Overall","quantile","0.99",601
"Seasonal Baseline","2026-06-20",-1,"2026-06-13","Overall","quantile","0.01",180
"Seasonal Baseline","2026-06-20",-1,"2026-06-13","Overall","quantile","0.025",198
"Seasonal Baseline","2026-06-20",-1,"2026-06-13","Overall","quantile","0.05",214
"Seasonal Baseline","2026-06-20",-1,"2026-06-13","Overall","quantile","0.1",235
"Seasonal Baseline","2026-06-20",-1,"2026-06-13","Overall","quantile","0.15",250
"Seasonal Baseline","2026-06-20",-1,"2026-06-13","Overall","quantile","0.2",262
"Seasonal Baseline","2026-06-20",-1,"2026-06-13","Overall","quantile","0.25",275
"Seasonal Baseline","2026-06-20",-1,"2026-06-13","Overall","quantile","0.3",286
"Seasonal Baseline","2026-06-20",-1,"2026-06-13","Overall","quantile","0.35",296
"Seasonal Baseline","2026-06-20",-1,"2026-06-13","Overall","quantile","0.4",307
"Seasonal Baseline","2026-06-20",-1,"2026-06-13","Overall","quantile","0.45",317
"Seasonal Baseline","2026-06-20",-1,"2026-06-13","Overall","quantile","0.5",328
"Seasonal Baseline","2026-06-20",-1,"2026-06-13","Overall","quantile","0.55",337
"Seasonal Baseline","2026-06-20",-1,"2026-06-13","Overall","quantile","0.6",348
"Seasonal Baseline","2026-06-20",-1,"2026-06-13","Overall","quantile","0.65",360
"Seasonal Baseline","2026-06-20",-1,"2026-06-13","Overall","quantile","0.7",373
"Seasonal Baseline","2026-06-20",-1,"2026-06-13","Overall","quantile","0.75",387
"Seasonal Baseline","2026-06-20",-1,"2026-06-13","Overall","quantile","0.8",405
"Seasonal Baseline","2026-06-20",-1,"2026-06-13","Overall","quantile","0.85",426
"Seasonal Baseline","2026-06-20",-1,"2026-06-13","Overall","quantile","0.9",452
"Seasonal Baseline","2026-06-20",-1,"2026-06-13","Overall","quantile","0.95",497
"Seasonal Baseline","2026-06-20",-1,"2026-06-13","Overall","quantile","0.975",539
"Seasonal Baseline","2026-06-20",-1,"2026-06-13","Overall","quantile","0.99",590
"Seasonal Baseline","2026-06-20",0,"2026-06-20","Overall","quantile","0.01",176
"Seasonal Baseline","2026-06-20",0,"2026-06-20","Overall","quantile","0.025",192
"Seasonal Baseline","2026-06-20",0,"2026-06-20","Overall","quantile","0.05",207
"Seasonal Baseline","2026-06-20",0,"2026-06-20","Overall","quantile","0.1",228
"Seasonal Baseline","2026-06-20",0,"2026-06-20","Overall","quantile","0.15",243
"Seasonal Baseline","2026-06-20",0,"2026-06-20","Overall","quantile","0.2",255
"Seasonal Baseline","2026-06-20",0,"2026-06-20","Overall","quantile","0.25",266
"Seasonal Baseline","2026-06-20",0,"2026-06-20","Overall","quantile","0.3",277
"Seasonal Baseline","2026-06-20",0,"2026-06-20","Overall","quantile","0.35",288
"Seasonal Baseline","2026-06-20",0,"2026-06-20","Overall","quantile","0.4",297
"Seasonal Baseline","2026-06-20",0,"2026-06-20","Overall","quantile","0.45",307
"Seasonal Baseline","2026-06-20",0,"2026-06-20","Overall","quantile","0.5",317
"Seasonal Baseline","2026-06-20",0,"2026-06-20","Overall","quantile","0.55",327
"Seasonal Baseline","2026-06-20",0,"2026-06-20","Overall","quantile","0.6",338
"Seasonal Baseline","2026-06-20",0,"2026-06-20","Overall","quantile","0.65",350
"Seasonal Baseline","2026-06-20",0,"2026-06-20","Overall","quantile","0.7",364
"Seasonal Baseline","2026-06-20",0,"2026-06-20","Overall","quantile","0.75",379
"Seasonal Baseline","2026-06-20",0,"2026-06-20","Overall","quantile","0.8",396
"Seasonal Baseline","2026-06-20",0,"2026-06-20","Overall","quantile","0.85",415
"Seasonal Baseline","2026-06-20",0,"2026-06-20","Overall","quantile","0.9",442
"Seasonal Baseline","2026-06-20",0,"2026-06-20","Overall","quantile","0.95",484
"Seasonal Baseline","2026-06-20",0,"2026-06-20","Overall","quantile","0.975",523
"Seasonal Baseline","2026-06-20",0,"2026-06-20","Overall","quantile","0.99",571
"Seasonal Baseline","2026-06-20",1,"2026-06-27","Overall","quantile","0.01",166
"Seasonal Baseline","2026-06-20",1,"2026-06-27","Overall","quantile","0.025",182
"Seasonal Baseline","2026-06-20",1,"2026-06-27","Overall","quantile","0.05",196
"Seasonal Baseline","2026-06-20",1,"2026-06-27","Overall","quantile","0.1",216
"Seasonal Baseline","2026-06-20",1,"2026-06-27","Overall","quantile","0.15",231
"Seasonal Baseline","2026-06-20",1,"2026-06-27","Overall","quantile","0.2",242
"Seasonal Baseline","2026-06-20",1,"2026-06-27","Overall","quantile","0.25",252
"Seasonal Baseline","2026-06-20",1,"2026-06-27","Overall","quantile","0.3",263
"Seasonal Baseline","2026-06-20",1,"2026-06-27","Overall","quantile","0.35",272
"Seasonal Baseline","2026-06-20",1,"2026-06-27","Overall","quantile","0.4",281
"Seasonal Baseline","2026-06-20",1,"2026-06-27","Overall","quantile","0.45",291
"Seasonal Baseline","2026-06-20",1,"2026-06-27","Overall","quantile","0.5",300
"Seasonal Baseline","2026-06-20",1,"2026-06-27","Overall","quantile","0.55",310
"Seasonal Baseline","2026-06-20",1,"2026-06-27","Overall","quantile","0.6",320
"Seasonal Baseline","2026-06-20",1,"2026-06-27","Overall","quantile","0.65",330
"Seasonal Baseline","2026-06-20",1,"2026-06-27","Overall","quantile","0.7",342
"Seasonal Baseline","2026-06-20",1,"2026-06-27","Overall","quantile","0.75",355
"Seasonal Baseline","2026-06-20",1,"2026-06-27","Overall","quantile","0.8",371
"Seasonal Baseline","2026-06-20",1,"2026-06-27","Overall","quantile","0.85",390
"Seasonal Baseline","2026-06-20",1,"2026-06-27","Overall","quantile","0.9",414
"Seasonal Baseline","2026-06-20",1,"2026-06-27","Overall","quantile","0.95",457
"Seasonal Baseline","2026-06-20",1,"2026-06-27","Overall","quantile","0.975",499
"Seasonal Baseline","2026-06-20",1,"2026-06-27","Overall","quantile","0.99",552
"Seasonal Baseline","2026-06-20",2,"2026-07-04","Overall","quantile","0.01",157
"Seasonal Baseline","2026-06-20",2,"2026-07-04","Overall","quantile","0.025",172
"Seasonal Baseline","2026-06-20",2,"2026-07-04","Overall","quantile","0.05",186
"Seasonal Baseline","2026-06-20",2,"2026-07-04","Overall","quantile","0.1",204
"Seasonal Baseline","2026-06-20",2,"2026-07-04","Overall","quantile","0.15",217
"Seasonal Baseline","2026-06-20",2,"2026-07-04","Overall","quantile","0.2",227
"Seasonal Baseline","2026-06-20",2,"2026-07-04","Overall","quantile","0.25",237
"Seasonal Baseline","2026-06-20",2,"2026-07-04","Overall","quantile","0.3",247
"Seasonal Baseline","2026-06-20",2,"2026-07-04","Overall","quantile","0.35",256
"Seasonal Baseline","2026-06-20",2,"2026-07-04","Overall","quantile","0.4",265
"Seasonal Baseline","2026-06-20",2,"2026-07-04","Overall","quantile","0.45",274
"Seasonal Baseline","2026-06-20",2,"2026-07-04","Overall","quantile","0.5",283
"Seasonal Baseline","2026-06-20",2,"2026-07-04","Overall","quantile","0.55",292
"Seasonal Baseline","2026-06-20",2,"2026-07-04","Overall","quantile","0.6",302
"Seasonal Baseline","2026-06-20",2,"2026-07-04","Overall","quantile","0.65",313
"Seasonal Baseline","2026-06-20",2,"2026-07-04","Overall","quantile","0.7",325
"Seasonal Baseline","2026-06-20",2,"2026-07-04","Overall","quantile","0.75",338
"Seasonal Baseline","2026-06-20",2,"2026-07-04","Overall","quantile","0.8",353
"Seasonal Baseline","2026-06-20",2,"2026-07-04","Overall","quantile","0.85",372
"Seasonal Baseline","2026-06-20",2,"2026-07-04","Overall","quantile","0.9",393
"Seasonal Baseline","2026-06-20",2,"2026-07-04","Overall","quantile","0.95",432
"Seasonal Baseline","2026-06-20",2,"2026-07-04","Overall","quantile","0.975",466
"Seasonal Baseline","2026-06-20",2,"2026-07-04","Overall","quantile","0.99",507
"Seasonal Baseline","2026-06-20",3,"2026-07-11","Overall","quantile","0.01",145
"Seasonal Baseline","2026-06-20",3,"2026-07-11","Overall","quantile","0.025",162
"Seasonal Baseline","2026-06-20",3,"2026-07-11","Overall","quantile","0.05",177
"Seasonal Baseline","2026-06-20",3,"2026-07-11","Overall","quantile","0.1",195
"Seasonal Baseline","2026-06-20",3,"2026-07-11","Overall","quantile","0.15",207
"Seasonal Baseline","2026-06-20",3,"2026-07-11","Overall","quantile","0.2",217
"Seasonal Baseline","2026-06-20",3,"2026-07-11","Overall","quantile","0.25",227
"Seasonal Baseline","2026-06-20",3,"2026-07-11","Overall","quantile","0.3",235
"Seasonal Baseline","2026-06-20",3,"2026-07-11","Overall","quantile","0.35",245
"Seasonal Baseline","2026-06-20",3,"2026-07-11","Overall","quantile","0.4",253
"Seasonal Baseline","2026-06-20",3,"2026-07-11","Overall","quantile","0.45",262
"Seasonal Baseline","2026-06-20",3,"2026-07-11","Overall","quantile","0.5",270
"Seasonal Baseline","2026-06-20",3,"2026-07-11","Overall","quantile","0.55",279
"Seasonal Baseline","2026-06-20",3,"2026-07-11","Overall","quantile","0.6",288
"Seasonal Baseline","2026-06-20",3,"2026-07-11","Overall","quantile","0.65",299
"Seasonal Baseline","2026-06-20",3,"2026-07-11","Overall","quantile","0.7",310
"Seasonal Baseline","2026-06-20",3,"2026-07-11","Overall","quantile","0.75",322
"Seasonal Baseline","2026-06-20",3,"2026-07-11","Overall","quantile","0.8",336
"Seasonal Baseline","2026-06-20",3,"2026-07-11","Overall","quantile","0.85",354
"Seasonal Baseline","2026-06-20",3,"2026-07-11","Overall","quantile","0.9",378
"Seasonal Baseline","2026-06-20",3,"2026-07-11","Overall","quantile","0.95",415
"Seasonal Baseline","2026-06-20",3,"2026-07-11","Overall","quantile","0.975",450
"Seasonal Baseline","2026-06-20",3,"2026-07-11","Overall","quantile","0.99",499
"Seasonal Baseline","2026-06-20",-4,"2026-05-23","Pediatrics","quantile","0.01",68
"Seasonal Baseline","2026-06-20",-4,"2026-05-23","Pediatrics","quantile","0.025",77
"Seasonal Baseline","2026-06-20",-4,"2026-05-23","Pediatrics","quantile","0.05",86
"Seasonal Baseline","2026-06-20",-4,"2026-05-23","Pediatrics","quantile","0.1",97
"Seasonal Baseline","2026-06-20",-4,"2026-05-23","Pediatrics","quantile","0.15",105
"Seasonal Baseline","2026-06-20",-4,"2026-05-23","Pediatrics","quantile","0.2",113
"Seasonal Baseline","2026-06-20",-4,"2026-05-23","Pediatrics","quantile","0.25",119
"Seasonal Baseline","2026-06-20",-4,"2026-05-23","Pediatrics","quantile","0.3",125
"Seasonal Baseline","2026-06-20",-4,"2026-05-23","Pediatrics","quantile","0.35",131
"Seasonal Baseline","2026-06-20",-4,"2026-05-23","Pediatrics","quantile","0.4",137
"Seasonal Baseline","2026-06-20",-4,"2026-05-23","Pediatrics","quantile","0.45",143
"Seasonal Baseline","2026-06-20",-4,"2026-05-23","Pediatrics","quantile","0.5",149
"Seasonal Baseline","2026-06-20",-4,"2026-05-23","Pediatrics","quantile","0.55",155
"Seasonal Baseline","2026-06-20",-4,"2026-05-23","Pediatrics","quantile","0.6",162
"Seasonal Baseline","2026-06-20",-4,"2026-05-23","Pediatrics","quantile","0.65",170
"Seasonal Baseline","2026-06-20",-4,"2026-05-23","Pediatrics","quantile","0.7",179
"Seasonal Baseline","2026-06-20",-4,"2026-05-23","Pediatrics","quantile","0.75",188
"Seasonal Baseline","2026-06-20",-4,"2026-05-23","Pediatrics","quantile","0.8",198
"Seasonal Baseline","2026-06-20",-4,"2026-05-23","Pediatrics","quantile","0.85",212
"Seasonal Baseline","2026-06-20",-4,"2026-05-23","Pediatrics","quantile","0.9",230
"Seasonal Baseline","2026-06-20",-4,"2026-05-23","Pediatrics","quantile","0.95",263
"Seasonal Baseline","2026-06-20",-4,"2026-05-23","Pediatrics","quantile","0.975",289
"Seasonal Baseline","2026-06-20",-4,"2026-05-23","Pediatrics","quantile","0.99",320
"Seasonal Baseline","2026-06-20",-3,"2026-05-30","Pediatrics","quantile","0.01",75
"Seasonal Baseline","2026-06-20",-3,"2026-05-30","Pediatrics","quantile","0.025",84
"Seasonal Baseline","2026-06-20",-3,"2026-05-30","Pediatrics","quantile","0.05",94
"Seasonal Baseline","2026-06-20",-3,"2026-05-30","Pediatrics","quantile","0.1",107
"Seasonal Baseline","2026-06-20",-3,"2026-05-30","Pediatrics","quantile","0.15",116
"Seasonal Baseline","2026-06-20",-3,"2026-05-30","Pediatrics","quantile","0.2",124
"Seasonal Baseline","2026-06-20",-3,"2026-05-30","Pediatrics","quantile","0.25",131
"Seasonal Baseline","2026-06-20",-3,"2026-05-30","Pediatrics","quantile","0.3",138
"Seasonal Baseline","2026-06-20",-3,"2026-05-30","Pediatrics","quantile","0.35",145
"Seasonal Baseline","2026-06-20",-3,"2026-05-30","Pediatrics","quantile","0.4",151
"Seasonal Baseline","2026-06-20",-3,"2026-05-30","Pediatrics","quantile","0.45",157
"Seasonal Baseline","2026-06-20",-3,"2026-05-30","Pediatrics","quantile","0.5",164
"Seasonal Baseline","2026-06-20",-3,"2026-05-30","Pediatrics","quantile","0.55",171
"Seasonal Baseline","2026-06-20",-3,"2026-05-30","Pediatrics","quantile","0.6",178
"Seasonal Baseline","2026-06-20",-3,"2026-05-30","Pediatrics","quantile","0.65",186
"Seasonal Baseline","2026-06-20",-3,"2026-05-30","Pediatrics","quantile","0.7",195
"Seasonal Baseline","2026-06-20",-3,"2026-05-30","Pediatrics","quantile","0.75",205
"Seasonal Baseline","2026-06-20",-3,"2026-05-30","Pediatrics","quantile","0.8",218
"Seasonal Baseline","2026-06-20",-3,"2026-05-30","Pediatrics","quantile","0.85",233
"Seasonal Baseline","2026-06-20",-3,"2026-05-30","Pediatrics","quantile","0.9",253
"Seasonal Baseline","2026-06-20",-3,"2026-05-30","Pediatrics","quantile","0.95",285
"Seasonal Baseline","2026-06-20",-3,"2026-05-30","Pediatrics","quantile","0.975",317
"Seasonal Baseline","2026-06-20",-3,"2026-05-30","Pediatrics","quantile","0.99",356
"Seasonal Baseline","2026-06-20",-2,"2026-06-06","Pediatrics","quantile","0.01",79
"Seasonal Baseline","2026-06-20",-2,"2026-06-06","Pediatrics","quantile","0.025",90
"Seasonal Baseline","2026-06-20",-2,"2026-06-06","Pediatrics","quantile","0.05",101
"Seasonal Baseline","2026-06-20",-2,"2026-06-06","Pediatrics","quantile","0.1",114
"Seasonal Baseline","2026-06-20",-2,"2026-06-06","Pediatrics","quantile","0.15",123
"Seasonal Baseline","2026-06-20",-2,"2026-06-06","Pediatrics","quantile","0.2",131
"Seasonal Baseline","2026-06-20",-2,"2026-06-06","Pediatrics","quantile","0.25",139
"Seasonal Baseline","2026-06-20",-2,"2026-06-06","Pediatrics","quantile","0.3",145
"Seasonal Baseline","2026-06-20",-2,"2026-06-06","Pediatrics","quantile","0.35",152
"Seasonal Baseline","2026-06-20",-2,"2026-06-06","Pediatrics","quantile","0.4",159
"Seasonal Baseline","2026-06-20",-2,"2026-06-06","Pediatrics","quantile","0.45",166
"Seasonal Baseline","2026-06-20",-2,"2026-06-06","Pediatrics","quantile","0.5",173
"Seasonal Baseline","2026-06-20",-2,"2026-06-06","Pediatrics","quantile","0.55",180
"Seasonal Baseline","2026-06-20",-2,"2026-06-06","Pediatrics","quantile","0.6",189
"Seasonal Baseline","2026-06-20",-2,"2026-06-06","Pediatrics","quantile","0.65",197
"Seasonal Baseline","2026-06-20",-2,"2026-06-06","Pediatrics","quantile","0.7",207
"Seasonal Baseline","2026-06-20",-2,"2026-06-06","Pediatrics","quantile","0.75",218
"Seasonal Baseline","2026-06-20",-2,"2026-06-06","Pediatrics","quantile","0.8",231
"Seasonal Baseline","2026-06-20",-2,"2026-06-06","Pediatrics","quantile","0.85",247
"Seasonal Baseline","2026-06-20",-2,"2026-06-06","Pediatrics","quantile","0.9",267
"Seasonal Baseline","2026-06-20",-2,"2026-06-06","Pediatrics","quantile","0.95",300
"Seasonal Baseline","2026-06-20",-2,"2026-06-06","Pediatrics","quantile","0.975",332
"Seasonal Baseline","2026-06-20",-2,"2026-06-06","Pediatrics","quantile","0.99",369
"Seasonal Baseline","2026-06-20",-1,"2026-06-13","Pediatrics","quantile","0.01",80
"Seasonal Baseline","2026-06-20",-1,"2026-06-13","Pediatrics","quantile","0.025",91
"Seasonal Baseline","2026-06-20",-1,"2026-06-13","Pediatrics","quantile","0.05",100
"Seasonal Baseline","2026-06-20",-1,"2026-06-13","Pediatrics","quantile","0.1",113
"Seasonal Baseline","2026-06-20",-1,"2026-06-13","Pediatrics","quantile","0.15",122
"Seasonal Baseline","2026-06-20",-1,"2026-06-13","Pediatrics","quantile","0.2",131
"Seasonal Baseline","2026-06-20",-1,"2026-06-13","Pediatrics","quantile","0.25",138
"Seasonal Baseline","2026-06-20",-1,"2026-06-13","Pediatrics","quantile","0.3",146
"Seasonal Baseline","2026-06-20",-1,"2026-06-13","Pediatrics","quantile","0.35",153
"Seasonal Baseline","2026-06-20",-1,"2026-06-13","Pediatrics","quantile","0.4",161
"Seasonal Baseline","2026-06-20",-1,"2026-06-13","Pediatrics","quantile","0.45",167
"Seasonal Baseline","2026-06-20",-1,"2026-06-13","Pediatrics","quantile","0.5",174
"Seasonal Baseline","2026-06-20",-1,"2026-06-13","Pediatrics","quantile","0.55",182
"Seasonal Baseline","2026-06-20",-1,"2026-06-13","Pediatrics","quantile","0.6",189
"Seasonal Baseline","2026-06-20",-1,"2026-06-13","Pediatrics","quantile","0.65",198
"Seasonal Baseline","2026-06-20",-1,"2026-06-13","Pediatrics","quantile","0.7",207
"Seasonal Baseline","2026-06-20",-1,"2026-06-13","Pediatrics","quantile","0.75",218
"Seasonal Baseline","2026-06-20",-1,"2026-06-13","Pediatrics","quantile","0.8",230
"Seasonal Baseline","2026-06-20",-1,"2026-06-13","Pediatrics","quantile","0.85",245
"Seasonal Baseline","2026-06-20",-1,"2026-06-13","Pediatrics","quantile","0.9",267
"Seasonal Baseline","2026-06-20",-1,"2026-06-13","Pediatrics","quantile","0.95",303
"Seasonal Baseline","2026-06-20",-1,"2026-06-13","Pediatrics","quantile","0.975",338
"Seasonal Baseline","2026-06-20",-1,"2026-06-13","Pediatrics","quantile","0.99",389
"Seasonal Baseline","2026-06-20",0,"2026-06-20","Pediatrics","quantile","0.01",77
"Seasonal Baseline","2026-06-20",0,"2026-06-20","Pediatrics","quantile","0.025",86
"Seasonal Baseline","2026-06-20",0,"2026-06-20","Pediatrics","quantile","0.05",95
"Seasonal Baseline","2026-06-20",0,"2026-06-20","Pediatrics","quantile","0.1",108
"Seasonal Baseline","2026-06-20",0,"2026-06-20","Pediatrics","quantile","0.15",117
"Seasonal Baseline","2026-06-20",0,"2026-06-20","Pediatrics","quantile","0.2",125
"Seasonal Baseline","2026-06-20",0,"2026-06-20","Pediatrics","quantile","0.25",132
"Seasonal Baseline","2026-06-20",0,"2026-06-20","Pediatrics","quantile","0.3",139
"Seasonal Baseline","2026-06-20",0,"2026-06-20","Pediatrics","quantile","0.35",146
"Seasonal Baseline","2026-06-20",0,"2026-06-20","Pediatrics","quantile","0.4",152
"Seasonal Baseline","2026-06-20",0,"2026-06-20","Pediatrics","quantile","0.45",159
"Seasonal Baseline","2026-06-20",0,"2026-06-20","Pediatrics","quantile","0.5",165
"Seasonal Baseline","2026-06-20",0,"2026-06-20","Pediatrics","quantile","0.55",172
"Seasonal Baseline","2026-06-20",0,"2026-06-20","Pediatrics","quantile","0.6",180
"Seasonal Baseline","2026-06-20",0,"2026-06-20","Pediatrics","quantile","0.65",188
"Seasonal Baseline","2026-06-20",0,"2026-06-20","Pediatrics","quantile","0.7",197
"Seasonal Baseline","2026-06-20",0,"2026-06-20","Pediatrics","quantile","0.75",207
"Seasonal Baseline","2026-06-20",0,"2026-06-20","Pediatrics","quantile","0.8",218
"Seasonal Baseline","2026-06-20",0,"2026-06-20","Pediatrics","quantile","0.85",232
"Seasonal Baseline","2026-06-20",0,"2026-06-20","Pediatrics","quantile","0.9",251
"Seasonal Baseline","2026-06-20",0,"2026-06-20","Pediatrics","quantile","0.95",283
"Seasonal Baseline","2026-06-20",0,"2026-06-20","Pediatrics","quantile","0.975",315
"Seasonal Baseline","2026-06-20",0,"2026-06-20","Pediatrics","quantile","0.99",352
"Seasonal Baseline","2026-06-20",1,"2026-06-27","Pediatrics","quantile","0.01",67
"Seasonal Baseline","2026-06-20",1,"2026-06-27","Pediatrics","quantile","0.025",77
"Seasonal Baseline","2026-06-20",1,"2026-06-27","Pediatrics","quantile","0.05",86
"Seasonal Baseline","2026-06-20",1,"2026-06-27","Pediatrics","quantile","0.1",96
"Seasonal Baseline","2026-06-20",1,"2026-06-27","Pediatrics","quantile","0.15",104
"Seasonal Baseline","2026-06-20",1,"2026-06-27","Pediatrics","quantile","0.2",111
"Seasonal Baseline","2026-06-20",1,"2026-06-27","Pediatrics","quantile","0.25",118
"Seasonal Baseline","2026-06-20",1,"2026-06-27","Pediatrics","quantile","0.3",124
"Seasonal Baseline","2026-06-20",1,"2026-06-27","Pediatrics","quantile","0.35",130
"Seasonal Baseline","2026-06-20",1,"2026-06-27","Pediatrics","quantile","0.4",136
"Seasonal Baseline","2026-06-20",1,"2026-06-27","Pediatrics","quantile","0.45",142
"Seasonal Baseline","2026-06-20",1,"2026-06-27","Pediatrics","quantile","0.5",148
"Seasonal Baseline","2026-06-20",1,"2026-06-27","Pediatrics","quantile","0.55",154
"Seasonal Baseline","2026-06-20",1,"2026-06-27","Pediatrics","quantile","0.6",161
"Seasonal Baseline","2026-06-20",1,"2026-06-27","Pediatrics","quantile","0.65",168
"Seasonal Baseline","2026-06-20",1,"2026-06-27","Pediatrics","quantile","0.7",176
"Seasonal Baseline","2026-06-20",1,"2026-06-27","Pediatrics","quantile","0.75",186
"Seasonal Baseline","2026-06-20",1,"2026-06-27","Pediatrics","quantile","0.8",196
"Seasonal Baseline","2026-06-20",1,"2026-06-27","Pediatrics","quantile","0.85",209
"Seasonal Baseline","2026-06-20",1,"2026-06-27","Pediatrics","quantile","0.9",226
"Seasonal Baseline","2026-06-20",1,"2026-06-27","Pediatrics","quantile","0.95",257
"Seasonal Baseline","2026-06-20",1,"2026-06-27","Pediatrics","quantile","0.975",285
"Seasonal Baseline","2026-06-20",1,"2026-06-27","Pediatrics","quantile","0.99",323
"Seasonal Baseline","2026-06-20",2,"2026-07-04","Pediatrics","quantile","0.01",60
"Seasonal Baseline","2026-06-20",2,"2026-07-04","Pediatrics","quantile","0.025",68
"Seasonal Baseline","2026-06-20",2,"2026-07-04","Pediatrics","quantile","0.05",76
"Seasonal Baseline","2026-06-20",2,"2026-07-04","Pediatrics","quantile","0.1",85
"Seasonal Baseline","2026-06-20",2,"2026-07-04","Pediatrics","quantile","0.15",93
"Seasonal Baseline","2026-06-20",2,"2026-07-04","Pediatrics","quantile","0.2",99
"Seasonal Baseline","2026-06-20",2,"2026-07-04","Pediatrics","quantile","0.25",105
"Seasonal Baseline","2026-06-20",2,"2026-07-04","Pediatrics","quantile","0.3",110
"Seasonal Baseline","2026-06-20",2,"2026-07-04","Pediatrics","quantile","0.35",116
"Seasonal Baseline","2026-06-20",2,"2026-07-04","Pediatrics","quantile","0.4",121
"Seasonal Baseline","2026-06-20",2,"2026-07-04","Pediatrics","quantile","0.45",126
"Seasonal Baseline","2026-06-20",2,"2026-07-04","Pediatrics","quantile","0.5",131
"Seasonal Baseline","2026-06-20",2,"2026-07-04","Pediatrics","quantile","0.55",137
"Seasonal Baseline","2026-06-20",2,"2026-07-04","Pediatrics","quantile","0.6",144
"Seasonal Baseline","2026-06-20",2,"2026-07-04","Pediatrics","quantile","0.65",150
"Seasonal Baseline","2026-06-20",2,"2026-07-04","Pediatrics","quantile","0.7",157
"Seasonal Baseline","2026-06-20",2,"2026-07-04","Pediatrics","quantile","0.75",165
"Seasonal Baseline","2026-06-20",2,"2026-07-04","Pediatrics","quantile","0.8",175
"Seasonal Baseline","2026-06-20",2,"2026-07-04","Pediatrics","quantile","0.85",186
"Seasonal Baseline","2026-06-20",2,"2026-07-04","Pediatrics","quantile","0.9",202
"Seasonal Baseline","2026-06-20",2,"2026-07-04","Pediatrics","quantile","0.95",229
"Seasonal Baseline","2026-06-20",2,"2026-07-04","Pediatrics","quantile","0.975",255
"Seasonal Baseline","2026-06-20",2,"2026-07-04","Pediatrics","quantile","0.99",288
"Seasonal Baseline","2026-06-20",3,"2026-07-11","Pediatrics","quantile","0.01",54
"Seasonal Baseline","2026-06-20",3,"2026-07-11","Pediatrics","quantile","0.025",61
"Seasonal Baseline","2026-06-20",3,"2026-07-11","Pediatrics","quantile","0.05",68
"Seasonal Baseline","2026-06-20",3,"2026-07-11","Pediatrics","quantile","0.1",77
"Seasonal Baseline","2026-06-20",3,"2026-07-11","Pediatrics","quantile","0.15",83
"Seasonal Baseline","2026-06-20",3,"2026-07-11","Pediatrics","quantile","0.2",89
"Seasonal Baseline","2026-06-20",3,"2026-07-11","Pediatrics","quantile","0.25",94
"Seasonal Baseline","2026-06-20",3,"2026-07-11","Pediatrics","quantile","0.3",99
"Seasonal Baseline","2026-06-20",3,"2026-07-11","Pediatrics","quantile","0.35",104
"Seasonal Baseline","2026-06-20",3,"2026-07-11","Pediatrics","quantile","0.4",108
"Seasonal Baseline","2026-06-20",3,"2026-07-11","Pediatrics","quantile","0.45",112
"Seasonal Baseline","2026-06-20",3,"2026-07-11","Pediatrics","quantile","0.5",117
"Seasonal Baseline","2026-06-20",3,"2026-07-11","Pediatrics","quantile","0.55",122
"Seasonal Baseline","2026-06-20",3,"2026-07-11","Pediatrics","quantile","0.6",128
"Seasonal Baseline","2026-06-20",3,"2026-07-11","Pediatrics","quantile","0.65",134
"Seasonal Baseline","2026-06-20",3,"2026-07-11","Pediatrics","quantile","0.7",140
"Seasonal Baseline","2026-06-20",3,"2026-07-11","Pediatrics","quantile","0.75",148
"Seasonal Baseline","2026-06-20",3,"2026-07-11","Pediatrics","quantile","0.8",156
"Seasonal Baseline","2026-06-20",3,"2026-07-11","Pediatrics","quantile","0.85",167
"Seasonal Baseline","2026-06-20",3,"2026-07-11","Pediatrics","quantile","0.9",180
"Seasonal Baseline","2026-06-20",3,"2026-07-11","Pediatrics","quantile","0.95",204
"Seasonal Baseline","2026-06-20",3,"2026-07-11","Pediatrics","quantile","0.975",229
"Seasonal Baseline","2026-06-20",3,"2026-07-11","Pediatrics","quantile","0.99",254
"Opt Baseline","2026-06-20",-4,"2026-05-23","Adults","quantile","0.01",97
"Opt Baseline","2026-06-20",-4,"2026-05-23","Adults","quantile","0.025",98
"Opt Baseline","2026-06-20",-4,"2026-05-23","Adults","quantile","0.05",99
"Opt Baseline","2026-06-20",-4,"2026-05-23","Adults","quantile","0.1",106
"Opt Baseline","2026-06-20",-4,"2026-05-23","Adults","quantile","0.15",115
"Opt Baseline","2026-06-20",-4,"2026-05-23","Adults","quantile","0.2",125
"Opt Baseline","2026-06-20",-4,"2026-05-23","Adults","quantile","0.25",126
"Opt Baseline","2026-06-20",-4,"2026-05-23","Adults","quantile","0.3",128
"Opt Baseline","2026-06-20",-4,"2026-05-23","Adults","quantile","0.35",130
"Opt Baseline","2026-06-20",-4,"2026-05-23","Adults","quantile","0.4",133
"Opt Baseline","2026-06-20",-4,"2026-05-23","Adults","quantile","0.45",137
"Opt Baseline","2026-06-20",-4,"2026-05-23","Adults","quantile","0.5",140
"Opt Baseline","2026-06-20",-4,"2026-05-23","Adults","quantile","0.55",143
"Opt Baseline","2026-06-20",-4,"2026-05-23","Adults","quantile","0.6",147
"Opt Baseline","2026-06-20",-4,"2026-05-23","Adults","quantile","0.65",150
"Opt Baseline","2026-06-20",-4,"2026-05-23","Adults","quantile","0.7",153
"Opt Baseline","2026-06-20",-4,"2026-05-23","Adults","quantile","0.75",155
"Opt Baseline","2026-06-20",-4,"2026-05-23","Adults","quantile","0.8",156
"Opt Baseline","2026-06-20",-4,"2026-05-23","Adults","quantile","0.85",167
"Opt Baseline","2026-06-20",-4,"2026-05-23","Adults","quantile","0.9",179
"Opt Baseline","2026-06-20",-4,"2026-05-23","Adults","quantile","0.95",188
"Opt Baseline","2026-06-20",-4,"2026-05-23","Adults","quantile","0.975",189
"Opt Baseline","2026-06-20",-4,"2026-05-23","Adults","quantile","0.99",190
"Opt Baseline","2026-06-20",-3,"2026-05-30","Adults","quantile","0.01",71
"Opt Baseline","2026-06-20",-3,"2026-05-30","Adults","quantile","0.025",83
"Opt Baseline","2026-06-20",-3,"2026-05-30","Adults","quantile","0.05",89
"Opt Baseline","2026-06-20",-3,"2026-05-30","Adults","quantile","0.1",99
"Opt Baseline","2026-06-20",-3,"2026-05-30","Adults","quantile","0.15",107
"Opt Baseline","2026-06-20",-3,"2026-05-30","Adults","quantile","0.2",112
"Opt Baseline","2026-06-20",-3,"2026-05-30","Adults","quantile","0.25",117
"Opt Baseline","2026-06-20",-3,"2026-05-30","Adults","quantile","0.3",122
"Opt Baseline","2026-06-20",-3,"2026-05-30","Adults","quantile","0.35",127
"Opt Baseline","2026-06-20",-3,"2026-05-30","Adults","quantile","0.4",132
"Opt Baseline","2026-06-20",-3,"2026-05-30","Adults","quantile","0.45",137
"Opt Baseline","2026-06-20",-3,"2026-05-30","Adults","quantile","0.5",140
"Opt Baseline","2026-06-20",-3,"2026-05-30","Adults","quantile","0.55",144
"Opt Baseline","2026-06-20",-3,"2026-05-30","Adults","quantile","0.6",149
"Opt Baseline","2026-06-20",-3,"2026-05-30","Adults","quantile","0.65",154
"Opt Baseline","2026-06-20",-3,"2026-05-30","Adults","quantile","0.7",160
"Opt Baseline","2026-06-20",-3,"2026-05-30","Adults","quantile","0.75",166
"Opt Baseline","2026-06-20",-3,"2026-05-30","Adults","quantile","0.8",172
"Opt Baseline","2026-06-20",-3,"2026-05-30","Adults","quantile","0.85",179
"Opt Baseline","2026-06-20",-3,"2026-05-30","Adults","quantile","0.9",189
"Opt Baseline","2026-06-20",-3,"2026-05-30","Adults","quantile","0.95",203
"Opt Baseline","2026-06-20",-3,"2026-05-30","Adults","quantile","0.975",213
"Opt Baseline","2026-06-20",-3,"2026-05-30","Adults","quantile","0.99",232
"Opt Baseline","2026-06-20",-2,"2026-06-06","Adults","quantile","0.01",60
"Opt Baseline","2026-06-20",-2,"2026-06-06","Adults","quantile","0.025",70
"Opt Baseline","2026-06-20",-2,"2026-06-06","Adults","quantile","0.05",79
"Opt Baseline","2026-06-20",-2,"2026-06-06","Adults","quantile","0.1",90
"Opt Baseline","2026-06-20",-2,"2026-06-06","Adults","quantile","0.15",98
"Opt Baseline","2026-06-20",-2,"2026-06-06","Adults","quantile","0.2",106
"Opt Baseline","2026-06-20",-2,"2026-06-06","Adults","quantile","0.25",112
"Opt Baseline","2026-06-20",-2,"2026-06-06","Adults","quantile","0.3",119
"Opt Baseline","2026-06-20",-2,"2026-06-06","Adults","quantile","0.35",124
"Opt Baseline","2026-06-20",-2,"2026-06-06","Adults","quantile","0.4",129
"Opt Baseline","2026-06-20",-2,"2026-06-06","Adults","quantile","0.45",135
"Opt Baseline","2026-06-20",-2,"2026-06-06","Adults","quantile","0.5",140
"Opt Baseline","2026-06-20",-2,"2026-06-06","Adults","quantile","0.55",145
"Opt Baseline","2026-06-20",-2,"2026-06-06","Adults","quantile","0.6",151
"Opt Baseline","2026-06-20",-2,"2026-06-06","Adults","quantile","0.65",156
"Opt Baseline","2026-06-20",-2,"2026-06-06","Adults","quantile","0.7",163
"Opt Baseline","2026-06-20",-2,"2026-06-06","Adults","quantile","0.75",170
"Opt Baseline","2026-06-20",-2,"2026-06-06","Adults","quantile","0.8",179
"Opt Baseline","2026-06-20",-2,"2026-06-06","Adults","quantile","0.85",188
"Opt Baseline","2026-06-20",-2,"2026-06-06","Adults","quantile","0.9",201
"Opt Baseline","2026-06-20",-2,"2026-06-06","Adults","quantile","0.95",219
"Opt Baseline","2026-06-20",-2,"2026-06-06","Adults","quantile","0.975",236
"Opt Baseline","2026-06-20",-2,"2026-06-06","Adults","quantile","0.99",253
"Opt Baseline","2026-06-20",-1,"2026-06-13","Adults","quantile","0.01",49
"Opt Baseline","2026-06-20",-1,"2026-06-13","Adults","quantile","0.025",60
"Opt Baseline","2026-06-20",-1,"2026-06-13","Adults","quantile","0.05",71
"Opt Baseline","2026-06-20",-1,"2026-06-13","Adults","quantile","0.1",84
"Opt Baseline","2026-06-20",-1,"2026-06-13","Adults","quantile","0.15",93
"Opt Baseline","2026-06-20",-1,"2026-06-13","Adults","quantile","0.2",101
"Opt Baseline","2026-06-20",-1,"2026-06-13","Adults","quantile","0.25",109
"Opt Baseline","2026-06-20",-1,"2026-06-13","Adults","quantile","0.3",116
"Opt Baseline","2026-06-20",-1,"2026-06-13","Adults","quantile","0.35",122
"Opt Baseline","2026-06-20",-1,"2026-06-13","Adults","quantile","0.4",128
"Opt Baseline","2026-06-20",-1,"2026-06-13","Adults","quantile","0.45",134
"Opt Baseline","2026-06-20",-1,"2026-06-13","Adults","quantile","0.5",140
"Opt Baseline","2026-06-20",-1,"2026-06-13","Adults","quantile","0.55",147
"Opt Baseline","2026-06-20",-1,"2026-06-13","Adults","quantile","0.6",153
"Opt Baseline","2026-06-20",-1,"2026-06-13","Adults","quantile","0.65",160
"Opt Baseline","2026-06-20",-1,"2026-06-13","Adults","quantile","0.7",167
"Opt Baseline","2026-06-20",-1,"2026-06-13","Adults","quantile","0.75",175
"Opt Baseline","2026-06-20",-1,"2026-06-13","Adults","quantile","0.8",185
"Opt Baseline","2026-06-20",-1,"2026-06-13","Adults","quantile","0.85",196
"Opt Baseline","2026-06-20",-1,"2026-06-13","Adults","quantile","0.9",210
"Opt Baseline","2026-06-20",-1,"2026-06-13","Adults","quantile","0.95",231
"Opt Baseline","2026-06-20",-1,"2026-06-13","Adults","quantile","0.975",251
"Opt Baseline","2026-06-20",-1,"2026-06-13","Adults","quantile","0.99",274
"Opt Baseline","2026-06-20",0,"2026-06-20","Adults","quantile","0.01",40
"Opt Baseline","2026-06-20",0,"2026-06-20","Adults","quantile","0.025",52
"Opt Baseline","2026-06-20",0,"2026-06-20","Adults","quantile","0.05",64
"Opt Baseline","2026-06-20",0,"2026-06-20","Adults","quantile","0.1",78
"Opt Baseline","2026-06-20",0,"2026-06-20","Adults","quantile","0.15",88
"Opt Baseline","2026-06-20",0,"2026-06-20","Adults","quantile","0.2",97
"Opt Baseline","2026-06-20",0,"2026-06-20","Adults","quantile","0.25",105
"Opt Baseline","2026-06-20",0,"2026-06-20","Adults","quantile","0.3",112
"Opt Baseline","2026-06-20",0,"2026-06-20","Adults","quantile","0.35",119
"Opt Baseline","2026-06-20",0,"2026-06-20","Adults","quantile","0.4",126
"Opt Baseline","2026-06-20",0,"2026-06-20","Adults","quantile","0.45",133
"Opt Baseline","2026-06-20",0,"2026-06-20","Adults","quantile","0.5",140
"Opt Baseline","2026-06-20",0,"2026-06-20","Adults","quantile","0.55",147
"Opt Baseline","2026-06-20",0,"2026-06-20","Adults","quantile","0.6",154
"Opt Baseline","2026-06-20",0,"2026-06-20","Adults","quantile","0.65",162
"Opt Baseline","2026-06-20",0,"2026-06-20","Adults","quantile","0.7",170
"Opt Baseline","2026-06-20",0,"2026-06-20","Adults","quantile","0.75",180
"Opt Baseline","2026-06-20",0,"2026-06-20","Adults","quantile","0.8",190
"Opt Baseline","2026-06-20",0,"2026-06-20","Adults","quantile","0.85",202
"Opt Baseline","2026-06-20",0,"2026-06-20","Adults","quantile","0.9",217
"Opt Baseline","2026-06-20",0,"2026-06-20","Adults","quantile","0.95",244
"Opt Baseline","2026-06-20",0,"2026-06-20","Adults","quantile","0.975",266
"Opt Baseline","2026-06-20",0,"2026-06-20","Adults","quantile","0.99",294
"Opt Baseline","2026-06-20",1,"2026-06-27","Adults","quantile","0.01",34
"Opt Baseline","2026-06-20",1,"2026-06-27","Adults","quantile","0.025",45
"Opt Baseline","2026-06-20",1,"2026-06-27","Adults","quantile","0.05",57
"Opt Baseline","2026-06-20",1,"2026-06-27","Adults","quantile","0.1",73
"Opt Baseline","2026-06-20",1,"2026-06-27","Adults","quantile","0.15",85
"Opt Baseline","2026-06-20",1,"2026-06-27","Adults","quantile","0.2",94
"Opt Baseline","2026-06-20",1,"2026-06-27","Adults","quantile","0.25",102
"Opt Baseline","2026-06-20",1,"2026-06-27","Adults","quantile","0.3",110
"Opt Baseline","2026-06-20",1,"2026-06-27","Adults","quantile","0.35",117
"Opt Baseline","2026-06-20",1,"2026-06-27","Adults","quantile","0.4",125
"Opt Baseline","2026-06-20",1,"2026-06-27","Adults","quantile","0.45",133
"Opt Baseline","2026-06-20",1,"2026-06-27","Adults","quantile","0.5",140
"Opt Baseline","2026-06-20",1,"2026-06-27","Adults","quantile","0.55",148
"Opt Baseline","2026-06-20",1,"2026-06-27","Adults","quantile","0.6",155
"Opt Baseline","2026-06-20",1,"2026-06-27","Adults","quantile","0.65",164
"Opt Baseline","2026-06-20",1,"2026-06-27","Adults","quantile","0.7",173
"Opt Baseline","2026-06-20",1,"2026-06-27","Adults","quantile","0.75",183
"Opt Baseline","2026-06-20",1,"2026-06-27","Adults","quantile","0.8",194
"Opt Baseline","2026-06-20",1,"2026-06-27","Adults","quantile","0.85",209
"Opt Baseline","2026-06-20",1,"2026-06-27","Adults","quantile","0.9",227
"Opt Baseline","2026-06-20",1,"2026-06-27","Adults","quantile","0.95",255
"Opt Baseline","2026-06-20",1,"2026-06-27","Adults","quantile","0.975",277
"Opt Baseline","2026-06-20",1,"2026-06-27","Adults","quantile","0.99",308
"Opt Baseline","2026-06-20",2,"2026-07-04","Adults","quantile","0.01",30
"Opt Baseline","2026-06-20",2,"2026-07-04","Adults","quantile","0.025",42
"Opt Baseline","2026-06-20",2,"2026-07-04","Adults","quantile","0.05",54
"Opt Baseline","2026-06-20",2,"2026-07-04","Adults","quantile","0.1",70
"Opt Baseline","2026-06-20",2,"2026-07-04","Adults","quantile","0.15",81
"Opt Baseline","2026-06-20",2,"2026-07-04","Adults","quantile","0.2",91
"Opt Baseline","2026-06-20",2,"2026-07-04","Adults","quantile","0.25",100
"Opt Baseline","2026-06-20",2,"2026-07-04","Adults","quantile","0.3",108
"Opt Baseline","2026-06-20",2,"2026-07-04","Adults","quantile","0.35",115
"Opt Baseline","2026-06-20",2,"2026-07-04","Adults","quantile","0.4",124
"Opt Baseline","2026-06-20",2,"2026-07-04","Adults","quantile","0.45",132
"Opt Baseline","2026-06-20",2,"2026-07-04","Adults","quantile","0.5",140
"Opt Baseline","2026-06-20",2,"2026-07-04","Adults","quantile","0.55",148
"Opt Baseline","2026-06-20",2,"2026-07-04","Adults","quantile","0.6",158
"Opt Baseline","2026-06-20",2,"2026-07-04","Adults","quantile","0.65",167
"Opt Baseline","2026-06-20",2,"2026-07-04","Adults","quantile","0.7",177
"Opt Baseline","2026-06-20",2,"2026-07-04","Adults","quantile","0.75",188
"Opt Baseline","2026-06-20",2,"2026-07-04","Adults","quantile","0.8",202
"Opt Baseline","2026-06-20",2,"2026-07-04","Adults","quantile","0.85",217
"Opt Baseline","2026-06-20",2,"2026-07-04","Adults","quantile","0.9",235
"Opt Baseline","2026-06-20",2,"2026-07-04","Adults","quantile","0.95",263
"Opt Baseline","2026-06-20",2,"2026-07-04","Adults","quantile","0.975",293
"Opt Baseline","2026-06-20",2,"2026-07-04","Adults","quantile","0.99",325
"Opt Baseline","2026-06-20",3,"2026-07-11","Adults","quantile","0.01",25
"Opt Baseline","2026-06-20",3,"2026-07-11","Adults","quantile","0.025",37
"Opt Baseline","2026-06-20",3,"2026-07-11","Adults","quantile","0.05",50
"Opt Baseline","2026-06-20",3,"2026-07-11","Adults","quantile","0.1",66
"Opt Baseline","2026-06-20",3,"2026-07-11","Adults","quantile","0.15",77
"Opt Baseline","2026-06-20",3,"2026-07-11","Adults","quantile","0.2",88
"Opt Baseline","2026-06-20",3,"2026-07-11","Adults","quantile","0.25",98
"Opt Baseline","2026-06-20",3,"2026-07-11","Adults","quantile","0.3",106
"Opt Baseline","2026-06-20",3,"2026-07-11","Adults","quantile","0.35",115
"Opt Baseline","2026-06-20",3,"2026-07-11","Adults","quantile","0.4",124
"Opt Baseline","2026-06-20",3,"2026-07-11","Adults","quantile","0.45",132
"Opt Baseline","2026-06-20",3,"2026-07-11","Adults","quantile","0.5",140
"Opt Baseline","2026-06-20",3,"2026-07-11","Adults","quantile","0.55",149
"Opt Baseline","2026-06-20",3,"2026-07-11","Adults","quantile","0.6",158
"Opt Baseline","2026-06-20",3,"2026-07-11","Adults","quantile","0.65",168
"Opt Baseline","2026-06-20",3,"2026-07-11","Adults","quantile","0.7",180
"Opt Baseline","2026-06-20",3,"2026-07-11","Adults","quantile","0.75",192
"Opt Baseline","2026-06-20",3,"2026-07-11","Adults","quantile","0.8",206
"Opt Baseline","2026-06-20",3,"2026-07-11","Adults","quantile","0.85",223
"Opt Baseline","2026-06-20",3,"2026-07-11","Adults","quantile","0.9",243
"Opt Baseline","2026-06-20",3,"2026-07-11","Adults","quantile","0.95",275
"Opt Baseline","2026-06-20",3,"2026-07-11","Adults","quantile","0.975",307
"Opt Baseline","2026-06-20",3,"2026-07-11","Adults","quantile","0.99",344
"Opt Baseline","2026-06-20",-4,"2026-05-23","Overall","quantile","0.01",184
"Opt Baseline","2026-06-20",-4,"2026-05-23","Overall","quantile","0.025",184
"Opt Baseline","2026-06-20",-4,"2026-05-23","Overall","quantile","0.05",184
"Opt Baseline","2026-06-20",-4,"2026-05-23","Overall","quantile","0.1",190
"Opt Baseline","2026-06-20",-4,"2026-05-23","Overall","quantile","0.15",197
"Opt Baseline","2026-06-20",-4,"2026-05-23","Overall","quantile","0.2",198
"Opt Baseline","2026-06-20",-4,"2026-05-23","Overall","quantile","0.25",207
"Opt Baseline","2026-06-20",-4,"2026-05-23","Overall","quantile","0.3",211
"Opt Baseline","2026-06-20",-4,"2026-05-23","Overall","quantile","0.35",219
"Opt Baseline","2026-06-20",-4,"2026-05-23","Overall","quantile","0.4",237
"Opt Baseline","2026-06-20",-4,"2026-05-23","Overall","quantile","0.45",238
"Opt Baseline","2026-06-20",-4,"2026-05-23","Overall","quantile","0.5",242
"Opt Baseline","2026-06-20",-4,"2026-05-23","Overall","quantile","0.55",246
"Opt Baseline","2026-06-20",-4,"2026-05-23","Overall","quantile","0.6",248
"Opt Baseline","2026-06-20",-4,"2026-05-23","Overall","quantile","0.65",266
"Opt Baseline","2026-06-20",-4,"2026-05-23","Overall","quantile","0.7",275
"Opt Baseline","2026-06-20",-4,"2026-05-23","Overall","quantile","0.75",280
"Opt Baseline","2026-06-20",-4,"2026-05-23","Overall","quantile","0.8",290
"Opt Baseline","2026-06-20",-4,"2026-05-23","Overall","quantile","0.85",292
"Opt Baseline","2026-06-20",-4,"2026-05-23","Overall","quantile","0.9",300
"Opt Baseline","2026-06-20",-4,"2026-05-23","Overall","quantile","0.95",308
"Opt Baseline","2026-06-20",-4,"2026-05-23","Overall","quantile","0.975",308
"Opt Baseline","2026-06-20",-4,"2026-05-23","Overall","quantile","0.99",308
"Opt Baseline","2026-06-20",-3,"2026-05-30","Overall","quantile","0.01",139
"Opt Baseline","2026-06-20",-3,"2026-05-30","Overall","quantile","0.025",146
"Opt Baseline","2026-06-20",-3,"2026-05-30","Overall","quantile","0.05",156
"Opt Baseline","2026-06-20",-3,"2026-05-30","Overall","quantile","0.1",169
"Opt Baseline","2026-06-20",-3,"2026-05-30","Overall","quantile","0.15",182
"Opt Baseline","2026-06-20",-3,"2026-05-30","Overall","quantile","0.2",192
"Opt Baseline","2026-06-20",-3,"2026-05-30","Overall","quantile","0.25",201
"Opt Baseline","2026-06-20",-3,"2026-05-30","Overall","quantile","0.3",211
"Opt Baseline","2026-06-20",-3,"2026-05-30","Overall","quantile","0.35",220
"Opt Baseline","2026-06-20",-3,"2026-05-30","Overall","quantile","0.4",229
"Opt Baseline","2026-06-20",-3,"2026-05-30","Overall","quantile","0.45",237
"Opt Baseline","2026-06-20",-3,"2026-05-30","Overall","quantile","0.5",242
"Opt Baseline","2026-06-20",-3,"2026-05-30","Overall","quantile","0.55",249
"Opt Baseline","2026-06-20",-3,"2026-05-30","Overall","quantile","0.6",256
"Opt Baseline","2026-06-20",-3,"2026-05-30","Overall","quantile","0.65",266
"Opt Baseline","2026-06-20",-3,"2026-05-30","Overall","quantile","0.7",275
"Opt Baseline","2026-06-20",-3,"2026-05-30","Overall","quantile","0.75",285
"Opt Baseline","2026-06-20",-3,"2026-05-30","Overall","quantile","0.8",296
"Opt Baseline","2026-06-20",-3,"2026-05-30","Overall","quantile","0.85",308
"Opt Baseline","2026-06-20",-3,"2026-05-30","Overall","quantile","0.9",326
"Opt Baseline","2026-06-20",-3,"2026-05-30","Overall","quantile","0.95",346
"Opt Baseline","2026-06-20",-3,"2026-05-30","Overall","quantile","0.975",362
"Opt Baseline","2026-06-20",-3,"2026-05-30","Overall","quantile","0.99",371
"Opt Baseline","2026-06-20",-2,"2026-06-06","Overall","quantile","0.01",113
"Opt Baseline","2026-06-20",-2,"2026-06-06","Overall","quantile","0.025",125
"Opt Baseline","2026-06-20",-2,"2026-06-06","Overall","quantile","0.05",140
"Opt Baseline","2026-06-20",-2,"2026-06-06","Overall","quantile","0.1",159
"Opt Baseline","2026-06-20",-2,"2026-06-06","Overall","quantile","0.15",174
"Opt Baseline","2026-06-20",-2,"2026-06-06","Overall","quantile","0.2",185
"Opt Baseline","2026-06-20",-2,"2026-06-06","Overall","quantile","0.25",195
"Opt Baseline","2026-06-20",-2,"2026-06-06","Overall","quantile","0.3",205
"Opt Baseline","2026-06-20",-2,"2026-06-06","Overall","quantile","0.35",214
"Opt Baseline","2026-06-20",-2,"2026-06-06","Overall","quantile","0.4",224
"Opt Baseline","2026-06-20",-2,"2026-06-06","Overall","quantile","0.45",233
"Opt Baseline","2026-06-20",-2,"2026-06-06","Overall","quantile","0.5",242
"Opt Baseline","2026-06-20",-2,"2026-06-06","Overall","quantile","0.55",251
"Opt Baseline","2026-06-20",-2,"2026-06-06","Overall","quantile","0.6",261
"Opt Baseline","2026-06-20",-2,"2026-06-06","Overall","quantile","0.65",271
"Opt Baseline","2026-06-20",-2,"2026-06-06","Overall","quantile","0.7",283
"Opt Baseline","2026-06-20",-2,"2026-06-06","Overall","quantile","0.75",293
"Opt Baseline","2026-06-20",-2,"2026-06-06","Overall","quantile","0.8",307
"Opt Baseline","2026-06-20",-2,"2026-06-06","Overall","quantile","0.85",323
"Opt Baseline","2026-06-20",-2,"2026-06-06","Overall","quantile","0.9",343
"Opt Baseline","2026-06-20",-2,"2026-06-06","Overall","quantile","0.95",369
"Opt Baseline","2026-06-20",-2,"2026-06-06","Overall","quantile","0.975",394
"Opt Baseline","2026-06-20",-2,"2026-06-06","Overall","quantile","0.99",420
"Opt Baseline","2026-06-20",-1,"2026-06-13","Overall","quantile","0.01",92
"Opt Baseline","2026-06-20",-1,"2026-06-13","Overall","quantile","0.025",108
"Opt Baseline","2026-06-20",-1,"2026-06-13","Overall","quantile","0.05",127
"Opt Baseline","2026-06-20",-1,"2026-06-13","Overall","quantile","0.1",147
"Opt Baseline","2026-06-20",-1,"2026-06-13","Overall","quantile","0.15",161
"Opt Baseline","2026-06-20",-1,"2026-06-13","Overall","quantile","0.2",174
"Opt Baseline","2026-06-20",-1,"2026-06-13","Overall","quantile","0.25",186
"Opt Baseline","2026-06-20",-1,"2026-06-13","Overall","quantile","0.3",198
"Opt Baseline","2026-06-20",-1,"2026-06-13","Overall","quantile","0.35",211
"Opt Baseline","2026-06-20",-1,"2026-06-13","Overall","quantile","0.4",222
"Opt Baseline","2026-06-20",-1,"2026-06-13","Overall","quantile","0.45",232
"Opt Baseline","2026-06-20",-1,"2026-06-13","Overall","quantile","0.5",242
"Opt Baseline","2026-06-20",-1,"2026-06-13","Overall","quantile","0.55",252
"Opt Baseline","2026-06-20",-1,"2026-06-13","Overall","quantile","0.6",264
"Opt Baseline","2026-06-20",-1,"2026-06-13","Overall","quantile","0.65",275
"Opt Baseline","2026-06-20",-1,"2026-06-13","Overall","quantile","0.7",288
"Opt Baseline","2026-06-20",-1,"2026-06-13","Overall","quantile","0.75",301
"Opt Baseline","2026-06-20",-1,"2026-06-13","Overall","quantile","0.8",316
"Opt Baseline","2026-06-20",-1,"2026-06-13","Overall","quantile","0.85",334
"Opt Baseline","2026-06-20",-1,"2026-06-13","Overall","quantile","0.9",355
"Opt Baseline","2026-06-20",-1,"2026-06-13","Overall","quantile","0.95",392
"Opt Baseline","2026-06-20",-1,"2026-06-13","Overall","quantile","0.975",418
"Opt Baseline","2026-06-20",-1,"2026-06-13","Overall","quantile","0.99",449
"Opt Baseline","2026-06-20",0,"2026-06-20","Overall","quantile","0.01",79
"Opt Baseline","2026-06-20",0,"2026-06-20","Overall","quantile","0.025",98
"Opt Baseline","2026-06-20",0,"2026-06-20","Overall","quantile","0.05",114
"Opt Baseline","2026-06-20",0,"2026-06-20","Overall","quantile","0.1",136
"Opt Baseline","2026-06-20",0,"2026-06-20","Overall","quantile","0.15",154
"Opt Baseline","2026-06-20",0,"2026-06-20","Overall","quantile","0.2",169
"Opt Baseline","2026-06-20",0,"2026-06-20","Overall","quantile","0.25",183
"Opt Baseline","2026-06-20",0,"2026-06-20","Overall","quantile","0.3",194
"Opt Baseline","2026-06-20",0,"2026-06-20","Overall","quantile","0.35",207
"Opt Baseline","2026-06-20",0,"2026-06-20","Overall","quantile","0.4",219
"Opt Baseline","2026-06-20",0,"2026-06-20","Overall","quantile","0.45",230
"Opt Baseline","2026-06-20",0,"2026-06-20","Overall","quantile","0.5",242
"Opt Baseline","2026-06-20",0,"2026-06-20","Overall","quantile","0.55",254
"Opt Baseline","2026-06-20",0,"2026-06-20","Overall","quantile","0.6",266
"Opt Baseline","2026-06-20",0,"2026-06-20","Overall","quantile","0.65",279
"Opt Baseline","2026-06-20",0,"2026-06-20","Overall","quantile","0.7",292
"Opt Baseline","2026-06-20",0,"2026-06-20","Overall","quantile","0.75",307
"Opt Baseline","2026-06-20",0,"2026-06-20","Overall","quantile","0.8",325
"Opt Baseline","2026-06-20",0,"2026-06-20","Overall","quantile","0.85",345
"Opt Baseline","2026-06-20",0,"2026-06-20","Overall","quantile","0.9",371
"Opt Baseline","2026-06-20",0,"2026-06-20","Overall","quantile","0.95",409
"Opt Baseline","2026-06-20",0,"2026-06-20","Overall","quantile","0.975",441
"Opt Baseline","2026-06-20",0,"2026-06-20","Overall","quantile","0.99",482
"Opt Baseline","2026-06-20",1,"2026-06-27","Overall","quantile","0.01",69
"Opt Baseline","2026-06-20",1,"2026-06-27","Overall","quantile","0.025",86
"Opt Baseline","2026-06-20",1,"2026-06-27","Overall","quantile","0.05",106
"Opt Baseline","2026-06-20",1,"2026-06-27","Overall","quantile","0.1",131
"Opt Baseline","2026-06-20",1,"2026-06-27","Overall","quantile","0.15",148
"Opt Baseline","2026-06-20",1,"2026-06-27","Overall","quantile","0.2",165
"Opt Baseline","2026-06-20",1,"2026-06-27","Overall","quantile","0.25",179
"Opt Baseline","2026-06-20",1,"2026-06-27","Overall","quantile","0.3",192
"Opt Baseline","2026-06-20",1,"2026-06-27","Overall","quantile","0.35",205
"Opt Baseline","2026-06-20",1,"2026-06-27","Overall","quantile","0.4",218
"Opt Baseline","2026-06-20",1,"2026-06-27","Overall","quantile","0.45",229
"Opt Baseline","2026-06-20",1,"2026-06-27","Overall","quantile","0.5",242
"Opt Baseline","2026-06-20",1,"2026-06-27","Overall","quantile","0.55",254
"Opt Baseline","2026-06-20",1,"2026-06-27","Overall","quantile","0.6",268
"Opt Baseline","2026-06-20",1,"2026-06-27","Overall","quantile","0.65",282
"Opt Baseline","2026-06-20",1,"2026-06-27","Overall","quantile","0.7",298
"Opt Baseline","2026-06-20",1,"2026-06-27","Overall","quantile","0.75",314
"Opt Baseline","2026-06-20",1,"2026-06-27","Overall","quantile","0.8",333
"Opt Baseline","2026-06-20",1,"2026-06-27","Overall","quantile","0.85",356
"Opt Baseline","2026-06-20",1,"2026-06-27","Overall","quantile","0.9",385
"Opt Baseline","2026-06-20",1,"2026-06-27","Overall","quantile","0.95",432
"Opt Baseline","2026-06-20",1,"2026-06-27","Overall","quantile","0.975",466
"Opt Baseline","2026-06-20",1,"2026-06-27","Overall","quantile","0.99",509
"Opt Baseline","2026-06-20",2,"2026-07-04","Overall","quantile","0.01",57
"Opt Baseline","2026-06-20",2,"2026-07-04","Overall","quantile","0.025",79
"Opt Baseline","2026-06-20",2,"2026-07-04","Overall","quantile","0.05",98
"Opt Baseline","2026-06-20",2,"2026-07-04","Overall","quantile","0.1",124
"Opt Baseline","2026-06-20",2,"2026-07-04","Overall","quantile","0.15",145
"Opt Baseline","2026-06-20",2,"2026-07-04","Overall","quantile","0.2",160
"Opt Baseline","2026-06-20",2,"2026-07-04","Overall","quantile","0.25",175
"Opt Baseline","2026-06-20",2,"2026-07-04","Overall","quantile","0.3",189
"Opt Baseline","2026-06-20",2,"2026-07-04","Overall","quantile","0.35",202
"Opt Baseline","2026-06-20",2,"2026-07-04","Overall","quantile","0.4",216
"Opt Baseline","2026-06-20",2,"2026-07-04","Overall","quantile","0.45",229
"Opt Baseline","2026-06-20",2,"2026-07-04","Overall","quantile","0.5",242
"Opt Baseline","2026-06-20",2,"2026-07-04","Overall","quantile","0.55",256
"Opt Baseline","2026-06-20",2,"2026-07-04","Overall","quantile","0.6",271
"Opt Baseline","2026-06-20",2,"2026-07-04","Overall","quantile","0.65",287
"Opt Baseline","2026-06-20",2,"2026-07-04","Overall","quantile","0.7",303
"Opt Baseline","2026-06-20",2,"2026-07-04","Overall","quantile","0.75",321
"Opt Baseline","2026-06-20",2,"2026-07-04","Overall","quantile","0.8",340
"Opt Baseline","2026-06-20",2,"2026-07-04","Overall","quantile","0.85",366
"Opt Baseline","2026-06-20",2,"2026-07-04","Overall","quantile","0.9",399
"Opt Baseline","2026-06-20",2,"2026-07-04","Overall","quantile","0.95",449
"Opt Baseline","2026-06-20",2,"2026-07-04","Overall","quantile","0.975",490
"Opt Baseline","2026-06-20",2,"2026-07-04","Overall","quantile","0.99",534
"Opt Baseline","2026-06-20",3,"2026-07-11","Overall","quantile","0.01",51
"Opt Baseline","2026-06-20",3,"2026-07-11","Overall","quantile","0.025",70
"Opt Baseline","2026-06-20",3,"2026-07-11","Overall","quantile","0.05",92
"Opt Baseline","2026-06-20",3,"2026-07-11","Overall","quantile","0.1",118
"Opt Baseline","2026-06-20",3,"2026-07-11","Overall","quantile","0.15",138
"Opt Baseline","2026-06-20",3,"2026-07-11","Overall","quantile","0.2",154
"Opt Baseline","2026-06-20",3,"2026-07-11","Overall","quantile","0.25",169
"Opt Baseline","2026-06-20",3,"2026-07-11","Overall","quantile","0.3",183
"Opt Baseline","2026-06-20",3,"2026-07-11","Overall","quantile","0.35",197
"Opt Baseline","2026-06-20",3,"2026-07-11","Overall","quantile","0.4",213
"Opt Baseline","2026-06-20",3,"2026-07-11","Overall","quantile","0.45",227
"Opt Baseline","2026-06-20",3,"2026-07-11","Overall","quantile","0.5",242
"Opt Baseline","2026-06-20",3,"2026-07-11","Overall","quantile","0.55",257
"Opt Baseline","2026-06-20",3,"2026-07-11","Overall","quantile","0.6",272
"Opt Baseline","2026-06-20",3,"2026-07-11","Overall","quantile","0.65",289
"Opt Baseline","2026-06-20",3,"2026-07-11","Overall","quantile","0.7",307
"Opt Baseline","2026-06-20",3,"2026-07-11","Overall","quantile","0.75",326
"Opt Baseline","2026-06-20",3,"2026-07-11","Overall","quantile","0.8",348
"Opt Baseline","2026-06-20",3,"2026-07-11","Overall","quantile","0.85",375
"Opt Baseline","2026-06-20",3,"2026-07-11","Overall","quantile","0.9",411
"Opt Baseline","2026-06-20",3,"2026-07-11","Overall","quantile","0.95",465
"Opt Baseline","2026-06-20",3,"2026-07-11","Overall","quantile","0.975",513
"Opt Baseline","2026-06-20",3,"2026-07-11","Overall","quantile","0.99",566
"Opt Baseline","2026-06-20",-4,"2026-05-23","Pediatrics","quantile","0.01",65
"Opt Baseline","2026-06-20",-4,"2026-05-23","Pediatrics","quantile","0.025",67
"Opt Baseline","2026-06-20",-4,"2026-05-23","Pediatrics","quantile","0.05",70
"Opt Baseline","2026-06-20",-4,"2026-05-23","Pediatrics","quantile","0.1",72
"Opt Baseline","2026-06-20",-4,"2026-05-23","Pediatrics","quantile","0.15",76
"Opt Baseline","2026-06-20",-4,"2026-05-23","Pediatrics","quantile","0.2",88
"Opt Baseline","2026-06-20",-4,"2026-05-23","Pediatrics","quantile","0.25",88
"Opt Baseline","2026-06-20",-4,"2026-05-23","Pediatrics","quantile","0.3",93
"Opt Baseline","2026-06-20",-4,"2026-05-23","Pediatrics","quantile","0.35",99
"Opt Baseline","2026-06-20",-4,"2026-05-23","Pediatrics","quantile","0.4",101
"Opt Baseline","2026-06-20",-4,"2026-05-23","Pediatrics","quantile","0.45",101
"Opt Baseline","2026-06-20",-4,"2026-05-23","Pediatrics","quantile","0.5",102
"Opt Baseline","2026-06-20",-4,"2026-05-23","Pediatrics","quantile","0.55",103
"Opt Baseline","2026-06-20",-4,"2026-05-23","Pediatrics","quantile","0.6",103
"Opt Baseline","2026-06-20",-4,"2026-05-23","Pediatrics","quantile","0.65",105
"Opt Baseline","2026-06-20",-4,"2026-05-23","Pediatrics","quantile","0.7",111
"Opt Baseline","2026-06-20",-4,"2026-05-23","Pediatrics","quantile","0.75",117
"Opt Baseline","2026-06-20",-4,"2026-05-23","Pediatrics","quantile","0.8",117
"Opt Baseline","2026-06-20",-4,"2026-05-23","Pediatrics","quantile","0.85",131
"Opt Baseline","2026-06-20",-4,"2026-05-23","Pediatrics","quantile","0.9",137
"Opt Baseline","2026-06-20",-4,"2026-05-23","Pediatrics","quantile","0.95",140
"Opt Baseline","2026-06-20",-4,"2026-05-23","Pediatrics","quantile","0.975",145
"Opt Baseline","2026-06-20",-4,"2026-05-23","Pediatrics","quantile","0.99",147
"Opt Baseline","2026-06-20",-3,"2026-05-30","Pediatrics","quantile","0.01",45
"Opt Baseline","2026-06-20",-3,"2026-05-30","Pediatrics","quantile","0.025",51
"Opt Baseline","2026-06-20",-3,"2026-05-30","Pediatrics","quantile","0.05",60
"Opt Baseline","2026-06-20",-3,"2026-05-30","Pediatrics","quantile","0.1",68
"Opt Baseline","2026-06-20",-3,"2026-05-30","Pediatrics","quantile","0.15",72
"Opt Baseline","2026-06-20",-3,"2026-05-30","Pediatrics","quantile","0.2",76
"Opt Baseline","2026-06-20",-3,"2026-05-30","Pediatrics","quantile","0.25",83
"Opt Baseline","2026-06-20",-3,"2026-05-30","Pediatrics","quantile","0.3",87
"Opt Baseline","2026-06-20",-3,"2026-05-30","Pediatrics","quantile","0.35",90
"Opt Baseline","2026-06-20",-3,"2026-05-30","Pediatrics","quantile","0.4",96
"Opt Baseline","2026-06-20",-3,"2026-05-30","Pediatrics","quantile","0.45",100
"Opt Baseline","2026-06-20",-3,"2026-05-30","Pediatrics","quantile","0.5",102
"Opt Baseline","2026-06-20",-3,"2026-05-30","Pediatrics","quantile","0.55",104
"Opt Baseline","2026-06-20",-3,"2026-05-30","Pediatrics","quantile","0.6",108
"Opt Baseline","2026-06-20",-3,"2026-05-30","Pediatrics","quantile","0.65",114
"Opt Baseline","2026-06-20",-3,"2026-05-30","Pediatrics","quantile","0.7",118
"Opt Baseline","2026-06-20",-3,"2026-05-30","Pediatrics","quantile","0.75",124
"Opt Baseline","2026-06-20",-3,"2026-05-30","Pediatrics","quantile","0.8",133
"Opt Baseline","2026-06-20",-3,"2026-05-30","Pediatrics","quantile","0.85",137
"Opt Baseline","2026-06-20",-3,"2026-05-30","Pediatrics","quantile","0.9",144
"Opt Baseline","2026-06-20",-3,"2026-05-30","Pediatrics","quantile","0.95",155
"Opt Baseline","2026-06-20",-3,"2026-05-30","Pediatrics","quantile","0.975",172
"Opt Baseline","2026-06-20",-3,"2026-05-30","Pediatrics","quantile","0.99",182
"Opt Baseline","2026-06-20",-2,"2026-06-06","Pediatrics","quantile","0.01",37
"Opt Baseline","2026-06-20",-2,"2026-06-06","Pediatrics","quantile","0.025",43
"Opt Baseline","2026-06-20",-2,"2026-06-06","Pediatrics","quantile","0.05",50
"Opt Baseline","2026-06-20",-2,"2026-06-06","Pediatrics","quantile","0.1",61
"Opt Baseline","2026-06-20",-2,"2026-06-06","Pediatrics","quantile","0.15",68
"Opt Baseline","2026-06-20",-2,"2026-06-06","Pediatrics","quantile","0.2",73
"Opt Baseline","2026-06-20",-2,"2026-06-06","Pediatrics","quantile","0.25",78
"Opt Baseline","2026-06-20",-2,"2026-06-06","Pediatrics","quantile","0.3",84
"Opt Baseline","2026-06-20",-2,"2026-06-06","Pediatrics","quantile","0.35",88
"Opt Baseline","2026-06-20",-2,"2026-06-06","Pediatrics","quantile","0.4",93
"Opt Baseline","2026-06-20",-2,"2026-06-06","Pediatrics","quantile","0.45",98
"Opt Baseline","2026-06-20",-2,"2026-06-06","Pediatrics","quantile","0.5",102
"Opt Baseline","2026-06-20",-2,"2026-06-06","Pediatrics","quantile","0.55",106
"Opt Baseline","2026-06-20",-2,"2026-06-06","Pediatrics","quantile","0.6",111
"Opt Baseline","2026-06-20",-2,"2026-06-06","Pediatrics","quantile","0.65",117
"Opt Baseline","2026-06-20",-2,"2026-06-06","Pediatrics","quantile","0.7",122
"Opt Baseline","2026-06-20",-2,"2026-06-06","Pediatrics","quantile","0.75",129
"Opt Baseline","2026-06-20",-2,"2026-06-06","Pediatrics","quantile","0.8",136
"Opt Baseline","2026-06-20",-2,"2026-06-06","Pediatrics","quantile","0.85",143
"Opt Baseline","2026-06-20",-2,"2026-06-06","Pediatrics","quantile","0.9",154
"Opt Baseline","2026-06-20",-2,"2026-06-06","Pediatrics","quantile","0.95",171
"Opt Baseline","2026-06-20",-2,"2026-06-06","Pediatrics","quantile","0.975",184
"Opt Baseline","2026-06-20",-2,"2026-06-06","Pediatrics","quantile","0.99",201
"Opt Baseline","2026-06-20",-1,"2026-06-13","Pediatrics","quantile","0.01",28
"Opt Baseline","2026-06-20",-1,"2026-06-13","Pediatrics","quantile","0.025",36
"Opt Baseline","2026-06-20",-1,"2026-06-13","Pediatrics","quantile","0.05",44
"Opt Baseline","2026-06-20",-1,"2026-06-13","Pediatrics","quantile","0.1",56
"Opt Baseline","2026-06-20",-1,"2026-06-13","Pediatrics","quantile","0.15",63
"Opt Baseline","2026-06-20",-1,"2026-06-13","Pediatrics","quantile","0.2",70
"Opt Baseline","2026-06-20",-1,"2026-06-13","Pediatrics","quantile","0.25",75
"Opt Baseline","2026-06-20",-1,"2026-06-13","Pediatrics","quantile","0.3",81
"Opt Baseline","2026-06-20",-1,"2026-06-13","Pediatrics","quantile","0.35",87
"Opt Baseline","2026-06-20",-1,"2026-06-13","Pediatrics","quantile","0.4",92
"Opt Baseline","2026-06-20",-1,"2026-06-13","Pediatrics","quantile","0.45",97
"Opt Baseline","2026-06-20",-1,"2026-06-13","Pediatrics","quantile","0.5",102
"Opt Baseline","2026-06-20",-1,"2026-06-13","Pediatrics","quantile","0.55",107
"Opt Baseline","2026-06-20",-1,"2026-06-13","Pediatrics","quantile","0.6",113
"Opt Baseline","2026-06-20",-1,"2026-06-13","Pediatrics","quantile","0.65",118
"Opt Baseline","2026-06-20",-1,"2026-06-13","Pediatrics","quantile","0.7",125
"Opt Baseline","2026-06-20",-1,"2026-06-13","Pediatrics","quantile","0.75",133
"Opt Baseline","2026-06-20",-1,"2026-06-13","Pediatrics","quantile","0.8",140
"Opt Baseline","2026-06-20",-1,"2026-06-13","Pediatrics","quantile","0.85",150
"Opt Baseline","2026-06-20",-1,"2026-06-13","Pediatrics","quantile","0.9",162
"Opt Baseline","2026-06-20",-1,"2026-06-13","Pediatrics","quantile","0.95",183
"Opt Baseline","2026-06-20",-1,"2026-06-13","Pediatrics","quantile","0.975",199
"Opt Baseline","2026-06-20",-1,"2026-06-13","Pediatrics","quantile","0.99",221
"Opt Baseline","2026-06-20",0,"2026-06-20","Pediatrics","quantile","0.01",23
"Opt Baseline","2026-06-20",0,"2026-06-20","Pediatrics","quantile","0.025",31
"Opt Baseline","2026-06-20",0,"2026-06-20","Pediatrics","quantile","0.05",39
"Opt Baseline","2026-06-20",0,"2026-06-20","Pediatrics","quantile","0.1",51
"Opt Baseline","2026-06-20",0,"2026-06-20","Pediatrics","quantile","0.15",60
"Opt Baseline","2026-06-20",0,"2026-06-20","Pediatrics","quantile","0.2",66
"Opt Baseline","2026-06-20",0,"2026-06-20","Pediatrics","quantile","0.25",73
"Opt Baseline","2026-06-20",0,"2026-06-20","Pediatrics","quantile","0.3",78
"Opt Baseline","2026-06-20",0,"2026-06-20","Pediatrics","quantile","0.35",84
"Opt Baseline","2026-06-20",0,"2026-06-20","Pediatrics","quantile","0.4",90
"Opt Baseline","2026-06-20",0,"2026-06-20","Pediatrics","quantile","0.45",96
"Opt Baseline","2026-06-20",0,"2026-06-20","Pediatrics","quantile","0.5",102
"Opt Baseline","2026-06-20",0,"2026-06-20","Pediatrics","quantile","0.55",108
"Opt Baseline","2026-06-20",0,"2026-06-20","Pediatrics","quantile","0.6",114
"Opt Baseline","2026-06-20",0,"2026-06-20","Pediatrics","quantile","0.65",120
"Opt Baseline","2026-06-20",0,"2026-06-20","Pediatrics","quantile","0.7",128
"Opt Baseline","2026-06-20",0,"2026-06-20","Pediatrics","quantile","0.75",136
"Opt Baseline","2026-06-20",0,"2026-06-20","Pediatrics","quantile","0.8",145
"Opt Baseline","2026-06-20",0,"2026-06-20","Pediatrics","quantile","0.85",157
"Opt Baseline","2026-06-20",0,"2026-06-20","Pediatrics","quantile","0.9",172
"Opt Baseline","2026-06-20",0,"2026-06-20","Pediatrics","quantile","0.95",194
"Opt Baseline","2026-06-20",0,"2026-06-20","Pediatrics","quantile","0.975",212
"Opt Baseline","2026-06-20",0,"2026-06-20","Pediatrics","quantile","0.99",238
"Opt Baseline","2026-06-20",1,"2026-06-27","Pediatrics","quantile","0.01",18
"Opt Baseline","2026-06-20",1,"2026-06-27","Pediatrics","quantile","0.025",26
"Opt Baseline","2026-06-20",1,"2026-06-27","Pediatrics","quantile","0.05",35
"Opt Baseline","2026-06-20",1,"2026-06-27","Pediatrics","quantile","0.1",46
"Opt Baseline","2026-06-20",1,"2026-06-27","Pediatrics","quantile","0.15",56
"Opt Baseline","2026-06-20",1,"2026-06-27","Pediatrics","quantile","0.2",63
"Opt Baseline","2026-06-20",1,"2026-06-27","Pediatrics","quantile","0.25",70
"Opt Baseline","2026-06-20",1,"2026-06-27","Pediatrics","quantile","0.3",77
"Opt Baseline","2026-06-20",1,"2026-06-27","Pediatrics","quantile","0.35",83
"Opt Baseline","2026-06-20",1,"2026-06-27","Pediatrics","quantile","0.4",89
"Opt Baseline","2026-06-20",1,"2026-06-27","Pediatrics","quantile","0.45",95
"Opt Baseline","2026-06-20",1,"2026-06-27","Pediatrics","quantile","0.5",102
"Opt Baseline","2026-06-20",1,"2026-06-27","Pediatrics","quantile","0.55",108
"Opt Baseline","2026-06-20",1,"2026-06-27","Pediatrics","quantile","0.6",115
"Opt Baseline","2026-06-20",1,"2026-06-27","Pediatrics","quantile","0.65",123
"Opt Baseline","2026-06-20",1,"2026-06-27","Pediatrics","quantile","0.7",131
"Opt Baseline","2026-06-20",1,"2026-06-27","Pediatrics","quantile","0.75",140
"Opt Baseline","2026-06-20",1,"2026-06-27","Pediatrics","quantile","0.8",150
"Opt Baseline","2026-06-20",1,"2026-06-27","Pediatrics","quantile","0.85",162
"Opt Baseline","2026-06-20",1,"2026-06-27","Pediatrics","quantile","0.9",178
"Opt Baseline","2026-06-20",1,"2026-06-27","Pediatrics","quantile","0.95",203
"Opt Baseline","2026-06-20",1,"2026-06-27","Pediatrics","quantile","0.975",228
"Opt Baseline","2026-06-20",1,"2026-06-27","Pediatrics","quantile","0.99",257
"Opt Baseline","2026-06-20",2,"2026-07-04","Pediatrics","quantile","0.01",13
"Opt Baseline","2026-06-20",2,"2026-07-04","Pediatrics","quantile","0.025",22
"Opt Baseline","2026-06-20",2,"2026-07-04","Pediatrics","quantile","0.05",31
"Opt Baseline","2026-06-20",2,"2026-07-04","Pediatrics","quantile","0.1",43
"Opt Baseline","2026-06-20",2,"2026-07-04","Pediatrics","quantile","0.15",52
"Opt Baseline","2026-06-20",2,"2026-07-04","Pediatrics","quantile","0.2",60
"Opt Baseline","2026-06-20",2,"2026-07-04","Pediatrics","quantile","0.25",68
"Opt Baseline","2026-06-20",2,"2026-07-04","Pediatrics","quantile","0.3",75
"Opt Baseline","2026-06-20",2,"2026-07-04","Pediatrics","quantile","0.35",81
"Opt Baseline","2026-06-20",2,"2026-07-04","Pediatrics","quantile","0.4",88
"Opt Baseline","2026-06-20",2,"2026-07-04","Pediatrics","quantile","0.45",95
"Opt Baseline","2026-06-20",2,"2026-07-04","Pediatrics","quantile","0.5",102
"Opt Baseline","2026-06-20",2,"2026-07-04","Pediatrics","quantile","0.55",108
"Opt Baseline","2026-06-20",2,"2026-07-04","Pediatrics","quantile","0.6",116
"Opt Baseline","2026-06-20",2,"2026-07-04","Pediatrics","quantile","0.65",124
"Opt Baseline","2026-06-20",2,"2026-07-04","Pediatrics","quantile","0.7",133
"Opt Baseline","2026-06-20",2,"2026-07-04","Pediatrics","quantile","0.75",143
"Opt Baseline","2026-06-20",2,"2026-07-04","Pediatrics","quantile","0.8",155
"Opt Baseline","2026-06-20",2,"2026-07-04","Pediatrics","quantile","0.85",167
"Opt Baseline","2026-06-20",2,"2026-07-04","Pediatrics","quantile","0.9",184
"Opt Baseline","2026-06-20",2,"2026-07-04","Pediatrics","quantile","0.95",214
"Opt Baseline","2026-06-20",2,"2026-07-04","Pediatrics","quantile","0.975",243
"Opt Baseline","2026-06-20",2,"2026-07-04","Pediatrics","quantile","0.99",273
"Opt Baseline","2026-06-20",3,"2026-07-11","Pediatrics","quantile","0.01",9
"Opt Baseline","2026-06-20",3,"2026-07-11","Pediatrics","quantile","0.025",18
"Opt Baseline","2026-06-20",3,"2026-07-11","Pediatrics","quantile","0.05",27
"Opt Baseline","2026-06-20",3,"2026-07-11","Pediatrics","quantile","0.1",39
"Opt Baseline","2026-06-20",3,"2026-07-11","Pediatrics","quantile","0.15",49
"Opt Baseline","2026-06-20",3,"2026-07-11","Pediatrics","quantile","0.2",58
"Opt Baseline","2026-06-20",3,"2026-07-11","Pediatrics","quantile","0.25",66
"Opt Baseline","2026-06-20",3,"2026-07-11","Pediatrics","quantile","0.3",73
"Opt Baseline","2026-06-20",3,"2026-07-11","Pediatrics","quantile","0.35",80
"Opt Baseline","2026-06-20",3,"2026-07-11","Pediatrics","quantile","0.4",88
"Opt Baseline","2026-06-20",3,"2026-07-11","Pediatrics","quantile","0.45",95
"Opt Baseline","2026-06-20",3,"2026-07-11","Pediatrics","quantile","0.5",102
"Opt Baseline","2026-06-20",3,"2026-07-11","Pediatrics","quantile","0.55",110
"Opt Baseline","2026-06-20",3,"2026-07-11","Pediatrics","quantile","0.6",118
"Opt Baseline","2026-06-20",3,"2026-07-11","Pediatrics","quantile","0.65",126
"Opt Baseline","2026-06-20",3,"2026-07-11","Pediatrics","quantile","0.7",135
"Opt Baseline","2026-06-20",3,"2026-07-11","Pediatrics","quantile","0.75",146
"Opt Baseline","2026-06-20",3,"2026-07-11","Pediatrics","quantile","0.8",158
"Opt Baseline","2026-06-20",3,"2026-07-11","Pediatrics","quantile","0.85",171
"Opt Baseline","2026-06-20",3,"2026-07-11","Pediatrics","quantile","0.9",192
"Opt Baseline","2026-06-20",3,"2026-07-11","Pediatrics","quantile","0.95",223
"Opt Baseline","2026-06-20",3,"2026-07-11","Pediatrics","quantile","0.975",250
"Opt Baseline","2026-06-20",3,"2026-07-11","Pediatrics","quantile","0.99",282
"INFLAenza","2026-06-20",-4,"2026-05-23","Adults","quantile","0.01",96
"INFLAenza","2026-06-20",-4,"2026-05-23","Adults","quantile","0.025",103
"INFLAenza","2026-06-20",-4,"2026-05-23","Adults","quantile","0.05",110
"INFLAenza","2026-06-20",-4,"2026-05-23","Adults","quantile","0.1",118
"INFLAenza","2026-06-20",-4,"2026-05-23","Adults","quantile","0.15",124
"INFLAenza","2026-06-20",-4,"2026-05-23","Adults","quantile","0.2",129
"INFLAenza","2026-06-20",-4,"2026-05-23","Adults","quantile","0.25",133
"INFLAenza","2026-06-20",-4,"2026-05-23","Adults","quantile","0.3",137
"INFLAenza","2026-06-20",-4,"2026-05-23","Adults","quantile","0.35",141
"INFLAenza","2026-06-20",-4,"2026-05-23","Adults","quantile","0.4",144
"INFLAenza","2026-06-20",-4,"2026-05-23","Adults","quantile","0.45",148
"INFLAenza","2026-06-20",-4,"2026-05-23","Adults","quantile","0.5",151
"INFLAenza","2026-06-20",-4,"2026-05-23","Adults","quantile","0.55",155
"INFLAenza","2026-06-20",-4,"2026-05-23","Adults","quantile","0.6",158
"INFLAenza","2026-06-20",-4,"2026-05-23","Adults","quantile","0.65",163
"INFLAenza","2026-06-20",-4,"2026-05-23","Adults","quantile","0.7",167
"INFLAenza","2026-06-20",-4,"2026-05-23","Adults","quantile","0.75",171
"INFLAenza","2026-06-20",-4,"2026-05-23","Adults","quantile","0.8",177
"INFLAenza","2026-06-20",-4,"2026-05-23","Adults","quantile","0.85",183
"INFLAenza","2026-06-20",-4,"2026-05-23","Adults","quantile","0.9",191
"INFLAenza","2026-06-20",-4,"2026-05-23","Adults","quantile","0.95",203
"INFLAenza","2026-06-20",-4,"2026-05-23","Adults","quantile","0.975",215
"INFLAenza","2026-06-20",-4,"2026-05-23","Adults","quantile","0.99",228
"INFLAenza","2026-06-20",-4,"2026-05-23","Overall","quantile","0.01",187
"INFLAenza","2026-06-20",-4,"2026-05-23","Overall","quantile","0.025",199
"INFLAenza","2026-06-20",-4,"2026-05-23","Overall","quantile","0.05",208
"INFLAenza","2026-06-20",-4,"2026-05-23","Overall","quantile","0.1",218
"INFLAenza","2026-06-20",-4,"2026-05-23","Overall","quantile","0.15",227
"INFLAenza","2026-06-20",-4,"2026-05-23","Overall","quantile","0.2",233
"INFLAenza","2026-06-20",-4,"2026-05-23","Overall","quantile","0.25",238
"INFLAenza","2026-06-20",-4,"2026-05-23","Overall","quantile","0.3",243
"INFLAenza","2026-06-20",-4,"2026-05-23","Overall","quantile","0.35",248
"INFLAenza","2026-06-20",-4,"2026-05-23","Overall","quantile","0.4",253
"INFLAenza","2026-06-20",-4,"2026-05-23","Overall","quantile","0.45",257
"INFLAenza","2026-06-20",-4,"2026-05-23","Overall","quantile","0.5",261
"INFLAenza","2026-06-20",-4,"2026-05-23","Overall","quantile","0.55",265
"INFLAenza","2026-06-20",-4,"2026-05-23","Overall","quantile","0.6",270
"INFLAenza","2026-06-20",-4,"2026-05-23","Overall","quantile","0.65",275
"INFLAenza","2026-06-20",-4,"2026-05-23","Overall","quantile","0.7",280
"INFLAenza","2026-06-20",-4,"2026-05-23","Overall","quantile","0.75",286
"INFLAenza","2026-06-20",-4,"2026-05-23","Overall","quantile","0.8",291
"INFLAenza","2026-06-20",-4,"2026-05-23","Overall","quantile","0.85",299
"INFLAenza","2026-06-20",-4,"2026-05-23","Overall","quantile","0.9",308
"INFLAenza","2026-06-20",-4,"2026-05-23","Overall","quantile","0.95",323
"INFLAenza","2026-06-20",-4,"2026-05-23","Overall","quantile","0.975",335
"INFLAenza","2026-06-20",-4,"2026-05-23","Overall","quantile","0.99",349
"INFLAenza","2026-06-20",-4,"2026-05-23","Pediatrics","quantile","0.01",65
"INFLAenza","2026-06-20",-4,"2026-05-23","Pediatrics","quantile","0.025",71
"INFLAenza","2026-06-20",-4,"2026-05-23","Pediatrics","quantile","0.05",76
"INFLAenza","2026-06-20",-4,"2026-05-23","Pediatrics","quantile","0.1",83
"INFLAenza","2026-06-20",-4,"2026-05-23","Pediatrics","quantile","0.15",87
"INFLAenza","2026-06-20",-4,"2026-05-23","Pediatrics","quantile","0.2",91
"INFLAenza","2026-06-20",-4,"2026-05-23","Pediatrics","quantile","0.25",94
"INFLAenza","2026-06-20",-4,"2026-05-23","Pediatrics","quantile","0.3",97
"INFLAenza","2026-06-20",-4,"2026-05-23","Pediatrics","quantile","0.35",100
"INFLAenza","2026-06-20",-4,"2026-05-23","Pediatrics","quantile","0.4",103
"INFLAenza","2026-06-20",-4,"2026-05-23","Pediatrics","quantile","0.45",105
"INFLAenza","2026-06-20",-4,"2026-05-23","Pediatrics","quantile","0.5",108
"INFLAenza","2026-06-20",-4,"2026-05-23","Pediatrics","quantile","0.55",110
"INFLAenza","2026-06-20",-4,"2026-05-23","Pediatrics","quantile","0.6",114
"INFLAenza","2026-06-20",-4,"2026-05-23","Pediatrics","quantile","0.65",116
"INFLAenza","2026-06-20",-4,"2026-05-23","Pediatrics","quantile","0.7",120
"INFLAenza","2026-06-20",-4,"2026-05-23","Pediatrics","quantile","0.75",123
"INFLAenza","2026-06-20",-4,"2026-05-23","Pediatrics","quantile","0.8",126
"INFLAenza","2026-06-20",-4,"2026-05-23","Pediatrics","quantile","0.85",131
"INFLAenza","2026-06-20",-4,"2026-05-23","Pediatrics","quantile","0.9",138
"INFLAenza","2026-06-20",-4,"2026-05-23","Pediatrics","quantile","0.95",147
"INFLAenza","2026-06-20",-4,"2026-05-23","Pediatrics","quantile","0.975",156
"INFLAenza","2026-06-20",-4,"2026-05-23","Pediatrics","quantile","0.99",167
"INFLAenza","2026-06-20",-3,"2026-05-30","Adults","quantile","0.01",89
"INFLAenza","2026-06-20",-3,"2026-05-30","Adults","quantile","0.025",98
"INFLAenza","2026-06-20",-3,"2026-05-30","Adults","quantile","0.05",108
"INFLAenza","2026-06-20",-3,"2026-05-30","Adults","quantile","0.1",117
"INFLAenza","2026-06-20",-3,"2026-05-30","Adults","quantile","0.15",124
"INFLAenza","2026-06-20",-3,"2026-05-30","Adults","quantile","0.2",130
"INFLAenza","2026-06-20",-3,"2026-05-30","Adults","quantile","0.25",136
"INFLAenza","2026-06-20",-3,"2026-05-30","Adults","quantile","0.3",140
"INFLAenza","2026-06-20",-3,"2026-05-30","Adults","quantile","0.35",145
"INFLAenza","2026-06-20",-3,"2026-05-30","Adults","quantile","0.4",150
"INFLAenza","2026-06-20",-3,"2026-05-30","Adults","quantile","0.45",155
"INFLAenza","2026-06-20",-3,"2026-05-30","Adults","quantile","0.5",159
"INFLAenza","2026-06-20",-3,"2026-05-30","Adults","quantile","0.55",163
"INFLAenza","2026-06-20",-3,"2026-05-30","Adults","quantile","0.6",168
"INFLAenza","2026-06-20",-3,"2026-05-30","Adults","quantile","0.65",173
"INFLAenza","2026-06-20",-3,"2026-05-30","Adults","quantile","0.7",179
"INFLAenza","2026-06-20",-3,"2026-05-30","Adults","quantile","0.75",185
"INFLAenza","2026-06-20",-3,"2026-05-30","Adults","quantile","0.8",193
"INFLAenza","2026-06-20",-3,"2026-05-30","Adults","quantile","0.85",201
"INFLAenza","2026-06-20",-3,"2026-05-30","Adults","quantile","0.9",213
"INFLAenza","2026-06-20",-3,"2026-05-30","Adults","quantile","0.95",230
"INFLAenza","2026-06-20",-3,"2026-05-30","Adults","quantile","0.975",246
"INFLAenza","2026-06-20",-3,"2026-05-30","Adults","quantile","0.99",265
"INFLAenza","2026-06-20",-3,"2026-05-30","Overall","quantile","0.01",183
"INFLAenza","2026-06-20",-3,"2026-05-30","Overall","quantile","0.025",195
"INFLAenza","2026-06-20",-3,"2026-05-30","Overall","quantile","0.05",208
"INFLAenza","2026-06-20",-3,"2026-05-30","Overall","quantile","0.1",221
"INFLAenza","2026-06-20",-3,"2026-05-30","Overall","quantile","0.15",232
"INFLAenza","2026-06-20",-3,"2026-05-30","Overall","quantile","0.2",239
"INFLAenza","2026-06-20",-3,"2026-05-30","Overall","quantile","0.25",246
"INFLAenza","2026-06-20",-3,"2026-05-30","Overall","quantile","0.3",252
"INFLAenza","2026-06-20",-3,"2026-05-30","Overall","quantile","0.35",258
"INFLAenza","2026-06-20",-3,"2026-05-30","Overall","quantile","0.4",264
"INFLAenza","2026-06-20",-3,"2026-05-30","Overall","quantile","0.45",270
"INFLAenza","2026-06-20",-3,"2026-05-30","Overall","quantile","0.5",275
"INFLAenza","2026-06-20",-3,"2026-05-30","Overall","quantile","0.55",281
"INFLAenza","2026-06-20",-3,"2026-05-30","Overall","quantile","0.6",287
"INFLAenza","2026-06-20",-3,"2026-05-30","Overall","quantile","0.65",294
"INFLAenza","2026-06-20",-3,"2026-05-30","Overall","quantile","0.7",300
"INFLAenza","2026-06-20",-3,"2026-05-30","Overall","quantile","0.75",307
"INFLAenza","2026-06-20",-3,"2026-05-30","Overall","quantile","0.8",315
"INFLAenza","2026-06-20",-3,"2026-05-30","Overall","quantile","0.85",326
"INFLAenza","2026-06-20",-3,"2026-05-30","Overall","quantile","0.9",339
"INFLAenza","2026-06-20",-3,"2026-05-30","Overall","quantile","0.95",357
"INFLAenza","2026-06-20",-3,"2026-05-30","Overall","quantile","0.975",377
"INFLAenza","2026-06-20",-3,"2026-05-30","Overall","quantile","0.99",398
"INFLAenza","2026-06-20",-3,"2026-05-30","Pediatrics","quantile","0.01",63
"INFLAenza","2026-06-20",-3,"2026-05-30","Pediatrics","quantile","0.025",69
"INFLAenza","2026-06-20",-3,"2026-05-30","Pediatrics","quantile","0.05",75
"INFLAenza","2026-06-20",-3,"2026-05-30","Pediatrics","quantile","0.1",83
"INFLAenza","2026-06-20",-3,"2026-05-30","Pediatrics","quantile","0.15",88
"INFLAenza","2026-06-20",-3,"2026-05-30","Pediatrics","quantile","0.2",92
"INFLAenza","2026-06-20",-3,"2026-05-30","Pediatrics","quantile","0.25",96
"INFLAenza","2026-06-20",-3,"2026-05-30","Pediatrics","quantile","0.3",99
"INFLAenza","2026-06-20",-3,"2026-05-30","Pediatrics","quantile","0.35",103
"INFLAenza","2026-06-20",-3,"2026-05-30","Pediatrics","quantile","0.4",107
"INFLAenza","2026-06-20",-3,"2026-05-30","Pediatrics","quantile","0.45",110
"INFLAenza","2026-06-20",-3,"2026-05-30","Pediatrics","quantile","0.5",113
"INFLAenza","2026-06-20",-3,"2026-05-30","Pediatrics","quantile","0.55",117
"INFLAenza","2026-06-20",-3,"2026-05-30","Pediatrics","quantile","0.6",120
"INFLAenza","2026-06-20",-3,"2026-05-30","Pediatrics","quantile","0.65",124
"INFLAenza","2026-06-20",-3,"2026-05-30","Pediatrics","quantile","0.7",128
"INFLAenza","2026-06-20",-3,"2026-05-30","Pediatrics","quantile","0.75",132
"INFLAenza","2026-06-20",-3,"2026-05-30","Pediatrics","quantile","0.8",137
"INFLAenza","2026-06-20",-3,"2026-05-30","Pediatrics","quantile","0.85",144
"INFLAenza","2026-06-20",-3,"2026-05-30","Pediatrics","quantile","0.9",153
"INFLAenza","2026-06-20",-3,"2026-05-30","Pediatrics","quantile","0.95",165
"INFLAenza","2026-06-20",-3,"2026-05-30","Pediatrics","quantile","0.975",178
"INFLAenza","2026-06-20",-3,"2026-05-30","Pediatrics","quantile","0.99",193
"INFLAenza","2026-06-20",-2,"2026-06-06","Adults","quantile","0.01",88
"INFLAenza","2026-06-20",-2,"2026-06-06","Adults","quantile","0.025",98
"INFLAenza","2026-06-20",-2,"2026-06-06","Adults","quantile","0.05",107
"INFLAenza","2026-06-20",-2,"2026-06-06","Adults","quantile","0.1",117
"INFLAenza","2026-06-20",-2,"2026-06-06","Adults","quantile","0.15",125
"INFLAenza","2026-06-20",-2,"2026-06-06","Adults","quantile","0.2",131
"INFLAenza","2026-06-20",-2,"2026-06-06","Adults","quantile","0.25",136
"INFLAenza","2026-06-20",-2,"2026-06-06","Adults","quantile","0.3",142
"INFLAenza","2026-06-20",-2,"2026-06-06","Adults","quantile","0.35",147
"INFLAenza","2026-06-20",-2,"2026-06-06","Adults","quantile","0.4",153
"INFLAenza","2026-06-20",-2,"2026-06-06","Adults","quantile","0.45",158
"INFLAenza","2026-06-20",-2,"2026-06-06","Adults","quantile","0.5",164
"INFLAenza","2026-06-20",-2,"2026-06-06","Adults","quantile","0.55",169
"INFLAenza","2026-06-20",-2,"2026-06-06","Adults","quantile","0.6",175
"INFLAenza","2026-06-20",-2,"2026-06-06","Adults","quantile","0.65",181
"INFLAenza","2026-06-20",-2,"2026-06-06","Adults","quantile","0.7",188
"INFLAenza","2026-06-20",-2,"2026-06-06","Adults","quantile","0.75",196
"INFLAenza","2026-06-20",-2,"2026-06-06","Adults","quantile","0.8",204
"INFLAenza","2026-06-20",-2,"2026-06-06","Adults","quantile","0.85",215
"INFLAenza","2026-06-20",-2,"2026-06-06","Adults","quantile","0.9",228
"INFLAenza","2026-06-20",-2,"2026-06-06","Adults","quantile","0.95",250
"INFLAenza","2026-06-20",-2,"2026-06-06","Adults","quantile","0.975",270
"INFLAenza","2026-06-20",-2,"2026-06-06","Adults","quantile","0.99",298
"INFLAenza","2026-06-20",-2,"2026-06-06","Overall","quantile","0.01",184
"INFLAenza","2026-06-20",-2,"2026-06-06","Overall","quantile","0.025",196
"INFLAenza","2026-06-20",-2,"2026-06-06","Overall","quantile","0.05",208
"INFLAenza","2026-06-20",-2,"2026-06-06","Overall","quantile","0.1",223
"INFLAenza","2026-06-20",-2,"2026-06-06","Overall","quantile","0.15",233
"INFLAenza","2026-06-20",-2,"2026-06-06","Overall","quantile","0.2",242
"INFLAenza","2026-06-20",-2,"2026-06-06","Overall","quantile","0.25",249
"INFLAenza","2026-06-20",-2,"2026-06-06","Overall","quantile","0.3",256
"INFLAenza","2026-06-20",-2,"2026-06-06","Overall","quantile","0.35",264
"INFLAenza","2026-06-20",-2,"2026-06-06","Overall","quantile","0.4",271
"INFLAenza","2026-06-20",-2,"2026-06-06","Overall","quantile","0.45",278
"INFLAenza","2026-06-20",-2,"2026-06-06","Overall","quantile","0.5",284
"INFLAenza","2026-06-20",-2,"2026-06-06","Overall","quantile","0.55",291
"INFLAenza","2026-06-20",-2,"2026-06-06","Overall","quantile","0.6",298
"INFLAenza","2026-06-20",-2,"2026-06-06","Overall","quantile","0.65",306
"INFLAenza","2026-06-20",-2,"2026-06-06","Overall","quantile","0.7",315
"INFLAenza","2026-06-20",-2,"2026-06-06","Overall","quantile","0.75",324
"INFLAenza","2026-06-20",-2,"2026-06-06","Overall","quantile","0.8",334
"INFLAenza","2026-06-20",-2,"2026-06-06","Overall","quantile","0.85",345
"INFLAenza","2026-06-20",-2,"2026-06-06","Overall","quantile","0.9",361
"INFLAenza","2026-06-20",-2,"2026-06-06","Overall","quantile","0.95",385
"INFLAenza","2026-06-20",-2,"2026-06-06","Overall","quantile","0.975",408
"INFLAenza","2026-06-20",-2,"2026-06-06","Overall","quantile","0.99",441
"INFLAenza","2026-06-20",-2,"2026-06-06","Pediatrics","quantile","0.01",61
"INFLAenza","2026-06-20",-2,"2026-06-06","Pediatrics","quantile","0.025",66
"INFLAenza","2026-06-20",-2,"2026-06-06","Pediatrics","quantile","0.05",73
"INFLAenza","2026-06-20",-2,"2026-06-06","Pediatrics","quantile","0.1",80
"INFLAenza","2026-06-20",-2,"2026-06-06","Pediatrics","quantile","0.15",87
"INFLAenza","2026-06-20",-2,"2026-06-06","Pediatrics","quantile","0.2",92
"INFLAenza","2026-06-20",-2,"2026-06-06","Pediatrics","quantile","0.25",97
"INFLAenza","2026-06-20",-2,"2026-06-06","Pediatrics","quantile","0.3",101
"INFLAenza","2026-06-20",-2,"2026-06-06","Pediatrics","quantile","0.35",105
"INFLAenza","2026-06-20",-2,"2026-06-06","Pediatrics","quantile","0.4",109
"INFLAenza","2026-06-20",-2,"2026-06-06","Pediatrics","quantile","0.45",113
"INFLAenza","2026-06-20",-2,"2026-06-06","Pediatrics","quantile","0.5",116
"INFLAenza","2026-06-20",-2,"2026-06-06","Pediatrics","quantile","0.55",120
"INFLAenza","2026-06-20",-2,"2026-06-06","Pediatrics","quantile","0.6",125
"INFLAenza","2026-06-20",-2,"2026-06-06","Pediatrics","quantile","0.65",129
"INFLAenza","2026-06-20",-2,"2026-06-06","Pediatrics","quantile","0.7",133
"INFLAenza","2026-06-20",-2,"2026-06-06","Pediatrics","quantile","0.75",139
"INFLAenza","2026-06-20",-2,"2026-06-06","Pediatrics","quantile","0.8",145
"INFLAenza","2026-06-20",-2,"2026-06-06","Pediatrics","quantile","0.85",153
"INFLAenza","2026-06-20",-2,"2026-06-06","Pediatrics","quantile","0.9",163
"INFLAenza","2026-06-20",-2,"2026-06-06","Pediatrics","quantile","0.95",180
"INFLAenza","2026-06-20",-2,"2026-06-06","Pediatrics","quantile","0.975",193
"INFLAenza","2026-06-20",-2,"2026-06-06","Pediatrics","quantile","0.99",214
"INFLAenza","2026-06-20",-1,"2026-06-13","Adults","quantile","0.01",81
"INFLAenza","2026-06-20",-1,"2026-06-13","Adults","quantile","0.025",93
"INFLAenza","2026-06-20",-1,"2026-06-13","Adults","quantile","0.05",103
"INFLAenza","2026-06-20",-1,"2026-06-13","Adults","quantile","0.1",115
"INFLAenza","2026-06-20",-1,"2026-06-13","Adults","quantile","0.15",123
"INFLAenza","2026-06-20",-1,"2026-06-13","Adults","quantile","0.2",130
"INFLAenza","2026-06-20",-1,"2026-06-13","Adults","quantile","0.25",137
"INFLAenza","2026-06-20",-1,"2026-06-13","Adults","quantile","0.3",143
"INFLAenza","2026-06-20",-1,"2026-06-13","Adults","quantile","0.35",149
"INFLAenza","2026-06-20",-1,"2026-06-13","Adults","quantile","0.4",154
"INFLAenza","2026-06-20",-1,"2026-06-13","Adults","quantile","0.45",160
"INFLAenza","2026-06-20",-1,"2026-06-13","Adults","quantile","0.5",166
"INFLAenza","2026-06-20",-1,"2026-06-13","Adults","quantile","0.55",173
"INFLAenza","2026-06-20",-1,"2026-06-13","Adults","quantile","0.6",179
"INFLAenza","2026-06-20",-1,"2026-06-13","Adults","quantile","0.65",187
"INFLAenza","2026-06-20",-1,"2026-06-13","Adults","quantile","0.7",195
"INFLAenza","2026-06-20",-1,"2026-06-13","Adults","quantile","0.75",204
"INFLAenza","2026-06-20",-1,"2026-06-13","Adults","quantile","0.8",214
"INFLAenza","2026-06-20",-1,"2026-06-13","Adults","quantile","0.85",225
"INFLAenza","2026-06-20",-1,"2026-06-13","Adults","quantile","0.9",241
"INFLAenza","2026-06-20",-1,"2026-06-13","Adults","quantile","0.95",264
"INFLAenza","2026-06-20",-1,"2026-06-13","Adults","quantile","0.975",292
"INFLAenza","2026-06-20",-1,"2026-06-13","Adults","quantile","0.99",320
"INFLAenza","2026-06-20",-1,"2026-06-13","Overall","quantile","0.01",178
"INFLAenza","2026-06-20",-1,"2026-06-13","Overall","quantile","0.025",195
"INFLAenza","2026-06-20",-1,"2026-06-13","Overall","quantile","0.05",204
"INFLAenza","2026-06-20",-1,"2026-06-13","Overall","quantile","0.1",221
"INFLAenza","2026-06-20",-1,"2026-06-13","Overall","quantile","0.15",233
"INFLAenza","2026-06-20",-1,"2026-06-13","Overall","quantile","0.2",243
"INFLAenza","2026-06-20",-1,"2026-06-13","Overall","quantile","0.25",251
"INFLAenza","2026-06-20",-1,"2026-06-13","Overall","quantile","0.3",259
"INFLAenza","2026-06-20",-1,"2026-06-13","Overall","quantile","0.35",267
"INFLAenza","2026-06-20",-1,"2026-06-13","Overall","quantile","0.4",273
"INFLAenza","2026-06-20",-1,"2026-06-13","Overall","quantile","0.45",281
"INFLAenza","2026-06-20",-1,"2026-06-13","Overall","quantile","0.5",288
"INFLAenza","2026-06-20",-1,"2026-06-13","Overall","quantile","0.55",296
"INFLAenza","2026-06-20",-1,"2026-06-13","Overall","quantile","0.6",305
"INFLAenza","2026-06-20",-1,"2026-06-13","Overall","quantile","0.65",312
"INFLAenza","2026-06-20",-1,"2026-06-13","Overall","quantile","0.7",321
"INFLAenza","2026-06-20",-1,"2026-06-13","Overall","quantile","0.75",332
"INFLAenza","2026-06-20",-1,"2026-06-13","Overall","quantile","0.8",344
"INFLAenza","2026-06-20",-1,"2026-06-13","Overall","quantile","0.85",358
"INFLAenza","2026-06-20",-1,"2026-06-13","Overall","quantile","0.9",377
"INFLAenza","2026-06-20",-1,"2026-06-13","Overall","quantile","0.95",407
"INFLAenza","2026-06-20",-1,"2026-06-13","Overall","quantile","0.975",433
"INFLAenza","2026-06-20",-1,"2026-06-13","Overall","quantile","0.99",473
"INFLAenza","2026-06-20",-1,"2026-06-13","Pediatrics","quantile","0.01",56
"INFLAenza","2026-06-20",-1,"2026-06-13","Pediatrics","quantile","0.025",65
"INFLAenza","2026-06-20",-1,"2026-06-13","Pediatrics","quantile","0.05",72
"INFLAenza","2026-06-20",-1,"2026-06-13","Pediatrics","quantile","0.1",80
"INFLAenza","2026-06-20",-1,"2026-06-13","Pediatrics","quantile","0.15",86
"INFLAenza","2026-06-20",-1,"2026-06-13","Pediatrics","quantile","0.2",91
"INFLAenza","2026-06-20",-1,"2026-06-13","Pediatrics","quantile","0.25",96
"INFLAenza","2026-06-20",-1,"2026-06-13","Pediatrics","quantile","0.3",101
"INFLAenza","2026-06-20",-1,"2026-06-13","Pediatrics","quantile","0.35",104
"INFLAenza","2026-06-20",-1,"2026-06-13","Pediatrics","quantile","0.4",109
"INFLAenza","2026-06-20",-1,"2026-06-13","Pediatrics","quantile","0.45",113
"INFLAenza","2026-06-20",-1,"2026-06-13","Pediatrics","quantile","0.5",117
"INFLAenza","2026-06-20",-1,"2026-06-13","Pediatrics","quantile","0.55",121
"INFLAenza","2026-06-20",-1,"2026-06-13","Pediatrics","quantile","0.6",126
"INFLAenza","2026-06-20",-1,"2026-06-13","Pediatrics","quantile","0.65",130
"INFLAenza","2026-06-20",-1,"2026-06-13","Pediatrics","quantile","0.7",136
"INFLAenza","2026-06-20",-1,"2026-06-13","Pediatrics","quantile","0.75",142
"INFLAenza","2026-06-20",-1,"2026-06-13","Pediatrics","quantile","0.8",149
"INFLAenza","2026-06-20",-1,"2026-06-13","Pediatrics","quantile","0.85",158
"INFLAenza","2026-06-20",-1,"2026-06-13","Pediatrics","quantile","0.9",170
"INFLAenza","2026-06-20",-1,"2026-06-13","Pediatrics","quantile","0.95",189
"INFLAenza","2026-06-20",-1,"2026-06-13","Pediatrics","quantile","0.975",206
"INFLAenza","2026-06-20",-1,"2026-06-13","Pediatrics","quantile","0.99",227
"INFLAenza","2026-06-20",0,"2026-06-20","Adults","quantile","0.01",79
"INFLAenza","2026-06-20",0,"2026-06-20","Adults","quantile","0.025",89
"INFLAenza","2026-06-20",0,"2026-06-20","Adults","quantile","0.05",99
"INFLAenza","2026-06-20",0,"2026-06-20","Adults","quantile","0.1",110
"INFLAenza","2026-06-20",0,"2026-06-20","Adults","quantile","0.15",119
"INFLAenza","2026-06-20",0,"2026-06-20","Adults","quantile","0.2",126
"INFLAenza","2026-06-20",0,"2026-06-20","Adults","quantile","0.25",132
"INFLAenza","2026-06-20",0,"2026-06-20","Adults","quantile","0.3",138
"INFLAenza","2026-06-20",0,"2026-06-20","Adults","quantile","0.35",145
"INFLAenza","2026-06-20",0,"2026-06-20","Adults","quantile","0.4",151
"INFLAenza","2026-06-20",0,"2026-06-20","Adults","quantile","0.45",157
"INFLAenza","2026-06-20",0,"2026-06-20","Adults","quantile","0.5",164
"INFLAenza","2026-06-20",0,"2026-06-20","Adults","quantile","0.55",171
"INFLAenza","2026-06-20",0,"2026-06-20","Adults","quantile","0.6",178
"INFLAenza","2026-06-20",0,"2026-06-20","Adults","quantile","0.65",185
"INFLAenza","2026-06-20",0,"2026-06-20","Adults","quantile","0.7",193
"INFLAenza","2026-06-20",0,"2026-06-20","Adults","quantile","0.75",202
"INFLAenza","2026-06-20",0,"2026-06-20","Adults","quantile","0.8",213
"INFLAenza","2026-06-20",0,"2026-06-20","Adults","quantile","0.85",225
"INFLAenza","2026-06-20",0,"2026-06-20","Adults","quantile","0.9",241
"INFLAenza","2026-06-20",0,"2026-06-20","Adults","quantile","0.95",267
"INFLAenza","2026-06-20",0,"2026-06-20","Adults","quantile","0.975",290
"INFLAenza","2026-06-20",0,"2026-06-20","Adults","quantile","0.99",328
"INFLAenza","2026-06-20",0,"2026-06-20","Overall","quantile","0.01",172
"INFLAenza","2026-06-20",0,"2026-06-20","Overall","quantile","0.025",187
"INFLAenza","2026-06-20",0,"2026-06-20","Overall","quantile","0.05",198
"INFLAenza","2026-06-20",0,"2026-06-20","Overall","quantile","0.1",214
"INFLAenza","2026-06-20",0,"2026-06-20","Overall","quantile","0.15",226
"INFLAenza","2026-06-20",0,"2026-06-20","Overall","quantile","0.2",236
"INFLAenza","2026-06-20",0,"2026-06-20","Overall","quantile","0.25",245
"INFLAenza","2026-06-20",0,"2026-06-20","Overall","quantile","0.3",253
"INFLAenza","2026-06-20",0,"2026-06-20","Overall","quantile","0.35",260
"INFLAenza","2026-06-20",0,"2026-06-20","Overall","quantile","0.4",268
"INFLAenza","2026-06-20",0,"2026-06-20","Overall","quantile","0.45",277
"INFLAenza","2026-06-20",0,"2026-06-20","Overall","quantile","0.5",285
"INFLAenza","2026-06-20",0,"2026-06-20","Overall","quantile","0.55",292
"INFLAenza","2026-06-20",0,"2026-06-20","Overall","quantile","0.6",301
"INFLAenza","2026-06-20",0,"2026-06-20","Overall","quantile","0.65",309
"INFLAenza","2026-06-20",0,"2026-06-20","Overall","quantile","0.7",319
"INFLAenza","2026-06-20",0,"2026-06-20","Overall","quantile","0.75",330
"INFLAenza","2026-06-20",0,"2026-06-20","Overall","quantile","0.8",343
"INFLAenza","2026-06-20",0,"2026-06-20","Overall","quantile","0.85",359
"INFLAenza","2026-06-20",0,"2026-06-20","Overall","quantile","0.9",378
"INFLAenza","2026-06-20",0,"2026-06-20","Overall","quantile","0.95",408
"INFLAenza","2026-06-20",0,"2026-06-20","Overall","quantile","0.975",438
"INFLAenza","2026-06-20",0,"2026-06-20","Overall","quantile","0.99",477
"INFLAenza","2026-06-20",0,"2026-06-20","Pediatrics","quantile","0.01",53
"INFLAenza","2026-06-20",0,"2026-06-20","Pediatrics","quantile","0.025",60
"INFLAenza","2026-06-20",0,"2026-06-20","Pediatrics","quantile","0.05",68
"INFLAenza","2026-06-20",0,"2026-06-20","Pediatrics","quantile","0.1",77
"INFLAenza","2026-06-20",0,"2026-06-20","Pediatrics","quantile","0.15",83
"INFLAenza","2026-06-20",0,"2026-06-20","Pediatrics","quantile","0.2",89
"INFLAenza","2026-06-20",0,"2026-06-20","Pediatrics","quantile","0.25",93
"INFLAenza","2026-06-20",0,"2026-06-20","Pediatrics","quantile","0.3",98
"INFLAenza","2026-06-20",0,"2026-06-20","Pediatrics","quantile","0.35",102
"INFLAenza","2026-06-20",0,"2026-06-20","Pediatrics","quantile","0.4",106
"INFLAenza","2026-06-20",0,"2026-06-20","Pediatrics","quantile","0.45",110
"INFLAenza","2026-06-20",0,"2026-06-20","Pediatrics","quantile","0.5",115
"INFLAenza","2026-06-20",0,"2026-06-20","Pediatrics","quantile","0.55",119
"INFLAenza","2026-06-20",0,"2026-06-20","Pediatrics","quantile","0.6",124
"INFLAenza","2026-06-20",0,"2026-06-20","Pediatrics","quantile","0.65",129
"INFLAenza","2026-06-20",0,"2026-06-20","Pediatrics","quantile","0.7",135
"INFLAenza","2026-06-20",0,"2026-06-20","Pediatrics","quantile","0.75",141
"INFLAenza","2026-06-20",0,"2026-06-20","Pediatrics","quantile","0.8",149
"INFLAenza","2026-06-20",0,"2026-06-20","Pediatrics","quantile","0.85",159
"INFLAenza","2026-06-20",0,"2026-06-20","Pediatrics","quantile","0.9",171
"INFLAenza","2026-06-20",0,"2026-06-20","Pediatrics","quantile","0.95",191
"INFLAenza","2026-06-20",0,"2026-06-20","Pediatrics","quantile","0.975",211
"INFLAenza","2026-06-20",0,"2026-06-20","Pediatrics","quantile","0.99",238
"INFLAenza","2026-06-20",1,"2026-06-27","Adults","quantile","0.01",72
"INFLAenza","2026-06-20",1,"2026-06-27","Adults","quantile","0.025",82
"INFLAenza","2026-06-20",1,"2026-06-27","Adults","quantile","0.05",91
"INFLAenza","2026-06-20",1,"2026-06-27","Adults","quantile","0.1",102
"INFLAenza","2026-06-20",1,"2026-06-27","Adults","quantile","0.15",111
"INFLAenza","2026-06-20",1,"2026-06-27","Adults","quantile","0.2",118
"INFLAenza","2026-06-20",1,"2026-06-27","Adults","quantile","0.25",125
"INFLAenza","2026-06-20",1,"2026-06-27","Adults","quantile","0.3",132
"INFLAenza","2026-06-20",1,"2026-06-27","Adults","quantile","0.35",138
"INFLAenza","2026-06-20",1,"2026-06-27","Adults","quantile","0.4",144
"INFLAenza","2026-06-20",1,"2026-06-27","Adults","quantile","0.45",150
"INFLAenza","2026-06-20",1,"2026-06-27","Adults","quantile","0.5",156
"INFLAenza","2026-06-20",1,"2026-06-27","Adults","quantile","0.55",163
"INFLAenza","2026-06-20",1,"2026-06-27","Adults","quantile","0.6",169
"INFLAenza","2026-06-20",1,"2026-06-27","Adults","quantile","0.65",177
"INFLAenza","2026-06-20",1,"2026-06-27","Adults","quantile","0.7",185
"INFLAenza","2026-06-20",1,"2026-06-27","Adults","quantile","0.75",193
"INFLAenza","2026-06-20",1,"2026-06-27","Adults","quantile","0.8",203
"INFLAenza","2026-06-20",1,"2026-06-27","Adults","quantile","0.85",217
"INFLAenza","2026-06-20",1,"2026-06-27","Adults","quantile","0.9",234
"INFLAenza","2026-06-20",1,"2026-06-27","Adults","quantile","0.95",258
"INFLAenza","2026-06-20",1,"2026-06-27","Adults","quantile","0.975",284
"INFLAenza","2026-06-20",1,"2026-06-27","Adults","quantile","0.99",321
"INFLAenza","2026-06-20",1,"2026-06-27","Overall","quantile","0.01",158
"INFLAenza","2026-06-20",1,"2026-06-27","Overall","quantile","0.025",173
"INFLAenza","2026-06-20",1,"2026-06-27","Overall","quantile","0.05",185
"INFLAenza","2026-06-20",1,"2026-06-27","Overall","quantile","0.1",200
"INFLAenza","2026-06-20",1,"2026-06-27","Overall","quantile","0.15",212
"INFLAenza","2026-06-20",1,"2026-06-27","Overall","quantile","0.2",222
"INFLAenza","2026-06-20",1,"2026-06-27","Overall","quantile","0.25",231
"INFLAenza","2026-06-20",1,"2026-06-27","Overall","quantile","0.3",240
"INFLAenza","2026-06-20",1,"2026-06-27","Overall","quantile","0.35",247
"INFLAenza","2026-06-20",1,"2026-06-27","Overall","quantile","0.4",254
"INFLAenza","2026-06-20",1,"2026-06-27","Overall","quantile","0.45",262
"INFLAenza","2026-06-20",1,"2026-06-27","Overall","quantile","0.5",270
"INFLAenza","2026-06-20",1,"2026-06-27","Overall","quantile","0.55",278
"INFLAenza","2026-06-20",1,"2026-06-27","Overall","quantile","0.6",287
"INFLAenza","2026-06-20",1,"2026-06-27","Overall","quantile","0.65",297
"INFLAenza","2026-06-20",1,"2026-06-27","Overall","quantile","0.7",308
"INFLAenza","2026-06-20",1,"2026-06-27","Overall","quantile","0.75",317
"INFLAenza","2026-06-20",1,"2026-06-27","Overall","quantile","0.8",329
"INFLAenza","2026-06-20",1,"2026-06-27","Overall","quantile","0.85",343
"INFLAenza","2026-06-20",1,"2026-06-27","Overall","quantile","0.9",364
"INFLAenza","2026-06-20",1,"2026-06-27","Overall","quantile","0.95",394
"INFLAenza","2026-06-20",1,"2026-06-27","Overall","quantile","0.975",431
"INFLAenza","2026-06-20",1,"2026-06-27","Overall","quantile","0.99",463
"INFLAenza","2026-06-20",1,"2026-06-27","Pediatrics","quantile","0.01",50
"INFLAenza","2026-06-20",1,"2026-06-27","Pediatrics","quantile","0.025",57
"INFLAenza","2026-06-20",1,"2026-06-27","Pediatrics","quantile","0.05",63
"INFLAenza","2026-06-20",1,"2026-06-27","Pediatrics","quantile","0.1",71
"INFLAenza","2026-06-20",1,"2026-06-27","Pediatrics","quantile","0.15",78
"INFLAenza","2026-06-20",1,"2026-06-27","Pediatrics","quantile","0.2",83
"INFLAenza","2026-06-20",1,"2026-06-27","Pediatrics","quantile","0.25",87
"INFLAenza","2026-06-20",1,"2026-06-27","Pediatrics","quantile","0.3",92
"INFLAenza","2026-06-20",1,"2026-06-27","Pediatrics","quantile","0.35",96
"INFLAenza","2026-06-20",1,"2026-06-27","Pediatrics","quantile","0.4",100
"INFLAenza","2026-06-20",1,"2026-06-27","Pediatrics","quantile","0.45",104
"INFLAenza","2026-06-20",1,"2026-06-27","Pediatrics","quantile","0.5",109
"INFLAenza","2026-06-20",1,"2026-06-27","Pediatrics","quantile","0.55",113
"INFLAenza","2026-06-20",1,"2026-06-27","Pediatrics","quantile","0.6",118
"INFLAenza","2026-06-20",1,"2026-06-27","Pediatrics","quantile","0.65",123
"INFLAenza","2026-06-20",1,"2026-06-27","Pediatrics","quantile","0.7",129
"INFLAenza","2026-06-20",1,"2026-06-27","Pediatrics","quantile","0.75",136
"INFLAenza","2026-06-20",1,"2026-06-27","Pediatrics","quantile","0.8",144
"INFLAenza","2026-06-20",1,"2026-06-27","Pediatrics","quantile","0.85",154
"INFLAenza","2026-06-20",1,"2026-06-27","Pediatrics","quantile","0.9",165
"INFLAenza","2026-06-20",1,"2026-06-27","Pediatrics","quantile","0.95",184
"INFLAenza","2026-06-20",1,"2026-06-27","Pediatrics","quantile","0.975",203
"INFLAenza","2026-06-20",1,"2026-06-27","Pediatrics","quantile","0.99",232
"INFLAenza","2026-06-20",2,"2026-07-04","Adults","quantile","0.01",65
"INFLAenza","2026-06-20",2,"2026-07-04","Adults","quantile","0.025",73
"INFLAenza","2026-06-20",2,"2026-07-04","Adults","quantile","0.05",83
"INFLAenza","2026-06-20",2,"2026-07-04","Adults","quantile","0.1",93
"INFLAenza","2026-06-20",2,"2026-07-04","Adults","quantile","0.15",102
"INFLAenza","2026-06-20",2,"2026-07-04","Adults","quantile","0.2",108
"INFLAenza","2026-06-20",2,"2026-07-04","Adults","quantile","0.25",114
"INFLAenza","2026-06-20",2,"2026-07-04","Adults","quantile","0.3",121
"INFLAenza","2026-06-20",2,"2026-07-04","Adults","quantile","0.35",127
"INFLAenza","2026-06-20",2,"2026-07-04","Adults","quantile","0.4",133
"INFLAenza","2026-06-20",2,"2026-07-04","Adults","quantile","0.45",138
"INFLAenza","2026-06-20",2,"2026-07-04","Adults","quantile","0.5",145
"INFLAenza","2026-06-20",2,"2026-07-04","Adults","quantile","0.55",151
"INFLAenza","2026-06-20",2,"2026-07-04","Adults","quantile","0.6",157
"INFLAenza","2026-06-20",2,"2026-07-04","Adults","quantile","0.65",165
"INFLAenza","2026-06-20",2,"2026-07-04","Adults","quantile","0.7",173
"INFLAenza","2026-06-20",2,"2026-07-04","Adults","quantile","0.75",182
"INFLAenza","2026-06-20",2,"2026-07-04","Adults","quantile","0.8",192
"INFLAenza","2026-06-20",2,"2026-07-04","Adults","quantile","0.85",204
"INFLAenza","2026-06-20",2,"2026-07-04","Adults","quantile","0.9",221
"INFLAenza","2026-06-20",2,"2026-07-04","Adults","quantile","0.95",245
"INFLAenza","2026-06-20",2,"2026-07-04","Adults","quantile","0.975",275
"INFLAenza","2026-06-20",2,"2026-07-04","Adults","quantile","0.99",310
"INFLAenza","2026-06-20",2,"2026-07-04","Overall","quantile","0.01",144
"INFLAenza","2026-06-20",2,"2026-07-04","Overall","quantile","0.025",156
"INFLAenza","2026-06-20",2,"2026-07-04","Overall","quantile","0.05",169
"INFLAenza","2026-06-20",2,"2026-07-04","Overall","quantile","0.1",183
"INFLAenza","2026-06-20",2,"2026-07-04","Overall","quantile","0.15",195
"INFLAenza","2026-06-20",2,"2026-07-04","Overall","quantile","0.2",204
"INFLAenza","2026-06-20",2,"2026-07-04","Overall","quantile","0.25",213
"INFLAenza","2026-06-20",2,"2026-07-04","Overall","quantile","0.3",221
"INFLAenza","2026-06-20",2,"2026-07-04","Overall","quantile","0.35",229
"INFLAenza","2026-06-20",2,"2026-07-04","Overall","quantile","0.4",236
"INFLAenza","2026-06-20",2,"2026-07-04","Overall","quantile","0.45",243
"INFLAenza","2026-06-20",2,"2026-07-04","Overall","quantile","0.5",250
"INFLAenza","2026-06-20",2,"2026-07-04","Overall","quantile","0.55",259
"INFLAenza","2026-06-20",2,"2026-07-04","Overall","quantile","0.6",266
"INFLAenza","2026-06-20",2,"2026-07-04","Overall","quantile","0.65",276
"INFLAenza","2026-06-20",2,"2026-07-04","Overall","quantile","0.7",286
"INFLAenza","2026-06-20",2,"2026-07-04","Overall","quantile","0.75",297
"INFLAenza","2026-06-20",2,"2026-07-04","Overall","quantile","0.8",309
"INFLAenza","2026-06-20",2,"2026-07-04","Overall","quantile","0.85",323
"INFLAenza","2026-06-20",2,"2026-07-04","Overall","quantile","0.9",344
"INFLAenza","2026-06-20",2,"2026-07-04","Overall","quantile","0.95",374
"INFLAenza","2026-06-20",2,"2026-07-04","Overall","quantile","0.975",404
"INFLAenza","2026-06-20",2,"2026-07-04","Overall","quantile","0.99",446
"INFLAenza","2026-06-20",2,"2026-07-04","Pediatrics","quantile","0.01",45
"INFLAenza","2026-06-20",2,"2026-07-04","Pediatrics","quantile","0.025",50
"INFLAenza","2026-06-20",2,"2026-07-04","Pediatrics","quantile","0.05",57
"INFLAenza","2026-06-20",2,"2026-07-04","Pediatrics","quantile","0.1",64
"INFLAenza","2026-06-20",2,"2026-07-04","Pediatrics","quantile","0.15",70
"INFLAenza","2026-06-20",2,"2026-07-04","Pediatrics","quantile","0.2",75
"INFLAenza","2026-06-20",2,"2026-07-04","Pediatrics","quantile","0.25",80
"INFLAenza","2026-06-20",2,"2026-07-04","Pediatrics","quantile","0.3",84
"INFLAenza","2026-06-20",2,"2026-07-04","Pediatrics","quantile","0.35",88
"INFLAenza","2026-06-20",2,"2026-07-04","Pediatrics","quantile","0.4",92
"INFLAenza","2026-06-20",2,"2026-07-04","Pediatrics","quantile","0.45",96
"INFLAenza","2026-06-20",2,"2026-07-04","Pediatrics","quantile","0.5",100
"INFLAenza","2026-06-20",2,"2026-07-04","Pediatrics","quantile","0.55",105
"INFLAenza","2026-06-20",2,"2026-07-04","Pediatrics","quantile","0.6",110
"INFLAenza","2026-06-20",2,"2026-07-04","Pediatrics","quantile","0.65",115
"INFLAenza","2026-06-20",2,"2026-07-04","Pediatrics","quantile","0.7",120
"INFLAenza","2026-06-20",2,"2026-07-04","Pediatrics","quantile","0.75",127
"INFLAenza","2026-06-20",2,"2026-07-04","Pediatrics","quantile","0.8",135
"INFLAenza","2026-06-20",2,"2026-07-04","Pediatrics","quantile","0.85",144
"INFLAenza","2026-06-20",2,"2026-07-04","Pediatrics","quantile","0.9",156
"INFLAenza","2026-06-20",2,"2026-07-04","Pediatrics","quantile","0.95",175
"INFLAenza","2026-06-20",2,"2026-07-04","Pediatrics","quantile","0.975",193
"INFLAenza","2026-06-20",2,"2026-07-04","Pediatrics","quantile","0.99",217
"INFLAenza","2026-06-20",3,"2026-07-11","Adults","quantile","0.01",58
"INFLAenza","2026-06-20",3,"2026-07-11","Adults","quantile","0.025",67
"INFLAenza","2026-06-20",3,"2026-07-11","Adults","quantile","0.05",75
"INFLAenza","2026-06-20",3,"2026-07-11","Adults","quantile","0.1",86
"INFLAenza","2026-06-20",3,"2026-07-11","Adults","quantile","0.15",94
"INFLAenza","2026-06-20",3,"2026-07-11","Adults","quantile","0.2",100
"INFLAenza","2026-06-20",3,"2026-07-11","Adults","quantile","0.25",106
"INFLAenza","2026-06-20",3,"2026-07-11","Adults","quantile","0.3",112
"INFLAenza","2026-06-20",3,"2026-07-11","Adults","quantile","0.35",118
"INFLAenza","2026-06-20",3,"2026-07-11","Adults","quantile","0.4",123
"INFLAenza","2026-06-20",3,"2026-07-11","Adults","quantile","0.45",129
"INFLAenza","2026-06-20",3,"2026-07-11","Adults","quantile","0.5",135
"INFLAenza","2026-06-20",3,"2026-07-11","Adults","quantile","0.55",141
"INFLAenza","2026-06-20",3,"2026-07-11","Adults","quantile","0.6",148
"INFLAenza","2026-06-20",3,"2026-07-11","Adults","quantile","0.65",154
"INFLAenza","2026-06-20",3,"2026-07-11","Adults","quantile","0.7",162
"INFLAenza","2026-06-20",3,"2026-07-11","Adults","quantile","0.75",171
"INFLAenza","2026-06-20",3,"2026-07-11","Adults","quantile","0.8",182
"INFLAenza","2026-06-20",3,"2026-07-11","Adults","quantile","0.85",194
"INFLAenza","2026-06-20",3,"2026-07-11","Adults","quantile","0.9",210
"INFLAenza","2026-06-20",3,"2026-07-11","Adults","quantile","0.95",239
"INFLAenza","2026-06-20",3,"2026-07-11","Adults","quantile","0.975",270
"INFLAenza","2026-06-20",3,"2026-07-11","Adults","quantile","0.99",298
"INFLAenza","2026-06-20",3,"2026-07-11","Overall","quantile","0.01",130
"INFLAenza","2026-06-20",3,"2026-07-11","Overall","quantile","0.025",143
"INFLAenza","2026-06-20",3,"2026-07-11","Overall","quantile","0.05",155
"INFLAenza","2026-06-20",3,"2026-07-11","Overall","quantile","0.1",170
"INFLAenza","2026-06-20",3,"2026-07-11","Overall","quantile","0.15",181
"INFLAenza","2026-06-20",3,"2026-07-11","Overall","quantile","0.2",190
"INFLAenza","2026-06-20",3,"2026-07-11","Overall","quantile","0.25",199
"INFLAenza","2026-06-20",3,"2026-07-11","Overall","quantile","0.3",207
"INFLAenza","2026-06-20",3,"2026-07-11","Overall","quantile","0.35",214
"INFLAenza","2026-06-20",3,"2026-07-11","Overall","quantile","0.4",222
"INFLAenza","2026-06-20",3,"2026-07-11","Overall","quantile","0.45",229
"INFLAenza","2026-06-20",3,"2026-07-11","Overall","quantile","0.5",236
"INFLAenza","2026-06-20",3,"2026-07-11","Overall","quantile","0.55",244
"INFLAenza","2026-06-20",3,"2026-07-11","Overall","quantile","0.6",251
"INFLAenza","2026-06-20",3,"2026-07-11","Overall","quantile","0.65",260
"INFLAenza","2026-06-20",3,"2026-07-11","Overall","quantile","0.7",269
"INFLAenza","2026-06-20",3,"2026-07-11","Overall","quantile","0.75",279
"INFLAenza","2026-06-20",3,"2026-07-11","Overall","quantile","0.8",291
"INFLAenza","2026-06-20",3,"2026-07-11","Overall","quantile","0.85",305
"INFLAenza","2026-06-20",3,"2026-07-11","Overall","quantile","0.9",326
"INFLAenza","2026-06-20",3,"2026-07-11","Overall","quantile","0.95",355
"INFLAenza","2026-06-20",3,"2026-07-11","Overall","quantile","0.975",386
"INFLAenza","2026-06-20",3,"2026-07-11","Overall","quantile","0.99",425
"INFLAenza","2026-06-20",3,"2026-07-11","Pediatrics","quantile","0.01",40
"INFLAenza","2026-06-20",3,"2026-07-11","Pediatrics","quantile","0.025",46
"INFLAenza","2026-06-20",3,"2026-07-11","Pediatrics","quantile","0.05",52
"INFLAenza","2026-06-20",3,"2026-07-11","Pediatrics","quantile","0.1",59
"INFLAenza","2026-06-20",3,"2026-07-11","Pediatrics","quantile","0.15",65
"INFLAenza","2026-06-20",3,"2026-07-11","Pediatrics","quantile","0.2",70
"INFLAenza","2026-06-20",3,"2026-07-11","Pediatrics","quantile","0.25",74
"INFLAenza","2026-06-20",3,"2026-07-11","Pediatrics","quantile","0.3",78
"INFLAenza","2026-06-20",3,"2026-07-11","Pediatrics","quantile","0.35",82
"INFLAenza","2026-06-20",3,"2026-07-11","Pediatrics","quantile","0.4",86
"INFLAenza","2026-06-20",3,"2026-07-11","Pediatrics","quantile","0.45",90
"INFLAenza","2026-06-20",3,"2026-07-11","Pediatrics","quantile","0.5",94
"INFLAenza","2026-06-20",3,"2026-07-11","Pediatrics","quantile","0.55",99
"INFLAenza","2026-06-20",3,"2026-07-11","Pediatrics","quantile","0.6",103
"INFLAenza","2026-06-20",3,"2026-07-11","Pediatrics","quantile","0.65",108
"INFLAenza","2026-06-20",3,"2026-07-11","Pediatrics","quantile","0.7",113
"INFLAenza","2026-06-20",3,"2026-07-11","Pediatrics","quantile","0.75",119
"INFLAenza","2026-06-20",3,"2026-07-11","Pediatrics","quantile","0.8",127
"INFLAenza","2026-06-20",3,"2026-07-11","Pediatrics","quantile","0.85",136
"INFLAenza","2026-06-20",3,"2026-07-11","Pediatrics","quantile","0.9",148
"INFLAenza","2026-06-20",3,"2026-07-11","Pediatrics","quantile","0.95",169
"INFLAenza","2026-06-20",3,"2026-07-11","Pediatrics","quantile","0.975",187
"INFLAenza","2026-06-20",3,"2026-07-11","Pediatrics","quantile","0.99",211
"Copycat","2026-06-20",-4,"2026-05-23","Adults","quantile","0.01",113
"Copycat","2026-06-20",-4,"2026-05-23","Adults","quantile","0.025",117
"Copycat","2026-06-20",-4,"2026-05-23","Adults","quantile","0.05",121
"Copycat","2026-06-20",-4,"2026-05-23","Adults","quantile","0.1",127
"Copycat","2026-06-20",-4,"2026-05-23","Adults","quantile","0.15",130
"Copycat","2026-06-20",-4,"2026-05-23","Adults","quantile","0.2",134
"Copycat","2026-06-20",-4,"2026-05-23","Adults","quantile","0.25",137
"Copycat","2026-06-20",-4,"2026-05-23","Adults","quantile","0.3",140
"Copycat","2026-06-20",-4,"2026-05-23","Adults","quantile","0.35",141
"Copycat","2026-06-20",-4,"2026-05-23","Adults","quantile","0.4",144
"Copycat","2026-06-20",-4,"2026-05-23","Adults","quantile","0.45",145
"Copycat","2026-06-20",-4,"2026-05-23","Adults","quantile","0.5",147
"Copycat","2026-06-20",-4,"2026-05-23","Adults","quantile","0.55",149
"Copycat","2026-06-20",-4,"2026-05-23","Adults","quantile","0.6",153
"Copycat","2026-06-20",-4,"2026-05-23","Adults","quantile","0.65",155
"Copycat","2026-06-20",-4,"2026-05-23","Adults","quantile","0.7",157
"Copycat","2026-06-20",-4,"2026-05-23","Adults","quantile","0.75",160
"Copycat","2026-06-20",-4,"2026-05-23","Adults","quantile","0.8",163
"Copycat","2026-06-20",-4,"2026-05-23","Adults","quantile","0.85",167
"Copycat","2026-06-20",-4,"2026-05-23","Adults","quantile","0.9",172
"Copycat","2026-06-20",-4,"2026-05-23","Adults","quantile","0.95",180
"Copycat","2026-06-20",-4,"2026-05-23","Adults","quantile","0.975",188
"Copycat","2026-06-20",-4,"2026-05-23","Adults","quantile","0.99",195
"Copycat","2026-06-20",-3,"2026-05-30","Adults","quantile","0.01",105
"Copycat","2026-06-20",-3,"2026-05-30","Adults","quantile","0.025",115
"Copycat","2026-06-20",-3,"2026-05-30","Adults","quantile","0.05",120
"Copycat","2026-06-20",-3,"2026-05-30","Adults","quantile","0.1",127
"Copycat","2026-06-20",-3,"2026-05-30","Adults","quantile","0.15",131
"Copycat","2026-06-20",-3,"2026-05-30","Adults","quantile","0.2",135
"Copycat","2026-06-20",-3,"2026-05-30","Adults","quantile","0.25",138
"Copycat","2026-06-20",-3,"2026-05-30","Adults","quantile","0.3",142
"Copycat","2026-06-20",-3,"2026-05-30","Adults","quantile","0.35",145
"Copycat","2026-06-20",-3,"2026-05-30","Adults","quantile","0.4",148
"Copycat","2026-06-20",-3,"2026-05-30","Adults","quantile","0.45",150
"Copycat","2026-06-20",-3,"2026-05-30","Adults","quantile","0.5",153
"Copycat","2026-06-20",-3,"2026-05-30","Adults","quantile","0.55",155
"Copycat","2026-06-20",-3,"2026-05-30","Adults","quantile","0.6",159
"Copycat","2026-06-20",-3,"2026-05-30","Adults","quantile","0.65",162
"Copycat","2026-06-20",-3,"2026-05-30","Adults","quantile","0.7",165
"Copycat","2026-06-20",-3,"2026-05-30","Adults","quantile","0.75",169
"Copycat","2026-06-20",-3,"2026-05-30","Adults","quantile","0.8",173
"Copycat","2026-06-20",-3,"2026-05-30","Adults","quantile","0.85",178
"Copycat","2026-06-20",-3,"2026-05-30","Adults","quantile","0.9",185
"Copycat","2026-06-20",-3,"2026-05-30","Adults","quantile","0.95",197
"Copycat","2026-06-20",-3,"2026-05-30","Adults","quantile","0.975",210
"Copycat","2026-06-20",-3,"2026-05-30","Adults","quantile","0.99",220
"Copycat","2026-06-20",-2,"2026-06-06","Adults","quantile","0.01",99
"Copycat","2026-06-20",-2,"2026-06-06","Adults","quantile","0.025",108
"Copycat","2026-06-20",-2,"2026-06-06","Adults","quantile","0.05",114
"Copycat","2026-06-20",-2,"2026-06-06","Adults","quantile","0.1",122
"Copycat","2026-06-20",-2,"2026-06-06","Adults","quantile","0.15",127
"Copycat","2026-06-20",-2,"2026-06-06","Adults","quantile","0.2",132
"Copycat","2026-06-20",-2,"2026-06-06","Adults","quantile","0.25",137
"Copycat","2026-06-20",-2,"2026-06-06","Adults","quantile","0.3",141
"Copycat","2026-06-20",-2,"2026-06-06","Adults","quantile","0.35",144
"Copycat","2026-06-20",-2,"2026-06-06","Adults","quantile","0.4",147
"Copycat","2026-06-20",-2,"2026-06-06","Adults","quantile","0.45",151
"Copycat","2026-06-20",-2,"2026-06-06","Adults","quantile","0.5",155
"Copycat","2026-06-20",-2,"2026-06-06","Adults","quantile","0.55",159
"Copycat","2026-06-20",-2,"2026-06-06","Adults","quantile","0.6",163
"Copycat","2026-06-20",-2,"2026-06-06","Adults","quantile","0.65",166
"Copycat","2026-06-20",-2,"2026-06-06","Adults","quantile","0.7",170
"Copycat","2026-06-20",-2,"2026-06-06","Adults","quantile","0.75",174
"Copycat","2026-06-20",-2,"2026-06-06","Adults","quantile","0.8",180
"Copycat","2026-06-20",-2,"2026-06-06","Adults","quantile","0.85",186
"Copycat","2026-06-20",-2,"2026-06-06","Adults","quantile","0.9",197
"Copycat","2026-06-20",-2,"2026-06-06","Adults","quantile","0.95",212
"Copycat","2026-06-20",-2,"2026-06-06","Adults","quantile","0.975",228
"Copycat","2026-06-20",-2,"2026-06-06","Adults","quantile","0.99",244
"Copycat","2026-06-20",-1,"2026-06-13","Adults","quantile","0.01",90
"Copycat","2026-06-20",-1,"2026-06-13","Adults","quantile","0.025",97
"Copycat","2026-06-20",-1,"2026-06-13","Adults","quantile","0.05",105
"Copycat","2026-06-20",-1,"2026-06-13","Adults","quantile","0.1",115
"Copycat","2026-06-20",-1,"2026-06-13","Adults","quantile","0.15",121
"Copycat","2026-06-20",-1,"2026-06-13","Adults","quantile","0.2",127
"Copycat","2026-06-20",-1,"2026-06-13","Adults","quantile","0.25",131
"Copycat","2026-06-20",-1,"2026-06-13","Adults","quantile","0.3",136
"Copycat","2026-06-20",-1,"2026-06-13","Adults","quantile","0.35",140
"Copycat","2026-06-20",-1,"2026-06-13","Adults","quantile","0.4",144
"Copycat","2026-06-20",-1,"2026-06-13","Adults","quantile","0.45",148
"Copycat","2026-06-20",-1,"2026-06-13","Adults","quantile","0.5",152
"Copycat","2026-06-20",-1,"2026-06-13","Adults","quantile","0.55",158
"Copycat","2026-06-20",-1,"2026-06-13","Adults","quantile","0.6",162
"Copycat","2026-06-20",-1,"2026-06-13","Adults","quantile","0.65",168
"Copycat","2026-06-20",-1,"2026-06-13","Adults","quantile","0.7",173
"Copycat","2026-06-20",-1,"2026-06-13","Adults","quantile","0.75",179
"Copycat","2026-06-20",-1,"2026-06-13","Adults","quantile","0.8",185
"Copycat","2026-06-20",-1,"2026-06-13","Adults","quantile","0.85",192
"Copycat","2026-06-20",-1,"2026-06-13","Adults","quantile","0.9",203
"Copycat","2026-06-20",-1,"2026-06-13","Adults","quantile","0.95",220
"Copycat","2026-06-20",-1,"2026-06-13","Adults","quantile","0.975",239
"Copycat","2026-06-20",-1,"2026-06-13","Adults","quantile","0.99",256
"Copycat","2026-06-20",0,"2026-06-20","Adults","quantile","0.01",80
"Copycat","2026-06-20",0,"2026-06-20","Adults","quantile","0.025",88
"Copycat","2026-06-20",0,"2026-06-20","Adults","quantile","0.05",95
"Copycat","2026-06-20",0,"2026-06-20","Adults","quantile","0.1",107
"Copycat","2026-06-20",0,"2026-06-20","Adults","quantile","0.15",115
"Copycat","2026-06-20",0,"2026-06-20","Adults","quantile","0.2",120
"Copycat","2026-06-20",0,"2026-06-20","Adults","quantile","0.25",125
"Copycat","2026-06-20",0,"2026-06-20","Adults","quantile","0.3",131
"Copycat","2026-06-20",0,"2026-06-20","Adults","quantile","0.35",136
"Copycat","2026-06-20",0,"2026-06-20","Adults","quantile","0.4",140
"Copycat","2026-06-20",0,"2026-06-20","Adults","quantile","0.45",145
"Copycat","2026-06-20",0,"2026-06-20","Adults","quantile","0.5",151
"Copycat","2026-06-20",0,"2026-06-20","Adults","quantile","0.55",156
"Copycat","2026-06-20",0,"2026-06-20","Adults","quantile","0.6",160
"Copycat","2026-06-20",0,"2026-06-20","Adults","quantile","0.65",165
"Copycat","2026-06-20",0,"2026-06-20","Adults","quantile","0.7",170
"Copycat","2026-06-20",0,"2026-06-20","Adults","quantile","0.75",177
"Copycat","2026-06-20",0,"2026-06-20","Adults","quantile","0.8",184
"Copycat","2026-06-20",0,"2026-06-20","Adults","quantile","0.85",192
"Copycat","2026-06-20",0,"2026-06-20","Adults","quantile","0.9",207
"Copycat","2026-06-20",0,"2026-06-20","Adults","quantile","0.95",230
"Copycat","2026-06-20",0,"2026-06-20","Adults","quantile","0.975",246
"Copycat","2026-06-20",0,"2026-06-20","Adults","quantile","0.99",271
"Copycat","2026-06-20",1,"2026-06-27","Adults","quantile","0.01",69
"Copycat","2026-06-20",1,"2026-06-27","Adults","quantile","0.025",79
"Copycat","2026-06-20",1,"2026-06-27","Adults","quantile","0.05",88
"Copycat","2026-06-20",1,"2026-06-27","Adults","quantile","0.1",101
"Copycat","2026-06-20",1,"2026-06-27","Adults","quantile","0.15",108
"Copycat","2026-06-20",1,"2026-06-27","Adults","quantile","0.2",113
"Copycat","2026-06-20",1,"2026-06-27","Adults","quantile","0.25",120
"Copycat","2026-06-20",1,"2026-06-27","Adults","quantile","0.3",125
"Copycat","2026-06-20",1,"2026-06-27","Adults","quantile","0.35",130
"Copycat","2026-06-20",1,"2026-06-27","Adults","quantile","0.4",135
"Copycat","2026-06-20",1,"2026-06-27","Adults","quantile","0.45",139
"Copycat","2026-06-20",1,"2026-06-27","Adults","quantile","0.5",144
"Copycat","2026-06-20",1,"2026-06-27","Adults","quantile","0.55",149
"Copycat","2026-06-20",1,"2026-06-27","Adults","quantile","0.6",154
"Copycat","2026-06-20",1,"2026-06-27","Adults","quantile","0.65",160
"Copycat","2026-06-20",1,"2026-06-27","Adults","quantile","0.7",165
"Copycat","2026-06-20",1,"2026-06-27","Adults","quantile","0.75",171
"Copycat","2026-06-20",1,"2026-06-27","Adults","quantile","0.8",178
"Copycat","2026-06-20",1,"2026-06-27","Adults","quantile","0.85",188
"Copycat","2026-06-20",1,"2026-06-27","Adults","quantile","0.9",202
"Copycat","2026-06-20",1,"2026-06-27","Adults","quantile","0.95",224
"Copycat","2026-06-20",1,"2026-06-27","Adults","quantile","0.975",244
"Copycat","2026-06-20",1,"2026-06-27","Adults","quantile","0.99",271
"Copycat","2026-06-20",2,"2026-07-04","Adults","quantile","0.01",57
"Copycat","2026-06-20",2,"2026-07-04","Adults","quantile","0.025",69
"Copycat","2026-06-20",2,"2026-07-04","Adults","quantile","0.05",82
"Copycat","2026-06-20",2,"2026-07-04","Adults","quantile","0.1",94
"Copycat","2026-06-20",2,"2026-07-04","Adults","quantile","0.15",103
"Copycat","2026-06-20",2,"2026-07-04","Adults","quantile","0.2",108
"Copycat","2026-06-20",2,"2026-07-04","Adults","quantile","0.25",114
"Copycat","2026-06-20",2,"2026-07-04","Adults","quantile","0.3",118
"Copycat","2026-06-20",2,"2026-07-04","Adults","quantile","0.35",123
"Copycat","2026-06-20",2,"2026-07-04","Adults","quantile","0.4",127
"Copycat","2026-06-20",2,"2026-07-04","Adults","quantile","0.45",133
"Copycat","2026-06-20",2,"2026-07-04","Adults","quantile","0.5",138
"Copycat","2026-06-20",2,"2026-07-04","Adults","quantile","0.55",144
"Copycat","2026-06-20",2,"2026-07-04","Adults","quantile","0.6",149
"Copycat","2026-06-20",2,"2026-07-04","Adults","quantile","0.65",154
"Copycat","2026-06-20",2,"2026-07-04","Adults","quantile","0.7",160
"Copycat","2026-06-20",2,"2026-07-04","Adults","quantile","0.75",166
"Copycat","2026-06-20",2,"2026-07-04","Adults","quantile","0.8",176
"Copycat","2026-06-20",2,"2026-07-04","Adults","quantile","0.85",188
"Copycat","2026-06-20",2,"2026-07-04","Adults","quantile","0.9",199
"Copycat","2026-06-20",2,"2026-07-04","Adults","quantile","0.95",216
"Copycat","2026-06-20",2,"2026-07-04","Adults","quantile","0.975",239
"Copycat","2026-06-20",2,"2026-07-04","Adults","quantile","0.99",272
"Copycat","2026-06-20",3,"2026-07-11","Adults","quantile","0.01",52
"Copycat","2026-06-20",3,"2026-07-11","Adults","quantile","0.025",60
"Copycat","2026-06-20",3,"2026-07-11","Adults","quantile","0.05",73
"Copycat","2026-06-20",3,"2026-07-11","Adults","quantile","0.1",88
"Copycat","2026-06-20",3,"2026-07-11","Adults","quantile","0.15",97
"Copycat","2026-06-20",3,"2026-07-11","Adults","quantile","0.2",104
"Copycat","2026-06-20",3,"2026-07-11","Adults","quantile","0.25",110
"Copycat","2026-06-20",3,"2026-07-11","Adults","quantile","0.3",114
"Copycat","2026-06-20",3,"2026-07-11","Adults","quantile","0.35",119
"Copycat","2026-06-20",3,"2026-07-11","Adults","quantile","0.4",125
"Copycat","2026-06-20",3,"2026-07-11","Adults","quantile","0.45",129
"Copycat","2026-06-20",3,"2026-07-11","Adults","quantile","0.5",133
"Copycat","2026-06-20",3,"2026-07-11","Adults","quantile","0.55",140
"Copycat","2026-06-20",3,"2026-07-11","Adults","quantile","0.6",145
"Copycat","2026-06-20",3,"2026-07-11","Adults","quantile","0.65",151
"Copycat","2026-06-20",3,"2026-07-11","Adults","quantile","0.7",157
"Copycat","2026-06-20",3,"2026-07-11","Adults","quantile","0.75",163
"Copycat","2026-06-20",3,"2026-07-11","Adults","quantile","0.8",170
"Copycat","2026-06-20",3,"2026-07-11","Adults","quantile","0.85",181
"Copycat","2026-06-20",3,"2026-07-11","Adults","quantile","0.9",196
"Copycat","2026-06-20",3,"2026-07-11","Adults","quantile","0.95",226
"Copycat","2026-06-20",3,"2026-07-11","Adults","quantile","0.975",253
"Copycat","2026-06-20",3,"2026-07-11","Adults","quantile","0.99",282
"Copycat","2026-06-20",-4,"2026-05-23","Overall","quantile","0.01",196
"Copycat","2026-06-20",-4,"2026-05-23","Overall","quantile","0.025",207
"Copycat","2026-06-20",-4,"2026-05-23","Overall","quantile","0.05",214
"Copycat","2026-06-20",-4,"2026-05-23","Overall","quantile","0.1",224
"Copycat","2026-06-20",-4,"2026-05-23","Overall","quantile","0.15",230
"Copycat","2026-06-20",-4,"2026-05-23","Overall","quantile","0.2",234
"Copycat","2026-06-20",-4,"2026-05-23","Overall","quantile","0.25",238
"Copycat","2026-06-20",-4,"2026-05-23","Overall","quantile","0.3",241
"Copycat","2026-06-20",-4,"2026-05-23","Overall","quantile","0.35",245
"Copycat","2026-06-20",-4,"2026-05-23","Overall","quantile","0.4",248
"Copycat","2026-06-20",-4,"2026-05-23","Overall","quantile","0.45",251
"Copycat","2026-06-20",-4,"2026-05-23","Overall","quantile","0.5",254
"Copycat","2026-06-20",-4,"2026-05-23","Overall","quantile","0.55",258
"Copycat","2026-06-20",-4,"2026-05-23","Overall","quantile","0.6",262
"Copycat","2026-06-20",-4,"2026-05-23","Overall","quantile","0.65",266
"Copycat","2026-06-20",-4,"2026-05-23","Overall","quantile","0.7",270
"Copycat","2026-06-20",-4,"2026-05-23","Overall","quantile","0.75",274
"Copycat","2026-06-20",-4,"2026-05-23","Overall","quantile","0.8",280
"Copycat","2026-06-20",-4,"2026-05-23","Overall","quantile","0.85",285
"Copycat","2026-06-20",-4,"2026-05-23","Overall","quantile","0.9",293
"Copycat","2026-06-20",-4,"2026-05-23","Overall","quantile","0.95",305
"Copycat","2026-06-20",-4,"2026-05-23","Overall","quantile","0.975",318
"Copycat","2026-06-20",-4,"2026-05-23","Overall","quantile","0.99",328
"Copycat","2026-06-20",-3,"2026-05-30","Overall","quantile","0.01",182
"Copycat","2026-06-20",-3,"2026-05-30","Overall","quantile","0.025",194
"Copycat","2026-06-20",-3,"2026-05-30","Overall","quantile","0.05",207
"Copycat","2026-06-20",-3,"2026-05-30","Overall","quantile","0.1",218
"Copycat","2026-06-20",-3,"2026-05-30","Overall","quantile","0.15",224
"Copycat","2026-06-20",-3,"2026-05-30","Overall","quantile","0.2",231
"Copycat","2026-06-20",-3,"2026-05-30","Overall","quantile","0.25",238
"Copycat","2026-06-20",-3,"2026-05-30","Overall","quantile","0.3",243
"Copycat","2026-06-20",-3,"2026-05-30","Overall","quantile","0.35",247
"Copycat","2026-06-20",-3,"2026-05-30","Overall","quantile","0.4",250
"Copycat","2026-06-20",-3,"2026-05-30","Overall","quantile","0.45",256
"Copycat","2026-06-20",-3,"2026-05-30","Overall","quantile","0.5",260
"Copycat","2026-06-20",-3,"2026-05-30","Overall","quantile","0.55",265
"Copycat","2026-06-20",-3,"2026-05-30","Overall","quantile","0.6",271
"Copycat","2026-06-20",-3,"2026-05-30","Overall","quantile","0.65",276
"Copycat","2026-06-20",-3,"2026-05-30","Overall","quantile","0.7",281
"Copycat","2026-06-20",-3,"2026-05-30","Overall","quantile","0.75",288
"Copycat","2026-06-20",-3,"2026-05-30","Overall","quantile","0.8",296
"Copycat","2026-06-20",-3,"2026-05-30","Overall","quantile","0.85",307
"Copycat","2026-06-20",-3,"2026-05-30","Overall","quantile","0.9",319
"Copycat","2026-06-20",-3,"2026-05-30","Overall","quantile","0.95",337
"Copycat","2026-06-20",-3,"2026-05-30","Overall","quantile","0.975",355
"Copycat","2026-06-20",-3,"2026-05-30","Overall","quantile","0.99",381
"Copycat","2026-06-20",-2,"2026-06-06","Overall","quantile","0.01",174
"Copycat","2026-06-20",-2,"2026-06-06","Overall","quantile","0.025",186
"Copycat","2026-06-20",-2,"2026-06-06","Overall","quantile","0.05",196
"Copycat","2026-06-20",-2,"2026-06-06","Overall","quantile","0.1",207
"Copycat","2026-06-20",-2,"2026-06-06","Overall","quantile","0.15",217
"Copycat","2026-06-20",-2,"2026-06-06","Overall","quantile","0.2",226
"Copycat","2026-06-20",-2,"2026-06-06","Overall","quantile","0.25",232
"Copycat","2026-06-20",-2,"2026-06-06","Overall","quantile","0.3",238
"Copycat","2026-06-20",-2,"2026-06-06","Overall","quantile","0.35",244
"Copycat","2026-06-20",-2,"2026-06-06","Overall","quantile","0.4",251
"Copycat","2026-06-20",-2,"2026-06-06","Overall","quantile","0.45",257
"Copycat","2026-06-20",-2,"2026-06-06","Overall","quantile","0.5",261
"Copycat","2026-06-20",-2,"2026-06-06","Overall","quantile","0.55",268
"Copycat","2026-06-20",-2,"2026-06-06","Overall","quantile","0.6",275
"Copycat","2026-06-20",-2,"2026-06-06","Overall","quantile","0.65",283
"Copycat","2026-06-20",-2,"2026-06-06","Overall","quantile","0.7",289
"Copycat","2026-06-20",-2,"2026-06-06","Overall","quantile","0.75",300
"Copycat","2026-06-20",-2,"2026-06-06","Overall","quantile","0.8",311
"Copycat","2026-06-20",-2,"2026-06-06","Overall","quantile","0.85",323
"Copycat","2026-06-20",-2,"2026-06-06","Overall","quantile","0.9",340
"Copycat","2026-06-20",-2,"2026-06-06","Overall","quantile","0.95",367
"Copycat","2026-06-20",-2,"2026-06-06","Overall","quantile","0.975",388
"Copycat","2026-06-20",-2,"2026-06-06","Overall","quantile","0.99",413
"Copycat","2026-06-20",-1,"2026-06-13","Overall","quantile","0.01",155
"Copycat","2026-06-20",-1,"2026-06-13","Overall","quantile","0.025",170
"Copycat","2026-06-20",-1,"2026-06-13","Overall","quantile","0.05",183
"Copycat","2026-06-20",-1,"2026-06-13","Overall","quantile","0.1",196
"Copycat","2026-06-20",-1,"2026-06-13","Overall","quantile","0.15",207
"Copycat","2026-06-20",-1,"2026-06-13","Overall","quantile","0.2",215
"Copycat","2026-06-20",-1,"2026-06-13","Overall","quantile","0.25",223
"Copycat","2026-06-20",-1,"2026-06-13","Overall","quantile","0.3",230
"Copycat","2026-06-20",-1,"2026-06-13","Overall","quantile","0.35",239
"Copycat","2026-06-20",-1,"2026-06-13","Overall","quantile","0.4",246
"Copycat","2026-06-20",-1,"2026-06-13","Overall","quantile","0.45",253
"Copycat","2026-06-20",-1,"2026-06-13","Overall","quantile","0.5",259
"Copycat","2026-06-20",-1,"2026-06-13","Overall","quantile","0.55",266
"Copycat","2026-06-20",-1,"2026-06-13","Overall","quantile","0.6",273
"Copycat","2026-06-20",-1,"2026-06-13","Overall","quantile","0.65",281
"Copycat","2026-06-20",-1,"2026-06-13","Overall","quantile","0.7",290
"Copycat","2026-06-20",-1,"2026-06-13","Overall","quantile","0.75",301
"Copycat","2026-06-20",-1,"2026-06-13","Overall","quantile","0.8",314
"Copycat","2026-06-20",-1,"2026-06-13","Overall","quantile","0.85",328
"Copycat","2026-06-20",-1,"2026-06-13","Overall","quantile","0.9",346
"Copycat","2026-06-20",-1,"2026-06-13","Overall","quantile","0.95",386
"Copycat","2026-06-20",-1,"2026-06-13","Overall","quantile","0.975",414
"Copycat","2026-06-20",-1,"2026-06-13","Overall","quantile","0.99",465
"Copycat","2026-06-20",0,"2026-06-20","Overall","quantile","0.01",139
"Copycat","2026-06-20",0,"2026-06-20","Overall","quantile","0.025",155
"Copycat","2026-06-20",0,"2026-06-20","Overall","quantile","0.05",167
"Copycat","2026-06-20",0,"2026-06-20","Overall","quantile","0.1",183
"Copycat","2026-06-20",0,"2026-06-20","Overall","quantile","0.15",194
"Copycat","2026-06-20",0,"2026-06-20","Overall","quantile","0.2",204
"Copycat","2026-06-20",0,"2026-06-20","Overall","quantile","0.25",213
"Copycat","2026-06-20",0,"2026-06-20","Overall","quantile","0.3",220
"Copycat","2026-06-20",0,"2026-06-20","Overall","quantile","0.35",227
"Copycat","2026-06-20",0,"2026-06-20","Overall","quantile","0.4",235
"Copycat","2026-06-20",0,"2026-06-20","Overall","quantile","0.45",244
"Copycat","2026-06-20",0,"2026-06-20","Overall","quantile","0.5",254
"Copycat","2026-06-20",0,"2026-06-20","Overall","quantile","0.55",261
"Copycat","2026-06-20",0,"2026-06-20","Overall","quantile","0.6",269
"Copycat","2026-06-20",0,"2026-06-20","Overall","quantile","0.65",281
"Copycat","2026-06-20",0,"2026-06-20","Overall","quantile","0.7",293
"Copycat","2026-06-20",0,"2026-06-20","Overall","quantile","0.75",302
"Copycat","2026-06-20",0,"2026-06-20","Overall","quantile","0.8",313
"Copycat","2026-06-20",0,"2026-06-20","Overall","quantile","0.85",330
"Copycat","2026-06-20",0,"2026-06-20","Overall","quantile","0.9",355
"Copycat","2026-06-20",0,"2026-06-20","Overall","quantile","0.95",392
"Copycat","2026-06-20",0,"2026-06-20","Overall","quantile","0.975",449
"Copycat","2026-06-20",0,"2026-06-20","Overall","quantile","0.99",507
"Copycat","2026-06-20",1,"2026-06-27","Overall","quantile","0.01",119
"Copycat","2026-06-20",1,"2026-06-27","Overall","quantile","0.025",138
"Copycat","2026-06-20",1,"2026-06-27","Overall","quantile","0.05",152
"Copycat","2026-06-20",1,"2026-06-27","Overall","quantile","0.1",171
"Copycat","2026-06-20",1,"2026-06-27","Overall","quantile","0.15",182
"Copycat","2026-06-20",1,"2026-06-27","Overall","quantile","0.2",191
"Copycat","2026-06-20",1,"2026-06-27","Overall","quantile","0.25",201
"Copycat","2026-06-20",1,"2026-06-27","Overall","quantile","0.3",209
"Copycat","2026-06-20",1,"2026-06-27","Overall","quantile","0.35",219
"Copycat","2026-06-20",1,"2026-06-27","Overall","quantile","0.4",226
"Copycat","2026-06-20",1,"2026-06-27","Overall","quantile","0.45",235
"Copycat","2026-06-20",1,"2026-06-27","Overall","quantile","0.5",244
"Copycat","2026-06-20",1,"2026-06-27","Overall","quantile","0.55",253
"Copycat","2026-06-20",1,"2026-06-27","Overall","quantile","0.6",263
"Copycat","2026-06-20",1,"2026-06-27","Overall","quantile","0.65",272
"Copycat","2026-06-20",1,"2026-06-27","Overall","quantile","0.7",281
"Copycat","2026-06-20",1,"2026-06-27","Overall","quantile","0.75",294
"Copycat","2026-06-20",1,"2026-06-27","Overall","quantile","0.8",307
"Copycat","2026-06-20",1,"2026-06-27","Overall","quantile","0.85",325
"Copycat","2026-06-20",1,"2026-06-27","Overall","quantile","0.9",348
"Copycat","2026-06-20",1,"2026-06-27","Overall","quantile","0.95",394
"Copycat","2026-06-20",1,"2026-06-27","Overall","quantile","0.975",455
"Copycat","2026-06-20",1,"2026-06-27","Overall","quantile","0.99",512
"Copycat","2026-06-20",2,"2026-07-04","Overall","quantile","0.01",97
"Copycat","2026-06-20",2,"2026-07-04","Overall","quantile","0.025",123
"Copycat","2026-06-20",2,"2026-07-04","Overall","quantile","0.05",140
"Copycat","2026-06-20",2,"2026-07-04","Overall","quantile","0.1",157
"Copycat","2026-06-20",2,"2026-07-04","Overall","quantile","0.15",172
"Copycat","2026-06-20",2,"2026-07-04","Overall","quantile","0.2",184
"Copycat","2026-06-20",2,"2026-07-04","Overall","quantile","0.25",192
"Copycat","2026-06-20",2,"2026-07-04","Overall","quantile","0.3",200
"Copycat","2026-06-20",2,"2026-07-04","Overall","quantile","0.35",209
"Copycat","2026-06-20",2,"2026-07-04","Overall","quantile","0.4",216
"Copycat","2026-06-20",2,"2026-07-04","Overall","quantile","0.45",225
"Copycat","2026-06-20",2,"2026-07-04","Overall","quantile","0.5",232
"Copycat","2026-06-20",2,"2026-07-04","Overall","quantile","0.55",242
"Copycat","2026-06-20",2,"2026-07-04","Overall","quantile","0.6",253
"Copycat","2026-06-20",2,"2026-07-04","Overall","quantile","0.65",263
"Copycat","2026-06-20",2,"2026-07-04","Overall","quantile","0.7",275
"Copycat","2026-06-20",2,"2026-07-04","Overall","quantile","0.75",287
"Copycat","2026-06-20",2,"2026-07-04","Overall","quantile","0.8",303
"Copycat","2026-06-20",2,"2026-07-04","Overall","quantile","0.85",322
"Copycat","2026-06-20",2,"2026-07-04","Overall","quantile","0.9",342
"Copycat","2026-06-20",2,"2026-07-04","Overall","quantile","0.95",384
"Copycat","2026-06-20",2,"2026-07-04","Overall","quantile","0.975",430
"Copycat","2026-06-20",2,"2026-07-04","Overall","quantile","0.99",514
"Copycat","2026-06-20",3,"2026-07-11","Overall","quantile","0.01",86
"Copycat","2026-06-20",3,"2026-07-11","Overall","quantile","0.025",116
"Copycat","2026-06-20",3,"2026-07-11","Overall","quantile","0.05",131
"Copycat","2026-06-20",3,"2026-07-11","Overall","quantile","0.1",149
"Copycat","2026-06-20",3,"2026-07-11","Overall","quantile","0.15",161
"Copycat","2026-06-20",3,"2026-07-11","Overall","quantile","0.2",172
"Copycat","2026-06-20",3,"2026-07-11","Overall","quantile","0.25",185
"Copycat","2026-06-20",3,"2026-07-11","Overall","quantile","0.3",193
"Copycat","2026-06-20",3,"2026-07-11","Overall","quantile","0.35",202
"Copycat","2026-06-20",3,"2026-07-11","Overall","quantile","0.4",212
"Copycat","2026-06-20",3,"2026-07-11","Overall","quantile","0.45",219
"Copycat","2026-06-20",3,"2026-07-11","Overall","quantile","0.5",226
"Copycat","2026-06-20",3,"2026-07-11","Overall","quantile","0.55",236
"Copycat","2026-06-20",3,"2026-07-11","Overall","quantile","0.6",246
"Copycat","2026-06-20",3,"2026-07-11","Overall","quantile","0.65",257
"Copycat","2026-06-20",3,"2026-07-11","Overall","quantile","0.7",270
"Copycat","2026-06-20",3,"2026-07-11","Overall","quantile","0.75",281
"Copycat","2026-06-20",3,"2026-07-11","Overall","quantile","0.8",294
"Copycat","2026-06-20",3,"2026-07-11","Overall","quantile","0.85",314
"Copycat","2026-06-20",3,"2026-07-11","Overall","quantile","0.9",337
"Copycat","2026-06-20",3,"2026-07-11","Overall","quantile","0.95",380
"Copycat","2026-06-20",3,"2026-07-11","Overall","quantile","0.975",437
"Copycat","2026-06-20",3,"2026-07-11","Overall","quantile","0.99",512
"Copycat","2026-06-20",-4,"2026-05-23","Pediatrics","quantile","0.01",78
"Copycat","2026-06-20",-4,"2026-05-23","Pediatrics","quantile","0.025",82
"Copycat","2026-06-20",-4,"2026-05-23","Pediatrics","quantile","0.05",85
"Copycat","2026-06-20",-4,"2026-05-23","Pediatrics","quantile","0.1",90
"Copycat","2026-06-20",-4,"2026-05-23","Pediatrics","quantile","0.15",93
"Copycat","2026-06-20",-4,"2026-05-23","Pediatrics","quantile","0.2",96
"Copycat","2026-06-20",-4,"2026-05-23","Pediatrics","quantile","0.25",98
"Copycat","2026-06-20",-4,"2026-05-23","Pediatrics","quantile","0.3",100
"Copycat","2026-06-20",-4,"2026-05-23","Pediatrics","quantile","0.35",102
"Copycat","2026-06-20",-4,"2026-05-23","Pediatrics","quantile","0.4",103
"Copycat","2026-06-20",-4,"2026-05-23","Pediatrics","quantile","0.45",106
"Copycat","2026-06-20",-4,"2026-05-23","Pediatrics","quantile","0.5",107
"Copycat","2026-06-20",-4,"2026-05-23","Pediatrics","quantile","0.55",109
"Copycat","2026-06-20",-4,"2026-05-23","Pediatrics","quantile","0.6",111
"Copycat","2026-06-20",-4,"2026-05-23","Pediatrics","quantile","0.65",113
"Copycat","2026-06-20",-4,"2026-05-23","Pediatrics","quantile","0.7",115
"Copycat","2026-06-20",-4,"2026-05-23","Pediatrics","quantile","0.75",117
"Copycat","2026-06-20",-4,"2026-05-23","Pediatrics","quantile","0.8",119
"Copycat","2026-06-20",-4,"2026-05-23","Pediatrics","quantile","0.85",123
"Copycat","2026-06-20",-4,"2026-05-23","Pediatrics","quantile","0.9",127
"Copycat","2026-06-20",-4,"2026-05-23","Pediatrics","quantile","0.95",132
"Copycat","2026-06-20",-4,"2026-05-23","Pediatrics","quantile","0.975",139
"Copycat","2026-06-20",-4,"2026-05-23","Pediatrics","quantile","0.99",145
"Copycat","2026-06-20",-3,"2026-05-30","Pediatrics","quantile","0.01",72
"Copycat","2026-06-20",-3,"2026-05-30","Pediatrics","quantile","0.025",78
"Copycat","2026-06-20",-3,"2026-05-30","Pediatrics","quantile","0.05",83
"Copycat","2026-06-20",-3,"2026-05-30","Pediatrics","quantile","0.1",90
"Copycat","2026-06-20",-3,"2026-05-30","Pediatrics","quantile","0.15",93
"Copycat","2026-06-20",-3,"2026-05-30","Pediatrics","quantile","0.2",96
"Copycat","2026-06-20",-3,"2026-05-30","Pediatrics","quantile","0.25",98
"Copycat","2026-06-20",-3,"2026-05-30","Pediatrics","quantile","0.3",101
"Copycat","2026-06-20",-3,"2026-05-30","Pediatrics","quantile","0.35",104
"Copycat","2026-06-20",-3,"2026-05-30","Pediatrics","quantile","0.4",106
"Copycat","2026-06-20",-3,"2026-05-30","Pediatrics","quantile","0.45",108
"Copycat","2026-06-20",-3,"2026-05-30","Pediatrics","quantile","0.5",111
"Copycat","2026-06-20",-3,"2026-05-30","Pediatrics","quantile","0.55",113
"Copycat","2026-06-20",-3,"2026-05-30","Pediatrics","quantile","0.6",115
"Copycat","2026-06-20",-3,"2026-05-30","Pediatrics","quantile","0.65",118
"Copycat","2026-06-20",-3,"2026-05-30","Pediatrics","quantile","0.7",120
"Copycat","2026-06-20",-3,"2026-05-30","Pediatrics","quantile","0.75",125
"Copycat","2026-06-20",-3,"2026-05-30","Pediatrics","quantile","0.8",127
"Copycat","2026-06-20",-3,"2026-05-30","Pediatrics","quantile","0.85",131
"Copycat","2026-06-20",-3,"2026-05-30","Pediatrics","quantile","0.9",138
"Copycat","2026-06-20",-3,"2026-05-30","Pediatrics","quantile","0.95",147
"Copycat","2026-06-20",-3,"2026-05-30","Pediatrics","quantile","0.975",155
"Copycat","2026-06-20",-3,"2026-05-30","Pediatrics","quantile","0.99",164
"Copycat","2026-06-20",-2,"2026-06-06","Pediatrics","quantile","0.01",69
"Copycat","2026-06-20",-2,"2026-06-06","Pediatrics","quantile","0.025",75
"Copycat","2026-06-20",-2,"2026-06-06","Pediatrics","quantile","0.05",79
"Copycat","2026-06-20",-2,"2026-06-06","Pediatrics","quantile","0.1",86
"Copycat","2026-06-20",-2,"2026-06-06","Pediatrics","quantile","0.15",91
"Copycat","2026-06-20",-2,"2026-06-06","Pediatrics","quantile","0.2",94
"Copycat","2026-06-20",-2,"2026-06-06","Pediatrics","quantile","0.25",98
"Copycat","2026-06-20",-2,"2026-06-06","Pediatrics","quantile","0.3",101
"Copycat","2026-06-20",-2,"2026-06-06","Pediatrics","quantile","0.35",104
"Copycat","2026-06-20",-2,"2026-06-06","Pediatrics","quantile","0.4",107
"Copycat","2026-06-20",-2,"2026-06-06","Pediatrics","quantile","0.45",110
"Copycat","2026-06-20",-2,"2026-06-06","Pediatrics","quantile","0.5",113
"Copycat","2026-06-20",-2,"2026-06-06","Pediatrics","quantile","0.55",116
"Copycat","2026-06-20",-2,"2026-06-06","Pediatrics","quantile","0.6",119
"Copycat","2026-06-20",-2,"2026-06-06","Pediatrics","quantile","0.65",122
"Copycat","2026-06-20",-2,"2026-06-06","Pediatrics","quantile","0.7",125
"Copycat","2026-06-20",-2,"2026-06-06","Pediatrics","quantile","0.75",130
"Copycat","2026-06-20",-2,"2026-06-06","Pediatrics","quantile","0.8",133
"Copycat","2026-06-20",-2,"2026-06-06","Pediatrics","quantile","0.85",138
"Copycat","2026-06-20",-2,"2026-06-06","Pediatrics","quantile","0.9",144
"Copycat","2026-06-20",-2,"2026-06-06","Pediatrics","quantile","0.95",156
"Copycat","2026-06-20",-2,"2026-06-06","Pediatrics","quantile","0.975",171
"Copycat","2026-06-20",-2,"2026-06-06","Pediatrics","quantile","0.99",183
"Copycat","2026-06-20",-1,"2026-06-13","Pediatrics","quantile","0.01",66
"Copycat","2026-06-20",-1,"2026-06-13","Pediatrics","quantile","0.025",70
"Copycat","2026-06-20",-1,"2026-06-13","Pediatrics","quantile","0.05",75
"Copycat","2026-06-20",-1,"2026-06-13","Pediatrics","quantile","0.1",82
"Copycat","2026-06-20",-1,"2026-06-13","Pediatrics","quantile","0.15",86
"Copycat","2026-06-20",-1,"2026-06-13","Pediatrics","quantile","0.2",91
"Copycat","2026-06-20",-1,"2026-06-13","Pediatrics","quantile","0.25",96
"Copycat","2026-06-20",-1,"2026-06-13","Pediatrics","quantile","0.3",100
"Copycat","2026-06-20",-1,"2026-06-13","Pediatrics","quantile","0.35",104
"Copycat","2026-06-20",-1,"2026-06-13","Pediatrics","quantile","0.4",106
"Copycat","2026-06-20",-1,"2026-06-13","Pediatrics","quantile","0.45",109
"Copycat","2026-06-20",-1,"2026-06-13","Pediatrics","quantile","0.5",112
"Copycat","2026-06-20",-1,"2026-06-13","Pediatrics","quantile","0.55",115
"Copycat","2026-06-20",-1,"2026-06-13","Pediatrics","quantile","0.6",118
"Copycat","2026-06-20",-1,"2026-06-13","Pediatrics","quantile","0.65",121
"Copycat","2026-06-20",-1,"2026-06-13","Pediatrics","quantile","0.7",125
"Copycat","2026-06-20",-1,"2026-06-13","Pediatrics","quantile","0.75",130
"Copycat","2026-06-20",-1,"2026-06-13","Pediatrics","quantile","0.8",135
"Copycat","2026-06-20",-1,"2026-06-13","Pediatrics","quantile","0.85",141
"Copycat","2026-06-20",-1,"2026-06-13","Pediatrics","quantile","0.9",152
"Copycat","2026-06-20",-1,"2026-06-13","Pediatrics","quantile","0.95",164
"Copycat","2026-06-20",-1,"2026-06-13","Pediatrics","quantile","0.975",181
"Copycat","2026-06-20",-1,"2026-06-13","Pediatrics","quantile","0.99",198
"Copycat","2026-06-20",0,"2026-06-20","Pediatrics","quantile","0.01",55
"Copycat","2026-06-20",0,"2026-06-20","Pediatrics","quantile","0.025",60
"Copycat","2026-06-20",0,"2026-06-20","Pediatrics","quantile","0.05",67
"Copycat","2026-06-20",0,"2026-06-20","Pediatrics","quantile","0.1",76
"Copycat","2026-06-20",0,"2026-06-20","Pediatrics","quantile","0.15",83
"Copycat","2026-06-20",0,"2026-06-20","Pediatrics","quantile","0.2",87
"Copycat","2026-06-20",0,"2026-06-20","Pediatrics","quantile","0.25",91
"Copycat","2026-06-20",0,"2026-06-20","Pediatrics","quantile","0.3",95
"Copycat","2026-06-20",0,"2026-06-20","Pediatrics","quantile","0.35",98
"Copycat","2026-06-20",0,"2026-06-20","Pediatrics","quantile","0.4",102
"Copycat","2026-06-20",0,"2026-06-20","Pediatrics","quantile","0.45",106
"Copycat","2026-06-20",0,"2026-06-20","Pediatrics","quantile","0.5",109
"Copycat","2026-06-20",0,"2026-06-20","Pediatrics","quantile","0.55",112
"Copycat","2026-06-20",0,"2026-06-20","Pediatrics","quantile","0.6",116
"Copycat","2026-06-20",0,"2026-06-20","Pediatrics","quantile","0.65",121
"Copycat","2026-06-20",0,"2026-06-20","Pediatrics","quantile","0.7",125
"Copycat","2026-06-20",0,"2026-06-20","Pediatrics","quantile","0.75",130
"Copycat","2026-06-20",0,"2026-06-20","Pediatrics","quantile","0.8",135
"Copycat","2026-06-20",0,"2026-06-20","Pediatrics","quantile","0.85",142
"Copycat","2026-06-20",0,"2026-06-20","Pediatrics","quantile","0.9",153
"Copycat","2026-06-20",0,"2026-06-20","Pediatrics","quantile","0.95",170
"Copycat","2026-06-20",0,"2026-06-20","Pediatrics","quantile","0.975",183
"Copycat","2026-06-20",0,"2026-06-20","Pediatrics","quantile","0.99",199
"Copycat","2026-06-20",1,"2026-06-27","Pediatrics","quantile","0.01",47
"Copycat","2026-06-20",1,"2026-06-27","Pediatrics","quantile","0.025",56
"Copycat","2026-06-20",1,"2026-06-27","Pediatrics","quantile","0.05",62
"Copycat","2026-06-20",1,"2026-06-27","Pediatrics","quantile","0.1",69
"Copycat","2026-06-20",1,"2026-06-27","Pediatrics","quantile","0.15",76
"Copycat","2026-06-20",1,"2026-06-27","Pediatrics","quantile","0.2",82
"Copycat","2026-06-20",1,"2026-06-27","Pediatrics","quantile","0.25",87
"Copycat","2026-06-20",1,"2026-06-27","Pediatrics","quantile","0.3",91
"Copycat","2026-06-20",1,"2026-06-27","Pediatrics","quantile","0.35",95
"Copycat","2026-06-20",1,"2026-06-27","Pediatrics","quantile","0.4",98
"Copycat","2026-06-20",1,"2026-06-27","Pediatrics","quantile","0.45",101
"Copycat","2026-06-20",1,"2026-06-27","Pediatrics","quantile","0.5",104
"Copycat","2026-06-20",1,"2026-06-27","Pediatrics","quantile","0.55",108
"Copycat","2026-06-20",1,"2026-06-27","Pediatrics","quantile","0.6",113
"Copycat","2026-06-20",1,"2026-06-27","Pediatrics","quantile","0.65",118
"Copycat","2026-06-20",1,"2026-06-27","Pediatrics","quantile","0.7",122
"Copycat","2026-06-20",1,"2026-06-27","Pediatrics","quantile","0.75",127
"Copycat","2026-06-20",1,"2026-06-27","Pediatrics","quantile","0.8",133
"Copycat","2026-06-20",1,"2026-06-27","Pediatrics","quantile","0.85",141
"Copycat","2026-06-20",1,"2026-06-27","Pediatrics","quantile","0.9",148
"Copycat","2026-06-20",1,"2026-06-27","Pediatrics","quantile","0.95",163
"Copycat","2026-06-20",1,"2026-06-27","Pediatrics","quantile","0.975",178
"Copycat","2026-06-20",1,"2026-06-27","Pediatrics","quantile","0.99",193
"Copycat","2026-06-20",2,"2026-07-04","Pediatrics","quantile","0.01",39
"Copycat","2026-06-20",2,"2026-07-04","Pediatrics","quantile","0.025",47
"Copycat","2026-06-20",2,"2026-07-04","Pediatrics","quantile","0.05",56
"Copycat","2026-06-20",2,"2026-07-04","Pediatrics","quantile","0.1",66
"Copycat","2026-06-20",2,"2026-07-04","Pediatrics","quantile","0.15",73
"Copycat","2026-06-20",2,"2026-07-04","Pediatrics","quantile","0.2",77
"Copycat","2026-06-20",2,"2026-07-04","Pediatrics","quantile","0.25",81
"Copycat","2026-06-20",2,"2026-07-04","Pediatrics","quantile","0.3",85
"Copycat","2026-06-20",2,"2026-07-04","Pediatrics","quantile","0.35",89
"Copycat","2026-06-20",2,"2026-07-04","Pediatrics","quantile","0.4",95
"Copycat","2026-06-20",2,"2026-07-04","Pediatrics","quantile","0.45",100
"Copycat","2026-06-20",2,"2026-07-04","Pediatrics","quantile","0.5",103
"Copycat","2026-06-20",2,"2026-07-04","Pediatrics","quantile","0.55",107
"Copycat","2026-06-20",2,"2026-07-04","Pediatrics","quantile","0.6",110
"Copycat","2026-06-20",2,"2026-07-04","Pediatrics","quantile","0.65",115
"Copycat","2026-06-20",2,"2026-07-04","Pediatrics","quantile","0.7",119
"Copycat","2026-06-20",2,"2026-07-04","Pediatrics","quantile","0.75",124
"Copycat","2026-06-20",2,"2026-07-04","Pediatrics","quantile","0.8",131
"Copycat","2026-06-20",2,"2026-07-04","Pediatrics","quantile","0.85",139
"Copycat","2026-06-20",2,"2026-07-04","Pediatrics","quantile","0.9",149
"Copycat","2026-06-20",2,"2026-07-04","Pediatrics","quantile","0.95",164
"Copycat","2026-06-20",2,"2026-07-04","Pediatrics","quantile","0.975",183
"Copycat","2026-06-20",2,"2026-07-04","Pediatrics","quantile","0.99",210
"Copycat","2026-06-20",3,"2026-07-11","Pediatrics","quantile","0.01",37
"Copycat","2026-06-20",3,"2026-07-11","Pediatrics","quantile","0.025",42
"Copycat","2026-06-20",3,"2026-07-11","Pediatrics","quantile","0.05",50
"Copycat","2026-06-20",3,"2026-07-11","Pediatrics","quantile","0.1",59
"Copycat","2026-06-20",3,"2026-07-11","Pediatrics","quantile","0.15",67
"Copycat","2026-06-20",3,"2026-07-11","Pediatrics","quantile","0.2",73
"Copycat","2026-06-20",3,"2026-07-11","Pediatrics","quantile","0.25",77
"Copycat","2026-06-20",3,"2026-07-11","Pediatrics","quantile","0.3",83
"Copycat","2026-06-20",3,"2026-07-11","Pediatrics","quantile","0.35",88
"Copycat","2026-06-20",3,"2026-07-11","Pediatrics","quantile","0.4",92
"Copycat","2026-06-20",3,"2026-07-11","Pediatrics","quantile","0.45",96
"Copycat","2026-06-20",3,"2026-07-11","Pediatrics","quantile","0.5",100
"Copycat","2026-06-20",3,"2026-07-11","Pediatrics","quantile","0.55",104
"Copycat","2026-06-20",3,"2026-07-11","Pediatrics","quantile","0.6",108
"Copycat","2026-06-20",3,"2026-07-11","Pediatrics","quantile","0.65",112
"Copycat","2026-06-20",3,"2026-07-11","Pediatrics","quantile","0.7",118
"Copycat","2026-06-20",3,"2026-07-11","Pediatrics","quantile","0.75",124
"Copycat","2026-06-20",3,"2026-07-11","Pediatrics","quantile","0.8",130
"Copycat","2026-06-20",3,"2026-07-11","Pediatrics","quantile","0.85",137
"Copycat","2026-06-20",3,"2026-07-11","Pediatrics","quantile","0.9",148
"Copycat","2026-06-20",3,"2026-07-11","Pediatrics","quantile","0.95",162
"Copycat","2026-06-20",3,"2026-07-11","Pediatrics","quantile","0.975",188
"Copycat","2026-06-20",3,"2026-07-11","Pediatrics","quantile","0.99",204
"newGBQR","2026-06-20",-4,"2026-05-23","Adults","quantile","0.01",79
"newGBQR","2026-06-20",-4,"2026-05-23","Adults","quantile","0.025",96
"newGBQR","2026-06-20",-4,"2026-05-23","Adults","quantile","0.05",109
"newGBQR","2026-06-20",-4,"2026-05-23","Adults","quantile","0.1",121
"newGBQR","2026-06-20",-4,"2026-05-23","Adults","quantile","0.15",127
"newGBQR","2026-06-20",-4,"2026-05-23","Adults","quantile","0.2",131
"newGBQR","2026-06-20",-4,"2026-05-23","Adults","quantile","0.25",134
"newGBQR","2026-06-20",-4,"2026-05-23","Adults","quantile","0.3",137
"newGBQR","2026-06-20",-4,"2026-05-23","Adults","quantile","0.35",142
"newGBQR","2026-06-20",-4,"2026-05-23","Adults","quantile","0.4",143
"newGBQR","2026-06-20",-4,"2026-05-23","Adults","quantile","0.45",144
"newGBQR","2026-06-20",-4,"2026-05-23","Adults","quantile","0.5",146
"newGBQR","2026-06-20",-4,"2026-05-23","Adults","quantile","0.55",148
"newGBQR","2026-06-20",-4,"2026-05-23","Adults","quantile","0.6",149
"newGBQR","2026-06-20",-4,"2026-05-23","Adults","quantile","0.65",151
"newGBQR","2026-06-20",-4,"2026-05-23","Adults","quantile","0.7",153
"newGBQR","2026-06-20",-4,"2026-05-23","Adults","quantile","0.75",156
"newGBQR","2026-06-20",-4,"2026-05-23","Adults","quantile","0.8",160
"newGBQR","2026-06-20",-4,"2026-05-23","Adults","quantile","0.85",164
"newGBQR","2026-06-20",-4,"2026-05-23","Adults","quantile","0.9",173
"newGBQR","2026-06-20",-4,"2026-05-23","Adults","quantile","0.95",185
"newGBQR","2026-06-20",-4,"2026-05-23","Adults","quantile","0.975",215
"newGBQR","2026-06-20",-4,"2026-05-23","Adults","quantile","0.99",252
"newGBQR","2026-06-20",-3,"2026-05-30","Adults","quantile","0.01",79
"newGBQR","2026-06-20",-3,"2026-05-30","Adults","quantile","0.025",96
"newGBQR","2026-06-20",-3,"2026-05-30","Adults","quantile","0.05",108
"newGBQR","2026-06-20",-3,"2026-05-30","Adults","quantile","0.1",119
"newGBQR","2026-06-20",-3,"2026-05-30","Adults","quantile","0.15",126
"newGBQR","2026-06-20",-3,"2026-05-30","Adults","quantile","0.2",130
"newGBQR","2026-06-20",-3,"2026-05-30","Adults","quantile","0.25",134
"newGBQR","2026-06-20",-3,"2026-05-30","Adults","quantile","0.3",137
"newGBQR","2026-06-20",-3,"2026-05-30","Adults","quantile","0.35",142
"newGBQR","2026-06-20",-3,"2026-05-30","Adults","quantile","0.4",143
"newGBQR","2026-06-20",-3,"2026-05-30","Adults","quantile","0.45",143
"newGBQR","2026-06-20",-3,"2026-05-30","Adults","quantile","0.5",146
"newGBQR","2026-06-20",-3,"2026-05-30","Adults","quantile","0.55",148
"newGBQR","2026-06-20",-3,"2026-05-30","Adults","quantile","0.6",149
"newGBQR","2026-06-20",-3,"2026-05-30","Adults","quantile","0.65",152
"newGBQR","2026-06-20",-3,"2026-05-30","Adults","quantile","0.7",154
"newGBQR","2026-06-20",-3,"2026-05-30","Adults","quantile","0.75",157
"newGBQR","2026-06-20",-3,"2026-05-30","Adults","quantile","0.8",161
"newGBQR","2026-06-20",-3,"2026-05-30","Adults","quantile","0.85",165
"newGBQR","2026-06-20",-3,"2026-05-30","Adults","quantile","0.9",174
"newGBQR","2026-06-20",-3,"2026-05-30","Adults","quantile","0.95",186
"newGBQR","2026-06-20",-3,"2026-05-30","Adults","quantile","0.975",215
"newGBQR","2026-06-20",-3,"2026-05-30","Adults","quantile","0.99",252
"newGBQR","2026-06-20",-2,"2026-06-06","Adults","quantile","0.01",78
"newGBQR","2026-06-20",-2,"2026-06-06","Adults","quantile","0.025",95
"newGBQR","2026-06-20",-2,"2026-06-06","Adults","quantile","0.05",107
"newGBQR","2026-06-20",-2,"2026-06-06","Adults","quantile","0.1",118
"newGBQR","2026-06-20",-2,"2026-06-06","Adults","quantile","0.15",127
"newGBQR","2026-06-20",-2,"2026-06-06","Adults","quantile","0.2",130
"newGBQR","2026-06-20",-2,"2026-06-06","Adults","quantile","0.25",134
"newGBQR","2026-06-20",-2,"2026-06-06","Adults","quantile","0.3",139
"newGBQR","2026-06-20",-2,"2026-06-06","Adults","quantile","0.35",143
"newGBQR","2026-06-20",-2,"2026-06-06","Adults","quantile","0.4",144
"newGBQR","2026-06-20",-2,"2026-06-06","Adults","quantile","0.45",145
"newGBQR","2026-06-20",-2,"2026-06-06","Adults","quantile","0.5",148
"newGBQR","2026-06-20",-2,"2026-06-06","Adults","quantile","0.55",150
"newGBQR","2026-06-20",-2,"2026-06-06","Adults","quantile","0.6",150
"newGBQR","2026-06-20",-2,"2026-06-06","Adults","quantile","0.65",155
"newGBQR","2026-06-20",-2,"2026-06-06","Adults","quantile","0.7",156
"newGBQR","2026-06-20",-2,"2026-06-06","Adults","quantile","0.75",159
"newGBQR","2026-06-20",-2,"2026-06-06","Adults","quantile","0.8",162
"newGBQR","2026-06-20",-2,"2026-06-06","Adults","quantile","0.85",166
"newGBQR","2026-06-20",-2,"2026-06-06","Adults","quantile","0.9",178
"newGBQR","2026-06-20",-2,"2026-06-06","Adults","quantile","0.95",190
"newGBQR","2026-06-20",-2,"2026-06-06","Adults","quantile","0.975",217
"newGBQR","2026-06-20",-2,"2026-06-06","Adults","quantile","0.99",252
"newGBQR","2026-06-20",-1,"2026-06-13","Adults","quantile","0.01",78
"newGBQR","2026-06-20",-1,"2026-06-13","Adults","quantile","0.025",95
"newGBQR","2026-06-20",-1,"2026-06-13","Adults","quantile","0.05",107
"newGBQR","2026-06-20",-1,"2026-06-13","Adults","quantile","0.1",118
"newGBQR","2026-06-20",-1,"2026-06-13","Adults","quantile","0.15",126
"newGBQR","2026-06-20",-1,"2026-06-13","Adults","quantile","0.2",131
"newGBQR","2026-06-20",-1,"2026-06-13","Adults","quantile","0.25",135
"newGBQR","2026-06-20",-1,"2026-06-13","Adults","quantile","0.3",139
"newGBQR","2026-06-20",-1,"2026-06-13","Adults","quantile","0.35",143
"newGBQR","2026-06-20",-1,"2026-06-13","Adults","quantile","0.4",145
"newGBQR","2026-06-20",-1,"2026-06-13","Adults","quantile","0.45",145
"newGBQR","2026-06-20",-1,"2026-06-13","Adults","quantile","0.5",149
"newGBQR","2026-06-20",-1,"2026-06-13","Adults","quantile","0.55",149
"newGBQR","2026-06-20",-1,"2026-06-13","Adults","quantile","0.6",150
"newGBQR","2026-06-20",-1,"2026-06-13","Adults","quantile","0.65",156
"newGBQR","2026-06-20",-1,"2026-06-13","Adults","quantile","0.7",156
"newGBQR","2026-06-20",-1,"2026-06-13","Adults","quantile","0.75",160
"newGBQR","2026-06-20",-1,"2026-06-13","Adults","quantile","0.8",164
"newGBQR","2026-06-20",-1,"2026-06-13","Adults","quantile","0.85",167
"newGBQR","2026-06-20",-1,"2026-06-13","Adults","quantile","0.9",182
"newGBQR","2026-06-20",-1,"2026-06-13","Adults","quantile","0.95",192
"newGBQR","2026-06-20",-1,"2026-06-13","Adults","quantile","0.975",219
"newGBQR","2026-06-20",-1,"2026-06-13","Adults","quantile","0.99",252
"newGBQR","2026-06-20",0,"2026-06-20","Adults","quantile","0.01",78
"newGBQR","2026-06-20",0,"2026-06-20","Adults","quantile","0.025",95
"newGBQR","2026-06-20",0,"2026-06-20","Adults","quantile","0.05",105
"newGBQR","2026-06-20",0,"2026-06-20","Adults","quantile","0.1",117
"newGBQR","2026-06-20",0,"2026-06-20","Adults","quantile","0.15",126
"newGBQR","2026-06-20",0,"2026-06-20","Adults","quantile","0.2",130
"newGBQR","2026-06-20",0,"2026-06-20","Adults","quantile","0.25",135
"newGBQR","2026-06-20",0,"2026-06-20","Adults","quantile","0.3",139
"newGBQR","2026-06-20",0,"2026-06-20","Adults","quantile","0.35",143
"newGBQR","2026-06-20",0,"2026-06-20","Adults","quantile","0.4",145
"newGBQR","2026-06-20",0,"2026-06-20","Adults","quantile","0.45",145
"newGBQR","2026-06-20",0,"2026-06-20","Adults","quantile","0.5",150
"newGBQR","2026-06-20",0,"2026-06-20","Adults","quantile","0.55",152
"newGBQR","2026-06-20",0,"2026-06-20","Adults","quantile","0.6",152
"newGBQR","2026-06-20",0,"2026-06-20","Adults","quantile","0.65",157
"newGBQR","2026-06-20",0,"2026-06-20","Adults","quantile","0.7",158
"newGBQR","2026-06-20",0,"2026-06-20","Adults","quantile","0.75",161
"newGBQR","2026-06-20",0,"2026-06-20","Adults","quantile","0.8",165
"newGBQR","2026-06-20",0,"2026-06-20","Adults","quantile","0.85",168
"newGBQR","2026-06-20",0,"2026-06-20","Adults","quantile","0.9",182
"newGBQR","2026-06-20",0,"2026-06-20","Adults","quantile","0.95",195
"newGBQR","2026-06-20",0,"2026-06-20","Adults","quantile","0.975",224
"newGBQR","2026-06-20",0,"2026-06-20","Adults","quantile","0.99",253
"newGBQR","2026-06-20",1,"2026-06-27","Adults","quantile","0.01",78
"newGBQR","2026-06-20",1,"2026-06-27","Adults","quantile","0.025",95
"newGBQR","2026-06-20",1,"2026-06-27","Adults","quantile","0.05",104
"newGBQR","2026-06-20",1,"2026-06-27","Adults","quantile","0.1",117
"newGBQR","2026-06-20",1,"2026-06-27","Adults","quantile","0.15",126
"newGBQR","2026-06-20",1,"2026-06-27","Adults","quantile","0.2",131
"newGBQR","2026-06-20",1,"2026-06-27","Adults","quantile","0.25",134
"newGBQR","2026-06-20",1,"2026-06-27","Adults","quantile","0.3",138
"newGBQR","2026-06-20",1,"2026-06-27","Adults","quantile","0.35",143
"newGBQR","2026-06-20",1,"2026-06-27","Adults","quantile","0.4",144
"newGBQR","2026-06-20",1,"2026-06-27","Adults","quantile","0.45",145
"newGBQR","2026-06-20",1,"2026-06-27","Adults","quantile","0.5",149
"newGBQR","2026-06-20",1,"2026-06-27","Adults","quantile","0.55",150
"newGBQR","2026-06-20",1,"2026-06-27","Adults","quantile","0.6",152
"newGBQR","2026-06-20",1,"2026-06-27","Adults","quantile","0.65",156
"newGBQR","2026-06-20",1,"2026-06-27","Adults","quantile","0.7",158
"newGBQR","2026-06-20",1,"2026-06-27","Adults","quantile","0.75",162
"newGBQR","2026-06-20",1,"2026-06-27","Adults","quantile","0.8",166
"newGBQR","2026-06-20",1,"2026-06-27","Adults","quantile","0.85",168
"newGBQR","2026-06-20",1,"2026-06-27","Adults","quantile","0.9",182
"newGBQR","2026-06-20",1,"2026-06-27","Adults","quantile","0.95",197
"newGBQR","2026-06-20",1,"2026-06-27","Adults","quantile","0.975",223
"newGBQR","2026-06-20",1,"2026-06-27","Adults","quantile","0.99",254
"newGBQR","2026-06-20",2,"2026-07-04","Adults","quantile","0.01",78
"newGBQR","2026-06-20",2,"2026-07-04","Adults","quantile","0.025",95
"newGBQR","2026-06-20",2,"2026-07-04","Adults","quantile","0.05",103
"newGBQR","2026-06-20",2,"2026-07-04","Adults","quantile","0.1",117
"newGBQR","2026-06-20",2,"2026-07-04","Adults","quantile","0.15",124
"newGBQR","2026-06-20",2,"2026-07-04","Adults","quantile","0.2",130
"newGBQR","2026-06-20",2,"2026-07-04","Adults","quantile","0.25",134
"newGBQR","2026-06-20",2,"2026-07-04","Adults","quantile","0.3",137
"newGBQR","2026-06-20",2,"2026-07-04","Adults","quantile","0.35",141
"newGBQR","2026-06-20",2,"2026-07-04","Adults","quantile","0.4",142
"newGBQR","2026-06-20",2,"2026-07-04","Adults","quantile","0.45",143
"newGBQR","2026-06-20",2,"2026-07-04","Adults","quantile","0.5",147
"newGBQR","2026-06-20",2,"2026-07-04","Adults","quantile","0.55",150
"newGBQR","2026-06-20",2,"2026-07-04","Adults","quantile","0.6",151
"newGBQR","2026-06-20",2,"2026-07-04","Adults","quantile","0.65",156
"newGBQR","2026-06-20",2,"2026-07-04","Adults","quantile","0.7",159
"newGBQR","2026-06-20",2,"2026-07-04","Adults","quantile","0.75",161
"newGBQR","2026-06-20",2,"2026-07-04","Adults","quantile","0.8",166
"newGBQR","2026-06-20",2,"2026-07-04","Adults","quantile","0.85",167
"newGBQR","2026-06-20",2,"2026-07-04","Adults","quantile","0.9",182
"newGBQR","2026-06-20",2,"2026-07-04","Adults","quantile","0.95",197
"newGBQR","2026-06-20",2,"2026-07-04","Adults","quantile","0.975",223
"newGBQR","2026-06-20",2,"2026-07-04","Adults","quantile","0.99",254
"newGBQR","2026-06-20",3,"2026-07-11","Adults","quantile","0.01",78
"newGBQR","2026-06-20",3,"2026-07-11","Adults","quantile","0.025",94
"newGBQR","2026-06-20",3,"2026-07-11","Adults","quantile","0.05",103
"newGBQR","2026-06-20",3,"2026-07-11","Adults","quantile","0.1",114
"newGBQR","2026-06-20",3,"2026-07-11","Adults","quantile","0.15",122
"newGBQR","2026-06-20",3,"2026-07-11","Adults","quantile","0.2",129
"newGBQR","2026-06-20",3,"2026-07-11","Adults","quantile","0.25",131
"newGBQR","2026-06-20",3,"2026-07-11","Adults","quantile","0.3",136
"newGBQR","2026-06-20",3,"2026-07-11","Adults","quantile","0.35",140
"newGBQR","2026-06-20",3,"2026-07-11","Adults","quantile","0.4",142
"newGBQR","2026-06-20",3,"2026-07-11","Adults","quantile","0.45",143
"newGBQR","2026-06-20",3,"2026-07-11","Adults","quantile","0.5",147
"newGBQR","2026-06-20",3,"2026-07-11","Adults","quantile","0.55",150
"newGBQR","2026-06-20",3,"2026-07-11","Adults","quantile","0.6",150
"newGBQR","2026-06-20",3,"2026-07-11","Adults","quantile","0.65",155
"newGBQR","2026-06-20",3,"2026-07-11","Adults","quantile","0.7",159
"newGBQR","2026-06-20",3,"2026-07-11","Adults","quantile","0.75",161
"newGBQR","2026-06-20",3,"2026-07-11","Adults","quantile","0.8",166
"newGBQR","2026-06-20",3,"2026-07-11","Adults","quantile","0.85",167
"newGBQR","2026-06-20",3,"2026-07-11","Adults","quantile","0.9",182
"newGBQR","2026-06-20",3,"2026-07-11","Adults","quantile","0.95",197
"newGBQR","2026-06-20",3,"2026-07-11","Adults","quantile","0.975",224
"newGBQR","2026-06-20",3,"2026-07-11","Adults","quantile","0.99",255
"newGBQR","2026-06-20",-4,"2026-05-23","Overall","quantile","0.01",141
"newGBQR","2026-06-20",-4,"2026-05-23","Overall","quantile","0.025",170
"newGBQR","2026-06-20",-4,"2026-05-23","Overall","quantile","0.05",190
"newGBQR","2026-06-20",-4,"2026-05-23","Overall","quantile","0.1",210
"newGBQR","2026-06-20",-4,"2026-05-23","Overall","quantile","0.15",221
"newGBQR","2026-06-20",-4,"2026-05-23","Overall","quantile","0.2",227
"newGBQR","2026-06-20",-4,"2026-05-23","Overall","quantile","0.25",231
"newGBQR","2026-06-20",-4,"2026-05-23","Overall","quantile","0.3",239
"newGBQR","2026-06-20",-4,"2026-05-23","Overall","quantile","0.35",244
"newGBQR","2026-06-20",-4,"2026-05-23","Overall","quantile","0.4",245
"newGBQR","2026-06-20",-4,"2026-05-23","Overall","quantile","0.45",245
"newGBQR","2026-06-20",-4,"2026-05-23","Overall","quantile","0.5",250
"newGBQR","2026-06-20",-4,"2026-05-23","Overall","quantile","0.55",251
"newGBQR","2026-06-20",-4,"2026-05-23","Overall","quantile","0.6",258
"newGBQR","2026-06-20",-4,"2026-05-23","Overall","quantile","0.65",261
"newGBQR","2026-06-20",-4,"2026-05-23","Overall","quantile","0.7",268
"newGBQR","2026-06-20",-4,"2026-05-23","Overall","quantile","0.75",270
"newGBQR","2026-06-20",-4,"2026-05-23","Overall","quantile","0.8",276
"newGBQR","2026-06-20",-4,"2026-05-23","Overall","quantile","0.85",285
"newGBQR","2026-06-20",-4,"2026-05-23","Overall","quantile","0.9",299
"newGBQR","2026-06-20",-4,"2026-05-23","Overall","quantile","0.95",318
"newGBQR","2026-06-20",-4,"2026-05-23","Overall","quantile","0.975",368
"newGBQR","2026-06-20",-4,"2026-05-23","Overall","quantile","0.99",429
"newGBQR","2026-06-20",-3,"2026-05-30","Overall","quantile","0.01",141
"newGBQR","2026-06-20",-3,"2026-05-30","Overall","quantile","0.025",170
"newGBQR","2026-06-20",-3,"2026-05-30","Overall","quantile","0.05",188
"newGBQR","2026-06-20",-3,"2026-05-30","Overall","quantile","0.1",208
"newGBQR","2026-06-20",-3,"2026-05-30","Overall","quantile","0.15",222
"newGBQR","2026-06-20",-3,"2026-05-30","Overall","quantile","0.2",228
"newGBQR","2026-06-20",-3,"2026-05-30","Overall","quantile","0.25",232
"newGBQR","2026-06-20",-3,"2026-05-30","Overall","quantile","0.3",240
"newGBQR","2026-06-20",-3,"2026-05-30","Overall","quantile","0.35",244
"newGBQR","2026-06-20",-3,"2026-05-30","Overall","quantile","0.4",244
"newGBQR","2026-06-20",-3,"2026-05-30","Overall","quantile","0.45",245
"newGBQR","2026-06-20",-3,"2026-05-30","Overall","quantile","0.5",250
"newGBQR","2026-06-20",-3,"2026-05-30","Overall","quantile","0.55",251
"newGBQR","2026-06-20",-3,"2026-05-30","Overall","quantile","0.6",258
"newGBQR","2026-06-20",-3,"2026-05-30","Overall","quantile","0.65",261
"newGBQR","2026-06-20",-3,"2026-05-30","Overall","quantile","0.7",267
"newGBQR","2026-06-20",-3,"2026-05-30","Overall","quantile","0.75",272
"newGBQR","2026-06-20",-3,"2026-05-30","Overall","quantile","0.8",278
"newGBQR","2026-06-20",-3,"2026-05-30","Overall","quantile","0.85",286
"newGBQR","2026-06-20",-3,"2026-05-30","Overall","quantile","0.9",300
"newGBQR","2026-06-20",-3,"2026-05-30","Overall","quantile","0.95",321
"newGBQR","2026-06-20",-3,"2026-05-30","Overall","quantile","0.975",368
"newGBQR","2026-06-20",-3,"2026-05-30","Overall","quantile","0.99",429
"newGBQR","2026-06-20",-2,"2026-06-06","Overall","quantile","0.01",141
"newGBQR","2026-06-20",-2,"2026-06-06","Overall","quantile","0.025",170
"newGBQR","2026-06-20",-2,"2026-06-06","Overall","quantile","0.05",186
"newGBQR","2026-06-20",-2,"2026-06-06","Overall","quantile","0.1",207
"newGBQR","2026-06-20",-2,"2026-06-06","Overall","quantile","0.15",220
"newGBQR","2026-06-20",-2,"2026-06-06","Overall","quantile","0.2",226
"newGBQR","2026-06-20",-2,"2026-06-06","Overall","quantile","0.25",230
"newGBQR","2026-06-20",-2,"2026-06-06","Overall","quantile","0.3",240
"newGBQR","2026-06-20",-2,"2026-06-06","Overall","quantile","0.35",246
"newGBQR","2026-06-20",-2,"2026-06-06","Overall","quantile","0.4",246
"newGBQR","2026-06-20",-2,"2026-06-06","Overall","quantile","0.45",248
"newGBQR","2026-06-20",-2,"2026-06-06","Overall","quantile","0.5",252
"newGBQR","2026-06-20",-2,"2026-06-06","Overall","quantile","0.55",255
"newGBQR","2026-06-20",-2,"2026-06-06","Overall","quantile","0.6",260
"newGBQR","2026-06-20",-2,"2026-06-06","Overall","quantile","0.65",266
"newGBQR","2026-06-20",-2,"2026-06-06","Overall","quantile","0.7",270
"newGBQR","2026-06-20",-2,"2026-06-06","Overall","quantile","0.75",276
"newGBQR","2026-06-20",-2,"2026-06-06","Overall","quantile","0.8",283
"newGBQR","2026-06-20",-2,"2026-06-06","Overall","quantile","0.85",288
"newGBQR","2026-06-20",-2,"2026-06-06","Overall","quantile","0.9",305
"newGBQR","2026-06-20",-2,"2026-06-06","Overall","quantile","0.95",328
"newGBQR","2026-06-20",-2,"2026-06-06","Overall","quantile","0.975",372
"newGBQR","2026-06-20",-2,"2026-06-06","Overall","quantile","0.99",430
"newGBQR","2026-06-20",-1,"2026-06-13","Overall","quantile","0.01",141
"newGBQR","2026-06-20",-1,"2026-06-13","Overall","quantile","0.025",168
"newGBQR","2026-06-20",-1,"2026-06-13","Overall","quantile","0.05",186
"newGBQR","2026-06-20",-1,"2026-06-13","Overall","quantile","0.1",207
"newGBQR","2026-06-20",-1,"2026-06-13","Overall","quantile","0.15",219
"newGBQR","2026-06-20",-1,"2026-06-13","Overall","quantile","0.2",227
"newGBQR","2026-06-20",-1,"2026-06-13","Overall","quantile","0.25",232
"newGBQR","2026-06-20",-1,"2026-06-13","Overall","quantile","0.3",241
"newGBQR","2026-06-20",-1,"2026-06-13","Overall","quantile","0.35",246
"newGBQR","2026-06-20",-1,"2026-06-13","Overall","quantile","0.4",248
"newGBQR","2026-06-20",-1,"2026-06-13","Overall","quantile","0.45",248
"newGBQR","2026-06-20",-1,"2026-06-13","Overall","quantile","0.5",254
"newGBQR","2026-06-20",-1,"2026-06-13","Overall","quantile","0.55",258
"newGBQR","2026-06-20",-1,"2026-06-13","Overall","quantile","0.6",261
"newGBQR","2026-06-20",-1,"2026-06-13","Overall","quantile","0.65",269
"newGBQR","2026-06-20",-1,"2026-06-13","Overall","quantile","0.7",271
"newGBQR","2026-06-20",-1,"2026-06-13","Overall","quantile","0.75",278
"newGBQR","2026-06-20",-1,"2026-06-13","Overall","quantile","0.8",286
"newGBQR","2026-06-20",-1,"2026-06-13","Overall","quantile","0.85",289
"newGBQR","2026-06-20",-1,"2026-06-13","Overall","quantile","0.9",311
"newGBQR","2026-06-20",-1,"2026-06-13","Overall","quantile","0.95",334
"newGBQR","2026-06-20",-1,"2026-06-13","Overall","quantile","0.975",376
"newGBQR","2026-06-20",-1,"2026-06-13","Overall","quantile","0.99",431
"newGBQR","2026-06-20",0,"2026-06-20","Overall","quantile","0.01",140
"newGBQR","2026-06-20",0,"2026-06-20","Overall","quantile","0.025",168
"newGBQR","2026-06-20",0,"2026-06-20","Overall","quantile","0.05",185
"newGBQR","2026-06-20",0,"2026-06-20","Overall","quantile","0.1",206
"newGBQR","2026-06-20",0,"2026-06-20","Overall","quantile","0.15",218
"newGBQR","2026-06-20",0,"2026-06-20","Overall","quantile","0.2",226
"newGBQR","2026-06-20",0,"2026-06-20","Overall","quantile","0.25",232
"newGBQR","2026-06-20",0,"2026-06-20","Overall","quantile","0.3",241
"newGBQR","2026-06-20",0,"2026-06-20","Overall","quantile","0.35",247
"newGBQR","2026-06-20",0,"2026-06-20","Overall","quantile","0.4",249
"newGBQR","2026-06-20",0,"2026-06-20","Overall","quantile","0.45",249
"newGBQR","2026-06-20",0,"2026-06-20","Overall","quantile","0.5",254
"newGBQR","2026-06-20",0,"2026-06-20","Overall","quantile","0.55",257
"newGBQR","2026-06-20",0,"2026-06-20","Overall","quantile","0.6",261
"newGBQR","2026-06-20",0,"2026-06-20","Overall","quantile","0.65",268
"newGBQR","2026-06-20",0,"2026-06-20","Overall","quantile","0.7",273
"newGBQR","2026-06-20",0,"2026-06-20","Overall","quantile","0.75",278
"newGBQR","2026-06-20",0,"2026-06-20","Overall","quantile","0.8",288
"newGBQR","2026-06-20",0,"2026-06-20","Overall","quantile","0.85",291
"newGBQR","2026-06-20",0,"2026-06-20","Overall","quantile","0.9",312
"newGBQR","2026-06-20",0,"2026-06-20","Overall","quantile","0.95",338
"newGBQR","2026-06-20",0,"2026-06-20","Overall","quantile","0.975",382
"newGBQR","2026-06-20",0,"2026-06-20","Overall","quantile","0.99",432
"newGBQR","2026-06-20",1,"2026-06-27","Overall","quantile","0.01",140
"newGBQR","2026-06-20",1,"2026-06-27","Overall","quantile","0.025",167
"newGBQR","2026-06-20",1,"2026-06-27","Overall","quantile","0.05",185
"newGBQR","2026-06-20",1,"2026-06-27","Overall","quantile","0.1",205
"newGBQR","2026-06-20",1,"2026-06-27","Overall","quantile","0.15",218
"newGBQR","2026-06-20",1,"2026-06-27","Overall","quantile","0.2",225
"newGBQR","2026-06-20",1,"2026-06-27","Overall","quantile","0.25",231
"newGBQR","2026-06-20",1,"2026-06-27","Overall","quantile","0.3",240
"newGBQR","2026-06-20",1,"2026-06-27","Overall","quantile","0.35",246
"newGBQR","2026-06-20",1,"2026-06-27","Overall","quantile","0.4",247
"newGBQR","2026-06-20",1,"2026-06-27","Overall","quantile","0.45",248
"newGBQR","2026-06-20",1,"2026-06-27","Overall","quantile","0.5",254
"newGBQR","2026-06-20",1,"2026-06-27","Overall","quantile","0.55",255
"newGBQR","2026-06-20",1,"2026-06-27","Overall","quantile","0.6",260
"newGBQR","2026-06-20",1,"2026-06-27","Overall","quantile","0.65",268
"newGBQR","2026-06-20",1,"2026-06-27","Overall","quantile","0.7",273
"newGBQR","2026-06-20",1,"2026-06-27","Overall","quantile","0.75",278
"newGBQR","2026-06-20",1,"2026-06-27","Overall","quantile","0.8",288
"newGBQR","2026-06-20",1,"2026-06-27","Overall","quantile","0.85",291
"newGBQR","2026-06-20",1,"2026-06-27","Overall","quantile","0.9",313
"newGBQR","2026-06-20",1,"2026-06-27","Overall","quantile","0.95",338
"newGBQR","2026-06-20",1,"2026-06-27","Overall","quantile","0.975",382
"newGBQR","2026-06-20",1,"2026-06-27","Overall","quantile","0.99",434
"newGBQR","2026-06-20",2,"2026-07-04","Overall","quantile","0.01",139
"newGBQR","2026-06-20",2,"2026-07-04","Overall","quantile","0.025",167
"newGBQR","2026-06-20",2,"2026-07-04","Overall","quantile","0.05",183
"newGBQR","2026-06-20",2,"2026-07-04","Overall","quantile","0.1",204
"newGBQR","2026-06-20",2,"2026-07-04","Overall","quantile","0.15",217
"newGBQR","2026-06-20",2,"2026-07-04","Overall","quantile","0.2",225
"newGBQR","2026-06-20",2,"2026-07-04","Overall","quantile","0.25",230
"newGBQR","2026-06-20",2,"2026-07-04","Overall","quantile","0.3",239
"newGBQR","2026-06-20",2,"2026-07-04","Overall","quantile","0.35",244
"newGBQR","2026-06-20",2,"2026-07-04","Overall","quantile","0.4",245
"newGBQR","2026-06-20",2,"2026-07-04","Overall","quantile","0.45",245
"newGBQR","2026-06-20",2,"2026-07-04","Overall","quantile","0.5",253
"newGBQR","2026-06-20",2,"2026-07-04","Overall","quantile","0.55",254
"newGBQR","2026-06-20",2,"2026-07-04","Overall","quantile","0.6",260
"newGBQR","2026-06-20",2,"2026-07-04","Overall","quantile","0.65",268
"newGBQR","2026-06-20",2,"2026-07-04","Overall","quantile","0.7",273
"newGBQR","2026-06-20",2,"2026-07-04","Overall","quantile","0.75",279
"newGBQR","2026-06-20",2,"2026-07-04","Overall","quantile","0.8",289
"newGBQR","2026-06-20",2,"2026-07-04","Overall","quantile","0.85",291
"newGBQR","2026-06-20",2,"2026-07-04","Overall","quantile","0.9",313
"newGBQR","2026-06-20",2,"2026-07-04","Overall","quantile","0.95",338
"newGBQR","2026-06-20",2,"2026-07-04","Overall","quantile","0.975",383
"newGBQR","2026-06-20",2,"2026-07-04","Overall","quantile","0.99",435
"newGBQR","2026-06-20",3,"2026-07-11","Overall","quantile","0.01",138
"newGBQR","2026-06-20",3,"2026-07-11","Overall","quantile","0.025",167
"newGBQR","2026-06-20",3,"2026-07-11","Overall","quantile","0.05",183
"newGBQR","2026-06-20",3,"2026-07-11","Overall","quantile","0.1",203
"newGBQR","2026-06-20",3,"2026-07-11","Overall","quantile","0.15",215
"newGBQR","2026-06-20",3,"2026-07-11","Overall","quantile","0.2",224
"newGBQR","2026-06-20",3,"2026-07-11","Overall","quantile","0.25",226
"newGBQR","2026-06-20",3,"2026-07-11","Overall","quantile","0.3",237
"newGBQR","2026-06-20",3,"2026-07-11","Overall","quantile","0.35",241
"newGBQR","2026-06-20",3,"2026-07-11","Overall","quantile","0.4",244
"newGBQR","2026-06-20",3,"2026-07-11","Overall","quantile","0.45",245
"newGBQR","2026-06-20",3,"2026-07-11","Overall","quantile","0.5",253
"newGBQR","2026-06-20",3,"2026-07-11","Overall","quantile","0.55",254
"newGBQR","2026-06-20",3,"2026-07-11","Overall","quantile","0.6",260
"newGBQR","2026-06-20",3,"2026-07-11","Overall","quantile","0.65",269
"newGBQR","2026-06-20",3,"2026-07-11","Overall","quantile","0.7",273
"newGBQR","2026-06-20",3,"2026-07-11","Overall","quantile","0.75",279
"newGBQR","2026-06-20",3,"2026-07-11","Overall","quantile","0.8",288
"newGBQR","2026-06-20",3,"2026-07-11","Overall","quantile","0.85",291
"newGBQR","2026-06-20",3,"2026-07-11","Overall","quantile","0.9",313
"newGBQR","2026-06-20",3,"2026-07-11","Overall","quantile","0.95",338
"newGBQR","2026-06-20",3,"2026-07-11","Overall","quantile","0.975",383
"newGBQR","2026-06-20",3,"2026-07-11","Overall","quantile","0.99",435
"newGBQR","2026-06-20",-4,"2026-05-23","Pediatrics","quantile","0.01",60
"newGBQR","2026-06-20",-4,"2026-05-23","Pediatrics","quantile","0.025",71
"newGBQR","2026-06-20",-4,"2026-05-23","Pediatrics","quantile","0.05",78
"newGBQR","2026-06-20",-4,"2026-05-23","Pediatrics","quantile","0.1",87
"newGBQR","2026-06-20",-4,"2026-05-23","Pediatrics","quantile","0.15",92
"newGBQR","2026-06-20",-4,"2026-05-23","Pediatrics","quantile","0.2",96
"newGBQR","2026-06-20",-4,"2026-05-23","Pediatrics","quantile","0.25",98
"newGBQR","2026-06-20",-4,"2026-05-23","Pediatrics","quantile","0.3",101
"newGBQR","2026-06-20",-4,"2026-05-23","Pediatrics","quantile","0.35",102
"newGBQR","2026-06-20",-4,"2026-05-23","Pediatrics","quantile","0.4",103
"newGBQR","2026-06-20",-4,"2026-05-23","Pediatrics","quantile","0.45",104
"newGBQR","2026-06-20",-4,"2026-05-23","Pediatrics","quantile","0.5",106
"newGBQR","2026-06-20",-4,"2026-05-23","Pediatrics","quantile","0.55",109
"newGBQR","2026-06-20",-4,"2026-05-23","Pediatrics","quantile","0.6",109
"newGBQR","2026-06-20",-4,"2026-05-23","Pediatrics","quantile","0.65",111
"newGBQR","2026-06-20",-4,"2026-05-23","Pediatrics","quantile","0.7",115
"newGBQR","2026-06-20",-4,"2026-05-23","Pediatrics","quantile","0.75",117
"newGBQR","2026-06-20",-4,"2026-05-23","Pediatrics","quantile","0.8",122
"newGBQR","2026-06-20",-4,"2026-05-23","Pediatrics","quantile","0.85",125
"newGBQR","2026-06-20",-4,"2026-05-23","Pediatrics","quantile","0.9",131
"newGBQR","2026-06-20",-4,"2026-05-23","Pediatrics","quantile","0.95",140
"newGBQR","2026-06-20",-4,"2026-05-23","Pediatrics","quantile","0.975",155
"newGBQR","2026-06-20",-4,"2026-05-23","Pediatrics","quantile","0.99",181
"newGBQR","2026-06-20",-3,"2026-05-30","Pediatrics","quantile","0.01",60
"newGBQR","2026-06-20",-3,"2026-05-30","Pediatrics","quantile","0.025",71
"newGBQR","2026-06-20",-3,"2026-05-30","Pediatrics","quantile","0.05",78
"newGBQR","2026-06-20",-3,"2026-05-30","Pediatrics","quantile","0.1",86
"newGBQR","2026-06-20",-3,"2026-05-30","Pediatrics","quantile","0.15",92
"newGBQR","2026-06-20",-3,"2026-05-30","Pediatrics","quantile","0.2",96
"newGBQR","2026-06-20",-3,"2026-05-30","Pediatrics","quantile","0.25",98
"newGBQR","2026-06-20",-3,"2026-05-30","Pediatrics","quantile","0.3",101
"newGBQR","2026-06-20",-3,"2026-05-30","Pediatrics","quantile","0.35",102
"newGBQR","2026-06-20",-3,"2026-05-30","Pediatrics","quantile","0.4",103
"newGBQR","2026-06-20",-3,"2026-05-30","Pediatrics","quantile","0.45",103
"newGBQR","2026-06-20",-3,"2026-05-30","Pediatrics","quantile","0.5",106
"newGBQR","2026-06-20",-3,"2026-05-30","Pediatrics","quantile","0.55",109
"newGBQR","2026-06-20",-3,"2026-05-30","Pediatrics","quantile","0.6",109
"newGBQR","2026-06-20",-3,"2026-05-30","Pediatrics","quantile","0.65",111
"newGBQR","2026-06-20",-3,"2026-05-30","Pediatrics","quantile","0.7",115
"newGBQR","2026-06-20",-3,"2026-05-30","Pediatrics","quantile","0.75",117
"newGBQR","2026-06-20",-3,"2026-05-30","Pediatrics","quantile","0.8",123
"newGBQR","2026-06-20",-3,"2026-05-30","Pediatrics","quantile","0.85",126
"newGBQR","2026-06-20",-3,"2026-05-30","Pediatrics","quantile","0.9",131
"newGBQR","2026-06-20",-3,"2026-05-30","Pediatrics","quantile","0.95",141
"newGBQR","2026-06-20",-3,"2026-05-30","Pediatrics","quantile","0.975",159
"newGBQR","2026-06-20",-3,"2026-05-30","Pediatrics","quantile","0.99",181
"newGBQR","2026-06-20",-2,"2026-06-06","Pediatrics","quantile","0.01",60
"newGBQR","2026-06-20",-2,"2026-06-06","Pediatrics","quantile","0.025",70
"newGBQR","2026-06-20",-2,"2026-06-06","Pediatrics","quantile","0.05",76
"newGBQR","2026-06-20",-2,"2026-06-06","Pediatrics","quantile","0.1",85
"newGBQR","2026-06-20",-2,"2026-06-06","Pediatrics","quantile","0.15",91
"newGBQR","2026-06-20",-2,"2026-06-06","Pediatrics","quantile","0.2",95
"newGBQR","2026-06-20",-2,"2026-06-06","Pediatrics","quantile","0.25",97
"newGBQR","2026-06-20",-2,"2026-06-06","Pediatrics","quantile","0.3",100
"newGBQR","2026-06-20",-2,"2026-06-06","Pediatrics","quantile","0.35",103
"newGBQR","2026-06-20",-2,"2026-06-06","Pediatrics","quantile","0.4",104
"newGBQR","2026-06-20",-2,"2026-06-06","Pediatrics","quantile","0.45",105
"newGBQR","2026-06-20",-2,"2026-06-06","Pediatrics","quantile","0.5",107
"newGBQR","2026-06-20",-2,"2026-06-06","Pediatrics","quantile","0.55",110
"newGBQR","2026-06-20",-2,"2026-06-06","Pediatrics","quantile","0.6",111
"newGBQR","2026-06-20",-2,"2026-06-06","Pediatrics","quantile","0.65",113
"newGBQR","2026-06-20",-2,"2026-06-06","Pediatrics","quantile","0.7",117
"newGBQR","2026-06-20",-2,"2026-06-06","Pediatrics","quantile","0.75",120
"newGBQR","2026-06-20",-2,"2026-06-06","Pediatrics","quantile","0.8",124
"newGBQR","2026-06-20",-2,"2026-06-06","Pediatrics","quantile","0.85",130
"newGBQR","2026-06-20",-2,"2026-06-06","Pediatrics","quantile","0.9",137
"newGBQR","2026-06-20",-2,"2026-06-06","Pediatrics","quantile","0.95",144
"newGBQR","2026-06-20",-2,"2026-06-06","Pediatrics","quantile","0.975",159
"newGBQR","2026-06-20",-2,"2026-06-06","Pediatrics","quantile","0.99",181
"newGBQR","2026-06-20",-1,"2026-06-13","Pediatrics","quantile","0.01",60
"newGBQR","2026-06-20",-1,"2026-06-13","Pediatrics","quantile","0.025",70
"newGBQR","2026-06-20",-1,"2026-06-13","Pediatrics","quantile","0.05",76
"newGBQR","2026-06-20",-1,"2026-06-13","Pediatrics","quantile","0.1",85
"newGBQR","2026-06-20",-1,"2026-06-13","Pediatrics","quantile","0.15",92
"newGBQR","2026-06-20",-1,"2026-06-13","Pediatrics","quantile","0.2",95
"newGBQR","2026-06-20",-1,"2026-06-13","Pediatrics","quantile","0.25",97
"newGBQR","2026-06-20",-1,"2026-06-13","Pediatrics","quantile","0.3",100
"newGBQR","2026-06-20",-1,"2026-06-13","Pediatrics","quantile","0.35",103
"newGBQR","2026-06-20",-1,"2026-06-13","Pediatrics","quantile","0.4",104
"newGBQR","2026-06-20",-1,"2026-06-13","Pediatrics","quantile","0.45",105
"newGBQR","2026-06-20",-1,"2026-06-13","Pediatrics","quantile","0.5",108
"newGBQR","2026-06-20",-1,"2026-06-13","Pediatrics","quantile","0.55",111
"newGBQR","2026-06-20",-1,"2026-06-13","Pediatrics","quantile","0.6",111
"newGBQR","2026-06-20",-1,"2026-06-13","Pediatrics","quantile","0.65",114
"newGBQR","2026-06-20",-1,"2026-06-13","Pediatrics","quantile","0.7",117
"newGBQR","2026-06-20",-1,"2026-06-13","Pediatrics","quantile","0.75",121
"newGBQR","2026-06-20",-1,"2026-06-13","Pediatrics","quantile","0.8",125
"newGBQR","2026-06-20",-1,"2026-06-13","Pediatrics","quantile","0.85",131
"newGBQR","2026-06-20",-1,"2026-06-13","Pediatrics","quantile","0.9",139
"newGBQR","2026-06-20",-1,"2026-06-13","Pediatrics","quantile","0.95",147
"newGBQR","2026-06-20",-1,"2026-06-13","Pediatrics","quantile","0.975",160
"newGBQR","2026-06-20",-1,"2026-06-13","Pediatrics","quantile","0.99",182
"newGBQR","2026-06-20",0,"2026-06-20","Pediatrics","quantile","0.01",60
"newGBQR","2026-06-20",0,"2026-06-20","Pediatrics","quantile","0.025",70
"newGBQR","2026-06-20",0,"2026-06-20","Pediatrics","quantile","0.05",76
"newGBQR","2026-06-20",0,"2026-06-20","Pediatrics","quantile","0.1",85
"newGBQR","2026-06-20",0,"2026-06-20","Pediatrics","quantile","0.15",92
"newGBQR","2026-06-20",0,"2026-06-20","Pediatrics","quantile","0.2",95
"newGBQR","2026-06-20",0,"2026-06-20","Pediatrics","quantile","0.25",98
"newGBQR","2026-06-20",0,"2026-06-20","Pediatrics","quantile","0.3",101
"newGBQR","2026-06-20",0,"2026-06-20","Pediatrics","quantile","0.35",103
"newGBQR","2026-06-20",0,"2026-06-20","Pediatrics","quantile","0.4",104
"newGBQR","2026-06-20",0,"2026-06-20","Pediatrics","quantile","0.45",105
"newGBQR","2026-06-20",0,"2026-06-20","Pediatrics","quantile","0.5",108
"newGBQR","2026-06-20",0,"2026-06-20","Pediatrics","quantile","0.55",111
"newGBQR","2026-06-20",0,"2026-06-20","Pediatrics","quantile","0.6",111
"newGBQR","2026-06-20",0,"2026-06-20","Pediatrics","quantile","0.65",114
"newGBQR","2026-06-20",0,"2026-06-20","Pediatrics","quantile","0.7",116
"newGBQR","2026-06-20",0,"2026-06-20","Pediatrics","quantile","0.75",121
"newGBQR","2026-06-20",0,"2026-06-20","Pediatrics","quantile","0.8",126
"newGBQR","2026-06-20",0,"2026-06-20","Pediatrics","quantile","0.85",133
"newGBQR","2026-06-20",0,"2026-06-20","Pediatrics","quantile","0.9",139
"newGBQR","2026-06-20",0,"2026-06-20","Pediatrics","quantile","0.95",150
"newGBQR","2026-06-20",0,"2026-06-20","Pediatrics","quantile","0.975",162
"newGBQR","2026-06-20",0,"2026-06-20","Pediatrics","quantile","0.99",183
"newGBQR","2026-06-20",1,"2026-06-27","Pediatrics","quantile","0.01",59
"newGBQR","2026-06-20",1,"2026-06-27","Pediatrics","quantile","0.025",69
"newGBQR","2026-06-20",1,"2026-06-27","Pediatrics","quantile","0.05",75
"newGBQR","2026-06-20",1,"2026-06-27","Pediatrics","quantile","0.1",85
"newGBQR","2026-06-20",1,"2026-06-27","Pediatrics","quantile","0.15",91
"newGBQR","2026-06-20",1,"2026-06-27","Pediatrics","quantile","0.2",94
"newGBQR","2026-06-20",1,"2026-06-27","Pediatrics","quantile","0.25",97
"newGBQR","2026-06-20",1,"2026-06-27","Pediatrics","quantile","0.3",100
"newGBQR","2026-06-20",1,"2026-06-27","Pediatrics","quantile","0.35",103
"newGBQR","2026-06-20",1,"2026-06-27","Pediatrics","quantile","0.4",103
"newGBQR","2026-06-20",1,"2026-06-27","Pediatrics","quantile","0.45",104
"newGBQR","2026-06-20",1,"2026-06-27","Pediatrics","quantile","0.5",107
"newGBQR","2026-06-20",1,"2026-06-27","Pediatrics","quantile","0.55",110
"newGBQR","2026-06-20",1,"2026-06-27","Pediatrics","quantile","0.6",110
"newGBQR","2026-06-20",1,"2026-06-27","Pediatrics","quantile","0.65",114
"newGBQR","2026-06-20",1,"2026-06-27","Pediatrics","quantile","0.7",117
"newGBQR","2026-06-20",1,"2026-06-27","Pediatrics","quantile","0.75",122
"newGBQR","2026-06-20",1,"2026-06-27","Pediatrics","quantile","0.8",126
"newGBQR","2026-06-20",1,"2026-06-27","Pediatrics","quantile","0.85",132
"newGBQR","2026-06-20",1,"2026-06-27","Pediatrics","quantile","0.9",140
"newGBQR","2026-06-20",1,"2026-06-27","Pediatrics","quantile","0.95",150
"newGBQR","2026-06-20",1,"2026-06-27","Pediatrics","quantile","0.975",161
"newGBQR","2026-06-20",1,"2026-06-27","Pediatrics","quantile","0.99",183
"newGBQR","2026-06-20",2,"2026-07-04","Pediatrics","quantile","0.01",59
"newGBQR","2026-06-20",2,"2026-07-04","Pediatrics","quantile","0.025",69
"newGBQR","2026-06-20",2,"2026-07-04","Pediatrics","quantile","0.05",74
"newGBQR","2026-06-20",2,"2026-07-04","Pediatrics","quantile","0.1",85
"newGBQR","2026-06-20",2,"2026-07-04","Pediatrics","quantile","0.15",91
"newGBQR","2026-06-20",2,"2026-07-04","Pediatrics","quantile","0.2",94
"newGBQR","2026-06-20",2,"2026-07-04","Pediatrics","quantile","0.25",97
"newGBQR","2026-06-20",2,"2026-07-04","Pediatrics","quantile","0.3",100
"newGBQR","2026-06-20",2,"2026-07-04","Pediatrics","quantile","0.35",102
"newGBQR","2026-06-20",2,"2026-07-04","Pediatrics","quantile","0.4",103
"newGBQR","2026-06-20",2,"2026-07-04","Pediatrics","quantile","0.45",103
"newGBQR","2026-06-20",2,"2026-07-04","Pediatrics","quantile","0.5",107
"newGBQR","2026-06-20",2,"2026-07-04","Pediatrics","quantile","0.55",110
"newGBQR","2026-06-20",2,"2026-07-04","Pediatrics","quantile","0.6",110
"newGBQR","2026-06-20",2,"2026-07-04","Pediatrics","quantile","0.65",114
"newGBQR","2026-06-20",2,"2026-07-04","Pediatrics","quantile","0.7",117
"newGBQR","2026-06-20",2,"2026-07-04","Pediatrics","quantile","0.75",122
"newGBQR","2026-06-20",2,"2026-07-04","Pediatrics","quantile","0.8",127
"newGBQR","2026-06-20",2,"2026-07-04","Pediatrics","quantile","0.85",134
"newGBQR","2026-06-20",2,"2026-07-04","Pediatrics","quantile","0.9",140
"newGBQR","2026-06-20",2,"2026-07-04","Pediatrics","quantile","0.95",151
"newGBQR","2026-06-20",2,"2026-07-04","Pediatrics","quantile","0.975",162
"newGBQR","2026-06-20",2,"2026-07-04","Pediatrics","quantile","0.99",183
"newGBQR","2026-06-20",3,"2026-07-11","Pediatrics","quantile","0.01",59
"newGBQR","2026-06-20",3,"2026-07-11","Pediatrics","quantile","0.025",69
"newGBQR","2026-06-20",3,"2026-07-11","Pediatrics","quantile","0.05",74
"newGBQR","2026-06-20",3,"2026-07-11","Pediatrics","quantile","0.1",85
"newGBQR","2026-06-20",3,"2026-07-11","Pediatrics","quantile","0.15",90
"newGBQR","2026-06-20",3,"2026-07-11","Pediatrics","quantile","0.2",94
"newGBQR","2026-06-20",3,"2026-07-11","Pediatrics","quantile","0.25",95
"newGBQR","2026-06-20",3,"2026-07-11","Pediatrics","quantile","0.3",100
"newGBQR","2026-06-20",3,"2026-07-11","Pediatrics","quantile","0.35",101
"newGBQR","2026-06-20",3,"2026-07-11","Pediatrics","quantile","0.4",102
"newGBQR","2026-06-20",3,"2026-07-11","Pediatrics","quantile","0.45",103
"newGBQR","2026-06-20",3,"2026-07-11","Pediatrics","quantile","0.5",107
"newGBQR","2026-06-20",3,"2026-07-11","Pediatrics","quantile","0.55",110
"newGBQR","2026-06-20",3,"2026-07-11","Pediatrics","quantile","0.6",110
"newGBQR","2026-06-20",3,"2026-07-11","Pediatrics","quantile","0.65",115
"newGBQR","2026-06-20",3,"2026-07-11","Pediatrics","quantile","0.7",117
"newGBQR","2026-06-20",3,"2026-07-11","Pediatrics","quantile","0.75",122
"newGBQR","2026-06-20",3,"2026-07-11","Pediatrics","quantile","0.8",127
"newGBQR","2026-06-20",3,"2026-07-11","Pediatrics","quantile","0.85",134
"newGBQR","2026-06-20",3,"2026-07-11","Pediatrics","quantile","0.9",140
"newGBQR","2026-06-20",3,"2026-07-11","Pediatrics","quantile","0.95",152
"newGBQR","2026-06-20",3,"2026-07-11","Pediatrics","quantile","0.975",162
"newGBQR","2026-06-20",3,"2026-07-11","Pediatrics","quantile","0.99",183
"Ensemble","2026-06-20",-4,"2026-05-23","Adults","quantile","0.01",96
"Ensemble","2026-06-20",-4,"2026-05-23","Adults","quantile","0.025",103
"Ensemble","2026-06-20",-4,"2026-05-23","Adults","quantile","0.05",110
"Ensemble","2026-06-20",-4,"2026-05-23","Adults","quantile","0.1",121
"Ensemble","2026-06-20",-4,"2026-05-23","Adults","quantile","0.15",127
"Ensemble","2026-06-20",-4,"2026-05-23","Adults","quantile","0.2",131
"Ensemble","2026-06-20",-4,"2026-05-23","Adults","quantile","0.25",134
"Ensemble","2026-06-20",-4,"2026-05-23","Adults","quantile","0.3",137
"Ensemble","2026-06-20",-4,"2026-05-23","Adults","quantile","0.35",141
"Ensemble","2026-06-20",-4,"2026-05-23","Adults","quantile","0.4",144
"Ensemble","2026-06-20",-4,"2026-05-23","Adults","quantile","0.45",145
"Ensemble","2026-06-20",-4,"2026-05-23","Adults","quantile","0.5",147
"Ensemble","2026-06-20",-4,"2026-05-23","Adults","quantile","0.55",149
"Ensemble","2026-06-20",-4,"2026-05-23","Adults","quantile","0.6",153
"Ensemble","2026-06-20",-4,"2026-05-23","Adults","quantile","0.65",155
"Ensemble","2026-06-20",-4,"2026-05-23","Adults","quantile","0.7",157
"Ensemble","2026-06-20",-4,"2026-05-23","Adults","quantile","0.75",160
"Ensemble","2026-06-20",-4,"2026-05-23","Adults","quantile","0.8",163
"Ensemble","2026-06-20",-4,"2026-05-23","Adults","quantile","0.85",167
"Ensemble","2026-06-20",-4,"2026-05-23","Adults","quantile","0.9",173
"Ensemble","2026-06-20",-4,"2026-05-23","Adults","quantile","0.95",185
"Ensemble","2026-06-20",-4,"2026-05-23","Adults","quantile","0.975",215
"Ensemble","2026-06-20",-4,"2026-05-23","Adults","quantile","0.99",228
"Ensemble","2026-06-20",-4,"2026-05-23","Overall","quantile","0.01",187
"Ensemble","2026-06-20",-4,"2026-05-23","Overall","quantile","0.025",199
"Ensemble","2026-06-20",-4,"2026-05-23","Overall","quantile","0.05",208
"Ensemble","2026-06-20",-4,"2026-05-23","Overall","quantile","0.1",218
"Ensemble","2026-06-20",-4,"2026-05-23","Overall","quantile","0.15",227
"Ensemble","2026-06-20",-4,"2026-05-23","Overall","quantile","0.2",233
"Ensemble","2026-06-20",-4,"2026-05-23","Overall","quantile","0.25",238
"Ensemble","2026-06-20",-4,"2026-05-23","Overall","quantile","0.3",241
"Ensemble","2026-06-20",-4,"2026-05-23","Overall","quantile","0.35",245
"Ensemble","2026-06-20",-4,"2026-05-23","Overall","quantile","0.4",248
"Ensemble","2026-06-20",-4,"2026-05-23","Overall","quantile","0.45",251
"Ensemble","2026-06-20",-4,"2026-05-23","Overall","quantile","0.5",254
"Ensemble","2026-06-20",-4,"2026-05-23","Overall","quantile","0.55",258
"Ensemble","2026-06-20",-4,"2026-05-23","Overall","quantile","0.6",262
"Ensemble","2026-06-20",-4,"2026-05-23","Overall","quantile","0.65",266
"Ensemble","2026-06-20",-4,"2026-05-23","Overall","quantile","0.7",270
"Ensemble","2026-06-20",-4,"2026-05-23","Overall","quantile","0.75",274
"Ensemble","2026-06-20",-4,"2026-05-23","Overall","quantile","0.8",280
"Ensemble","2026-06-20",-4,"2026-05-23","Overall","quantile","0.85",285
"Ensemble","2026-06-20",-4,"2026-05-23","Overall","quantile","0.9",299
"Ensemble","2026-06-20",-4,"2026-05-23","Overall","quantile","0.95",318
"Ensemble","2026-06-20",-4,"2026-05-23","Overall","quantile","0.975",335
"Ensemble","2026-06-20",-4,"2026-05-23","Overall","quantile","0.99",349
"Ensemble","2026-06-20",-4,"2026-05-23","Pediatrics","quantile","0.01",65
"Ensemble","2026-06-20",-4,"2026-05-23","Pediatrics","quantile","0.025",71
"Ensemble","2026-06-20",-4,"2026-05-23","Pediatrics","quantile","0.05",78
"Ensemble","2026-06-20",-4,"2026-05-23","Pediatrics","quantile","0.1",87
"Ensemble","2026-06-20",-4,"2026-05-23","Pediatrics","quantile","0.15",92
"Ensemble","2026-06-20",-4,"2026-05-23","Pediatrics","quantile","0.2",96
"Ensemble","2026-06-20",-4,"2026-05-23","Pediatrics","quantile","0.25",98
"Ensemble","2026-06-20",-4,"2026-05-23","Pediatrics","quantile","0.3",100
"Ensemble","2026-06-20",-4,"2026-05-23","Pediatrics","quantile","0.35",102
"Ensemble","2026-06-20",-4,"2026-05-23","Pediatrics","quantile","0.4",103
"Ensemble","2026-06-20",-4,"2026-05-23","Pediatrics","quantile","0.45",105
"Ensemble","2026-06-20",-4,"2026-05-23","Pediatrics","quantile","0.5",107
"Ensemble","2026-06-20",-4,"2026-05-23","Pediatrics","quantile","0.55",109
"Ensemble","2026-06-20",-4,"2026-05-23","Pediatrics","quantile","0.6",111
"Ensemble","2026-06-20",-4,"2026-05-23","Pediatrics","quantile","0.65",113
"Ensemble","2026-06-20",-4,"2026-05-23","Pediatrics","quantile","0.7",115
"Ensemble","2026-06-20",-4,"2026-05-23","Pediatrics","quantile","0.75",117
"Ensemble","2026-06-20",-4,"2026-05-23","Pediatrics","quantile","0.8",122
"Ensemble","2026-06-20",-4,"2026-05-23","Pediatrics","quantile","0.85",125
"Ensemble","2026-06-20",-4,"2026-05-23","Pediatrics","quantile","0.9",131
"Ensemble","2026-06-20",-4,"2026-05-23","Pediatrics","quantile","0.95",140
"Ensemble","2026-06-20",-4,"2026-05-23","Pediatrics","quantile","0.975",155
"Ensemble","2026-06-20",-4,"2026-05-23","Pediatrics","quantile","0.99",167
"Ensemble","2026-06-20",-3,"2026-05-30","Adults","quantile","0.01",89
"Ensemble","2026-06-20",-3,"2026-05-30","Adults","quantile","0.025",98
"Ensemble","2026-06-20",-3,"2026-05-30","Adults","quantile","0.05",108
"Ensemble","2026-06-20",-3,"2026-05-30","Adults","quantile","0.1",119
"Ensemble","2026-06-20",-3,"2026-05-30","Adults","quantile","0.15",126
"Ensemble","2026-06-20",-3,"2026-05-30","Adults","quantile","0.2",130
"Ensemble","2026-06-20",-3,"2026-05-30","Adults","quantile","0.25",136
"Ensemble","2026-06-20",-3,"2026-05-30","Adults","quantile","0.3",140
"Ensemble","2026-06-20",-3,"2026-05-30","Adults","quantile","0.35",145
"Ensemble","2026-06-20",-3,"2026-05-30","Adults","quantile","0.4",148
"Ensemble","2026-06-20",-3,"2026-05-30","Adults","quantile","0.45",150
"Ensemble","2026-06-20",-3,"2026-05-30","Adults","quantile","0.5",153
"Ensemble","2026-06-20",-3,"2026-05-30","Adults","quantile","0.55",155
"Ensemble","2026-06-20",-3,"2026-05-30","Adults","quantile","0.6",159
"Ensemble","2026-06-20",-3,"2026-05-30","Adults","quantile","0.65",162
"Ensemble","2026-06-20",-3,"2026-05-30","Adults","quantile","0.7",165
"Ensemble","2026-06-20",-3,"2026-05-30","Adults","quantile","0.75",169
"Ensemble","2026-06-20",-3,"2026-05-30","Adults","quantile","0.8",173
"Ensemble","2026-06-20",-3,"2026-05-30","Adults","quantile","0.85",178
"Ensemble","2026-06-20",-3,"2026-05-30","Adults","quantile","0.9",185
"Ensemble","2026-06-20",-3,"2026-05-30","Adults","quantile","0.95",197
"Ensemble","2026-06-20",-3,"2026-05-30","Adults","quantile","0.975",215
"Ensemble","2026-06-20",-3,"2026-05-30","Adults","quantile","0.99",252
"Ensemble","2026-06-20",-3,"2026-05-30","Overall","quantile","0.01",182
"Ensemble","2026-06-20",-3,"2026-05-30","Overall","quantile","0.025",194
"Ensemble","2026-06-20",-3,"2026-05-30","Overall","quantile","0.05",207
"Ensemble","2026-06-20",-3,"2026-05-30","Overall","quantile","0.1",218
"Ensemble","2026-06-20",-3,"2026-05-30","Overall","quantile","0.15",224
"Ensemble","2026-06-20",-3,"2026-05-30","Overall","quantile","0.2",231
"Ensemble","2026-06-20",-3,"2026-05-30","Overall","quantile","0.25",238
"Ensemble","2026-06-20",-3,"2026-05-30","Overall","quantile","0.3",243
"Ensemble","2026-06-20",-3,"2026-05-30","Overall","quantile","0.35",247
"Ensemble","2026-06-20",-3,"2026-05-30","Overall","quantile","0.4",250
"Ensemble","2026-06-20",-3,"2026-05-30","Overall","quantile","0.45",256
"Ensemble","2026-06-20",-3,"2026-05-30","Overall","quantile","0.5",260
"Ensemble","2026-06-20",-3,"2026-05-30","Overall","quantile","0.55",265
"Ensemble","2026-06-20",-3,"2026-05-30","Overall","quantile","0.6",271
"Ensemble","2026-06-20",-3,"2026-05-30","Overall","quantile","0.65",276
"Ensemble","2026-06-20",-3,"2026-05-30","Overall","quantile","0.7",281
"Ensemble","2026-06-20",-3,"2026-05-30","Overall","quantile","0.75",288
"Ensemble","2026-06-20",-3,"2026-05-30","Overall","quantile","0.8",296
"Ensemble","2026-06-20",-3,"2026-05-30","Overall","quantile","0.85",307
"Ensemble","2026-06-20",-3,"2026-05-30","Overall","quantile","0.9",319
"Ensemble","2026-06-20",-3,"2026-05-30","Overall","quantile","0.95",337
"Ensemble","2026-06-20",-3,"2026-05-30","Overall","quantile","0.975",368
"Ensemble","2026-06-20",-3,"2026-05-30","Overall","quantile","0.99",398
"Ensemble","2026-06-20",-3,"2026-05-30","Pediatrics","quantile","0.01",63
"Ensemble","2026-06-20",-3,"2026-05-30","Pediatrics","quantile","0.025",71
"Ensemble","2026-06-20",-3,"2026-05-30","Pediatrics","quantile","0.05",78
"Ensemble","2026-06-20",-3,"2026-05-30","Pediatrics","quantile","0.1",86
"Ensemble","2026-06-20",-3,"2026-05-30","Pediatrics","quantile","0.15",92
"Ensemble","2026-06-20",-3,"2026-05-30","Pediatrics","quantile","0.2",96
"Ensemble","2026-06-20",-3,"2026-05-30","Pediatrics","quantile","0.25",98
"Ensemble","2026-06-20",-3,"2026-05-30","Pediatrics","quantile","0.3",101
"Ensemble","2026-06-20",-3,"2026-05-30","Pediatrics","quantile","0.35",103
"Ensemble","2026-06-20",-3,"2026-05-30","Pediatrics","quantile","0.4",106
"Ensemble","2026-06-20",-3,"2026-05-30","Pediatrics","quantile","0.45",108
"Ensemble","2026-06-20",-3,"2026-05-30","Pediatrics","quantile","0.5",111
"Ensemble","2026-06-20",-3,"2026-05-30","Pediatrics","quantile","0.55",113
"Ensemble","2026-06-20",-3,"2026-05-30","Pediatrics","quantile","0.6",115
"Ensemble","2026-06-20",-3,"2026-05-30","Pediatrics","quantile","0.65",118
"Ensemble","2026-06-20",-3,"2026-05-30","Pediatrics","quantile","0.7",120
"Ensemble","2026-06-20",-3,"2026-05-30","Pediatrics","quantile","0.75",125
"Ensemble","2026-06-20",-3,"2026-05-30","Pediatrics","quantile","0.8",127
"Ensemble","2026-06-20",-3,"2026-05-30","Pediatrics","quantile","0.85",131
"Ensemble","2026-06-20",-3,"2026-05-30","Pediatrics","quantile","0.9",138
"Ensemble","2026-06-20",-3,"2026-05-30","Pediatrics","quantile","0.95",147
"Ensemble","2026-06-20",-3,"2026-05-30","Pediatrics","quantile","0.975",159
"Ensemble","2026-06-20",-3,"2026-05-30","Pediatrics","quantile","0.99",181
"Ensemble","2026-06-20",-2,"2026-06-06","Adults","quantile","0.01",88
"Ensemble","2026-06-20",-2,"2026-06-06","Adults","quantile","0.025",98
"Ensemble","2026-06-20",-2,"2026-06-06","Adults","quantile","0.05",107
"Ensemble","2026-06-20",-2,"2026-06-06","Adults","quantile","0.1",118
"Ensemble","2026-06-20",-2,"2026-06-06","Adults","quantile","0.15",127
"Ensemble","2026-06-20",-2,"2026-06-06","Adults","quantile","0.2",131
"Ensemble","2026-06-20",-2,"2026-06-06","Adults","quantile","0.25",136
"Ensemble","2026-06-20",-2,"2026-06-06","Adults","quantile","0.3",141
"Ensemble","2026-06-20",-2,"2026-06-06","Adults","quantile","0.35",144
"Ensemble","2026-06-20",-2,"2026-06-06","Adults","quantile","0.4",147
"Ensemble","2026-06-20",-2,"2026-06-06","Adults","quantile","0.45",151
"Ensemble","2026-06-20",-2,"2026-06-06","Adults","quantile","0.5",155
"Ensemble","2026-06-20",-2,"2026-06-06","Adults","quantile","0.55",159
"Ensemble","2026-06-20",-2,"2026-06-06","Adults","quantile","0.6",163
"Ensemble","2026-06-20",-2,"2026-06-06","Adults","quantile","0.65",166
"Ensemble","2026-06-20",-2,"2026-06-06","Adults","quantile","0.7",170
"Ensemble","2026-06-20",-2,"2026-06-06","Adults","quantile","0.75",174
"Ensemble","2026-06-20",-2,"2026-06-06","Adults","quantile","0.8",180
"Ensemble","2026-06-20",-2,"2026-06-06","Adults","quantile","0.85",186
"Ensemble","2026-06-20",-2,"2026-06-06","Adults","quantile","0.9",197
"Ensemble","2026-06-20",-2,"2026-06-06","Adults","quantile","0.95",212
"Ensemble","2026-06-20",-2,"2026-06-06","Adults","quantile","0.975",228
"Ensemble","2026-06-20",-2,"2026-06-06","Adults","quantile","0.99",252
"Ensemble","2026-06-20",-2,"2026-06-06","Overall","quantile","0.01",174
"Ensemble","2026-06-20",-2,"2026-06-06","Overall","quantile","0.025",186
"Ensemble","2026-06-20",-2,"2026-06-06","Overall","quantile","0.05",196
"Ensemble","2026-06-20",-2,"2026-06-06","Overall","quantile","0.1",207
"Ensemble","2026-06-20",-2,"2026-06-06","Overall","quantile","0.15",220
"Ensemble","2026-06-20",-2,"2026-06-06","Overall","quantile","0.2",226
"Ensemble","2026-06-20",-2,"2026-06-06","Overall","quantile","0.25",232
"Ensemble","2026-06-20",-2,"2026-06-06","Overall","quantile","0.3",240
"Ensemble","2026-06-20",-2,"2026-06-06","Overall","quantile","0.35",246
"Ensemble","2026-06-20",-2,"2026-06-06","Overall","quantile","0.4",251
"Ensemble","2026-06-20",-2,"2026-06-06","Overall","quantile","0.45",257
"Ensemble","2026-06-20",-2,"2026-06-06","Overall","quantile","0.5",261
"Ensemble","2026-06-20",-2,"2026-06-06","Overall","quantile","0.55",268
"Ensemble","2026-06-20",-2,"2026-06-06","Overall","quantile","0.6",275
"Ensemble","2026-06-20",-2,"2026-06-06","Overall","quantile","0.65",283
"Ensemble","2026-06-20",-2,"2026-06-06","Overall","quantile","0.7",289
"Ensemble","2026-06-20",-2,"2026-06-06","Overall","quantile","0.75",300
"Ensemble","2026-06-20",-2,"2026-06-06","Overall","quantile","0.8",311
"Ensemble","2026-06-20",-2,"2026-06-06","Overall","quantile","0.85",323
"Ensemble","2026-06-20",-2,"2026-06-06","Overall","quantile","0.9",340
"Ensemble","2026-06-20",-2,"2026-06-06","Overall","quantile","0.95",367
"Ensemble","2026-06-20",-2,"2026-06-06","Overall","quantile","0.975",388
"Ensemble","2026-06-20",-2,"2026-06-06","Overall","quantile","0.99",430
"Ensemble","2026-06-20",-2,"2026-06-06","Pediatrics","quantile","0.01",61
"Ensemble","2026-06-20",-2,"2026-06-06","Pediatrics","quantile","0.025",70
"Ensemble","2026-06-20",-2,"2026-06-06","Pediatrics","quantile","0.05",76
"Ensemble","2026-06-20",-2,"2026-06-06","Pediatrics","quantile","0.1",85
"Ensemble","2026-06-20",-2,"2026-06-06","Pediatrics","quantile","0.15",91
"Ensemble","2026-06-20",-2,"2026-06-06","Pediatrics","quantile","0.2",94
"Ensemble","2026-06-20",-2,"2026-06-06","Pediatrics","quantile","0.25",97
"Ensemble","2026-06-20",-2,"2026-06-06","Pediatrics","quantile","0.3",101
"Ensemble","2026-06-20",-2,"2026-06-06","Pediatrics","quantile","0.35",104
"Ensemble","2026-06-20",-2,"2026-06-06","Pediatrics","quantile","0.4",107
"Ensemble","2026-06-20",-2,"2026-06-06","Pediatrics","quantile","0.45",110
"Ensemble","2026-06-20",-2,"2026-06-06","Pediatrics","quantile","0.5",113
"Ensemble","2026-06-20",-2,"2026-06-06","Pediatrics","quantile","0.55",116
"Ensemble","2026-06-20",-2,"2026-06-06","Pediatrics","quantile","0.6",119
"Ensemble","2026-06-20",-2,"2026-06-06","Pediatrics","quantile","0.65",122
"Ensemble","2026-06-20",-2,"2026-06-06","Pediatrics","quantile","0.7",125
"Ensemble","2026-06-20",-2,"2026-06-06","Pediatrics","quantile","0.75",130
"Ensemble","2026-06-20",-2,"2026-06-06","Pediatrics","quantile","0.8",133
"Ensemble","2026-06-20",-2,"2026-06-06","Pediatrics","quantile","0.85",138
"Ensemble","2026-06-20",-2,"2026-06-06","Pediatrics","quantile","0.9",144
"Ensemble","2026-06-20",-2,"2026-06-06","Pediatrics","quantile","0.95",156
"Ensemble","2026-06-20",-2,"2026-06-06","Pediatrics","quantile","0.975",171
"Ensemble","2026-06-20",-2,"2026-06-06","Pediatrics","quantile","0.99",183
"Ensemble","2026-06-20",-1,"2026-06-13","Adults","quantile","0.01",81
"Ensemble","2026-06-20",-1,"2026-06-13","Adults","quantile","0.025",95
"Ensemble","2026-06-20",-1,"2026-06-13","Adults","quantile","0.05",105
"Ensemble","2026-06-20",-1,"2026-06-13","Adults","quantile","0.1",115
"Ensemble","2026-06-20",-1,"2026-06-13","Adults","quantile","0.15",123
"Ensemble","2026-06-20",-1,"2026-06-13","Adults","quantile","0.2",130
"Ensemble","2026-06-20",-1,"2026-06-13","Adults","quantile","0.25",135
"Ensemble","2026-06-20",-1,"2026-06-13","Adults","quantile","0.3",139
"Ensemble","2026-06-20",-1,"2026-06-13","Adults","quantile","0.35",143
"Ensemble","2026-06-20",-1,"2026-06-13","Adults","quantile","0.4",145
"Ensemble","2026-06-20",-1,"2026-06-13","Adults","quantile","0.45",148
"Ensemble","2026-06-20",-1,"2026-06-13","Adults","quantile","0.5",152
"Ensemble","2026-06-20",-1,"2026-06-13","Adults","quantile","0.55",158
"Ensemble","2026-06-20",-1,"2026-06-13","Adults","quantile","0.6",162
"Ensemble","2026-06-20",-1,"2026-06-13","Adults","quantile","0.65",168
"Ensemble","2026-06-20",-1,"2026-06-13","Adults","quantile","0.7",173
"Ensemble","2026-06-20",-1,"2026-06-13","Adults","quantile","0.75",179
"Ensemble","2026-06-20",-1,"2026-06-13","Adults","quantile","0.8",185
"Ensemble","2026-06-20",-1,"2026-06-13","Adults","quantile","0.85",192
"Ensemble","2026-06-20",-1,"2026-06-13","Adults","quantile","0.9",203
"Ensemble","2026-06-20",-1,"2026-06-13","Adults","quantile","0.95",220
"Ensemble","2026-06-20",-1,"2026-06-13","Adults","quantile","0.975",239
"Ensemble","2026-06-20",-1,"2026-06-13","Adults","quantile","0.99",256
"Ensemble","2026-06-20",-1,"2026-06-13","Overall","quantile","0.01",155
"Ensemble","2026-06-20",-1,"2026-06-13","Overall","quantile","0.025",170
"Ensemble","2026-06-20",-1,"2026-06-13","Overall","quantile","0.05",186
"Ensemble","2026-06-20",-1,"2026-06-13","Overall","quantile","0.1",207
"Ensemble","2026-06-20",-1,"2026-06-13","Overall","quantile","0.15",219
"Ensemble","2026-06-20",-1,"2026-06-13","Overall","quantile","0.2",227
"Ensemble","2026-06-20",-1,"2026-06-13","Overall","quantile","0.25",232
"Ensemble","2026-06-20",-1,"2026-06-13","Overall","quantile","0.3",241
"Ensemble","2026-06-20",-1,"2026-06-13","Overall","quantile","0.35",246
"Ensemble","2026-06-20",-1,"2026-06-13","Overall","quantile","0.4",248
"Ensemble","2026-06-20",-1,"2026-06-13","Overall","quantile","0.45",253
"Ensemble","2026-06-20",-1,"2026-06-13","Overall","quantile","0.5",259
"Ensemble","2026-06-20",-1,"2026-06-13","Overall","quantile","0.55",266
"Ensemble","2026-06-20",-1,"2026-06-13","Overall","quantile","0.6",273
"Ensemble","2026-06-20",-1,"2026-06-13","Overall","quantile","0.65",281
"Ensemble","2026-06-20",-1,"2026-06-13","Overall","quantile","0.7",290
"Ensemble","2026-06-20",-1,"2026-06-13","Overall","quantile","0.75",301
"Ensemble","2026-06-20",-1,"2026-06-13","Overall","quantile","0.8",314
"Ensemble","2026-06-20",-1,"2026-06-13","Overall","quantile","0.85",328
"Ensemble","2026-06-20",-1,"2026-06-13","Overall","quantile","0.9",346
"Ensemble","2026-06-20",-1,"2026-06-13","Overall","quantile","0.95",386
"Ensemble","2026-06-20",-1,"2026-06-13","Overall","quantile","0.975",414
"Ensemble","2026-06-20",-1,"2026-06-13","Overall","quantile","0.99",465
"Ensemble","2026-06-20",-1,"2026-06-13","Pediatrics","quantile","0.01",60
"Ensemble","2026-06-20",-1,"2026-06-13","Pediatrics","quantile","0.025",70
"Ensemble","2026-06-20",-1,"2026-06-13","Pediatrics","quantile","0.05",75
"Ensemble","2026-06-20",-1,"2026-06-13","Pediatrics","quantile","0.1",82
"Ensemble","2026-06-20",-1,"2026-06-13","Pediatrics","quantile","0.15",86
"Ensemble","2026-06-20",-1,"2026-06-13","Pediatrics","quantile","0.2",91
"Ensemble","2026-06-20",-1,"2026-06-13","Pediatrics","quantile","0.25",96
"Ensemble","2026-06-20",-1,"2026-06-13","Pediatrics","quantile","0.3",100
"Ensemble","2026-06-20",-1,"2026-06-13","Pediatrics","quantile","0.35",104
"Ensemble","2026-06-20",-1,"2026-06-13","Pediatrics","quantile","0.4",106
"Ensemble","2026-06-20",-1,"2026-06-13","Pediatrics","quantile","0.45",109
"Ensemble","2026-06-20",-1,"2026-06-13","Pediatrics","quantile","0.5",112
"Ensemble","2026-06-20",-1,"2026-06-13","Pediatrics","quantile","0.55",115
"Ensemble","2026-06-20",-1,"2026-06-13","Pediatrics","quantile","0.6",118
"Ensemble","2026-06-20",-1,"2026-06-13","Pediatrics","quantile","0.65",121
"Ensemble","2026-06-20",-1,"2026-06-13","Pediatrics","quantile","0.7",125
"Ensemble","2026-06-20",-1,"2026-06-13","Pediatrics","quantile","0.75",130
"Ensemble","2026-06-20",-1,"2026-06-13","Pediatrics","quantile","0.8",135
"Ensemble","2026-06-20",-1,"2026-06-13","Pediatrics","quantile","0.85",141
"Ensemble","2026-06-20",-1,"2026-06-13","Pediatrics","quantile","0.9",152
"Ensemble","2026-06-20",-1,"2026-06-13","Pediatrics","quantile","0.95",164
"Ensemble","2026-06-20",-1,"2026-06-13","Pediatrics","quantile","0.975",181
"Ensemble","2026-06-20",-1,"2026-06-13","Pediatrics","quantile","0.99",198
"Ensemble","2026-06-20",0,"2026-06-20","Adults","quantile","0.01",79
"Ensemble","2026-06-20",0,"2026-06-20","Adults","quantile","0.025",89
"Ensemble","2026-06-20",0,"2026-06-20","Adults","quantile","0.05",99
"Ensemble","2026-06-20",0,"2026-06-20","Adults","quantile","0.1",110
"Ensemble","2026-06-20",0,"2026-06-20","Adults","quantile","0.15",119
"Ensemble","2026-06-20",0,"2026-06-20","Adults","quantile","0.2",126
"Ensemble","2026-06-20",0,"2026-06-20","Adults","quantile","0.25",132
"Ensemble","2026-06-20",0,"2026-06-20","Adults","quantile","0.3",138
"Ensemble","2026-06-20",0,"2026-06-20","Adults","quantile","0.35",143
"Ensemble","2026-06-20",0,"2026-06-20","Adults","quantile","0.4",145
"Ensemble","2026-06-20",0,"2026-06-20","Adults","quantile","0.45",145
"Ensemble","2026-06-20",0,"2026-06-20","Adults","quantile","0.5",151
"Ensemble","2026-06-20",0,"2026-06-20","Adults","quantile","0.55",156
"Ensemble","2026-06-20",0,"2026-06-20","Adults","quantile","0.6",160
"Ensemble","2026-06-20",0,"2026-06-20","Adults","quantile","0.65",165
"Ensemble","2026-06-20",0,"2026-06-20","Adults","quantile","0.7",170
"Ensemble","2026-06-20",0,"2026-06-20","Adults","quantile","0.75",177
"Ensemble","2026-06-20",0,"2026-06-20","Adults","quantile","0.8",184
"Ensemble","2026-06-20",0,"2026-06-20","Adults","quantile","0.85",192
"Ensemble","2026-06-20",0,"2026-06-20","Adults","quantile","0.9",207
"Ensemble","2026-06-20",0,"2026-06-20","Adults","quantile","0.95",230
"Ensemble","2026-06-20",0,"2026-06-20","Adults","quantile","0.975",246
"Ensemble","2026-06-20",0,"2026-06-20","Adults","quantile","0.99",271
"Ensemble","2026-06-20",0,"2026-06-20","Overall","quantile","0.01",140
"Ensemble","2026-06-20",0,"2026-06-20","Overall","quantile","0.025",168
"Ensemble","2026-06-20",0,"2026-06-20","Overall","quantile","0.05",185
"Ensemble","2026-06-20",0,"2026-06-20","Overall","quantile","0.1",206
"Ensemble","2026-06-20",0,"2026-06-20","Overall","quantile","0.15",218
"Ensemble","2026-06-20",0,"2026-06-20","Overall","quantile","0.2",226
"Ensemble","2026-06-20",0,"2026-06-20","Overall","quantile","0.25",232
"Ensemble","2026-06-20",0,"2026-06-20","Overall","quantile","0.3",241
"Ensemble","2026-06-20",0,"2026-06-20","Overall","quantile","0.35",247
"Ensemble","2026-06-20",0,"2026-06-20","Overall","quantile","0.4",249
"Ensemble","2026-06-20",0,"2026-06-20","Overall","quantile","0.45",249
"Ensemble","2026-06-20",0,"2026-06-20","Overall","quantile","0.5",254
"Ensemble","2026-06-20",0,"2026-06-20","Overall","quantile","0.55",261
"Ensemble","2026-06-20",0,"2026-06-20","Overall","quantile","0.6",269
"Ensemble","2026-06-20",0,"2026-06-20","Overall","quantile","0.65",281
"Ensemble","2026-06-20",0,"2026-06-20","Overall","quantile","0.7",293
"Ensemble","2026-06-20",0,"2026-06-20","Overall","quantile","0.75",302
"Ensemble","2026-06-20",0,"2026-06-20","Overall","quantile","0.8",313
"Ensemble","2026-06-20",0,"2026-06-20","Overall","quantile","0.85",330
"Ensemble","2026-06-20",0,"2026-06-20","Overall","quantile","0.9",355
"Ensemble","2026-06-20",0,"2026-06-20","Overall","quantile","0.95",392
"Ensemble","2026-06-20",0,"2026-06-20","Overall","quantile","0.975",438
"Ensemble","2026-06-20",0,"2026-06-20","Overall","quantile","0.99",477
"Ensemble","2026-06-20",0,"2026-06-20","Pediatrics","quantile","0.01",55
"Ensemble","2026-06-20",0,"2026-06-20","Pediatrics","quantile","0.025",60
"Ensemble","2026-06-20",0,"2026-06-20","Pediatrics","quantile","0.05",68
"Ensemble","2026-06-20",0,"2026-06-20","Pediatrics","quantile","0.1",77
"Ensemble","2026-06-20",0,"2026-06-20","Pediatrics","quantile","0.15",83
"Ensemble","2026-06-20",0,"2026-06-20","Pediatrics","quantile","0.2",89
"Ensemble","2026-06-20",0,"2026-06-20","Pediatrics","quantile","0.25",93
"Ensemble","2026-06-20",0,"2026-06-20","Pediatrics","quantile","0.3",98
"Ensemble","2026-06-20",0,"2026-06-20","Pediatrics","quantile","0.35",102
"Ensemble","2026-06-20",0,"2026-06-20","Pediatrics","quantile","0.4",104
"Ensemble","2026-06-20",0,"2026-06-20","Pediatrics","quantile","0.45",106
"Ensemble","2026-06-20",0,"2026-06-20","Pediatrics","quantile","0.5",109
"Ensemble","2026-06-20",0,"2026-06-20","Pediatrics","quantile","0.55",112
"Ensemble","2026-06-20",0,"2026-06-20","Pediatrics","quantile","0.6",116
"Ensemble","2026-06-20",0,"2026-06-20","Pediatrics","quantile","0.65",121
"Ensemble","2026-06-20",0,"2026-06-20","Pediatrics","quantile","0.7",125
"Ensemble","2026-06-20",0,"2026-06-20","Pediatrics","quantile","0.75",130
"Ensemble","2026-06-20",0,"2026-06-20","Pediatrics","quantile","0.8",135
"Ensemble","2026-06-20",0,"2026-06-20","Pediatrics","quantile","0.85",142
"Ensemble","2026-06-20",0,"2026-06-20","Pediatrics","quantile","0.9",153
"Ensemble","2026-06-20",0,"2026-06-20","Pediatrics","quantile","0.95",170
"Ensemble","2026-06-20",0,"2026-06-20","Pediatrics","quantile","0.975",183
"Ensemble","2026-06-20",0,"2026-06-20","Pediatrics","quantile","0.99",199
"Ensemble","2026-06-20",1,"2026-06-27","Adults","quantile","0.01",72
"Ensemble","2026-06-20",1,"2026-06-27","Adults","quantile","0.025",82
"Ensemble","2026-06-20",1,"2026-06-27","Adults","quantile","0.05",91
"Ensemble","2026-06-20",1,"2026-06-27","Adults","quantile","0.1",102
"Ensemble","2026-06-20",1,"2026-06-27","Adults","quantile","0.15",111
"Ensemble","2026-06-20",1,"2026-06-27","Adults","quantile","0.2",118
"Ensemble","2026-06-20",1,"2026-06-27","Adults","quantile","0.25",125
"Ensemble","2026-06-20",1,"2026-06-27","Adults","quantile","0.3",132
"Ensemble","2026-06-20",1,"2026-06-27","Adults","quantile","0.35",138
"Ensemble","2026-06-20",1,"2026-06-27","Adults","quantile","0.4",144
"Ensemble","2026-06-20",1,"2026-06-27","Adults","quantile","0.45",145
"Ensemble","2026-06-20",1,"2026-06-27","Adults","quantile","0.5",149
"Ensemble","2026-06-20",1,"2026-06-27","Adults","quantile","0.55",150
"Ensemble","2026-06-20",1,"2026-06-27","Adults","quantile","0.6",154
"Ensemble","2026-06-20",1,"2026-06-27","Adults","quantile","0.65",160
"Ensemble","2026-06-20",1,"2026-06-27","Adults","quantile","0.7",165
"Ensemble","2026-06-20",1,"2026-06-27","Adults","quantile","0.75",171
"Ensemble","2026-06-20",1,"2026-06-27","Adults","quantile","0.8",178
"Ensemble","2026-06-20",1,"2026-06-27","Adults","quantile","0.85",188
"Ensemble","2026-06-20",1,"2026-06-27","Adults","quantile","0.9",202
"Ensemble","2026-06-20",1,"2026-06-27","Adults","quantile","0.95",224
"Ensemble","2026-06-20",1,"2026-06-27","Adults","quantile","0.975",244
"Ensemble","2026-06-20",1,"2026-06-27","Adults","quantile","0.99",271
"Ensemble","2026-06-20",1,"2026-06-27","Overall","quantile","0.01",140
"Ensemble","2026-06-20",1,"2026-06-27","Overall","quantile","0.025",167
"Ensemble","2026-06-20",1,"2026-06-27","Overall","quantile","0.05",185
"Ensemble","2026-06-20",1,"2026-06-27","Overall","quantile","0.1",200
"Ensemble","2026-06-20",1,"2026-06-27","Overall","quantile","0.15",212
"Ensemble","2026-06-20",1,"2026-06-27","Overall","quantile","0.2",222
"Ensemble","2026-06-20",1,"2026-06-27","Overall","quantile","0.25",231
"Ensemble","2026-06-20",1,"2026-06-27","Overall","quantile","0.3",240
"Ensemble","2026-06-20",1,"2026-06-27","Overall","quantile","0.35",246
"Ensemble","2026-06-20",1,"2026-06-27","Overall","quantile","0.4",247
"Ensemble","2026-06-20",1,"2026-06-27","Overall","quantile","0.45",248
"Ensemble","2026-06-20",1,"2026-06-27","Overall","quantile","0.5",254
"Ensemble","2026-06-20",1,"2026-06-27","Overall","quantile","0.55",255
"Ensemble","2026-06-20",1,"2026-06-27","Overall","quantile","0.6",263
"Ensemble","2026-06-20",1,"2026-06-27","Overall","quantile","0.65",272
"Ensemble","2026-06-20",1,"2026-06-27","Overall","quantile","0.7",281
"Ensemble","2026-06-20",1,"2026-06-27","Overall","quantile","0.75",294
"Ensemble","2026-06-20",1,"2026-06-27","Overall","quantile","0.8",307
"Ensemble","2026-06-20",1,"2026-06-27","Overall","quantile","0.85",325
"Ensemble","2026-06-20",1,"2026-06-27","Overall","quantile","0.9",348
"Ensemble","2026-06-20",1,"2026-06-27","Overall","quantile","0.95",394
"Ensemble","2026-06-20",1,"2026-06-27","Overall","quantile","0.975",431
"Ensemble","2026-06-20",1,"2026-06-27","Overall","quantile","0.99",463
"Ensemble","2026-06-20",1,"2026-06-27","Pediatrics","quantile","0.01",50
"Ensemble","2026-06-20",1,"2026-06-27","Pediatrics","quantile","0.025",57
"Ensemble","2026-06-20",1,"2026-06-27","Pediatrics","quantile","0.05",63
"Ensemble","2026-06-20",1,"2026-06-27","Pediatrics","quantile","0.1",71
"Ensemble","2026-06-20",1,"2026-06-27","Pediatrics","quantile","0.15",78
"Ensemble","2026-06-20",1,"2026-06-27","Pediatrics","quantile","0.2",83
"Ensemble","2026-06-20",1,"2026-06-27","Pediatrics","quantile","0.25",87
"Ensemble","2026-06-20",1,"2026-06-27","Pediatrics","quantile","0.3",92
"Ensemble","2026-06-20",1,"2026-06-27","Pediatrics","quantile","0.35",96
"Ensemble","2026-06-20",1,"2026-06-27","Pediatrics","quantile","0.4",100
"Ensemble","2026-06-20",1,"2026-06-27","Pediatrics","quantile","0.45",104
"Ensemble","2026-06-20",1,"2026-06-27","Pediatrics","quantile","0.5",107
"Ensemble","2026-06-20",1,"2026-06-27","Pediatrics","quantile","0.55",110
"Ensemble","2026-06-20",1,"2026-06-27","Pediatrics","quantile","0.6",113
"Ensemble","2026-06-20",1,"2026-06-27","Pediatrics","quantile","0.65",118
"Ensemble","2026-06-20",1,"2026-06-27","Pediatrics","quantile","0.7",122
"Ensemble","2026-06-20",1,"2026-06-27","Pediatrics","quantile","0.75",127
"Ensemble","2026-06-20",1,"2026-06-27","Pediatrics","quantile","0.8",133
"Ensemble","2026-06-20",1,"2026-06-27","Pediatrics","quantile","0.85",141
"Ensemble","2026-06-20",1,"2026-06-27","Pediatrics","quantile","0.9",148
"Ensemble","2026-06-20",1,"2026-06-27","Pediatrics","quantile","0.95",163
"Ensemble","2026-06-20",1,"2026-06-27","Pediatrics","quantile","0.975",178
"Ensemble","2026-06-20",1,"2026-06-27","Pediatrics","quantile","0.99",193
"Ensemble","2026-06-20",2,"2026-07-04","Adults","quantile","0.01",65
"Ensemble","2026-06-20",2,"2026-07-04","Adults","quantile","0.025",73
"Ensemble","2026-06-20",2,"2026-07-04","Adults","quantile","0.05",83
"Ensemble","2026-06-20",2,"2026-07-04","Adults","quantile","0.1",94
"Ensemble","2026-06-20",2,"2026-07-04","Adults","quantile","0.15",103
"Ensemble","2026-06-20",2,"2026-07-04","Adults","quantile","0.2",108
"Ensemble","2026-06-20",2,"2026-07-04","Adults","quantile","0.25",114
"Ensemble","2026-06-20",2,"2026-07-04","Adults","quantile","0.3",121
"Ensemble","2026-06-20",2,"2026-07-04","Adults","quantile","0.35",127
"Ensemble","2026-06-20",2,"2026-07-04","Adults","quantile","0.4",133
"Ensemble","2026-06-20",2,"2026-07-04","Adults","quantile","0.45",138
"Ensemble","2026-06-20",2,"2026-07-04","Adults","quantile","0.5",145
"Ensemble","2026-06-20",2,"2026-07-04","Adults","quantile","0.55",150
"Ensemble","2026-06-20",2,"2026-07-04","Adults","quantile","0.6",151
"Ensemble","2026-06-20",2,"2026-07-04","Adults","quantile","0.65",156
"Ensemble","2026-06-20",2,"2026-07-04","Adults","quantile","0.7",160
"Ensemble","2026-06-20",2,"2026-07-04","Adults","quantile","0.75",166
"Ensemble","2026-06-20",2,"2026-07-04","Adults","quantile","0.8",176
"Ensemble","2026-06-20",2,"2026-07-04","Adults","quantile","0.85",188
"Ensemble","2026-06-20",2,"2026-07-04","Adults","quantile","0.9",199
"Ensemble","2026-06-20",2,"2026-07-04","Adults","quantile","0.95",216
"Ensemble","2026-06-20",2,"2026-07-04","Adults","quantile","0.975",239
"Ensemble","2026-06-20",2,"2026-07-04","Adults","quantile","0.99",272
"Ensemble","2026-06-20",2,"2026-07-04","Overall","quantile","0.01",139
"Ensemble","2026-06-20",2,"2026-07-04","Overall","quantile","0.025",156
"Ensemble","2026-06-20",2,"2026-07-04","Overall","quantile","0.05",169
"Ensemble","2026-06-20",2,"2026-07-04","Overall","quantile","0.1",183
"Ensemble","2026-06-20",2,"2026-07-04","Overall","quantile","0.15",195
"Ensemble","2026-06-20",2,"2026-07-04","Overall","quantile","0.2",204
"Ensemble","2026-06-20",2,"2026-07-04","Overall","quantile","0.25",213
"Ensemble","2026-06-20",2,"2026-07-04","Overall","quantile","0.3",221
"Ensemble","2026-06-20",2,"2026-07-04","Overall","quantile","0.35",229
"Ensemble","2026-06-20",2,"2026-07-04","Overall","quantile","0.4",236
"Ensemble","2026-06-20",2,"2026-07-04","Overall","quantile","0.45",243
"Ensemble","2026-06-20",2,"2026-07-04","Overall","quantile","0.5",250
"Ensemble","2026-06-20",2,"2026-07-04","Overall","quantile","0.55",254
"Ensemble","2026-06-20",2,"2026-07-04","Overall","quantile","0.6",260
"Ensemble","2026-06-20",2,"2026-07-04","Overall","quantile","0.65",268
"Ensemble","2026-06-20",2,"2026-07-04","Overall","quantile","0.7",275
"Ensemble","2026-06-20",2,"2026-07-04","Overall","quantile","0.75",287
"Ensemble","2026-06-20",2,"2026-07-04","Overall","quantile","0.8",303
"Ensemble","2026-06-20",2,"2026-07-04","Overall","quantile","0.85",322
"Ensemble","2026-06-20",2,"2026-07-04","Overall","quantile","0.9",342
"Ensemble","2026-06-20",2,"2026-07-04","Overall","quantile","0.95",374
"Ensemble","2026-06-20",2,"2026-07-04","Overall","quantile","0.975",404
"Ensemble","2026-06-20",2,"2026-07-04","Overall","quantile","0.99",446
"Ensemble","2026-06-20",2,"2026-07-04","Pediatrics","quantile","0.01",45
"Ensemble","2026-06-20",2,"2026-07-04","Pediatrics","quantile","0.025",50
"Ensemble","2026-06-20",2,"2026-07-04","Pediatrics","quantile","0.05",57
"Ensemble","2026-06-20",2,"2026-07-04","Pediatrics","quantile","0.1",66
"Ensemble","2026-06-20",2,"2026-07-04","Pediatrics","quantile","0.15",73
"Ensemble","2026-06-20",2,"2026-07-04","Pediatrics","quantile","0.2",77
"Ensemble","2026-06-20",2,"2026-07-04","Pediatrics","quantile","0.25",81
"Ensemble","2026-06-20",2,"2026-07-04","Pediatrics","quantile","0.3",85
"Ensemble","2026-06-20",2,"2026-07-04","Pediatrics","quantile","0.35",89
"Ensemble","2026-06-20",2,"2026-07-04","Pediatrics","quantile","0.4",95
"Ensemble","2026-06-20",2,"2026-07-04","Pediatrics","quantile","0.45",100
"Ensemble","2026-06-20",2,"2026-07-04","Pediatrics","quantile","0.5",103
"Ensemble","2026-06-20",2,"2026-07-04","Pediatrics","quantile","0.55",107
"Ensemble","2026-06-20",2,"2026-07-04","Pediatrics","quantile","0.6",110
"Ensemble","2026-06-20",2,"2026-07-04","Pediatrics","quantile","0.65",115
"Ensemble","2026-06-20",2,"2026-07-04","Pediatrics","quantile","0.7",119
"Ensemble","2026-06-20",2,"2026-07-04","Pediatrics","quantile","0.75",124
"Ensemble","2026-06-20",2,"2026-07-04","Pediatrics","quantile","0.8",131
"Ensemble","2026-06-20",2,"2026-07-04","Pediatrics","quantile","0.85",139
"Ensemble","2026-06-20",2,"2026-07-04","Pediatrics","quantile","0.9",149
"Ensemble","2026-06-20",2,"2026-07-04","Pediatrics","quantile","0.95",164
"Ensemble","2026-06-20",2,"2026-07-04","Pediatrics","quantile","0.975",183
"Ensemble","2026-06-20",2,"2026-07-04","Pediatrics","quantile","0.99",210
"Ensemble","2026-06-20",3,"2026-07-11","Adults","quantile","0.01",58
"Ensemble","2026-06-20",3,"2026-07-11","Adults","quantile","0.025",67
"Ensemble","2026-06-20",3,"2026-07-11","Adults","quantile","0.05",75
"Ensemble","2026-06-20",3,"2026-07-11","Adults","quantile","0.1",88
"Ensemble","2026-06-20",3,"2026-07-11","Adults","quantile","0.15",97
"Ensemble","2026-06-20",3,"2026-07-11","Adults","quantile","0.2",104
"Ensemble","2026-06-20",3,"2026-07-11","Adults","quantile","0.25",110
"Ensemble","2026-06-20",3,"2026-07-11","Adults","quantile","0.3",114
"Ensemble","2026-06-20",3,"2026-07-11","Adults","quantile","0.35",119
"Ensemble","2026-06-20",3,"2026-07-11","Adults","quantile","0.4",125
"Ensemble","2026-06-20",3,"2026-07-11","Adults","quantile","0.45",129
"Ensemble","2026-06-20",3,"2026-07-11","Adults","quantile","0.5",135
"Ensemble","2026-06-20",3,"2026-07-11","Adults","quantile","0.55",141
"Ensemble","2026-06-20",3,"2026-07-11","Adults","quantile","0.6",148
"Ensemble","2026-06-20",3,"2026-07-11","Adults","quantile","0.65",154
"Ensemble","2026-06-20",3,"2026-07-11","Adults","quantile","0.7",159
"Ensemble","2026-06-20",3,"2026-07-11","Adults","quantile","0.75",163
"Ensemble","2026-06-20",3,"2026-07-11","Adults","quantile","0.8",170
"Ensemble","2026-06-20",3,"2026-07-11","Adults","quantile","0.85",181
"Ensemble","2026-06-20",3,"2026-07-11","Adults","quantile","0.9",196
"Ensemble","2026-06-20",3,"2026-07-11","Adults","quantile","0.95",226
"Ensemble","2026-06-20",3,"2026-07-11","Adults","quantile","0.975",253
"Ensemble","2026-06-20",3,"2026-07-11","Adults","quantile","0.99",282
"Ensemble","2026-06-20",3,"2026-07-11","Overall","quantile","0.01",130
"Ensemble","2026-06-20",3,"2026-07-11","Overall","quantile","0.025",143
"Ensemble","2026-06-20",3,"2026-07-11","Overall","quantile","0.05",155
"Ensemble","2026-06-20",3,"2026-07-11","Overall","quantile","0.1",170
"Ensemble","2026-06-20",3,"2026-07-11","Overall","quantile","0.15",181
"Ensemble","2026-06-20",3,"2026-07-11","Overall","quantile","0.2",190
"Ensemble","2026-06-20",3,"2026-07-11","Overall","quantile","0.25",199
"Ensemble","2026-06-20",3,"2026-07-11","Overall","quantile","0.3",207
"Ensemble","2026-06-20",3,"2026-07-11","Overall","quantile","0.35",214
"Ensemble","2026-06-20",3,"2026-07-11","Overall","quantile","0.4",222
"Ensemble","2026-06-20",3,"2026-07-11","Overall","quantile","0.45",229
"Ensemble","2026-06-20",3,"2026-07-11","Overall","quantile","0.5",236
"Ensemble","2026-06-20",3,"2026-07-11","Overall","quantile","0.55",244
"Ensemble","2026-06-20",3,"2026-07-11","Overall","quantile","0.6",251
"Ensemble","2026-06-20",3,"2026-07-11","Overall","quantile","0.65",260
"Ensemble","2026-06-20",3,"2026-07-11","Overall","quantile","0.7",270
"Ensemble","2026-06-20",3,"2026-07-11","Overall","quantile","0.75",279
"Ensemble","2026-06-20",3,"2026-07-11","Overall","quantile","0.8",291
"Ensemble","2026-06-20",3,"2026-07-11","Overall","quantile","0.85",305
"Ensemble","2026-06-20",3,"2026-07-11","Overall","quantile","0.9",326
"Ensemble","2026-06-20",3,"2026-07-11","Overall","quantile","0.95",355
"Ensemble","2026-06-20",3,"2026-07-11","Overall","quantile","0.975",386
"Ensemble","2026-06-20",3,"2026-07-11","Overall","quantile","0.99",435
"Ensemble","2026-06-20",3,"2026-07-11","Pediatrics","quantile","0.01",40
"Ensemble","2026-06-20",3,"2026-07-11","Pediatrics","quantile","0.025",46
"Ensemble","2026-06-20",3,"2026-07-11","Pediatrics","quantile","0.05",52
"Ensemble","2026-06-20",3,"2026-07-11","Pediatrics","quantile","0.1",59
"Ensemble","2026-06-20",3,"2026-07-11","Pediatrics","quantile","0.15",67
"Ensemble","2026-06-20",3,"2026-07-11","Pediatrics","quantile","0.2",73
"Ensemble","2026-06-20",3,"2026-07-11","Pediatrics","quantile","0.25",77
"Ensemble","2026-06-20",3,"2026-07-11","Pediatrics","quantile","0.3",83
"Ensemble","2026-06-20",3,"2026-07-11","Pediatrics","quantile","0.35",88
"Ensemble","2026-06-20",3,"2026-07-11","Pediatrics","quantile","0.4",92
"Ensemble","2026-06-20",3,"2026-07-11","Pediatrics","quantile","0.45",96
"Ensemble","2026-06-20",3,"2026-07-11","Pediatrics","quantile","0.5",100
"Ensemble","2026-06-20",3,"2026-07-11","Pediatrics","quantile","0.55",104
"Ensemble","2026-06-20",3,"2026-07-11","Pediatrics","quantile","0.6",108
"Ensemble","2026-06-20",3,"2026-07-11","Pediatrics","quantile","0.65",112
"Ensemble","2026-06-20",3,"2026-07-11","Pediatrics","quantile","0.7",117
"Ensemble","2026-06-20",3,"2026-07-11","Pediatrics","quantile","0.75",122
"Ensemble","2026-06-20",3,"2026-07-11","Pediatrics","quantile","0.8",127
"Ensemble","2026-06-20",3,"2026-07-11","Pediatrics","quantile","0.85",136
"Ensemble","2026-06-20",3,"2026-07-11","Pediatrics","quantile","0.9",148
"Ensemble","2026-06-20",3,"2026-07-11","Pediatrics","quantile","0.95",162
"Ensemble","2026-06-20",3,"2026-07-11","Pediatrics","quantile","0.975",187
"Ensemble","2026-06-20",3,"2026-07-11","Pediatrics","quantile","0.99",204
