as_of,target,target_end_date,age_group,observation
1/12/2026,SARI,1/8/2022,Adults,1023
1/12/2026,SARI,1/8/2022,Overall,1186
1/12/2026,SARI,1/8/2022,Pediatrics,163
1/12/2026,SARI,1/15/2022,Adults,1251
1/12/2026,SARI,1/15/2022,Overall,1423
1/12/2026,SARI,1/15/2022,Pediatrics,172
1/12/2026,SARI,1/22/2022,Adults,1113
1/12/2026,SARI,1/22/2022,Overall,1303
1/12/2026,SARI,1/22/2022,Pediatrics,190
1/12/2026,SARI,1/29/2022,Adults,769
1/12/2026,SARI,1/29/2022,Overall,907
1/12/2026,SARI,1/29/2022,Pediatrics,138
1/12/2026,SARI,2/5/2022,Adults,587
1/12/2026,SARI,2/5/2022,Overall,698
1/12/2026,SARI,2/5/2022,Pediatrics,111
1/12/2026,SARI,2/12/2022,Adults,420
1/12/2026,SARI,2/12/2022,Overall,537
1/12/2026,SARI,2/12/2022,Pediatrics,117
1/12/2026,SARI,2/19/2022,Adults,473
1/12/2026,SARI,2/19/2022,Overall,604
1/12/2026,SARI,2/19/2022,Pediatrics,131
1/12/2026,SARI,2/26/2022,Adults,430
1/12/2026,SARI,2/26/2022,Overall,551
1/12/2026,SARI,2/26/2022,Pediatrics,121
1/12/2026,SARI,3/5/2022,Adults,533
1/12/2026,SARI,3/5/2022,Overall,702
1/12/2026,SARI,3/5/2022,Pediatrics,169
1/12/2026,SARI,3/12/2022,Adults,502
1/12/2026,SARI,3/12/2022,Overall,730
1/12/2026,SARI,3/12/2022,Pediatrics,228
1/12/2026,SARI,3/19/2022,Adults,518
1/12/2026,SARI,3/19/2022,Overall,772
1/12/2026,SARI,3/19/2022,Pediatrics,254
1/12/2026,SARI,3/26/2022,Adults,437
1/12/2026,SARI,3/26/2022,Overall,633
1/12/2026,SARI,3/26/2022,Pediatrics,196
1/12/2026,SARI,4/2/2022,Adults,377
1/12/2026,SARI,4/2/2022,Overall,567
1/12/2026,SARI,4/2/2022,Pediatrics,190
1/12/2026,SARI,4/9/2022,Adults,349
1/12/2026,SARI,4/9/2022,Overall,573
1/12/2026,SARI,4/9/2022,Pediatrics,224
1/12/2026,SARI,4/16/2022,Adults,302
1/12/2026,SARI,4/16/2022,Overall,511
1/12/2026,SARI,4/16/2022,Pediatrics,209
1/12/2026,SARI,4/23/2022,Adults,271
1/12/2026,SARI,4/23/2022,Overall,496
1/12/2026,SARI,4/23/2022,Pediatrics,225
1/12/2026,SARI,4/30/2022,Adults,267
1/12/2026,SARI,4/30/2022,Overall,547
1/12/2026,SARI,4/30/2022,Pediatrics,280
1/12/2026,SARI,5/7/2022,Adults,312
1/12/2026,SARI,5/7/2022,Overall,613
1/12/2026,SARI,5/7/2022,Pediatrics,301
1/12/2026,SARI,5/14/2022,Adults,343
1/12/2026,SARI,5/14/2022,Overall,761
1/12/2026,SARI,5/14/2022,Pediatrics,418
1/12/2026,SARI,5/21/2022,Adults,394
1/12/2026,SARI,5/21/2022,Overall,898
1/12/2026,SARI,5/21/2022,Pediatrics,504
1/12/2026,SARI,5/28/2022,Adults,419
1/12/2026,SARI,5/28/2022,Overall,846
1/12/2026,SARI,5/28/2022,Pediatrics,427
1/12/2026,SARI,6/4/2022,Adults,457
1/12/2026,SARI,6/4/2022,Overall,925
1/12/2026,SARI,6/4/2022,Pediatrics,468
1/12/2026,SARI,6/11/2022,Adults,482
1/12/2026,SARI,6/11/2022,Overall,1042
1/12/2026,SARI,6/11/2022,Pediatrics,560
1/12/2026,SARI,6/18/2022,Adults,429
1/12/2026,SARI,6/18/2022,Overall,918
1/12/2026,SARI,6/18/2022,Pediatrics,489
1/12/2026,SARI,6/25/2022,Adults,416
1/12/2026,SARI,6/25/2022,Overall,824
1/12/2026,SARI,6/25/2022,Pediatrics,408
1/12/2026,SARI,7/2/2022,Adults,483
1/12/2026,SARI,7/2/2022,Overall,871
1/12/2026,SARI,7/2/2022,Pediatrics,388
1/12/2026,SARI,7/9/2022,Adults,440
1/12/2026,SARI,7/9/2022,Overall,868
1/12/2026,SARI,7/9/2022,Pediatrics,428
1/12/2026,SARI,7/16/2022,Adults,462
1/12/2026,SARI,7/16/2022,Overall,821
1/12/2026,SARI,7/16/2022,Pediatrics,359
1/12/2026,SARI,7/23/2022,Adults,490
1/12/2026,SARI,7/23/2022,Overall,833
1/12/2026,SARI,7/23/2022,Pediatrics,343
1/12/2026,SARI,7/30/2022,Adults,422
1/12/2026,SARI,7/30/2022,Overall,701
1/12/2026,SARI,7/30/2022,Pediatrics,279
1/12/2026,SARI,8/6/2022,Adults,403
1/12/2026,SARI,8/6/2022,Overall,675
1/12/2026,SARI,8/6/2022,Pediatrics,272
1/12/2026,SARI,8/13/2022,Adults,348
1/12/2026,SARI,8/13/2022,Overall,652
1/12/2026,SARI,8/13/2022,Pediatrics,304
1/12/2026,SARI,8/20/2022,Adults,307
1/12/2026,SARI,8/20/2022,Overall,655
1/12/2026,SARI,8/20/2022,Pediatrics,348
1/12/2026,SARI,8/27/2022,Adults,286
1/12/2026,SARI,8/27/2022,Overall,595
1/12/2026,SARI,8/27/2022,Pediatrics,309
1/12/2026,SARI,9/3/2022,Adults,282
1/12/2026,SARI,9/3/2022,Overall,611
1/12/2026,SARI,9/3/2022,Pediatrics,329
1/12/2026,SARI,9/10/2022,Adults,305
1/12/2026,SARI,9/10/2022,Overall,616
1/12/2026,SARI,9/10/2022,Pediatrics,311
1/12/2026,SARI,9/17/2022,Adults,235
1/12/2026,SARI,9/17/2022,Overall,525
1/12/2026,SARI,9/17/2022,Pediatrics,290
1/12/2026,SARI,9/24/2022,Adults,242
1/12/2026,SARI,9/24/2022,Overall,502
1/12/2026,SARI,9/24/2022,Pediatrics,260
1/12/2026,SARI,10/1/2022,Adults,255
1/12/2026,SARI,10/1/2022,Overall,561
1/12/2026,SARI,10/1/2022,Pediatrics,306
1/12/2026,SARI,10/8/2022,Adults,208
1/12/2026,SARI,10/8/2022,Overall,480
1/12/2026,SARI,10/8/2022,Pediatrics,272
1/12/2026,SARI,10/15/2022,Adults,272
1/12/2026,SARI,10/15/2022,Overall,545
1/12/2026,SARI,10/15/2022,Pediatrics,273
1/12/2026,SARI,10/22/2022,Adults,267
1/12/2026,SARI,10/22/2022,Overall,591
1/12/2026,SARI,10/22/2022,Pediatrics,324
1/12/2026,SARI,10/29/2022,Adults,223
1/12/2026,SARI,10/29/2022,Overall,501
1/12/2026,SARI,10/29/2022,Pediatrics,278
1/12/2026,SARI,11/5/2022,Adults,230
1/12/2026,SARI,11/5/2022,Overall,481
1/12/2026,SARI,11/5/2022,Pediatrics,251
1/12/2026,SARI,11/12/2022,Adults,194
1/12/2026,SARI,11/12/2022,Overall,433
1/12/2026,SARI,11/12/2022,Pediatrics,239
1/12/2026,SARI,11/19/2022,Adults,161
1/12/2026,SARI,11/19/2022,Overall,329
1/12/2026,SARI,11/19/2022,Pediatrics,168
1/12/2026,SARI,11/26/2022,Adults,152
1/12/2026,SARI,11/26/2022,Overall,282
1/12/2026,SARI,11/26/2022,Pediatrics,130
1/12/2026,SARI,12/3/2022,Adults,189
1/12/2026,SARI,12/3/2022,Overall,323
1/12/2026,SARI,12/3/2022,Pediatrics,134
1/12/2026,SARI,12/10/2022,Adults,285
1/12/2026,SARI,12/10/2022,Overall,408
1/12/2026,SARI,12/10/2022,Pediatrics,123
1/12/2026,SARI,12/17/2022,Adults,309
1/12/2026,SARI,12/17/2022,Overall,457
1/12/2026,SARI,12/17/2022,Pediatrics,148
1/12/2026,SARI,12/24/2022,Adults,357
1/12/2026,SARI,12/24/2022,Overall,465
1/12/2026,SARI,12/24/2022,Pediatrics,108
1/12/2026,SARI,12/31/2022,Adults,324
1/12/2026,SARI,12/31/2022,Overall,407
1/12/2026,SARI,12/31/2022,Pediatrics,83
1/12/2026,SARI,1/7/2023,Adults,330
1/12/2026,SARI,1/7/2023,Overall,448
1/12/2026,SARI,1/7/2023,Pediatrics,118
1/12/2026,SARI,1/14/2023,Adults,237
1/12/2026,SARI,1/14/2023,Overall,359
1/12/2026,SARI,1/14/2023,Pediatrics,122
1/12/2026,SARI,1/21/2023,Adults,195
1/12/2026,SARI,1/21/2023,Overall,304
1/12/2026,SARI,1/21/2023,Pediatrics,109
1/12/2026,SARI,1/28/2023,Adults,135
1/12/2026,SARI,1/28/2023,Overall,226
1/12/2026,SARI,1/28/2023,Pediatrics,91
1/12/2026,SARI,2/4/2023,Adults,133
1/12/2026,SARI,2/4/2023,Overall,254
1/12/2026,SARI,2/4/2023,Pediatrics,121
1/12/2026,SARI,2/11/2023,Adults,100
1/12/2026,SARI,2/11/2023,Overall,222
1/12/2026,SARI,2/11/2023,Pediatrics,122
1/12/2026,SARI,2/18/2023,Adults,107
1/12/2026,SARI,2/18/2023,Overall,204
1/12/2026,SARI,2/18/2023,Pediatrics,97
1/12/2026,SARI,2/25/2023,Adults,100
1/12/2026,SARI,2/25/2023,Overall,200
1/12/2026,SARI,2/25/2023,Pediatrics,100
1/12/2026,SARI,3/4/2023,Adults,137
1/12/2026,SARI,3/4/2023,Overall,289
1/12/2026,SARI,3/4/2023,Pediatrics,152
1/12/2026,SARI,3/11/2023,Adults,104
1/12/2026,SARI,3/11/2023,Overall,300
1/12/2026,SARI,3/11/2023,Pediatrics,196
1/12/2026,SARI,3/18/2023,Adults,92
1/12/2026,SARI,3/18/2023,Overall,249
1/12/2026,SARI,3/18/2023,Pediatrics,157
1/12/2026,SARI,3/25/2023,Adults,83
1/12/2026,SARI,3/25/2023,Overall,238
1/12/2026,SARI,3/25/2023,Pediatrics,155
1/12/2026,SARI,4/1/2023,Adults,78
1/12/2026,SARI,4/1/2023,Overall,251
1/12/2026,SARI,4/1/2023,Pediatrics,173
1/12/2026,SARI,4/8/2023,Adults,90
1/12/2026,SARI,4/8/2023,Overall,275
1/12/2026,SARI,4/8/2023,Pediatrics,185
1/12/2026,SARI,4/15/2023,Adults,102
1/12/2026,SARI,4/15/2023,Overall,297
1/12/2026,SARI,4/15/2023,Pediatrics,195
1/12/2026,SARI,4/22/2023,Adults,91
1/12/2026,SARI,4/22/2023,Overall,320
1/12/2026,SARI,4/22/2023,Pediatrics,229
1/12/2026,SARI,4/29/2023,Adults,92
1/12/2026,SARI,4/29/2023,Overall,415
1/12/2026,SARI,4/29/2023,Pediatrics,323
1/12/2026,SARI,5/6/2023,Adults,102
1/12/2026,SARI,5/6/2023,Overall,484
1/12/2026,SARI,5/6/2023,Pediatrics,382
1/12/2026,SARI,5/13/2023,Adults,118
1/12/2026,SARI,5/13/2023,Overall,544
1/12/2026,SARI,5/13/2023,Pediatrics,426
1/12/2026,SARI,5/20/2023,Adults,113
1/12/2026,SARI,5/20/2023,Overall,596
1/12/2026,SARI,5/20/2023,Pediatrics,483
1/12/2026,SARI,5/27/2023,Adults,119
1/12/2026,SARI,5/27/2023,Overall,680
1/12/2026,SARI,5/27/2023,Pediatrics,561
1/12/2026,SARI,6/3/2023,Adults,182
1/12/2026,SARI,6/3/2023,Overall,706
1/12/2026,SARI,6/3/2023,Pediatrics,524
1/12/2026,SARI,6/10/2023,Adults,190
1/12/2026,SARI,6/10/2023,Overall,742
1/12/2026,SARI,6/10/2023,Pediatrics,552
1/12/2026,SARI,6/17/2023,Adults,196
1/12/2026,SARI,6/17/2023,Overall,633
1/12/2026,SARI,6/17/2023,Pediatrics,437
1/12/2026,SARI,6/24/2023,Adults,264
1/12/2026,SARI,6/24/2023,Overall,703
1/12/2026,SARI,6/24/2023,Pediatrics,439
1/12/2026,SARI,7/1/2023,Adults,257
1/12/2026,SARI,7/1/2023,Overall,675
1/12/2026,SARI,7/1/2023,Pediatrics,418
1/12/2026,SARI,7/8/2023,Adults,229
1/12/2026,SARI,7/8/2023,Overall,582
1/12/2026,SARI,7/8/2023,Pediatrics,353
1/12/2026,SARI,7/15/2023,Adults,191
1/12/2026,SARI,7/15/2023,Overall,524
1/12/2026,SARI,7/15/2023,Pediatrics,333
1/12/2026,SARI,7/22/2023,Adults,188
1/12/2026,SARI,7/22/2023,Overall,451
1/12/2026,SARI,7/22/2023,Pediatrics,263
1/12/2026,SARI,7/29/2023,Adults,153
1/12/2026,SARI,7/29/2023,Overall,379
1/12/2026,SARI,7/29/2023,Pediatrics,226
1/12/2026,SARI,8/5/2023,Adults,176
1/12/2026,SARI,8/5/2023,Overall,391
1/12/2026,SARI,8/5/2023,Pediatrics,215
1/12/2026,SARI,8/12/2023,Adults,147
1/12/2026,SARI,8/12/2023,Overall,409
1/12/2026,SARI,8/12/2023,Pediatrics,262
1/12/2026,SARI,8/19/2023,Adults,164
1/12/2026,SARI,8/19/2023,Overall,404
1/12/2026,SARI,8/19/2023,Pediatrics,240
1/12/2026,SARI,8/26/2023,Adults,178
1/12/2026,SARI,8/26/2023,Overall,408
1/12/2026,SARI,8/26/2023,Pediatrics,230
1/12/2026,SARI,9/2/2023,Adults,191
1/12/2026,SARI,9/2/2023,Overall,443
1/12/2026,SARI,9/2/2023,Pediatrics,252
1/12/2026,SARI,9/9/2023,Adults,184
1/12/2026,SARI,9/9/2023,Overall,417
1/12/2026,SARI,9/9/2023,Pediatrics,233
1/12/2026,SARI,9/16/2023,Adults,175
1/12/2026,SARI,9/16/2023,Overall,434
1/12/2026,SARI,9/16/2023,Pediatrics,259
1/12/2026,SARI,9/23/2023,Adults,170
1/12/2026,SARI,9/23/2023,Overall,396
1/12/2026,SARI,9/23/2023,Pediatrics,226
1/12/2026,SARI,9/30/2023,Adults,109
1/12/2026,SARI,9/30/2023,Overall,290
1/12/2026,SARI,9/30/2023,Pediatrics,181
1/12/2026,SARI,10/7/2023,Adults,111
1/12/2026,SARI,10/7/2023,Overall,301
1/12/2026,SARI,10/7/2023,Pediatrics,190
1/12/2026,SARI,10/14/2023,Adults,114
1/12/2026,SARI,10/14/2023,Overall,305
1/12/2026,SARI,10/14/2023,Pediatrics,191
1/12/2026,SARI,10/21/2023,Adults,114
1/12/2026,SARI,10/21/2023,Overall,278
1/12/2026,SARI,10/21/2023,Pediatrics,164
1/12/2026,SARI,10/28/2023,Adults,75
1/12/2026,SARI,10/28/2023,Overall,191
1/12/2026,SARI,10/28/2023,Pediatrics,116
1/12/2026,SARI,11/4/2023,Adults,81
1/12/2026,SARI,11/4/2023,Overall,210
1/12/2026,SARI,11/4/2023,Pediatrics,129
1/12/2026,SARI,11/11/2023,Adults,85
1/12/2026,SARI,11/11/2023,Overall,201
1/12/2026,SARI,11/11/2023,Pediatrics,116
1/12/2026,SARI,11/18/2023,Adults,79
1/12/2026,SARI,11/18/2023,Overall,192
1/12/2026,SARI,11/18/2023,Pediatrics,113
1/12/2026,SARI,11/25/2023,Adults,74
1/12/2026,SARI,11/25/2023,Overall,168
1/12/2026,SARI,11/25/2023,Pediatrics,94
1/12/2026,SARI,12/2/2023,Adults,70
1/12/2026,SARI,12/2/2023,Overall,168
1/12/2026,SARI,12/2/2023,Pediatrics,98
1/12/2026,SARI,12/9/2023,Adults,64
1/12/2026,SARI,12/9/2023,Overall,130
1/12/2026,SARI,12/9/2023,Pediatrics,66
1/12/2026,SARI,12/16/2023,Adults,66
1/12/2026,SARI,12/16/2023,Overall,135
1/12/2026,SARI,12/16/2023,Pediatrics,69
1/12/2026,SARI,12/23/2023,Adults,56
1/12/2026,SARI,12/23/2023,Overall,102
1/12/2026,SARI,12/23/2023,Pediatrics,46
1/12/2026,SARI,12/30/2023,Adults,46
1/12/2026,SARI,12/30/2023,Overall,87
1/12/2026,SARI,12/30/2023,Pediatrics,41
1/12/2026,SARI,1/6/2024,Adults,95
1/12/2026,SARI,1/6/2024,Overall,160
1/12/2026,SARI,1/6/2024,Pediatrics,65
1/12/2026,SARI,1/13/2024,Adults,126
1/12/2026,SARI,1/13/2024,Overall,197
1/12/2026,SARI,1/13/2024,Pediatrics,71
1/12/2026,SARI,1/20/2024,Adults,165
1/12/2026,SARI,1/20/2024,Overall,247
1/12/2026,SARI,1/20/2024,Pediatrics,82
1/12/2026,SARI,1/27/2024,Adults,160
1/12/2026,SARI,1/27/2024,Overall,253
1/12/2026,SARI,1/27/2024,Pediatrics,93
1/12/2026,SARI,2/3/2024,Adults,165
1/12/2026,SARI,2/3/2024,Overall,252
1/12/2026,SARI,2/3/2024,Pediatrics,87
1/12/2026,SARI,2/10/2024,Adults,131
1/12/2026,SARI,2/10/2024,Overall,205
1/12/2026,SARI,2/10/2024,Pediatrics,74
1/12/2026,SARI,2/17/2024,Adults,114
1/12/2026,SARI,2/17/2024,Overall,176
1/12/2026,SARI,2/17/2024,Pediatrics,62
1/12/2026,SARI,2/24/2024,Adults,120
1/12/2026,SARI,2/24/2024,Overall,176
1/12/2026,SARI,2/24/2024,Pediatrics,56
1/12/2026,SARI,3/2/2024,Adults,92
1/12/2026,SARI,3/2/2024,Overall,155
1/12/2026,SARI,3/2/2024,Pediatrics,63
1/12/2026,SARI,3/9/2024,Adults,93
1/12/2026,SARI,3/9/2024,Overall,164
1/12/2026,SARI,3/9/2024,Pediatrics,71
1/12/2026,SARI,3/16/2024,Adults,94
1/12/2026,SARI,3/16/2024,Overall,213
1/12/2026,SARI,3/16/2024,Pediatrics,119
1/12/2026,SARI,3/23/2024,Adults,92
1/12/2026,SARI,3/23/2024,Overall,209
1/12/2026,SARI,3/23/2024,Pediatrics,117
1/12/2026,SARI,3/30/2024,Adults,96
1/12/2026,SARI,3/30/2024,Overall,207
1/12/2026,SARI,3/30/2024,Pediatrics,111
1/12/2026,SARI,4/6/2024,Adults,111
1/12/2026,SARI,4/6/2024,Overall,223
1/12/2026,SARI,4/6/2024,Pediatrics,112
1/12/2026,SARI,4/13/2024,Adults,95
1/12/2026,SARI,4/13/2024,Overall,198
1/12/2026,SARI,4/13/2024,Pediatrics,103
1/12/2026,SARI,4/20/2024,Adults,107
1/12/2026,SARI,4/20/2024,Overall,212
1/12/2026,SARI,4/20/2024,Pediatrics,105
1/12/2026,SARI,4/27/2024,Adults,97
1/12/2026,SARI,4/27/2024,Overall,241
1/12/2026,SARI,4/27/2024,Pediatrics,144
1/12/2026,SARI,5/4/2024,Adults,129
1/12/2026,SARI,5/4/2024,Overall,287
1/12/2026,SARI,5/4/2024,Pediatrics,158
1/12/2026,SARI,5/11/2024,Adults,151
1/12/2026,SARI,5/11/2024,Overall,338
1/12/2026,SARI,5/11/2024,Pediatrics,187
1/12/2026,SARI,5/18/2024,Adults,230
1/12/2026,SARI,5/18/2024,Overall,557
1/12/2026,SARI,5/18/2024,Pediatrics,327
1/12/2026,SARI,5/25/2024,Adults,333
1/12/2026,SARI,5/25/2024,Overall,746
1/12/2026,SARI,5/25/2024,Pediatrics,413
1/12/2026,SARI,6/1/2024,Adults,524
1/12/2026,SARI,6/1/2024,Overall,1053
1/12/2026,SARI,6/1/2024,Pediatrics,529
1/12/2026,SARI,6/8/2024,Adults,553
1/12/2026,SARI,6/8/2024,Overall,1270
1/12/2026,SARI,6/8/2024,Pediatrics,717
1/12/2026,SARI,6/15/2024,Adults,454
1/12/2026,SARI,6/15/2024,Overall,1031
1/12/2026,SARI,6/15/2024,Pediatrics,577
1/12/2026,SARI,6/22/2024,Adults,315
1/12/2026,SARI,6/22/2024,Overall,832
1/12/2026,SARI,6/22/2024,Pediatrics,517
1/12/2026,SARI,6/29/2024,Adults,277
1/12/2026,SARI,6/29/2024,Overall,825
1/12/2026,SARI,6/29/2024,Pediatrics,548
1/12/2026,SARI,7/6/2024,Adults,317
1/12/2026,SARI,7/6/2024,Overall,891
1/12/2026,SARI,7/6/2024,Pediatrics,574
1/12/2026,SARI,7/13/2024,Adults,251
1/12/2026,SARI,7/13/2024,Overall,830
1/12/2026,SARI,7/13/2024,Pediatrics,579
1/12/2026,SARI,7/20/2024,Adults,299
1/12/2026,SARI,7/20/2024,Overall,877
1/12/2026,SARI,7/20/2024,Pediatrics,578
1/12/2026,SARI,7/27/2024,Adults,229
1/12/2026,SARI,7/27/2024,Overall,707
1/12/2026,SARI,7/27/2024,Pediatrics,478
1/12/2026,SARI,8/3/2024,Adults,209
1/12/2026,SARI,8/3/2024,Overall,662
1/12/2026,SARI,8/3/2024,Pediatrics,453
1/12/2026,SARI,8/10/2024,Adults,184
1/12/2026,SARI,8/10/2024,Overall,668
1/12/2026,SARI,8/10/2024,Pediatrics,484
1/12/2026,SARI,8/17/2024,Adults,172
1/12/2026,SARI,8/17/2024,Overall,645
1/12/2026,SARI,8/17/2024,Pediatrics,473
1/12/2026,SARI,8/24/2024,Adults,175
1/12/2026,SARI,8/24/2024,Overall,642
1/12/2026,SARI,8/24/2024,Pediatrics,467
1/12/2026,SARI,8/31/2024,Adults,174
1/12/2026,SARI,8/31/2024,Overall,596
1/12/2026,SARI,8/31/2024,Pediatrics,422
1/12/2026,SARI,9/7/2024,Adults,210
1/12/2026,SARI,9/7/2024,Overall,718
1/12/2026,SARI,9/7/2024,Pediatrics,508
1/12/2026,SARI,9/14/2024,Adults,194
1/12/2026,SARI,9/14/2024,Overall,616
1/12/2026,SARI,9/14/2024,Pediatrics,422
1/12/2026,SARI,9/21/2024,Adults,178
1/12/2026,SARI,9/21/2024,Overall,598
1/12/2026,SARI,9/21/2024,Pediatrics,420
1/12/2026,SARI,9/28/2024,Adults,159
1/12/2026,SARI,9/28/2024,Overall,492
1/12/2026,SARI,9/28/2024,Pediatrics,333
1/12/2026,SARI,10/5/2024,Adults,199
1/12/2026,SARI,10/5/2024,Overall,511
1/12/2026,SARI,10/5/2024,Pediatrics,312
1/12/2026,SARI,10/12/2024,Adults,151
1/12/2026,SARI,10/12/2024,Overall,401
1/12/2026,SARI,10/12/2024,Pediatrics,250
1/12/2026,SARI,10/19/2024,Adults,165
1/12/2026,SARI,10/19/2024,Overall,424
1/12/2026,SARI,10/19/2024,Pediatrics,259
1/12/2026,SARI,10/26/2024,Adults,131
1/12/2026,SARI,10/26/2024,Overall,394
1/12/2026,SARI,10/26/2024,Pediatrics,263
1/12/2026,SARI,11/2/2024,Adults,116
1/12/2026,SARI,11/2/2024,Overall,353
1/12/2026,SARI,11/2/2024,Pediatrics,237
1/12/2026,SARI,11/9/2024,Adults,102
1/12/2026,SARI,11/9/2024,Overall,259
1/12/2026,SARI,11/9/2024,Pediatrics,157
1/12/2026,SARI,11/16/2024,Adults,112
1/12/2026,SARI,11/16/2024,Overall,284
1/12/2026,SARI,11/16/2024,Pediatrics,172
1/12/2026,SARI,11/23/2024,Adults,84
1/12/2026,SARI,11/23/2024,Overall,242
1/12/2026,SARI,11/23/2024,Pediatrics,158
1/12/2026,SARI,11/30/2024,Adults,73
1/12/2026,SARI,11/30/2024,Overall,221
1/12/2026,SARI,11/30/2024,Pediatrics,148
1/12/2026,SARI,12/7/2024,Adults,86
1/12/2026,SARI,12/7/2024,Overall,197
1/12/2026,SARI,12/7/2024,Pediatrics,111
1/12/2026,SARI,12/14/2024,Adults,90
1/12/2026,SARI,12/14/2024,Overall,202
1/12/2026,SARI,12/14/2024,Pediatrics,112
1/12/2026,SARI,12/21/2024,Adults,88
1/12/2026,SARI,12/21/2024,Overall,151
1/12/2026,SARI,12/21/2024,Pediatrics,63
1/12/2026,SARI,12/28/2024,Adults,60
1/12/2026,SARI,12/28/2024,Overall,113
1/12/2026,SARI,12/28/2024,Pediatrics,53
1/12/2026,SARI,1/4/2025,Adults,99
1/12/2026,SARI,1/4/2025,Overall,197
1/12/2026,SARI,1/4/2025,Pediatrics,98
1/12/2026,SARI,1/11/2025,Adults,97
1/12/2026,SARI,1/11/2025,Overall,174
1/12/2026,SARI,1/11/2025,Pediatrics,77
1/12/2026,SARI,1/18/2025,Adults,78
1/12/2026,SARI,1/18/2025,Overall,150
1/12/2026,SARI,1/18/2025,Pediatrics,72
1/12/2026,SARI,1/25/2025,Adults,81
1/12/2026,SARI,1/25/2025,Overall,163
1/12/2026,SARI,1/25/2025,Pediatrics,82
1/12/2026,SARI,2/1/2025,Adults,92
1/12/2026,SARI,2/1/2025,Overall,153
1/12/2026,SARI,2/1/2025,Pediatrics,61
1/12/2026,SARI,2/8/2025,Adults,86
1/12/2026,SARI,2/8/2025,Overall,171
1/12/2026,SARI,2/8/2025,Pediatrics,85
1/12/2026,SARI,2/15/2025,Adults,90
1/12/2026,SARI,2/15/2025,Overall,170
1/12/2026,SARI,2/15/2025,Pediatrics,80
1/12/2026,SARI,2/22/2025,Adults,86
1/12/2026,SARI,2/22/2025,Overall,164
1/12/2026,SARI,2/22/2025,Pediatrics,78
1/12/2026,SARI,3/1/2025,Adults,102
1/12/2026,SARI,3/1/2025,Overall,175
1/12/2026,SARI,3/1/2025,Pediatrics,73
1/12/2026,SARI,3/8/2025,Adults,101
1/12/2026,SARI,3/8/2025,Overall,181
1/12/2026,SARI,3/8/2025,Pediatrics,80
1/12/2026,SARI,3/15/2025,Adults,117
1/12/2026,SARI,3/15/2025,Overall,227
1/12/2026,SARI,3/15/2025,Pediatrics,110
1/12/2026,SARI,3/22/2025,Adults,158
1/12/2026,SARI,3/22/2025,Overall,320
1/12/2026,SARI,3/22/2025,Pediatrics,162
1/12/2026,SARI,3/29/2025,Adults,156
1/12/2026,SARI,3/29/2025,Overall,325
1/12/2026,SARI,3/29/2025,Pediatrics,169
1/12/2026,SARI,4/5/2025,Adults,150
1/12/2026,SARI,4/5/2025,Overall,291
1/12/2026,SARI,4/5/2025,Pediatrics,141
1/12/2026,SARI,4/12/2025,Adults,153
1/12/2026,SARI,4/12/2025,Overall,307
1/12/2026,SARI,4/12/2025,Pediatrics,154
1/12/2026,SARI,4/19/2025,Adults,153
1/12/2026,SARI,4/19/2025,Overall,334
1/12/2026,SARI,4/19/2025,Pediatrics,181
1/12/2026,SARI,4/26/2025,Adults,207
1/12/2026,SARI,4/26/2025,Overall,378
1/12/2026,SARI,4/26/2025,Pediatrics,171
1/12/2026,SARI,5/3/2025,Adults,190
1/12/2026,SARI,5/3/2025,Overall,402
1/12/2026,SARI,5/3/2025,Pediatrics,212
1/12/2026,SARI,5/10/2025,Adults,202
1/12/2026,SARI,5/10/2025,Overall,408
1/12/2026,SARI,5/10/2025,Pediatrics,206
1/12/2026,SARI,5/17/2025,Adults,235
1/12/2026,SARI,5/17/2025,Overall,486
1/12/2026,SARI,5/17/2025,Pediatrics,251
1/12/2026,SARI,5/24/2025,Adults,291
1/12/2026,SARI,5/24/2025,Overall,607
1/12/2026,SARI,5/24/2025,Pediatrics,316
1/12/2026,SARI,5/31/2025,Adults,347
1/12/2026,SARI,5/31/2025,Overall,710
1/12/2026,SARI,5/31/2025,Pediatrics,363
1/12/2026,SARI,6/7/2025,Adults,515
1/12/2026,SARI,6/7/2025,Overall,1046
1/12/2026,SARI,6/7/2025,Pediatrics,531
1/12/2026,SARI,6/14/2025,Adults,582
1/12/2026,SARI,6/14/2025,Overall,1092
1/12/2026,SARI,6/14/2025,Pediatrics,510
1/12/2026,SARI,6/21/2025,Adults,503
1/12/2026,SARI,6/21/2025,Overall,1009
1/12/2026,SARI,6/21/2025,Pediatrics,506
1/12/2026,SARI,6/28/2025,Adults,457
1/12/2026,SARI,6/28/2025,Overall,913
1/12/2026,SARI,6/28/2025,Pediatrics,456
1/12/2026,SARI,7/5/2025,Adults,414
1/12/2026,SARI,7/5/2025,Overall,960
1/12/2026,SARI,7/5/2025,Pediatrics,546
1/12/2026,SARI,7/12/2025,Adults,318
1/12/2026,SARI,7/12/2025,Overall,833
1/12/2026,SARI,7/12/2025,Pediatrics,515
1/12/2026,SARI,7/19/2025,Adults,222
1/12/2026,SARI,7/19/2025,Overall,796
1/12/2026,SARI,7/19/2025,Pediatrics,574
1/12/2026,SARI,7/26/2025,Adults,170
1/12/2026,SARI,7/26/2025,Overall,663
1/12/2026,SARI,7/26/2025,Pediatrics,493
1/12/2026,SARI,8/2/2025,Adults,176
1/12/2026,SARI,8/2/2025,Overall,725
1/12/2026,SARI,8/2/2025,Pediatrics,549
1/12/2026,SARI,8/9/2025,Adults,187
1/12/2026,SARI,8/9/2025,Overall,694
1/12/2026,SARI,8/9/2025,Pediatrics,507
1/12/2026,SARI,8/16/2025,Adults,159
1/12/2026,SARI,8/16/2025,Overall,698
1/12/2026,SARI,8/16/2025,Pediatrics,539
1/12/2026,SARI,8/23/2025,Adults,168
1/12/2026,SARI,8/23/2025,Overall,708
1/12/2026,SARI,8/23/2025,Pediatrics,540
1/12/2026,SARI,8/30/2025,Adults,146
1/12/2026,SARI,8/30/2025,Overall,600
1/12/2026,SARI,8/30/2025,Pediatrics,454
1/12/2026,SARI,9/6/2025,Adults,163
1/12/2026,SARI,9/6/2025,Overall,590
1/12/2026,SARI,9/6/2025,Pediatrics,427
1/12/2026,SARI,9/13/2025,Adults,163
1/12/2026,SARI,9/13/2025,Overall,570
1/12/2026,SARI,9/13/2025,Pediatrics,407
1/12/2026,SARI,9/20/2025,Adults,156
1/12/2026,SARI,9/20/2025,Overall,518
1/12/2026,SARI,9/20/2025,Pediatrics,362
1/12/2026,SARI,9/27/2025,Adults,131
1/12/2026,SARI,9/27/2025,Overall,429
1/12/2026,SARI,9/27/2025,Pediatrics,298
1/12/2026,SARI,10/4/2025,Adults,125
1/12/2026,SARI,10/4/2025,Overall,424
1/12/2026,SARI,10/4/2025,Pediatrics,299
1/12/2026,SARI,10/11/2025,Adults,109
1/12/2026,SARI,10/11/2025,Overall,382
1/12/2026,SARI,10/11/2025,Pediatrics,273
1/12/2026,SARI,10/18/2025,Adults,118
1/12/2026,SARI,10/18/2025,Overall,341
1/12/2026,SARI,10/18/2025,Pediatrics,223
1/12/2026,SARI,10/25/2025,Adults,116
1/12/2026,SARI,10/25/2025,Overall,337
1/12/2026,SARI,10/25/2025,Pediatrics,221
1/12/2026,SARI,11/1/2025,Adults,98
1/12/2026,SARI,11/1/2025,Overall,256
1/12/2026,SARI,11/1/2025,Pediatrics,158
1/12/2026,SARI,11/8/2025,Adults,89
1/12/2026,SARI,11/8/2025,Overall,306
1/12/2026,SARI,11/8/2025,Pediatrics,217
1/12/2026,SARI,11/15/2025,Adults,112
1/12/2026,SARI,11/15/2025,Overall,264
1/12/2026,SARI,11/15/2025,Pediatrics,152
1/12/2026,SARI,11/22/2025,Adults,74
1/12/2026,SARI,11/22/2025,Overall,211
1/12/2026,SARI,11/22/2025,Pediatrics,137
1/12/2026,SARI,11/29/2025,Adults,60
1/12/2026,SARI,11/29/2025,Overall,168
1/12/2026,SARI,11/29/2025,Pediatrics,108
1/12/2026,SARI,12/6/2025,Adults,78
1/12/2026,SARI,12/6/2025,Overall,176
1/12/2026,SARI,12/6/2025,Pediatrics,98
1/12/2026,SARI,12/13/2025,Adults,82
1/12/2026,SARI,12/13/2025,Overall,172
1/12/2026,SARI,12/13/2025,Pediatrics,90
1/12/2026,SARI,12/20/2025,Adults,47
1/12/2026,SARI,12/20/2025,Overall,104
1/12/2026,SARI,12/20/2025,Pediatrics,57
1/20/2026,SARI,1/8/2022,Adults,1023
1/20/2026,SARI,1/8/2022,Overall,1186
1/20/2026,SARI,1/8/2022,Pediatrics,163
1/20/2026,SARI,1/15/2022,Adults,1251
1/20/2026,SARI,1/15/2022,Overall,1423
1/20/2026,SARI,1/15/2022,Pediatrics,172
1/20/2026,SARI,1/22/2022,Adults,1113
1/20/2026,SARI,1/22/2022,Overall,1303
1/20/2026,SARI,1/22/2022,Pediatrics,190
1/20/2026,SARI,1/29/2022,Adults,769
1/20/2026,SARI,1/29/2022,Overall,907
1/20/2026,SARI,1/29/2022,Pediatrics,138
1/20/2026,SARI,2/5/2022,Adults,587
1/20/2026,SARI,2/5/2022,Overall,698
1/20/2026,SARI,2/5/2022,Pediatrics,111
1/20/2026,SARI,2/12/2022,Adults,420
1/20/2026,SARI,2/12/2022,Overall,537
1/20/2026,SARI,2/12/2022,Pediatrics,117
1/20/2026,SARI,2/19/2022,Adults,473
1/20/2026,SARI,2/19/2022,Overall,604
1/20/2026,SARI,2/19/2022,Pediatrics,131
1/20/2026,SARI,2/26/2022,Adults,430
1/20/2026,SARI,2/26/2022,Overall,551
1/20/2026,SARI,2/26/2022,Pediatrics,121
1/20/2026,SARI,3/5/2022,Adults,533
1/20/2026,SARI,3/5/2022,Overall,702
1/20/2026,SARI,3/5/2022,Pediatrics,169
1/20/2026,SARI,3/12/2022,Adults,502
1/20/2026,SARI,3/12/2022,Overall,730
1/20/2026,SARI,3/12/2022,Pediatrics,228
1/20/2026,SARI,3/19/2022,Adults,518
1/20/2026,SARI,3/19/2022,Overall,772
1/20/2026,SARI,3/19/2022,Pediatrics,254
1/20/2026,SARI,3/26/2022,Adults,437
1/20/2026,SARI,3/26/2022,Overall,633
1/20/2026,SARI,3/26/2022,Pediatrics,196
1/20/2026,SARI,4/2/2022,Adults,377
1/20/2026,SARI,4/2/2022,Overall,567
1/20/2026,SARI,4/2/2022,Pediatrics,190
1/20/2026,SARI,4/9/2022,Adults,349
1/20/2026,SARI,4/9/2022,Overall,573
1/20/2026,SARI,4/9/2022,Pediatrics,224
1/20/2026,SARI,4/16/2022,Adults,302
1/20/2026,SARI,4/16/2022,Overall,511
1/20/2026,SARI,4/16/2022,Pediatrics,209
1/20/2026,SARI,4/23/2022,Adults,271
1/20/2026,SARI,4/23/2022,Overall,496
1/20/2026,SARI,4/23/2022,Pediatrics,225
1/20/2026,SARI,4/30/2022,Adults,267
1/20/2026,SARI,4/30/2022,Overall,547
1/20/2026,SARI,4/30/2022,Pediatrics,280
1/20/2026,SARI,5/7/2022,Adults,312
1/20/2026,SARI,5/7/2022,Overall,613
1/20/2026,SARI,5/7/2022,Pediatrics,301
1/20/2026,SARI,5/14/2022,Adults,343
1/20/2026,SARI,5/14/2022,Overall,761
1/20/2026,SARI,5/14/2022,Pediatrics,418
1/20/2026,SARI,5/21/2022,Adults,394
1/20/2026,SARI,5/21/2022,Overall,898
1/20/2026,SARI,5/21/2022,Pediatrics,504
1/20/2026,SARI,5/28/2022,Adults,419
1/20/2026,SARI,5/28/2022,Overall,846
1/20/2026,SARI,5/28/2022,Pediatrics,427
1/20/2026,SARI,6/4/2022,Adults,457
1/20/2026,SARI,6/4/2022,Overall,925
1/20/2026,SARI,6/4/2022,Pediatrics,468
1/20/2026,SARI,6/11/2022,Adults,482
1/20/2026,SARI,6/11/2022,Overall,1042
1/20/2026,SARI,6/11/2022,Pediatrics,560
1/20/2026,SARI,6/18/2022,Adults,429
1/20/2026,SARI,6/18/2022,Overall,918
1/20/2026,SARI,6/18/2022,Pediatrics,489
1/20/2026,SARI,6/25/2022,Adults,416
1/20/2026,SARI,6/25/2022,Overall,824
1/20/2026,SARI,6/25/2022,Pediatrics,408
1/20/2026,SARI,7/2/2022,Adults,483
1/20/2026,SARI,7/2/2022,Overall,871
1/20/2026,SARI,7/2/2022,Pediatrics,388
1/20/2026,SARI,7/9/2022,Adults,440
1/20/2026,SARI,7/9/2022,Overall,868
1/20/2026,SARI,7/9/2022,Pediatrics,428
1/20/2026,SARI,7/16/2022,Adults,462
1/20/2026,SARI,7/16/2022,Overall,821
1/20/2026,SARI,7/16/2022,Pediatrics,359
1/20/2026,SARI,7/23/2022,Adults,490
1/20/2026,SARI,7/23/2022,Overall,833
1/20/2026,SARI,7/23/2022,Pediatrics,343
1/20/2026,SARI,7/30/2022,Adults,422
1/20/2026,SARI,7/30/2022,Overall,701
1/20/2026,SARI,7/30/2022,Pediatrics,279
1/20/2026,SARI,8/6/2022,Adults,403
1/20/2026,SARI,8/6/2022,Overall,675
1/20/2026,SARI,8/6/2022,Pediatrics,272
1/20/2026,SARI,8/13/2022,Adults,348
1/20/2026,SARI,8/13/2022,Overall,652
1/20/2026,SARI,8/13/2022,Pediatrics,304
1/20/2026,SARI,8/20/2022,Adults,307
1/20/2026,SARI,8/20/2022,Overall,655
1/20/2026,SARI,8/20/2022,Pediatrics,348
1/20/2026,SARI,8/27/2022,Adults,286
1/20/2026,SARI,8/27/2022,Overall,595
1/20/2026,SARI,8/27/2022,Pediatrics,309
1/20/2026,SARI,9/3/2022,Adults,282
1/20/2026,SARI,9/3/2022,Overall,611
1/20/2026,SARI,9/3/2022,Pediatrics,329
1/20/2026,SARI,9/10/2022,Adults,305
1/20/2026,SARI,9/10/2022,Overall,616
1/20/2026,SARI,9/10/2022,Pediatrics,311
1/20/2026,SARI,9/17/2022,Adults,235
1/20/2026,SARI,9/17/2022,Overall,525
1/20/2026,SARI,9/17/2022,Pediatrics,290
1/20/2026,SARI,9/24/2022,Adults,242
1/20/2026,SARI,9/24/2022,Overall,502
1/20/2026,SARI,9/24/2022,Pediatrics,260
1/20/2026,SARI,10/1/2022,Adults,255
1/20/2026,SARI,10/1/2022,Overall,561
1/20/2026,SARI,10/1/2022,Pediatrics,306
1/20/2026,SARI,10/8/2022,Adults,208
1/20/2026,SARI,10/8/2022,Overall,480
1/20/2026,SARI,10/8/2022,Pediatrics,272
1/20/2026,SARI,10/15/2022,Adults,272
1/20/2026,SARI,10/15/2022,Overall,545
1/20/2026,SARI,10/15/2022,Pediatrics,273
1/20/2026,SARI,10/22/2022,Adults,267
1/20/2026,SARI,10/22/2022,Overall,591
1/20/2026,SARI,10/22/2022,Pediatrics,324
1/20/2026,SARI,10/29/2022,Adults,223
1/20/2026,SARI,10/29/2022,Overall,501
1/20/2026,SARI,10/29/2022,Pediatrics,278
1/20/2026,SARI,11/5/2022,Adults,230
1/20/2026,SARI,11/5/2022,Overall,481
1/20/2026,SARI,11/5/2022,Pediatrics,251
1/20/2026,SARI,11/12/2022,Adults,194
1/20/2026,SARI,11/12/2022,Overall,433
1/20/2026,SARI,11/12/2022,Pediatrics,239
1/20/2026,SARI,11/19/2022,Adults,161
1/20/2026,SARI,11/19/2022,Overall,329
1/20/2026,SARI,11/19/2022,Pediatrics,168
1/20/2026,SARI,11/26/2022,Adults,152
1/20/2026,SARI,11/26/2022,Overall,282
1/20/2026,SARI,11/26/2022,Pediatrics,130
1/20/2026,SARI,12/3/2022,Adults,189
1/20/2026,SARI,12/3/2022,Overall,323
1/20/2026,SARI,12/3/2022,Pediatrics,134
1/20/2026,SARI,12/10/2022,Adults,285
1/20/2026,SARI,12/10/2022,Overall,408
1/20/2026,SARI,12/10/2022,Pediatrics,123
1/20/2026,SARI,12/17/2022,Adults,309
1/20/2026,SARI,12/17/2022,Overall,457
1/20/2026,SARI,12/17/2022,Pediatrics,148
1/20/2026,SARI,12/24/2022,Adults,357
1/20/2026,SARI,12/24/2022,Overall,465
1/20/2026,SARI,12/24/2022,Pediatrics,108
1/20/2026,SARI,12/31/2022,Adults,324
1/20/2026,SARI,12/31/2022,Overall,407
1/20/2026,SARI,12/31/2022,Pediatrics,83
1/20/2026,SARI,1/7/2023,Adults,330
1/20/2026,SARI,1/7/2023,Overall,448
1/20/2026,SARI,1/7/2023,Pediatrics,118
1/20/2026,SARI,1/14/2023,Adults,237
1/20/2026,SARI,1/14/2023,Overall,359
1/20/2026,SARI,1/14/2023,Pediatrics,122
1/20/2026,SARI,1/21/2023,Adults,195
1/20/2026,SARI,1/21/2023,Overall,304
1/20/2026,SARI,1/21/2023,Pediatrics,109
1/20/2026,SARI,1/28/2023,Adults,135
1/20/2026,SARI,1/28/2023,Overall,226
1/20/2026,SARI,1/28/2023,Pediatrics,91
1/20/2026,SARI,2/4/2023,Adults,133
1/20/2026,SARI,2/4/2023,Overall,254
1/20/2026,SARI,2/4/2023,Pediatrics,121
1/20/2026,SARI,2/11/2023,Adults,100
1/20/2026,SARI,2/11/2023,Overall,222
1/20/2026,SARI,2/11/2023,Pediatrics,122
1/20/2026,SARI,2/18/2023,Adults,107
1/20/2026,SARI,2/18/2023,Overall,204
1/20/2026,SARI,2/18/2023,Pediatrics,97
1/20/2026,SARI,2/25/2023,Adults,100
1/20/2026,SARI,2/25/2023,Overall,200
1/20/2026,SARI,2/25/2023,Pediatrics,100
1/20/2026,SARI,3/4/2023,Adults,137
1/20/2026,SARI,3/4/2023,Overall,289
1/20/2026,SARI,3/4/2023,Pediatrics,152
1/20/2026,SARI,3/11/2023,Adults,104
1/20/2026,SARI,3/11/2023,Overall,300
1/20/2026,SARI,3/11/2023,Pediatrics,196
1/20/2026,SARI,3/18/2023,Adults,92
1/20/2026,SARI,3/18/2023,Overall,249
1/20/2026,SARI,3/18/2023,Pediatrics,157
1/20/2026,SARI,3/25/2023,Adults,83
1/20/2026,SARI,3/25/2023,Overall,238
1/20/2026,SARI,3/25/2023,Pediatrics,155
1/20/2026,SARI,4/1/2023,Adults,78
1/20/2026,SARI,4/1/2023,Overall,251
1/20/2026,SARI,4/1/2023,Pediatrics,173
1/20/2026,SARI,4/8/2023,Adults,90
1/20/2026,SARI,4/8/2023,Overall,275
1/20/2026,SARI,4/8/2023,Pediatrics,185
1/20/2026,SARI,4/15/2023,Adults,102
1/20/2026,SARI,4/15/2023,Overall,297
1/20/2026,SARI,4/15/2023,Pediatrics,195
1/20/2026,SARI,4/22/2023,Adults,91
1/20/2026,SARI,4/22/2023,Overall,320
1/20/2026,SARI,4/22/2023,Pediatrics,229
1/20/2026,SARI,4/29/2023,Adults,92
1/20/2026,SARI,4/29/2023,Overall,415
1/20/2026,SARI,4/29/2023,Pediatrics,323
1/20/2026,SARI,5/6/2023,Adults,102
1/20/2026,SARI,5/6/2023,Overall,484
1/20/2026,SARI,5/6/2023,Pediatrics,382
1/20/2026,SARI,5/13/2023,Adults,118
1/20/2026,SARI,5/13/2023,Overall,544
1/20/2026,SARI,5/13/2023,Pediatrics,426
1/20/2026,SARI,5/20/2023,Adults,113
1/20/2026,SARI,5/20/2023,Overall,596
1/20/2026,SARI,5/20/2023,Pediatrics,483
1/20/2026,SARI,5/27/2023,Adults,119
1/20/2026,SARI,5/27/2023,Overall,680
1/20/2026,SARI,5/27/2023,Pediatrics,561
1/20/2026,SARI,6/3/2023,Adults,182
1/20/2026,SARI,6/3/2023,Overall,706
1/20/2026,SARI,6/3/2023,Pediatrics,524
1/20/2026,SARI,6/10/2023,Adults,190
1/20/2026,SARI,6/10/2023,Overall,742
1/20/2026,SARI,6/10/2023,Pediatrics,552
1/20/2026,SARI,6/17/2023,Adults,196
1/20/2026,SARI,6/17/2023,Overall,633
1/20/2026,SARI,6/17/2023,Pediatrics,437
1/20/2026,SARI,6/24/2023,Adults,264
1/20/2026,SARI,6/24/2023,Overall,703
1/20/2026,SARI,6/24/2023,Pediatrics,439
1/20/2026,SARI,7/1/2023,Adults,257
1/20/2026,SARI,7/1/2023,Overall,675
1/20/2026,SARI,7/1/2023,Pediatrics,418
1/20/2026,SARI,7/8/2023,Adults,229
1/20/2026,SARI,7/8/2023,Overall,582
1/20/2026,SARI,7/8/2023,Pediatrics,353
1/20/2026,SARI,7/15/2023,Adults,191
1/20/2026,SARI,7/15/2023,Overall,524
1/20/2026,SARI,7/15/2023,Pediatrics,333
1/20/2026,SARI,7/22/2023,Adults,188
1/20/2026,SARI,7/22/2023,Overall,451
1/20/2026,SARI,7/22/2023,Pediatrics,263
1/20/2026,SARI,7/29/2023,Adults,153
1/20/2026,SARI,7/29/2023,Overall,379
1/20/2026,SARI,7/29/2023,Pediatrics,226
1/20/2026,SARI,8/5/2023,Adults,176
1/20/2026,SARI,8/5/2023,Overall,391
1/20/2026,SARI,8/5/2023,Pediatrics,215
1/20/2026,SARI,8/12/2023,Adults,147
1/20/2026,SARI,8/12/2023,Overall,409
1/20/2026,SARI,8/12/2023,Pediatrics,262
1/20/2026,SARI,8/19/2023,Adults,164
1/20/2026,SARI,8/19/2023,Overall,404
1/20/2026,SARI,8/19/2023,Pediatrics,240
1/20/2026,SARI,8/26/2023,Adults,178
1/20/2026,SARI,8/26/2023,Overall,408
1/20/2026,SARI,8/26/2023,Pediatrics,230
1/20/2026,SARI,9/2/2023,Adults,191
1/20/2026,SARI,9/2/2023,Overall,443
1/20/2026,SARI,9/2/2023,Pediatrics,252
1/20/2026,SARI,9/9/2023,Adults,184
1/20/2026,SARI,9/9/2023,Overall,417
1/20/2026,SARI,9/9/2023,Pediatrics,233
1/20/2026,SARI,9/16/2023,Adults,175
1/20/2026,SARI,9/16/2023,Overall,434
1/20/2026,SARI,9/16/2023,Pediatrics,259
1/20/2026,SARI,9/23/2023,Adults,170
1/20/2026,SARI,9/23/2023,Overall,396
1/20/2026,SARI,9/23/2023,Pediatrics,226
1/20/2026,SARI,9/30/2023,Adults,109
1/20/2026,SARI,9/30/2023,Overall,290
1/20/2026,SARI,9/30/2023,Pediatrics,181
1/20/2026,SARI,10/7/2023,Adults,111
1/20/2026,SARI,10/7/2023,Overall,301
1/20/2026,SARI,10/7/2023,Pediatrics,190
1/20/2026,SARI,10/14/2023,Adults,114
1/20/2026,SARI,10/14/2023,Overall,305
1/20/2026,SARI,10/14/2023,Pediatrics,191
1/20/2026,SARI,10/21/2023,Adults,114
1/20/2026,SARI,10/21/2023,Overall,278
1/20/2026,SARI,10/21/2023,Pediatrics,164
1/20/2026,SARI,10/28/2023,Adults,75
1/20/2026,SARI,10/28/2023,Overall,191
1/20/2026,SARI,10/28/2023,Pediatrics,116
1/20/2026,SARI,11/4/2023,Adults,81
1/20/2026,SARI,11/4/2023,Overall,210
1/20/2026,SARI,11/4/2023,Pediatrics,129
1/20/2026,SARI,11/11/2023,Adults,85
1/20/2026,SARI,11/11/2023,Overall,201
1/20/2026,SARI,11/11/2023,Pediatrics,116
1/20/2026,SARI,11/18/2023,Adults,79
1/20/2026,SARI,11/18/2023,Overall,192
1/20/2026,SARI,11/18/2023,Pediatrics,113
1/20/2026,SARI,11/25/2023,Adults,74
1/20/2026,SARI,11/25/2023,Overall,168
1/20/2026,SARI,11/25/2023,Pediatrics,94
1/20/2026,SARI,12/2/2023,Adults,70
1/20/2026,SARI,12/2/2023,Overall,168
1/20/2026,SARI,12/2/2023,Pediatrics,98
1/20/2026,SARI,12/9/2023,Adults,64
1/20/2026,SARI,12/9/2023,Overall,130
1/20/2026,SARI,12/9/2023,Pediatrics,66
1/20/2026,SARI,12/16/2023,Adults,66
1/20/2026,SARI,12/16/2023,Overall,135
1/20/2026,SARI,12/16/2023,Pediatrics,69
1/20/2026,SARI,12/23/2023,Adults,56
1/20/2026,SARI,12/23/2023,Overall,102
1/20/2026,SARI,12/23/2023,Pediatrics,46
1/20/2026,SARI,12/30/2023,Adults,46
1/20/2026,SARI,12/30/2023,Overall,87
1/20/2026,SARI,12/30/2023,Pediatrics,41
1/20/2026,SARI,1/6/2024,Adults,95
1/20/2026,SARI,1/6/2024,Overall,160
1/20/2026,SARI,1/6/2024,Pediatrics,65
1/20/2026,SARI,1/13/2024,Adults,126
1/20/2026,SARI,1/13/2024,Overall,197
1/20/2026,SARI,1/13/2024,Pediatrics,71
1/20/2026,SARI,1/20/2024,Adults,165
1/20/2026,SARI,1/20/2024,Overall,247
1/20/2026,SARI,1/20/2024,Pediatrics,82
1/20/2026,SARI,1/27/2024,Adults,160
1/20/2026,SARI,1/27/2024,Overall,253
1/20/2026,SARI,1/27/2024,Pediatrics,93
1/20/2026,SARI,2/3/2024,Adults,165
1/20/2026,SARI,2/3/2024,Overall,252
1/20/2026,SARI,2/3/2024,Pediatrics,87
1/20/2026,SARI,2/10/2024,Adults,131
1/20/2026,SARI,2/10/2024,Overall,205
1/20/2026,SARI,2/10/2024,Pediatrics,74
1/20/2026,SARI,2/17/2024,Adults,114
1/20/2026,SARI,2/17/2024,Overall,176
1/20/2026,SARI,2/17/2024,Pediatrics,62
1/20/2026,SARI,2/24/2024,Adults,120
1/20/2026,SARI,2/24/2024,Overall,176
1/20/2026,SARI,2/24/2024,Pediatrics,56
1/20/2026,SARI,3/2/2024,Adults,92
1/20/2026,SARI,3/2/2024,Overall,155
1/20/2026,SARI,3/2/2024,Pediatrics,63
1/20/2026,SARI,3/9/2024,Adults,93
1/20/2026,SARI,3/9/2024,Overall,164
1/20/2026,SARI,3/9/2024,Pediatrics,71
1/20/2026,SARI,3/16/2024,Adults,94
1/20/2026,SARI,3/16/2024,Overall,213
1/20/2026,SARI,3/16/2024,Pediatrics,119
1/20/2026,SARI,3/23/2024,Adults,92
1/20/2026,SARI,3/23/2024,Overall,209
1/20/2026,SARI,3/23/2024,Pediatrics,117
1/20/2026,SARI,3/30/2024,Adults,96
1/20/2026,SARI,3/30/2024,Overall,207
1/20/2026,SARI,3/30/2024,Pediatrics,111
1/20/2026,SARI,4/6/2024,Adults,111
1/20/2026,SARI,4/6/2024,Overall,223
1/20/2026,SARI,4/6/2024,Pediatrics,112
1/20/2026,SARI,4/13/2024,Adults,95
1/20/2026,SARI,4/13/2024,Overall,198
1/20/2026,SARI,4/13/2024,Pediatrics,103
1/20/2026,SARI,4/20/2024,Adults,107
1/20/2026,SARI,4/20/2024,Overall,212
1/20/2026,SARI,4/20/2024,Pediatrics,105
1/20/2026,SARI,4/27/2024,Adults,97
1/20/2026,SARI,4/27/2024,Overall,241
1/20/2026,SARI,4/27/2024,Pediatrics,144
1/20/2026,SARI,5/4/2024,Adults,129
1/20/2026,SARI,5/4/2024,Overall,287
1/20/2026,SARI,5/4/2024,Pediatrics,158
1/20/2026,SARI,5/11/2024,Adults,151
1/20/2026,SARI,5/11/2024,Overall,338
1/20/2026,SARI,5/11/2024,Pediatrics,187
1/20/2026,SARI,5/18/2024,Adults,230
1/20/2026,SARI,5/18/2024,Overall,557
1/20/2026,SARI,5/18/2024,Pediatrics,327
1/20/2026,SARI,5/25/2024,Adults,333
1/20/2026,SARI,5/25/2024,Overall,746
1/20/2026,SARI,5/25/2024,Pediatrics,413
1/20/2026,SARI,6/1/2024,Adults,524
1/20/2026,SARI,6/1/2024,Overall,1053
1/20/2026,SARI,6/1/2024,Pediatrics,529
1/20/2026,SARI,6/8/2024,Adults,553
1/20/2026,SARI,6/8/2024,Overall,1270
1/20/2026,SARI,6/8/2024,Pediatrics,717
1/20/2026,SARI,6/15/2024,Adults,454
1/20/2026,SARI,6/15/2024,Overall,1031
1/20/2026,SARI,6/15/2024,Pediatrics,577
1/20/2026,SARI,6/22/2024,Adults,315
1/20/2026,SARI,6/22/2024,Overall,832
1/20/2026,SARI,6/22/2024,Pediatrics,517
1/20/2026,SARI,6/29/2024,Adults,277
1/20/2026,SARI,6/29/2024,Overall,825
1/20/2026,SARI,6/29/2024,Pediatrics,548
1/20/2026,SARI,7/6/2024,Adults,317
1/20/2026,SARI,7/6/2024,Overall,891
1/20/2026,SARI,7/6/2024,Pediatrics,574
1/20/2026,SARI,7/13/2024,Adults,251
1/20/2026,SARI,7/13/2024,Overall,830
1/20/2026,SARI,7/13/2024,Pediatrics,579
1/20/2026,SARI,7/20/2024,Adults,299
1/20/2026,SARI,7/20/2024,Overall,877
1/20/2026,SARI,7/20/2024,Pediatrics,578
1/20/2026,SARI,7/27/2024,Adults,229
1/20/2026,SARI,7/27/2024,Overall,707
1/20/2026,SARI,7/27/2024,Pediatrics,478
1/20/2026,SARI,8/3/2024,Adults,209
1/20/2026,SARI,8/3/2024,Overall,662
1/20/2026,SARI,8/3/2024,Pediatrics,453
1/20/2026,SARI,8/10/2024,Adults,184
1/20/2026,SARI,8/10/2024,Overall,668
1/20/2026,SARI,8/10/2024,Pediatrics,484
1/20/2026,SARI,8/17/2024,Adults,172
1/20/2026,SARI,8/17/2024,Overall,645
1/20/2026,SARI,8/17/2024,Pediatrics,473
1/20/2026,SARI,8/24/2024,Adults,175
1/20/2026,SARI,8/24/2024,Overall,642
1/20/2026,SARI,8/24/2024,Pediatrics,467
1/20/2026,SARI,8/31/2024,Adults,174
1/20/2026,SARI,8/31/2024,Overall,596
1/20/2026,SARI,8/31/2024,Pediatrics,422
1/20/2026,SARI,9/7/2024,Adults,210
1/20/2026,SARI,9/7/2024,Overall,718
1/20/2026,SARI,9/7/2024,Pediatrics,508
1/20/2026,SARI,9/14/2024,Adults,194
1/20/2026,SARI,9/14/2024,Overall,616
1/20/2026,SARI,9/14/2024,Pediatrics,422
1/20/2026,SARI,9/21/2024,Adults,178
1/20/2026,SARI,9/21/2024,Overall,598
1/20/2026,SARI,9/21/2024,Pediatrics,420
1/20/2026,SARI,9/28/2024,Adults,159
1/20/2026,SARI,9/28/2024,Overall,492
1/20/2026,SARI,9/28/2024,Pediatrics,333
1/20/2026,SARI,10/5/2024,Adults,199
1/20/2026,SARI,10/5/2024,Overall,511
1/20/2026,SARI,10/5/2024,Pediatrics,312
1/20/2026,SARI,10/12/2024,Adults,151
1/20/2026,SARI,10/12/2024,Overall,401
1/20/2026,SARI,10/12/2024,Pediatrics,250
1/20/2026,SARI,10/19/2024,Adults,165
1/20/2026,SARI,10/19/2024,Overall,424
1/20/2026,SARI,10/19/2024,Pediatrics,259
1/20/2026,SARI,10/26/2024,Adults,131
1/20/2026,SARI,10/26/2024,Overall,394
1/20/2026,SARI,10/26/2024,Pediatrics,263
1/20/2026,SARI,11/2/2024,Adults,116
1/20/2026,SARI,11/2/2024,Overall,353
1/20/2026,SARI,11/2/2024,Pediatrics,237
1/20/2026,SARI,11/9/2024,Adults,102
1/20/2026,SARI,11/9/2024,Overall,259
1/20/2026,SARI,11/9/2024,Pediatrics,157
1/20/2026,SARI,11/16/2024,Adults,112
1/20/2026,SARI,11/16/2024,Overall,284
1/20/2026,SARI,11/16/2024,Pediatrics,172
1/20/2026,SARI,11/23/2024,Adults,84
1/20/2026,SARI,11/23/2024,Overall,242
1/20/2026,SARI,11/23/2024,Pediatrics,158
1/20/2026,SARI,11/30/2024,Adults,73
1/20/2026,SARI,11/30/2024,Overall,221
1/20/2026,SARI,11/30/2024,Pediatrics,148
1/20/2026,SARI,12/7/2024,Adults,86
1/20/2026,SARI,12/7/2024,Overall,197
1/20/2026,SARI,12/7/2024,Pediatrics,111
1/20/2026,SARI,12/14/2024,Adults,90
1/20/2026,SARI,12/14/2024,Overall,202
1/20/2026,SARI,12/14/2024,Pediatrics,112
1/20/2026,SARI,12/21/2024,Adults,88
1/20/2026,SARI,12/21/2024,Overall,151
1/20/2026,SARI,12/21/2024,Pediatrics,63
1/20/2026,SARI,12/28/2024,Adults,60
1/20/2026,SARI,12/28/2024,Overall,113
1/20/2026,SARI,12/28/2024,Pediatrics,53
1/20/2026,SARI,1/4/2025,Adults,99
1/20/2026,SARI,1/4/2025,Overall,197
1/20/2026,SARI,1/4/2025,Pediatrics,98
1/20/2026,SARI,1/11/2025,Adults,97
1/20/2026,SARI,1/11/2025,Overall,175
1/20/2026,SARI,1/11/2025,Pediatrics,78
1/20/2026,SARI,1/18/2025,Adults,78
1/20/2026,SARI,1/18/2025,Overall,150
1/20/2026,SARI,1/18/2025,Pediatrics,72
1/20/2026,SARI,1/25/2025,Adults,81
1/20/2026,SARI,1/25/2025,Overall,163
1/20/2026,SARI,1/25/2025,Pediatrics,82
1/20/2026,SARI,2/1/2025,Adults,92
1/20/2026,SARI,2/1/2025,Overall,153
1/20/2026,SARI,2/1/2025,Pediatrics,61
1/20/2026,SARI,2/8/2025,Adults,86
1/20/2026,SARI,2/8/2025,Overall,172
1/20/2026,SARI,2/8/2025,Pediatrics,86
1/20/2026,SARI,2/15/2025,Adults,90
1/20/2026,SARI,2/15/2025,Overall,170
1/20/2026,SARI,2/15/2025,Pediatrics,80
1/20/2026,SARI,2/22/2025,Adults,86
1/20/2026,SARI,2/22/2025,Overall,164
1/20/2026,SARI,2/22/2025,Pediatrics,78
1/20/2026,SARI,3/1/2025,Adults,102
1/20/2026,SARI,3/1/2025,Overall,175
1/20/2026,SARI,3/1/2025,Pediatrics,73
1/20/2026,SARI,3/8/2025,Adults,101
1/20/2026,SARI,3/8/2025,Overall,181
1/20/2026,SARI,3/8/2025,Pediatrics,80
1/20/2026,SARI,3/15/2025,Adults,117
1/20/2026,SARI,3/15/2025,Overall,227
1/20/2026,SARI,3/15/2025,Pediatrics,110
1/20/2026,SARI,3/22/2025,Adults,158
1/20/2026,SARI,3/22/2025,Overall,320
1/20/2026,SARI,3/22/2025,Pediatrics,162
1/20/2026,SARI,3/29/2025,Adults,156
1/20/2026,SARI,3/29/2025,Overall,326
1/20/2026,SARI,3/29/2025,Pediatrics,170
1/20/2026,SARI,4/5/2025,Adults,150
1/20/2026,SARI,4/5/2025,Overall,292
1/20/2026,SARI,4/5/2025,Pediatrics,142
1/20/2026,SARI,4/12/2025,Adults,153
1/20/2026,SARI,4/12/2025,Overall,307
1/20/2026,SARI,4/12/2025,Pediatrics,154
1/20/2026,SARI,4/19/2025,Adults,153
1/20/2026,SARI,4/19/2025,Overall,334
1/20/2026,SARI,4/19/2025,Pediatrics,181
1/20/2026,SARI,4/26/2025,Adults,207
1/20/2026,SARI,4/26/2025,Overall,378
1/20/2026,SARI,4/26/2025,Pediatrics,171
1/20/2026,SARI,5/3/2025,Adults,190
1/20/2026,SARI,5/3/2025,Overall,402
1/20/2026,SARI,5/3/2025,Pediatrics,212
1/20/2026,SARI,5/10/2025,Adults,202
1/20/2026,SARI,5/10/2025,Overall,408
1/20/2026,SARI,5/10/2025,Pediatrics,206
1/20/2026,SARI,5/17/2025,Adults,235
1/20/2026,SARI,5/17/2025,Overall,486
1/20/2026,SARI,5/17/2025,Pediatrics,251
1/20/2026,SARI,5/24/2025,Adults,292
1/20/2026,SARI,5/24/2025,Overall,608
1/20/2026,SARI,5/24/2025,Pediatrics,316
1/20/2026,SARI,5/31/2025,Adults,347
1/20/2026,SARI,5/31/2025,Overall,710
1/20/2026,SARI,5/31/2025,Pediatrics,363
1/20/2026,SARI,6/7/2025,Adults,515
1/20/2026,SARI,6/7/2025,Overall,1046
1/20/2026,SARI,6/7/2025,Pediatrics,531
1/20/2026,SARI,6/14/2025,Adults,582
1/20/2026,SARI,6/14/2025,Overall,1092
1/20/2026,SARI,6/14/2025,Pediatrics,510
1/20/2026,SARI,6/21/2025,Adults,503
1/20/2026,SARI,6/21/2025,Overall,1009
1/20/2026,SARI,6/21/2025,Pediatrics,506
1/20/2026,SARI,6/28/2025,Adults,458
1/20/2026,SARI,6/28/2025,Overall,915
1/20/2026,SARI,6/28/2025,Pediatrics,457
1/20/2026,SARI,7/5/2025,Adults,422
1/20/2026,SARI,7/5/2025,Overall,971
1/20/2026,SARI,7/5/2025,Pediatrics,549
1/20/2026,SARI,7/12/2025,Adults,320
1/20/2026,SARI,7/12/2025,Overall,838
1/20/2026,SARI,7/12/2025,Pediatrics,518
1/20/2026,SARI,7/19/2025,Adults,224
1/20/2026,SARI,7/19/2025,Overall,798
1/20/2026,SARI,7/19/2025,Pediatrics,574
1/20/2026,SARI,7/26/2025,Adults,172
1/20/2026,SARI,7/26/2025,Overall,665
1/20/2026,SARI,7/26/2025,Pediatrics,493
1/20/2026,SARI,8/2/2025,Adults,177
1/20/2026,SARI,8/2/2025,Overall,726
1/20/2026,SARI,8/2/2025,Pediatrics,549
1/20/2026,SARI,8/9/2025,Adults,187
1/20/2026,SARI,8/9/2025,Overall,695
1/20/2026,SARI,8/9/2025,Pediatrics,508
1/20/2026,SARI,8/16/2025,Adults,161
1/20/2026,SARI,8/16/2025,Overall,701
1/20/2026,SARI,8/16/2025,Pediatrics,540
1/20/2026,SARI,8/23/2025,Adults,168
1/20/2026,SARI,8/23/2025,Overall,708
1/20/2026,SARI,8/23/2025,Pediatrics,540
1/20/2026,SARI,8/30/2025,Adults,146
1/20/2026,SARI,8/30/2025,Overall,600
1/20/2026,SARI,8/30/2025,Pediatrics,454
1/20/2026,SARI,9/6/2025,Adults,164
1/20/2026,SARI,9/6/2025,Overall,591
1/20/2026,SARI,9/6/2025,Pediatrics,427
1/20/2026,SARI,9/13/2025,Adults,164
1/20/2026,SARI,9/13/2025,Overall,571
1/20/2026,SARI,9/13/2025,Pediatrics,407
1/20/2026,SARI,9/20/2025,Adults,158
1/20/2026,SARI,9/20/2025,Overall,520
1/20/2026,SARI,9/20/2025,Pediatrics,362
1/20/2026,SARI,9/27/2025,Adults,132
1/20/2026,SARI,9/27/2025,Overall,430
1/20/2026,SARI,9/27/2025,Pediatrics,298
1/20/2026,SARI,10/4/2025,Adults,126
1/20/2026,SARI,10/4/2025,Overall,425
1/20/2026,SARI,10/4/2025,Pediatrics,299
1/20/2026,SARI,10/11/2025,Adults,110
1/20/2026,SARI,10/11/2025,Overall,383
1/20/2026,SARI,10/11/2025,Pediatrics,273
1/20/2026,SARI,10/18/2025,Adults,121
1/20/2026,SARI,10/18/2025,Overall,346
1/20/2026,SARI,10/18/2025,Pediatrics,225
1/20/2026,SARI,10/25/2025,Adults,116
1/20/2026,SARI,10/25/2025,Overall,338
1/20/2026,SARI,10/25/2025,Pediatrics,222
1/20/2026,SARI,11/1/2025,Adults,100
1/20/2026,SARI,11/1/2025,Overall,259
1/20/2026,SARI,11/1/2025,Pediatrics,159
1/20/2026,SARI,11/8/2025,Adults,91
1/20/2026,SARI,11/8/2025,Overall,309
1/20/2026,SARI,11/8/2025,Pediatrics,218
1/20/2026,SARI,11/15/2025,Adults,116
1/20/2026,SARI,11/15/2025,Overall,276
1/20/2026,SARI,11/15/2025,Pediatrics,160
1/20/2026,SARI,11/22/2025,Adults,77
1/20/2026,SARI,11/22/2025,Overall,214
1/20/2026,SARI,11/22/2025,Pediatrics,137
1/20/2026,SARI,11/29/2025,Adults,61
1/20/2026,SARI,11/29/2025,Overall,174
1/20/2026,SARI,11/29/2025,Pediatrics,113
1/20/2026,SARI,12/6/2025,Adults,83
1/20/2026,SARI,12/6/2025,Overall,187
1/20/2026,SARI,12/6/2025,Pediatrics,104
1/20/2026,SARI,12/13/2025,Adults,89
1/20/2026,SARI,12/13/2025,Overall,191
1/20/2026,SARI,12/13/2025,Pediatrics,102
1/20/2026,SARI,12/20/2025,Adults,65
1/20/2026,SARI,12/20/2025,Overall,137
1/20/2026,SARI,12/20/2025,Pediatrics,72
1/20/2026,SARI,12/27/2025,Adults,93
1/20/2026,SARI,12/27/2025,Overall,145
1/20/2026,SARI,12/27/2025,Pediatrics,52
1/20/2026,SARI,1/3/2026,Adults,52
1/20/2026,SARI,1/3/2026,Overall,99
1/20/2026,SARI,1/3/2026,Pediatrics,47
1/26/2026,SARI,1/8/2022,Adults,1023
1/26/2026,SARI,1/8/2022,Overall,1186
1/26/2026,SARI,1/8/2022,Pediatrics,163
1/26/2026,SARI,1/15/2022,Adults,1251
1/26/2026,SARI,1/15/2022,Overall,1423
1/26/2026,SARI,1/15/2022,Pediatrics,172
1/26/2026,SARI,1/22/2022,Adults,1113
1/26/2026,SARI,1/22/2022,Overall,1303
1/26/2026,SARI,1/22/2022,Pediatrics,190
1/26/2026,SARI,1/29/2022,Adults,769
1/26/2026,SARI,1/29/2022,Overall,907
1/26/2026,SARI,1/29/2022,Pediatrics,138
1/26/2026,SARI,2/5/2022,Adults,587
1/26/2026,SARI,2/5/2022,Overall,698
1/26/2026,SARI,2/5/2022,Pediatrics,111
1/26/2026,SARI,2/12/2022,Adults,420
1/26/2026,SARI,2/12/2022,Overall,537
1/26/2026,SARI,2/12/2022,Pediatrics,117
1/26/2026,SARI,2/19/2022,Adults,473
1/26/2026,SARI,2/19/2022,Overall,604
1/26/2026,SARI,2/19/2022,Pediatrics,131
1/26/2026,SARI,2/26/2022,Adults,430
1/26/2026,SARI,2/26/2022,Overall,551
1/26/2026,SARI,2/26/2022,Pediatrics,121
1/26/2026,SARI,3/5/2022,Adults,533
1/26/2026,SARI,3/5/2022,Overall,702
1/26/2026,SARI,3/5/2022,Pediatrics,169
1/26/2026,SARI,3/12/2022,Adults,502
1/26/2026,SARI,3/12/2022,Overall,730
1/26/2026,SARI,3/12/2022,Pediatrics,228
1/26/2026,SARI,3/19/2022,Adults,518
1/26/2026,SARI,3/19/2022,Overall,772
1/26/2026,SARI,3/19/2022,Pediatrics,254
1/26/2026,SARI,3/26/2022,Adults,437
1/26/2026,SARI,3/26/2022,Overall,633
1/26/2026,SARI,3/26/2022,Pediatrics,196
1/26/2026,SARI,4/2/2022,Adults,377
1/26/2026,SARI,4/2/2022,Overall,567
1/26/2026,SARI,4/2/2022,Pediatrics,190
1/26/2026,SARI,4/9/2022,Adults,349
1/26/2026,SARI,4/9/2022,Overall,573
1/26/2026,SARI,4/9/2022,Pediatrics,224
1/26/2026,SARI,4/16/2022,Adults,302
1/26/2026,SARI,4/16/2022,Overall,511
1/26/2026,SARI,4/16/2022,Pediatrics,209
1/26/2026,SARI,4/23/2022,Adults,271
1/26/2026,SARI,4/23/2022,Overall,496
1/26/2026,SARI,4/23/2022,Pediatrics,225
1/26/2026,SARI,4/30/2022,Adults,267
1/26/2026,SARI,4/30/2022,Overall,547
1/26/2026,SARI,4/30/2022,Pediatrics,280
1/26/2026,SARI,5/7/2022,Adults,312
1/26/2026,SARI,5/7/2022,Overall,613
1/26/2026,SARI,5/7/2022,Pediatrics,301
1/26/2026,SARI,5/14/2022,Adults,343
1/26/2026,SARI,5/14/2022,Overall,761
1/26/2026,SARI,5/14/2022,Pediatrics,418
1/26/2026,SARI,5/21/2022,Adults,394
1/26/2026,SARI,5/21/2022,Overall,898
1/26/2026,SARI,5/21/2022,Pediatrics,504
1/26/2026,SARI,5/28/2022,Adults,419
1/26/2026,SARI,5/28/2022,Overall,846
1/26/2026,SARI,5/28/2022,Pediatrics,427
1/26/2026,SARI,6/4/2022,Adults,457
1/26/2026,SARI,6/4/2022,Overall,925
1/26/2026,SARI,6/4/2022,Pediatrics,468
1/26/2026,SARI,6/11/2022,Adults,482
1/26/2026,SARI,6/11/2022,Overall,1042
1/26/2026,SARI,6/11/2022,Pediatrics,560
1/26/2026,SARI,6/18/2022,Adults,429
1/26/2026,SARI,6/18/2022,Overall,918
1/26/2026,SARI,6/18/2022,Pediatrics,489
1/26/2026,SARI,6/25/2022,Adults,416
1/26/2026,SARI,6/25/2022,Overall,824
1/26/2026,SARI,6/25/2022,Pediatrics,408
1/26/2026,SARI,7/2/2022,Adults,483
1/26/2026,SARI,7/2/2022,Overall,871
1/26/2026,SARI,7/2/2022,Pediatrics,388
1/26/2026,SARI,7/9/2022,Adults,440
1/26/2026,SARI,7/9/2022,Overall,868
1/26/2026,SARI,7/9/2022,Pediatrics,428
1/26/2026,SARI,7/16/2022,Adults,462
1/26/2026,SARI,7/16/2022,Overall,821
1/26/2026,SARI,7/16/2022,Pediatrics,359
1/26/2026,SARI,7/23/2022,Adults,490
1/26/2026,SARI,7/23/2022,Overall,833
1/26/2026,SARI,7/23/2022,Pediatrics,343
1/26/2026,SARI,7/30/2022,Adults,422
1/26/2026,SARI,7/30/2022,Overall,701
1/26/2026,SARI,7/30/2022,Pediatrics,279
1/26/2026,SARI,8/6/2022,Adults,403
1/26/2026,SARI,8/6/2022,Overall,675
1/26/2026,SARI,8/6/2022,Pediatrics,272
1/26/2026,SARI,8/13/2022,Adults,348
1/26/2026,SARI,8/13/2022,Overall,652
1/26/2026,SARI,8/13/2022,Pediatrics,304
1/26/2026,SARI,8/20/2022,Adults,307
1/26/2026,SARI,8/20/2022,Overall,655
1/26/2026,SARI,8/20/2022,Pediatrics,348
1/26/2026,SARI,8/27/2022,Adults,286
1/26/2026,SARI,8/27/2022,Overall,595
1/26/2026,SARI,8/27/2022,Pediatrics,309
1/26/2026,SARI,9/3/2022,Adults,282
1/26/2026,SARI,9/3/2022,Overall,611
1/26/2026,SARI,9/3/2022,Pediatrics,329
1/26/2026,SARI,9/10/2022,Adults,305
1/26/2026,SARI,9/10/2022,Overall,616
1/26/2026,SARI,9/10/2022,Pediatrics,311
1/26/2026,SARI,9/17/2022,Adults,235
1/26/2026,SARI,9/17/2022,Overall,525
1/26/2026,SARI,9/17/2022,Pediatrics,290
1/26/2026,SARI,9/24/2022,Adults,242
1/26/2026,SARI,9/24/2022,Overall,502
1/26/2026,SARI,9/24/2022,Pediatrics,260
1/26/2026,SARI,10/1/2022,Adults,255
1/26/2026,SARI,10/1/2022,Overall,561
1/26/2026,SARI,10/1/2022,Pediatrics,306
1/26/2026,SARI,10/8/2022,Adults,208
1/26/2026,SARI,10/8/2022,Overall,480
1/26/2026,SARI,10/8/2022,Pediatrics,272
1/26/2026,SARI,10/15/2022,Adults,272
1/26/2026,SARI,10/15/2022,Overall,545
1/26/2026,SARI,10/15/2022,Pediatrics,273
1/26/2026,SARI,10/22/2022,Adults,267
1/26/2026,SARI,10/22/2022,Overall,591
1/26/2026,SARI,10/22/2022,Pediatrics,324
1/26/2026,SARI,10/29/2022,Adults,223
1/26/2026,SARI,10/29/2022,Overall,501
1/26/2026,SARI,10/29/2022,Pediatrics,278
1/26/2026,SARI,11/5/2022,Adults,230
1/26/2026,SARI,11/5/2022,Overall,481
1/26/2026,SARI,11/5/2022,Pediatrics,251
1/26/2026,SARI,11/12/2022,Adults,194
1/26/2026,SARI,11/12/2022,Overall,433
1/26/2026,SARI,11/12/2022,Pediatrics,239
1/26/2026,SARI,11/19/2022,Adults,161
1/26/2026,SARI,11/19/2022,Overall,329
1/26/2026,SARI,11/19/2022,Pediatrics,168
1/26/2026,SARI,11/26/2022,Adults,152
1/26/2026,SARI,11/26/2022,Overall,282
1/26/2026,SARI,11/26/2022,Pediatrics,130
1/26/2026,SARI,12/3/2022,Adults,189
1/26/2026,SARI,12/3/2022,Overall,323
1/26/2026,SARI,12/3/2022,Pediatrics,134
1/26/2026,SARI,12/10/2022,Adults,285
1/26/2026,SARI,12/10/2022,Overall,408
1/26/2026,SARI,12/10/2022,Pediatrics,123
1/26/2026,SARI,12/17/2022,Adults,309
1/26/2026,SARI,12/17/2022,Overall,457
1/26/2026,SARI,12/17/2022,Pediatrics,148
1/26/2026,SARI,12/24/2022,Adults,357
1/26/2026,SARI,12/24/2022,Overall,465
1/26/2026,SARI,12/24/2022,Pediatrics,108
1/26/2026,SARI,12/31/2022,Adults,324
1/26/2026,SARI,12/31/2022,Overall,407
1/26/2026,SARI,12/31/2022,Pediatrics,83
1/26/2026,SARI,1/7/2023,Adults,330
1/26/2026,SARI,1/7/2023,Overall,448
1/26/2026,SARI,1/7/2023,Pediatrics,118
1/26/2026,SARI,1/14/2023,Adults,237
1/26/2026,SARI,1/14/2023,Overall,359
1/26/2026,SARI,1/14/2023,Pediatrics,122
1/26/2026,SARI,1/21/2023,Adults,195
1/26/2026,SARI,1/21/2023,Overall,304
1/26/2026,SARI,1/21/2023,Pediatrics,109
1/26/2026,SARI,1/28/2023,Adults,135
1/26/2026,SARI,1/28/2023,Overall,226
1/26/2026,SARI,1/28/2023,Pediatrics,91
1/26/2026,SARI,2/4/2023,Adults,133
1/26/2026,SARI,2/4/2023,Overall,254
1/26/2026,SARI,2/4/2023,Pediatrics,121
1/26/2026,SARI,2/11/2023,Adults,100
1/26/2026,SARI,2/11/2023,Overall,222
1/26/2026,SARI,2/11/2023,Pediatrics,122
1/26/2026,SARI,2/18/2023,Adults,107
1/26/2026,SARI,2/18/2023,Overall,204
1/26/2026,SARI,2/18/2023,Pediatrics,97
1/26/2026,SARI,2/25/2023,Adults,100
1/26/2026,SARI,2/25/2023,Overall,200
1/26/2026,SARI,2/25/2023,Pediatrics,100
1/26/2026,SARI,3/4/2023,Adults,137
1/26/2026,SARI,3/4/2023,Overall,289
1/26/2026,SARI,3/4/2023,Pediatrics,152
1/26/2026,SARI,3/11/2023,Adults,104
1/26/2026,SARI,3/11/2023,Overall,300
1/26/2026,SARI,3/11/2023,Pediatrics,196
1/26/2026,SARI,3/18/2023,Adults,92
1/26/2026,SARI,3/18/2023,Overall,249
1/26/2026,SARI,3/18/2023,Pediatrics,157
1/26/2026,SARI,3/25/2023,Adults,83
1/26/2026,SARI,3/25/2023,Overall,238
1/26/2026,SARI,3/25/2023,Pediatrics,155
1/26/2026,SARI,4/1/2023,Adults,78
1/26/2026,SARI,4/1/2023,Overall,251
1/26/2026,SARI,4/1/2023,Pediatrics,173
1/26/2026,SARI,4/8/2023,Adults,90
1/26/2026,SARI,4/8/2023,Overall,275
1/26/2026,SARI,4/8/2023,Pediatrics,185
1/26/2026,SARI,4/15/2023,Adults,102
1/26/2026,SARI,4/15/2023,Overall,297
1/26/2026,SARI,4/15/2023,Pediatrics,195
1/26/2026,SARI,4/22/2023,Adults,91
1/26/2026,SARI,4/22/2023,Overall,320
1/26/2026,SARI,4/22/2023,Pediatrics,229
1/26/2026,SARI,4/29/2023,Adults,92
1/26/2026,SARI,4/29/2023,Overall,415
1/26/2026,SARI,4/29/2023,Pediatrics,323
1/26/2026,SARI,5/6/2023,Adults,102
1/26/2026,SARI,5/6/2023,Overall,484
1/26/2026,SARI,5/6/2023,Pediatrics,382
1/26/2026,SARI,5/13/2023,Adults,118
1/26/2026,SARI,5/13/2023,Overall,544
1/26/2026,SARI,5/13/2023,Pediatrics,426
1/26/2026,SARI,5/20/2023,Adults,113
1/26/2026,SARI,5/20/2023,Overall,596
1/26/2026,SARI,5/20/2023,Pediatrics,483
1/26/2026,SARI,5/27/2023,Adults,119
1/26/2026,SARI,5/27/2023,Overall,680
1/26/2026,SARI,5/27/2023,Pediatrics,561
1/26/2026,SARI,6/3/2023,Adults,182
1/26/2026,SARI,6/3/2023,Overall,706
1/26/2026,SARI,6/3/2023,Pediatrics,524
1/26/2026,SARI,6/10/2023,Adults,190
1/26/2026,SARI,6/10/2023,Overall,742
1/26/2026,SARI,6/10/2023,Pediatrics,552
1/26/2026,SARI,6/17/2023,Adults,196
1/26/2026,SARI,6/17/2023,Overall,633
1/26/2026,SARI,6/17/2023,Pediatrics,437
1/26/2026,SARI,6/24/2023,Adults,264
1/26/2026,SARI,6/24/2023,Overall,703
1/26/2026,SARI,6/24/2023,Pediatrics,439
1/26/2026,SARI,7/1/2023,Adults,257
1/26/2026,SARI,7/1/2023,Overall,675
1/26/2026,SARI,7/1/2023,Pediatrics,418
1/26/2026,SARI,7/8/2023,Adults,229
1/26/2026,SARI,7/8/2023,Overall,582
1/26/2026,SARI,7/8/2023,Pediatrics,353
1/26/2026,SARI,7/15/2023,Adults,191
1/26/2026,SARI,7/15/2023,Overall,524
1/26/2026,SARI,7/15/2023,Pediatrics,333
1/26/2026,SARI,7/22/2023,Adults,188
1/26/2026,SARI,7/22/2023,Overall,451
1/26/2026,SARI,7/22/2023,Pediatrics,263
1/26/2026,SARI,7/29/2023,Adults,153
1/26/2026,SARI,7/29/2023,Overall,379
1/26/2026,SARI,7/29/2023,Pediatrics,226
1/26/2026,SARI,8/5/2023,Adults,176
1/26/2026,SARI,8/5/2023,Overall,391
1/26/2026,SARI,8/5/2023,Pediatrics,215
1/26/2026,SARI,8/12/2023,Adults,147
1/26/2026,SARI,8/12/2023,Overall,409
1/26/2026,SARI,8/12/2023,Pediatrics,262
1/26/2026,SARI,8/19/2023,Adults,164
1/26/2026,SARI,8/19/2023,Overall,404
1/26/2026,SARI,8/19/2023,Pediatrics,240
1/26/2026,SARI,8/26/2023,Adults,178
1/26/2026,SARI,8/26/2023,Overall,408
1/26/2026,SARI,8/26/2023,Pediatrics,230
1/26/2026,SARI,9/2/2023,Adults,191
1/26/2026,SARI,9/2/2023,Overall,443
1/26/2026,SARI,9/2/2023,Pediatrics,252
1/26/2026,SARI,9/9/2023,Adults,184
1/26/2026,SARI,9/9/2023,Overall,417
1/26/2026,SARI,9/9/2023,Pediatrics,233
1/26/2026,SARI,9/16/2023,Adults,175
1/26/2026,SARI,9/16/2023,Overall,434
1/26/2026,SARI,9/16/2023,Pediatrics,259
1/26/2026,SARI,9/23/2023,Adults,170
1/26/2026,SARI,9/23/2023,Overall,396
1/26/2026,SARI,9/23/2023,Pediatrics,226
1/26/2026,SARI,9/30/2023,Adults,109
1/26/2026,SARI,9/30/2023,Overall,290
1/26/2026,SARI,9/30/2023,Pediatrics,181
1/26/2026,SARI,10/7/2023,Adults,111
1/26/2026,SARI,10/7/2023,Overall,301
1/26/2026,SARI,10/7/2023,Pediatrics,190
1/26/2026,SARI,10/14/2023,Adults,114
1/26/2026,SARI,10/14/2023,Overall,305
1/26/2026,SARI,10/14/2023,Pediatrics,191
1/26/2026,SARI,10/21/2023,Adults,114
1/26/2026,SARI,10/21/2023,Overall,278
1/26/2026,SARI,10/21/2023,Pediatrics,164
1/26/2026,SARI,10/28/2023,Adults,75
1/26/2026,SARI,10/28/2023,Overall,191
1/26/2026,SARI,10/28/2023,Pediatrics,116
1/26/2026,SARI,11/4/2023,Adults,81
1/26/2026,SARI,11/4/2023,Overall,210
1/26/2026,SARI,11/4/2023,Pediatrics,129
1/26/2026,SARI,11/11/2023,Adults,85
1/26/2026,SARI,11/11/2023,Overall,201
1/26/2026,SARI,11/11/2023,Pediatrics,116
1/26/2026,SARI,11/18/2023,Adults,79
1/26/2026,SARI,11/18/2023,Overall,192
1/26/2026,SARI,11/18/2023,Pediatrics,113
1/26/2026,SARI,11/25/2023,Adults,74
1/26/2026,SARI,11/25/2023,Overall,168
1/26/2026,SARI,11/25/2023,Pediatrics,94
1/26/2026,SARI,12/2/2023,Adults,70
1/26/2026,SARI,12/2/2023,Overall,168
1/26/2026,SARI,12/2/2023,Pediatrics,98
1/26/2026,SARI,12/9/2023,Adults,64
1/26/2026,SARI,12/9/2023,Overall,130
1/26/2026,SARI,12/9/2023,Pediatrics,66
1/26/2026,SARI,12/16/2023,Adults,66
1/26/2026,SARI,12/16/2023,Overall,135
1/26/2026,SARI,12/16/2023,Pediatrics,69
1/26/2026,SARI,12/23/2023,Adults,56
1/26/2026,SARI,12/23/2023,Overall,102
1/26/2026,SARI,12/23/2023,Pediatrics,46
1/26/2026,SARI,12/30/2023,Adults,46
1/26/2026,SARI,12/30/2023,Overall,87
1/26/2026,SARI,12/30/2023,Pediatrics,41
1/26/2026,SARI,1/6/2024,Adults,95
1/26/2026,SARI,1/6/2024,Overall,160
1/26/2026,SARI,1/6/2024,Pediatrics,65
1/26/2026,SARI,1/13/2024,Adults,126
1/26/2026,SARI,1/13/2024,Overall,197
1/26/2026,SARI,1/13/2024,Pediatrics,71
1/26/2026,SARI,1/20/2024,Adults,165
1/26/2026,SARI,1/20/2024,Overall,247
1/26/2026,SARI,1/20/2024,Pediatrics,82
1/26/2026,SARI,1/27/2024,Adults,160
1/26/2026,SARI,1/27/2024,Overall,253
1/26/2026,SARI,1/27/2024,Pediatrics,93
1/26/2026,SARI,2/3/2024,Adults,165
1/26/2026,SARI,2/3/2024,Overall,252
1/26/2026,SARI,2/3/2024,Pediatrics,87
1/26/2026,SARI,2/10/2024,Adults,131
1/26/2026,SARI,2/10/2024,Overall,205
1/26/2026,SARI,2/10/2024,Pediatrics,74
1/26/2026,SARI,2/17/2024,Adults,114
1/26/2026,SARI,2/17/2024,Overall,176
1/26/2026,SARI,2/17/2024,Pediatrics,62
1/26/2026,SARI,2/24/2024,Adults,120
1/26/2026,SARI,2/24/2024,Overall,176
1/26/2026,SARI,2/24/2024,Pediatrics,56
1/26/2026,SARI,3/2/2024,Adults,92
1/26/2026,SARI,3/2/2024,Overall,155
1/26/2026,SARI,3/2/2024,Pediatrics,63
1/26/2026,SARI,3/9/2024,Adults,93
1/26/2026,SARI,3/9/2024,Overall,164
1/26/2026,SARI,3/9/2024,Pediatrics,71
1/26/2026,SARI,3/16/2024,Adults,94
1/26/2026,SARI,3/16/2024,Overall,213
1/26/2026,SARI,3/16/2024,Pediatrics,119
1/26/2026,SARI,3/23/2024,Adults,92
1/26/2026,SARI,3/23/2024,Overall,209
1/26/2026,SARI,3/23/2024,Pediatrics,117
1/26/2026,SARI,3/30/2024,Adults,96
1/26/2026,SARI,3/30/2024,Overall,207
1/26/2026,SARI,3/30/2024,Pediatrics,111
1/26/2026,SARI,4/6/2024,Adults,111
1/26/2026,SARI,4/6/2024,Overall,223
1/26/2026,SARI,4/6/2024,Pediatrics,112
1/26/2026,SARI,4/13/2024,Adults,95
1/26/2026,SARI,4/13/2024,Overall,198
1/26/2026,SARI,4/13/2024,Pediatrics,103
1/26/2026,SARI,4/20/2024,Adults,107
1/26/2026,SARI,4/20/2024,Overall,212
1/26/2026,SARI,4/20/2024,Pediatrics,105
1/26/2026,SARI,4/27/2024,Adults,97
1/26/2026,SARI,4/27/2024,Overall,241
1/26/2026,SARI,4/27/2024,Pediatrics,144
1/26/2026,SARI,5/4/2024,Adults,129
1/26/2026,SARI,5/4/2024,Overall,287
1/26/2026,SARI,5/4/2024,Pediatrics,158
1/26/2026,SARI,5/11/2024,Adults,151
1/26/2026,SARI,5/11/2024,Overall,338
1/26/2026,SARI,5/11/2024,Pediatrics,187
1/26/2026,SARI,5/18/2024,Adults,230
1/26/2026,SARI,5/18/2024,Overall,557
1/26/2026,SARI,5/18/2024,Pediatrics,327
1/26/2026,SARI,5/25/2024,Adults,333
1/26/2026,SARI,5/25/2024,Overall,746
1/26/2026,SARI,5/25/2024,Pediatrics,413
1/26/2026,SARI,6/1/2024,Adults,524
1/26/2026,SARI,6/1/2024,Overall,1053
1/26/2026,SARI,6/1/2024,Pediatrics,529
1/26/2026,SARI,6/8/2024,Adults,553
1/26/2026,SARI,6/8/2024,Overall,1270
1/26/2026,SARI,6/8/2024,Pediatrics,717
1/26/2026,SARI,6/15/2024,Adults,454
1/26/2026,SARI,6/15/2024,Overall,1031
1/26/2026,SARI,6/15/2024,Pediatrics,577
1/26/2026,SARI,6/22/2024,Adults,315
1/26/2026,SARI,6/22/2024,Overall,832
1/26/2026,SARI,6/22/2024,Pediatrics,517
1/26/2026,SARI,6/29/2024,Adults,277
1/26/2026,SARI,6/29/2024,Overall,825
1/26/2026,SARI,6/29/2024,Pediatrics,548
1/26/2026,SARI,7/6/2024,Adults,317
1/26/2026,SARI,7/6/2024,Overall,891
1/26/2026,SARI,7/6/2024,Pediatrics,574
1/26/2026,SARI,7/13/2024,Adults,251
1/26/2026,SARI,7/13/2024,Overall,830
1/26/2026,SARI,7/13/2024,Pediatrics,579
1/26/2026,SARI,7/20/2024,Adults,299
1/26/2026,SARI,7/20/2024,Overall,877
1/26/2026,SARI,7/20/2024,Pediatrics,578
1/26/2026,SARI,7/27/2024,Adults,229
1/26/2026,SARI,7/27/2024,Overall,707
1/26/2026,SARI,7/27/2024,Pediatrics,478
1/26/2026,SARI,8/3/2024,Adults,209
1/26/2026,SARI,8/3/2024,Overall,662
1/26/2026,SARI,8/3/2024,Pediatrics,453
1/26/2026,SARI,8/10/2024,Adults,184
1/26/2026,SARI,8/10/2024,Overall,668
1/26/2026,SARI,8/10/2024,Pediatrics,484
1/26/2026,SARI,8/17/2024,Adults,172
1/26/2026,SARI,8/17/2024,Overall,645
1/26/2026,SARI,8/17/2024,Pediatrics,473
1/26/2026,SARI,8/24/2024,Adults,175
1/26/2026,SARI,8/24/2024,Overall,642
1/26/2026,SARI,8/24/2024,Pediatrics,467
1/26/2026,SARI,8/31/2024,Adults,174
1/26/2026,SARI,8/31/2024,Overall,596
1/26/2026,SARI,8/31/2024,Pediatrics,422
1/26/2026,SARI,9/7/2024,Adults,210
1/26/2026,SARI,9/7/2024,Overall,718
1/26/2026,SARI,9/7/2024,Pediatrics,508
1/26/2026,SARI,9/14/2024,Adults,194
1/26/2026,SARI,9/14/2024,Overall,616
1/26/2026,SARI,9/14/2024,Pediatrics,422
1/26/2026,SARI,9/21/2024,Adults,178
1/26/2026,SARI,9/21/2024,Overall,598
1/26/2026,SARI,9/21/2024,Pediatrics,420
1/26/2026,SARI,9/28/2024,Adults,159
1/26/2026,SARI,9/28/2024,Overall,492
1/26/2026,SARI,9/28/2024,Pediatrics,333
1/26/2026,SARI,10/5/2024,Adults,199
1/26/2026,SARI,10/5/2024,Overall,511
1/26/2026,SARI,10/5/2024,Pediatrics,312
1/26/2026,SARI,10/12/2024,Adults,151
1/26/2026,SARI,10/12/2024,Overall,401
1/26/2026,SARI,10/12/2024,Pediatrics,250
1/26/2026,SARI,10/19/2024,Adults,165
1/26/2026,SARI,10/19/2024,Overall,424
1/26/2026,SARI,10/19/2024,Pediatrics,259
1/26/2026,SARI,10/26/2024,Adults,131
1/26/2026,SARI,10/26/2024,Overall,394
1/26/2026,SARI,10/26/2024,Pediatrics,263
1/26/2026,SARI,11/2/2024,Adults,116
1/26/2026,SARI,11/2/2024,Overall,353
1/26/2026,SARI,11/2/2024,Pediatrics,237
1/26/2026,SARI,11/9/2024,Adults,102
1/26/2026,SARI,11/9/2024,Overall,259
1/26/2026,SARI,11/9/2024,Pediatrics,157
1/26/2026,SARI,11/16/2024,Adults,112
1/26/2026,SARI,11/16/2024,Overall,284
1/26/2026,SARI,11/16/2024,Pediatrics,172
1/26/2026,SARI,11/23/2024,Adults,84
1/26/2026,SARI,11/23/2024,Overall,242
1/26/2026,SARI,11/23/2024,Pediatrics,158
1/26/2026,SARI,11/30/2024,Adults,73
1/26/2026,SARI,11/30/2024,Overall,221
1/26/2026,SARI,11/30/2024,Pediatrics,148
1/26/2026,SARI,12/7/2024,Adults,86
1/26/2026,SARI,12/7/2024,Overall,197
1/26/2026,SARI,12/7/2024,Pediatrics,111
1/26/2026,SARI,12/14/2024,Adults,90
1/26/2026,SARI,12/14/2024,Overall,202
1/26/2026,SARI,12/14/2024,Pediatrics,112
1/26/2026,SARI,12/21/2024,Adults,88
1/26/2026,SARI,12/21/2024,Overall,151
1/26/2026,SARI,12/21/2024,Pediatrics,63
1/26/2026,SARI,12/28/2024,Adults,60
1/26/2026,SARI,12/28/2024,Overall,113
1/26/2026,SARI,12/28/2024,Pediatrics,53
1/26/2026,SARI,1/4/2025,Adults,99
1/26/2026,SARI,1/4/2025,Overall,197
1/26/2026,SARI,1/4/2025,Pediatrics,98
1/26/2026,SARI,1/11/2025,Adults,97
1/26/2026,SARI,1/11/2025,Overall,175
1/26/2026,SARI,1/11/2025,Pediatrics,78
1/26/2026,SARI,1/18/2025,Adults,78
1/26/2026,SARI,1/18/2025,Overall,150
1/26/2026,SARI,1/18/2025,Pediatrics,72
1/26/2026,SARI,1/25/2025,Adults,81
1/26/2026,SARI,1/25/2025,Overall,163
1/26/2026,SARI,1/25/2025,Pediatrics,82
1/26/2026,SARI,2/1/2025,Adults,92
1/26/2026,SARI,2/1/2025,Overall,153
1/26/2026,SARI,2/1/2025,Pediatrics,61
1/26/2026,SARI,2/8/2025,Adults,86
1/26/2026,SARI,2/8/2025,Overall,172
1/26/2026,SARI,2/8/2025,Pediatrics,86
1/26/2026,SARI,2/15/2025,Adults,90
1/26/2026,SARI,2/15/2025,Overall,170
1/26/2026,SARI,2/15/2025,Pediatrics,80
1/26/2026,SARI,2/22/2025,Adults,86
1/26/2026,SARI,2/22/2025,Overall,164
1/26/2026,SARI,2/22/2025,Pediatrics,78
1/26/2026,SARI,3/1/2025,Adults,102
1/26/2026,SARI,3/1/2025,Overall,175
1/26/2026,SARI,3/1/2025,Pediatrics,73
1/26/2026,SARI,3/8/2025,Adults,101
1/26/2026,SARI,3/8/2025,Overall,181
1/26/2026,SARI,3/8/2025,Pediatrics,80
1/26/2026,SARI,3/15/2025,Adults,117
1/26/2026,SARI,3/15/2025,Overall,227
1/26/2026,SARI,3/15/2025,Pediatrics,110
1/26/2026,SARI,3/22/2025,Adults,158
1/26/2026,SARI,3/22/2025,Overall,320
1/26/2026,SARI,3/22/2025,Pediatrics,162
1/26/2026,SARI,3/29/2025,Adults,156
1/26/2026,SARI,3/29/2025,Overall,326
1/26/2026,SARI,3/29/2025,Pediatrics,170
1/26/2026,SARI,4/5/2025,Adults,150
1/26/2026,SARI,4/5/2025,Overall,292
1/26/2026,SARI,4/5/2025,Pediatrics,142
1/26/2026,SARI,4/12/2025,Adults,153
1/26/2026,SARI,4/12/2025,Overall,307
1/26/2026,SARI,4/12/2025,Pediatrics,154
1/26/2026,SARI,4/19/2025,Adults,153
1/26/2026,SARI,4/19/2025,Overall,334
1/26/2026,SARI,4/19/2025,Pediatrics,181
1/26/2026,SARI,4/26/2025,Adults,207
1/26/2026,SARI,4/26/2025,Overall,378
1/26/2026,SARI,4/26/2025,Pediatrics,171
1/26/2026,SARI,5/3/2025,Adults,190
1/26/2026,SARI,5/3/2025,Overall,402
1/26/2026,SARI,5/3/2025,Pediatrics,212
1/26/2026,SARI,5/10/2025,Adults,202
1/26/2026,SARI,5/10/2025,Overall,408
1/26/2026,SARI,5/10/2025,Pediatrics,206
1/26/2026,SARI,5/17/2025,Adults,235
1/26/2026,SARI,5/17/2025,Overall,486
1/26/2026,SARI,5/17/2025,Pediatrics,251
1/26/2026,SARI,5/24/2025,Adults,292
1/26/2026,SARI,5/24/2025,Overall,608
1/26/2026,SARI,5/24/2025,Pediatrics,316
1/26/2026,SARI,5/31/2025,Adults,347
1/26/2026,SARI,5/31/2025,Overall,710
1/26/2026,SARI,5/31/2025,Pediatrics,363
1/26/2026,SARI,6/7/2025,Adults,515
1/26/2026,SARI,6/7/2025,Overall,1046
1/26/2026,SARI,6/7/2025,Pediatrics,531
1/26/2026,SARI,6/14/2025,Adults,582
1/26/2026,SARI,6/14/2025,Overall,1092
1/26/2026,SARI,6/14/2025,Pediatrics,510
1/26/2026,SARI,6/21/2025,Adults,503
1/26/2026,SARI,6/21/2025,Overall,1009
1/26/2026,SARI,6/21/2025,Pediatrics,506
1/26/2026,SARI,6/28/2025,Adults,458
1/26/2026,SARI,6/28/2025,Overall,915
1/26/2026,SARI,6/28/2025,Pediatrics,457
1/26/2026,SARI,7/5/2025,Adults,422
1/26/2026,SARI,7/5/2025,Overall,971
1/26/2026,SARI,7/5/2025,Pediatrics,549
1/26/2026,SARI,7/12/2025,Adults,320
1/26/2026,SARI,7/12/2025,Overall,838
1/26/2026,SARI,7/12/2025,Pediatrics,518
1/26/2026,SARI,7/19/2025,Adults,224
1/26/2026,SARI,7/19/2025,Overall,798
1/26/2026,SARI,7/19/2025,Pediatrics,574
1/26/2026,SARI,7/26/2025,Adults,172
1/26/2026,SARI,7/26/2025,Overall,665
1/26/2026,SARI,7/26/2025,Pediatrics,493
1/26/2026,SARI,8/2/2025,Adults,177
1/26/2026,SARI,8/2/2025,Overall,726
1/26/2026,SARI,8/2/2025,Pediatrics,549
1/26/2026,SARI,8/9/2025,Adults,187
1/26/2026,SARI,8/9/2025,Overall,695
1/26/2026,SARI,8/9/2025,Pediatrics,508
1/26/2026,SARI,8/16/2025,Adults,161
1/26/2026,SARI,8/16/2025,Overall,701
1/26/2026,SARI,8/16/2025,Pediatrics,540
1/26/2026,SARI,8/23/2025,Adults,168
1/26/2026,SARI,8/23/2025,Overall,708
1/26/2026,SARI,8/23/2025,Pediatrics,540
1/26/2026,SARI,8/30/2025,Adults,146
1/26/2026,SARI,8/30/2025,Overall,600
1/26/2026,SARI,8/30/2025,Pediatrics,454
1/26/2026,SARI,9/6/2025,Adults,164
1/26/2026,SARI,9/6/2025,Overall,591
1/26/2026,SARI,9/6/2025,Pediatrics,427
1/26/2026,SARI,9/13/2025,Adults,164
1/26/2026,SARI,9/13/2025,Overall,571
1/26/2026,SARI,9/13/2025,Pediatrics,407
1/26/2026,SARI,9/20/2025,Adults,158
1/26/2026,SARI,9/20/2025,Overall,520
1/26/2026,SARI,9/20/2025,Pediatrics,362
1/26/2026,SARI,9/27/2025,Adults,132
1/26/2026,SARI,9/27/2025,Overall,430
1/26/2026,SARI,9/27/2025,Pediatrics,298
1/26/2026,SARI,10/4/2025,Adults,126
1/26/2026,SARI,10/4/2025,Overall,425
1/26/2026,SARI,10/4/2025,Pediatrics,299
1/26/2026,SARI,10/11/2025,Adults,110
1/26/2026,SARI,10/11/2025,Overall,383
1/26/2026,SARI,10/11/2025,Pediatrics,273
1/26/2026,SARI,10/18/2025,Adults,121
1/26/2026,SARI,10/18/2025,Overall,346
1/26/2026,SARI,10/18/2025,Pediatrics,225
1/26/2026,SARI,10/25/2025,Adults,116
1/26/2026,SARI,10/25/2025,Overall,338
1/26/2026,SARI,10/25/2025,Pediatrics,222
1/26/2026,SARI,11/1/2025,Adults,100
1/26/2026,SARI,11/1/2025,Overall,259
1/26/2026,SARI,11/1/2025,Pediatrics,159
1/26/2026,SARI,11/8/2025,Adults,91
1/26/2026,SARI,11/8/2025,Overall,309
1/26/2026,SARI,11/8/2025,Pediatrics,218
1/26/2026,SARI,11/15/2025,Adults,116
1/26/2026,SARI,11/15/2025,Overall,276
1/26/2026,SARI,11/15/2025,Pediatrics,160
1/26/2026,SARI,11/22/2025,Adults,77
1/26/2026,SARI,11/22/2025,Overall,214
1/26/2026,SARI,11/22/2025,Pediatrics,137
1/26/2026,SARI,11/29/2025,Adults,61
1/26/2026,SARI,11/29/2025,Overall,174
1/26/2026,SARI,11/29/2025,Pediatrics,113
1/26/2026,SARI,12/6/2025,Adults,83
1/26/2026,SARI,12/6/2025,Overall,187
1/26/2026,SARI,12/6/2025,Pediatrics,104
1/26/2026,SARI,12/13/2025,Adults,89
1/26/2026,SARI,12/13/2025,Overall,191
1/26/2026,SARI,12/13/2025,Pediatrics,102
1/26/2026,SARI,12/20/2025,Adults,65
1/26/2026,SARI,12/20/2025,Overall,137
1/26/2026,SARI,12/20/2025,Pediatrics,72
1/26/2026,SARI,12/27/2025,Adults,93
1/26/2026,SARI,12/27/2025,Overall,145
1/26/2026,SARI,12/27/2025,Pediatrics,52
1/26/2026,SARI,1/3/2026,Adults,52
1/26/2026,SARI,1/3/2026,Overall,99
1/26/2026,SARI,1/3/2026,Pediatrics,47
1/26/2026,SARI,1/10/2026,Adults,74
1/26/2026,SARI,1/10/2026,Overall,135
1/26/2026,SARI,1/10/2026,Pediatrics,61
2/2/2026,SARI,1/8/2022,Adults,1023
2/2/2026,SARI,1/8/2022,Overall,1186
2/2/2026,SARI,1/8/2022,Pediatrics,163
2/2/2026,SARI,1/15/2022,Adults,1251
2/2/2026,SARI,1/15/2022,Overall,1423
2/2/2026,SARI,1/15/2022,Pediatrics,172
2/2/2026,SARI,1/22/2022,Adults,1113
2/2/2026,SARI,1/22/2022,Overall,1303
2/2/2026,SARI,1/22/2022,Pediatrics,190
2/2/2026,SARI,1/29/2022,Adults,769
2/2/2026,SARI,1/29/2022,Overall,907
2/2/2026,SARI,1/29/2022,Pediatrics,138
2/2/2026,SARI,2/5/2022,Adults,587
2/2/2026,SARI,2/5/2022,Overall,698
2/2/2026,SARI,2/5/2022,Pediatrics,111
2/2/2026,SARI,2/12/2022,Adults,420
2/2/2026,SARI,2/12/2022,Overall,537
2/2/2026,SARI,2/12/2022,Pediatrics,117
2/2/2026,SARI,2/19/2022,Adults,473
2/2/2026,SARI,2/19/2022,Overall,604
2/2/2026,SARI,2/19/2022,Pediatrics,131
2/2/2026,SARI,2/26/2022,Adults,430
2/2/2026,SARI,2/26/2022,Overall,551
2/2/2026,SARI,2/26/2022,Pediatrics,121
2/2/2026,SARI,3/5/2022,Adults,533
2/2/2026,SARI,3/5/2022,Overall,702
2/2/2026,SARI,3/5/2022,Pediatrics,169
2/2/2026,SARI,3/12/2022,Adults,502
2/2/2026,SARI,3/12/2022,Overall,730
2/2/2026,SARI,3/12/2022,Pediatrics,228
2/2/2026,SARI,3/19/2022,Adults,518
2/2/2026,SARI,3/19/2022,Overall,772
2/2/2026,SARI,3/19/2022,Pediatrics,254
2/2/2026,SARI,3/26/2022,Adults,437
2/2/2026,SARI,3/26/2022,Overall,633
2/2/2026,SARI,3/26/2022,Pediatrics,196
2/2/2026,SARI,4/2/2022,Adults,377
2/2/2026,SARI,4/2/2022,Overall,567
2/2/2026,SARI,4/2/2022,Pediatrics,190
2/2/2026,SARI,4/9/2022,Adults,349
2/2/2026,SARI,4/9/2022,Overall,573
2/2/2026,SARI,4/9/2022,Pediatrics,224
2/2/2026,SARI,4/16/2022,Adults,302
2/2/2026,SARI,4/16/2022,Overall,511
2/2/2026,SARI,4/16/2022,Pediatrics,209
2/2/2026,SARI,4/23/2022,Adults,271
2/2/2026,SARI,4/23/2022,Overall,496
2/2/2026,SARI,4/23/2022,Pediatrics,225
2/2/2026,SARI,4/30/2022,Adults,267
2/2/2026,SARI,4/30/2022,Overall,547
2/2/2026,SARI,4/30/2022,Pediatrics,280
2/2/2026,SARI,5/7/2022,Adults,312
2/2/2026,SARI,5/7/2022,Overall,613
2/2/2026,SARI,5/7/2022,Pediatrics,301
2/2/2026,SARI,5/14/2022,Adults,343
2/2/2026,SARI,5/14/2022,Overall,761
2/2/2026,SARI,5/14/2022,Pediatrics,418
2/2/2026,SARI,5/21/2022,Adults,394
2/2/2026,SARI,5/21/2022,Overall,898
2/2/2026,SARI,5/21/2022,Pediatrics,504
2/2/2026,SARI,5/28/2022,Adults,419
2/2/2026,SARI,5/28/2022,Overall,846
2/2/2026,SARI,5/28/2022,Pediatrics,427
2/2/2026,SARI,6/4/2022,Adults,457
2/2/2026,SARI,6/4/2022,Overall,925
2/2/2026,SARI,6/4/2022,Pediatrics,468
2/2/2026,SARI,6/11/2022,Adults,482
2/2/2026,SARI,6/11/2022,Overall,1042
2/2/2026,SARI,6/11/2022,Pediatrics,560
2/2/2026,SARI,6/18/2022,Adults,429
2/2/2026,SARI,6/18/2022,Overall,918
2/2/2026,SARI,6/18/2022,Pediatrics,489
2/2/2026,SARI,6/25/2022,Adults,416
2/2/2026,SARI,6/25/2022,Overall,824
2/2/2026,SARI,6/25/2022,Pediatrics,408
2/2/2026,SARI,7/2/2022,Adults,483
2/2/2026,SARI,7/2/2022,Overall,871
2/2/2026,SARI,7/2/2022,Pediatrics,388
2/2/2026,SARI,7/9/2022,Adults,440
2/2/2026,SARI,7/9/2022,Overall,868
2/2/2026,SARI,7/9/2022,Pediatrics,428
2/2/2026,SARI,7/16/2022,Adults,462
2/2/2026,SARI,7/16/2022,Overall,821
2/2/2026,SARI,7/16/2022,Pediatrics,359
2/2/2026,SARI,7/23/2022,Adults,490
2/2/2026,SARI,7/23/2022,Overall,833
2/2/2026,SARI,7/23/2022,Pediatrics,343
2/2/2026,SARI,7/30/2022,Adults,422
2/2/2026,SARI,7/30/2022,Overall,701
2/2/2026,SARI,7/30/2022,Pediatrics,279
2/2/2026,SARI,8/6/2022,Adults,403
2/2/2026,SARI,8/6/2022,Overall,675
2/2/2026,SARI,8/6/2022,Pediatrics,272
2/2/2026,SARI,8/13/2022,Adults,348
2/2/2026,SARI,8/13/2022,Overall,652
2/2/2026,SARI,8/13/2022,Pediatrics,304
2/2/2026,SARI,8/20/2022,Adults,307
2/2/2026,SARI,8/20/2022,Overall,655
2/2/2026,SARI,8/20/2022,Pediatrics,348
2/2/2026,SARI,8/27/2022,Adults,286
2/2/2026,SARI,8/27/2022,Overall,595
2/2/2026,SARI,8/27/2022,Pediatrics,309
2/2/2026,SARI,9/3/2022,Adults,282
2/2/2026,SARI,9/3/2022,Overall,611
2/2/2026,SARI,9/3/2022,Pediatrics,329
2/2/2026,SARI,9/10/2022,Adults,305
2/2/2026,SARI,9/10/2022,Overall,616
2/2/2026,SARI,9/10/2022,Pediatrics,311
2/2/2026,SARI,9/17/2022,Adults,235
2/2/2026,SARI,9/17/2022,Overall,525
2/2/2026,SARI,9/17/2022,Pediatrics,290
2/2/2026,SARI,9/24/2022,Adults,242
2/2/2026,SARI,9/24/2022,Overall,502
2/2/2026,SARI,9/24/2022,Pediatrics,260
2/2/2026,SARI,10/1/2022,Adults,255
2/2/2026,SARI,10/1/2022,Overall,561
2/2/2026,SARI,10/1/2022,Pediatrics,306
2/2/2026,SARI,10/8/2022,Adults,208
2/2/2026,SARI,10/8/2022,Overall,480
2/2/2026,SARI,10/8/2022,Pediatrics,272
2/2/2026,SARI,10/15/2022,Adults,272
2/2/2026,SARI,10/15/2022,Overall,545
2/2/2026,SARI,10/15/2022,Pediatrics,273
2/2/2026,SARI,10/22/2022,Adults,267
2/2/2026,SARI,10/22/2022,Overall,591
2/2/2026,SARI,10/22/2022,Pediatrics,324
2/2/2026,SARI,10/29/2022,Adults,223
2/2/2026,SARI,10/29/2022,Overall,501
2/2/2026,SARI,10/29/2022,Pediatrics,278
2/2/2026,SARI,11/5/2022,Adults,230
2/2/2026,SARI,11/5/2022,Overall,481
2/2/2026,SARI,11/5/2022,Pediatrics,251
2/2/2026,SARI,11/12/2022,Adults,194
2/2/2026,SARI,11/12/2022,Overall,433
2/2/2026,SARI,11/12/2022,Pediatrics,239
2/2/2026,SARI,11/19/2022,Adults,161
2/2/2026,SARI,11/19/2022,Overall,329
2/2/2026,SARI,11/19/2022,Pediatrics,168
2/2/2026,SARI,11/26/2022,Adults,152
2/2/2026,SARI,11/26/2022,Overall,282
2/2/2026,SARI,11/26/2022,Pediatrics,130
2/2/2026,SARI,12/3/2022,Adults,189
2/2/2026,SARI,12/3/2022,Overall,323
2/2/2026,SARI,12/3/2022,Pediatrics,134
2/2/2026,SARI,12/10/2022,Adults,285
2/2/2026,SARI,12/10/2022,Overall,408
2/2/2026,SARI,12/10/2022,Pediatrics,123
2/2/2026,SARI,12/17/2022,Adults,309
2/2/2026,SARI,12/17/2022,Overall,457
2/2/2026,SARI,12/17/2022,Pediatrics,148
2/2/2026,SARI,12/24/2022,Adults,357
2/2/2026,SARI,12/24/2022,Overall,465
2/2/2026,SARI,12/24/2022,Pediatrics,108
2/2/2026,SARI,12/31/2022,Adults,324
2/2/2026,SARI,12/31/2022,Overall,407
2/2/2026,SARI,12/31/2022,Pediatrics,83
2/2/2026,SARI,1/7/2023,Adults,330
2/2/2026,SARI,1/7/2023,Overall,448
2/2/2026,SARI,1/7/2023,Pediatrics,118
2/2/2026,SARI,1/14/2023,Adults,237
2/2/2026,SARI,1/14/2023,Overall,359
2/2/2026,SARI,1/14/2023,Pediatrics,122
2/2/2026,SARI,1/21/2023,Adults,195
2/2/2026,SARI,1/21/2023,Overall,304
2/2/2026,SARI,1/21/2023,Pediatrics,109
2/2/2026,SARI,1/28/2023,Adults,135
2/2/2026,SARI,1/28/2023,Overall,226
2/2/2026,SARI,1/28/2023,Pediatrics,91
2/2/2026,SARI,2/4/2023,Adults,133
2/2/2026,SARI,2/4/2023,Overall,254
2/2/2026,SARI,2/4/2023,Pediatrics,121
2/2/2026,SARI,2/11/2023,Adults,100
2/2/2026,SARI,2/11/2023,Overall,222
2/2/2026,SARI,2/11/2023,Pediatrics,122
2/2/2026,SARI,2/18/2023,Adults,107
2/2/2026,SARI,2/18/2023,Overall,204
2/2/2026,SARI,2/18/2023,Pediatrics,97
2/2/2026,SARI,2/25/2023,Adults,100
2/2/2026,SARI,2/25/2023,Overall,200
2/2/2026,SARI,2/25/2023,Pediatrics,100
2/2/2026,SARI,3/4/2023,Adults,137
2/2/2026,SARI,3/4/2023,Overall,289
2/2/2026,SARI,3/4/2023,Pediatrics,152
2/2/2026,SARI,3/11/2023,Adults,104
2/2/2026,SARI,3/11/2023,Overall,300
2/2/2026,SARI,3/11/2023,Pediatrics,196
2/2/2026,SARI,3/18/2023,Adults,92
2/2/2026,SARI,3/18/2023,Overall,249
2/2/2026,SARI,3/18/2023,Pediatrics,157
2/2/2026,SARI,3/25/2023,Adults,83
2/2/2026,SARI,3/25/2023,Overall,238
2/2/2026,SARI,3/25/2023,Pediatrics,155
2/2/2026,SARI,4/1/2023,Adults,78
2/2/2026,SARI,4/1/2023,Overall,251
2/2/2026,SARI,4/1/2023,Pediatrics,173
2/2/2026,SARI,4/8/2023,Adults,90
2/2/2026,SARI,4/8/2023,Overall,275
2/2/2026,SARI,4/8/2023,Pediatrics,185
2/2/2026,SARI,4/15/2023,Adults,102
2/2/2026,SARI,4/15/2023,Overall,297
2/2/2026,SARI,4/15/2023,Pediatrics,195
2/2/2026,SARI,4/22/2023,Adults,91
2/2/2026,SARI,4/22/2023,Overall,320
2/2/2026,SARI,4/22/2023,Pediatrics,229
2/2/2026,SARI,4/29/2023,Adults,92
2/2/2026,SARI,4/29/2023,Overall,415
2/2/2026,SARI,4/29/2023,Pediatrics,323
2/2/2026,SARI,5/6/2023,Adults,102
2/2/2026,SARI,5/6/2023,Overall,484
2/2/2026,SARI,5/6/2023,Pediatrics,382
2/2/2026,SARI,5/13/2023,Adults,118
2/2/2026,SARI,5/13/2023,Overall,544
2/2/2026,SARI,5/13/2023,Pediatrics,426
2/2/2026,SARI,5/20/2023,Adults,113
2/2/2026,SARI,5/20/2023,Overall,596
2/2/2026,SARI,5/20/2023,Pediatrics,483
2/2/2026,SARI,5/27/2023,Adults,119
2/2/2026,SARI,5/27/2023,Overall,680
2/2/2026,SARI,5/27/2023,Pediatrics,561
2/2/2026,SARI,6/3/2023,Adults,182
2/2/2026,SARI,6/3/2023,Overall,706
2/2/2026,SARI,6/3/2023,Pediatrics,524
2/2/2026,SARI,6/10/2023,Adults,190
2/2/2026,SARI,6/10/2023,Overall,742
2/2/2026,SARI,6/10/2023,Pediatrics,552
2/2/2026,SARI,6/17/2023,Adults,196
2/2/2026,SARI,6/17/2023,Overall,633
2/2/2026,SARI,6/17/2023,Pediatrics,437
2/2/2026,SARI,6/24/2023,Adults,264
2/2/2026,SARI,6/24/2023,Overall,703
2/2/2026,SARI,6/24/2023,Pediatrics,439
2/2/2026,SARI,7/1/2023,Adults,257
2/2/2026,SARI,7/1/2023,Overall,675
2/2/2026,SARI,7/1/2023,Pediatrics,418
2/2/2026,SARI,7/8/2023,Adults,229
2/2/2026,SARI,7/8/2023,Overall,582
2/2/2026,SARI,7/8/2023,Pediatrics,353
2/2/2026,SARI,7/15/2023,Adults,191
2/2/2026,SARI,7/15/2023,Overall,524
2/2/2026,SARI,7/15/2023,Pediatrics,333
2/2/2026,SARI,7/22/2023,Adults,188
2/2/2026,SARI,7/22/2023,Overall,451
2/2/2026,SARI,7/22/2023,Pediatrics,263
2/2/2026,SARI,7/29/2023,Adults,153
2/2/2026,SARI,7/29/2023,Overall,379
2/2/2026,SARI,7/29/2023,Pediatrics,226
2/2/2026,SARI,8/5/2023,Adults,176
2/2/2026,SARI,8/5/2023,Overall,391
2/2/2026,SARI,8/5/2023,Pediatrics,215
2/2/2026,SARI,8/12/2023,Adults,147
2/2/2026,SARI,8/12/2023,Overall,409
2/2/2026,SARI,8/12/2023,Pediatrics,262
2/2/2026,SARI,8/19/2023,Adults,164
2/2/2026,SARI,8/19/2023,Overall,404
2/2/2026,SARI,8/19/2023,Pediatrics,240
2/2/2026,SARI,8/26/2023,Adults,178
2/2/2026,SARI,8/26/2023,Overall,408
2/2/2026,SARI,8/26/2023,Pediatrics,230
2/2/2026,SARI,9/2/2023,Adults,191
2/2/2026,SARI,9/2/2023,Overall,443
2/2/2026,SARI,9/2/2023,Pediatrics,252
2/2/2026,SARI,9/9/2023,Adults,184
2/2/2026,SARI,9/9/2023,Overall,417
2/2/2026,SARI,9/9/2023,Pediatrics,233
2/2/2026,SARI,9/16/2023,Adults,175
2/2/2026,SARI,9/16/2023,Overall,434
2/2/2026,SARI,9/16/2023,Pediatrics,259
2/2/2026,SARI,9/23/2023,Adults,170
2/2/2026,SARI,9/23/2023,Overall,396
2/2/2026,SARI,9/23/2023,Pediatrics,226
2/2/2026,SARI,9/30/2023,Adults,109
2/2/2026,SARI,9/30/2023,Overall,290
2/2/2026,SARI,9/30/2023,Pediatrics,181
2/2/2026,SARI,10/7/2023,Adults,111
2/2/2026,SARI,10/7/2023,Overall,301
2/2/2026,SARI,10/7/2023,Pediatrics,190
2/2/2026,SARI,10/14/2023,Adults,114
2/2/2026,SARI,10/14/2023,Overall,305
2/2/2026,SARI,10/14/2023,Pediatrics,191
2/2/2026,SARI,10/21/2023,Adults,114
2/2/2026,SARI,10/21/2023,Overall,278
2/2/2026,SARI,10/21/2023,Pediatrics,164
2/2/2026,SARI,10/28/2023,Adults,75
2/2/2026,SARI,10/28/2023,Overall,191
2/2/2026,SARI,10/28/2023,Pediatrics,116
2/2/2026,SARI,11/4/2023,Adults,81
2/2/2026,SARI,11/4/2023,Overall,210
2/2/2026,SARI,11/4/2023,Pediatrics,129
2/2/2026,SARI,11/11/2023,Adults,85
2/2/2026,SARI,11/11/2023,Overall,201
2/2/2026,SARI,11/11/2023,Pediatrics,116
2/2/2026,SARI,11/18/2023,Adults,79
2/2/2026,SARI,11/18/2023,Overall,192
2/2/2026,SARI,11/18/2023,Pediatrics,113
2/2/2026,SARI,11/25/2023,Adults,74
2/2/2026,SARI,11/25/2023,Overall,168
2/2/2026,SARI,11/25/2023,Pediatrics,94
2/2/2026,SARI,12/2/2023,Adults,70
2/2/2026,SARI,12/2/2023,Overall,168
2/2/2026,SARI,12/2/2023,Pediatrics,98
2/2/2026,SARI,12/9/2023,Adults,64
2/2/2026,SARI,12/9/2023,Overall,130
2/2/2026,SARI,12/9/2023,Pediatrics,66
2/2/2026,SARI,12/16/2023,Adults,66
2/2/2026,SARI,12/16/2023,Overall,135
2/2/2026,SARI,12/16/2023,Pediatrics,69
2/2/2026,SARI,12/23/2023,Adults,56
2/2/2026,SARI,12/23/2023,Overall,102
2/2/2026,SARI,12/23/2023,Pediatrics,46
2/2/2026,SARI,12/30/2023,Adults,46
2/2/2026,SARI,12/30/2023,Overall,87
2/2/2026,SARI,12/30/2023,Pediatrics,41
2/2/2026,SARI,1/6/2024,Adults,95
2/2/2026,SARI,1/6/2024,Overall,160
2/2/2026,SARI,1/6/2024,Pediatrics,65
2/2/2026,SARI,1/13/2024,Adults,126
2/2/2026,SARI,1/13/2024,Overall,197
2/2/2026,SARI,1/13/2024,Pediatrics,71
2/2/2026,SARI,1/20/2024,Adults,165
2/2/2026,SARI,1/20/2024,Overall,247
2/2/2026,SARI,1/20/2024,Pediatrics,82
2/2/2026,SARI,1/27/2024,Adults,160
2/2/2026,SARI,1/27/2024,Overall,253
2/2/2026,SARI,1/27/2024,Pediatrics,93
2/2/2026,SARI,2/3/2024,Adults,165
2/2/2026,SARI,2/3/2024,Overall,252
2/2/2026,SARI,2/3/2024,Pediatrics,87
2/2/2026,SARI,2/10/2024,Adults,131
2/2/2026,SARI,2/10/2024,Overall,205
2/2/2026,SARI,2/10/2024,Pediatrics,74
2/2/2026,SARI,2/17/2024,Adults,114
2/2/2026,SARI,2/17/2024,Overall,176
2/2/2026,SARI,2/17/2024,Pediatrics,62
2/2/2026,SARI,2/24/2024,Adults,120
2/2/2026,SARI,2/24/2024,Overall,176
2/2/2026,SARI,2/24/2024,Pediatrics,56
2/2/2026,SARI,3/2/2024,Adults,92
2/2/2026,SARI,3/2/2024,Overall,155
2/2/2026,SARI,3/2/2024,Pediatrics,63
2/2/2026,SARI,3/9/2024,Adults,93
2/2/2026,SARI,3/9/2024,Overall,164
2/2/2026,SARI,3/9/2024,Pediatrics,71
2/2/2026,SARI,3/16/2024,Adults,94
2/2/2026,SARI,3/16/2024,Overall,213
2/2/2026,SARI,3/16/2024,Pediatrics,119
2/2/2026,SARI,3/23/2024,Adults,92
2/2/2026,SARI,3/23/2024,Overall,209
2/2/2026,SARI,3/23/2024,Pediatrics,117
2/2/2026,SARI,3/30/2024,Adults,96
2/2/2026,SARI,3/30/2024,Overall,207
2/2/2026,SARI,3/30/2024,Pediatrics,111
2/2/2026,SARI,4/6/2024,Adults,111
2/2/2026,SARI,4/6/2024,Overall,223
2/2/2026,SARI,4/6/2024,Pediatrics,112
2/2/2026,SARI,4/13/2024,Adults,95
2/2/2026,SARI,4/13/2024,Overall,198
2/2/2026,SARI,4/13/2024,Pediatrics,103
2/2/2026,SARI,4/20/2024,Adults,107
2/2/2026,SARI,4/20/2024,Overall,212
2/2/2026,SARI,4/20/2024,Pediatrics,105
2/2/2026,SARI,4/27/2024,Adults,97
2/2/2026,SARI,4/27/2024,Overall,241
2/2/2026,SARI,4/27/2024,Pediatrics,144
2/2/2026,SARI,5/4/2024,Adults,129
2/2/2026,SARI,5/4/2024,Overall,287
2/2/2026,SARI,5/4/2024,Pediatrics,158
2/2/2026,SARI,5/11/2024,Adults,151
2/2/2026,SARI,5/11/2024,Overall,338
2/2/2026,SARI,5/11/2024,Pediatrics,187
2/2/2026,SARI,5/18/2024,Adults,230
2/2/2026,SARI,5/18/2024,Overall,557
2/2/2026,SARI,5/18/2024,Pediatrics,327
2/2/2026,SARI,5/25/2024,Adults,333
2/2/2026,SARI,5/25/2024,Overall,746
2/2/2026,SARI,5/25/2024,Pediatrics,413
2/2/2026,SARI,6/1/2024,Adults,524
2/2/2026,SARI,6/1/2024,Overall,1053
2/2/2026,SARI,6/1/2024,Pediatrics,529
2/2/2026,SARI,6/8/2024,Adults,553
2/2/2026,SARI,6/8/2024,Overall,1270
2/2/2026,SARI,6/8/2024,Pediatrics,717
2/2/2026,SARI,6/15/2024,Adults,454
2/2/2026,SARI,6/15/2024,Overall,1031
2/2/2026,SARI,6/15/2024,Pediatrics,577
2/2/2026,SARI,6/22/2024,Adults,315
2/2/2026,SARI,6/22/2024,Overall,832
2/2/2026,SARI,6/22/2024,Pediatrics,517
2/2/2026,SARI,6/29/2024,Adults,277
2/2/2026,SARI,6/29/2024,Overall,825
2/2/2026,SARI,6/29/2024,Pediatrics,548
2/2/2026,SARI,7/6/2024,Adults,317
2/2/2026,SARI,7/6/2024,Overall,891
2/2/2026,SARI,7/6/2024,Pediatrics,574
2/2/2026,SARI,7/13/2024,Adults,251
2/2/2026,SARI,7/13/2024,Overall,830
2/2/2026,SARI,7/13/2024,Pediatrics,579
2/2/2026,SARI,7/20/2024,Adults,299
2/2/2026,SARI,7/20/2024,Overall,877
2/2/2026,SARI,7/20/2024,Pediatrics,578
2/2/2026,SARI,7/27/2024,Adults,229
2/2/2026,SARI,7/27/2024,Overall,707
2/2/2026,SARI,7/27/2024,Pediatrics,478
2/2/2026,SARI,8/3/2024,Adults,209
2/2/2026,SARI,8/3/2024,Overall,662
2/2/2026,SARI,8/3/2024,Pediatrics,453
2/2/2026,SARI,8/10/2024,Adults,184
2/2/2026,SARI,8/10/2024,Overall,668
2/2/2026,SARI,8/10/2024,Pediatrics,484
2/2/2026,SARI,8/17/2024,Adults,172
2/2/2026,SARI,8/17/2024,Overall,645
2/2/2026,SARI,8/17/2024,Pediatrics,473
2/2/2026,SARI,8/24/2024,Adults,175
2/2/2026,SARI,8/24/2024,Overall,642
2/2/2026,SARI,8/24/2024,Pediatrics,467
2/2/2026,SARI,8/31/2024,Adults,174
2/2/2026,SARI,8/31/2024,Overall,596
2/2/2026,SARI,8/31/2024,Pediatrics,422
2/2/2026,SARI,9/7/2024,Adults,210
2/2/2026,SARI,9/7/2024,Overall,718
2/2/2026,SARI,9/7/2024,Pediatrics,508
2/2/2026,SARI,9/14/2024,Adults,194
2/2/2026,SARI,9/14/2024,Overall,616
2/2/2026,SARI,9/14/2024,Pediatrics,422
2/2/2026,SARI,9/21/2024,Adults,178
2/2/2026,SARI,9/21/2024,Overall,598
2/2/2026,SARI,9/21/2024,Pediatrics,420
2/2/2026,SARI,9/28/2024,Adults,159
2/2/2026,SARI,9/28/2024,Overall,492
2/2/2026,SARI,9/28/2024,Pediatrics,333
2/2/2026,SARI,10/5/2024,Adults,199
2/2/2026,SARI,10/5/2024,Overall,511
2/2/2026,SARI,10/5/2024,Pediatrics,312
2/2/2026,SARI,10/12/2024,Adults,151
2/2/2026,SARI,10/12/2024,Overall,401
2/2/2026,SARI,10/12/2024,Pediatrics,250
2/2/2026,SARI,10/19/2024,Adults,165
2/2/2026,SARI,10/19/2024,Overall,424
2/2/2026,SARI,10/19/2024,Pediatrics,259
2/2/2026,SARI,10/26/2024,Adults,131
2/2/2026,SARI,10/26/2024,Overall,394
2/2/2026,SARI,10/26/2024,Pediatrics,263
2/2/2026,SARI,11/2/2024,Adults,116
2/2/2026,SARI,11/2/2024,Overall,353
2/2/2026,SARI,11/2/2024,Pediatrics,237
2/2/2026,SARI,11/9/2024,Adults,102
2/2/2026,SARI,11/9/2024,Overall,259
2/2/2026,SARI,11/9/2024,Pediatrics,157
2/2/2026,SARI,11/16/2024,Adults,112
2/2/2026,SARI,11/16/2024,Overall,284
2/2/2026,SARI,11/16/2024,Pediatrics,172
2/2/2026,SARI,11/23/2024,Adults,84
2/2/2026,SARI,11/23/2024,Overall,242
2/2/2026,SARI,11/23/2024,Pediatrics,158
2/2/2026,SARI,11/30/2024,Adults,73
2/2/2026,SARI,11/30/2024,Overall,221
2/2/2026,SARI,11/30/2024,Pediatrics,148
2/2/2026,SARI,12/7/2024,Adults,86
2/2/2026,SARI,12/7/2024,Overall,197
2/2/2026,SARI,12/7/2024,Pediatrics,111
2/2/2026,SARI,12/14/2024,Adults,90
2/2/2026,SARI,12/14/2024,Overall,202
2/2/2026,SARI,12/14/2024,Pediatrics,112
2/2/2026,SARI,12/21/2024,Adults,88
2/2/2026,SARI,12/21/2024,Overall,151
2/2/2026,SARI,12/21/2024,Pediatrics,63
2/2/2026,SARI,12/28/2024,Adults,60
2/2/2026,SARI,12/28/2024,Overall,113
2/2/2026,SARI,12/28/2024,Pediatrics,53
2/2/2026,SARI,1/4/2025,Adults,99
2/2/2026,SARI,1/4/2025,Overall,197
2/2/2026,SARI,1/4/2025,Pediatrics,98
2/2/2026,SARI,1/11/2025,Adults,97
2/2/2026,SARI,1/11/2025,Overall,175
2/2/2026,SARI,1/11/2025,Pediatrics,78
2/2/2026,SARI,1/18/2025,Adults,78
2/2/2026,SARI,1/18/2025,Overall,150
2/2/2026,SARI,1/18/2025,Pediatrics,72
2/2/2026,SARI,1/25/2025,Adults,81
2/2/2026,SARI,1/25/2025,Overall,163
2/2/2026,SARI,1/25/2025,Pediatrics,82
2/2/2026,SARI,2/1/2025,Adults,92
2/2/2026,SARI,2/1/2025,Overall,153
2/2/2026,SARI,2/1/2025,Pediatrics,61
2/2/2026,SARI,2/8/2025,Adults,86
2/2/2026,SARI,2/8/2025,Overall,172
2/2/2026,SARI,2/8/2025,Pediatrics,86
2/2/2026,SARI,2/15/2025,Adults,90
2/2/2026,SARI,2/15/2025,Overall,170
2/2/2026,SARI,2/15/2025,Pediatrics,80
2/2/2026,SARI,2/22/2025,Adults,86
2/2/2026,SARI,2/22/2025,Overall,164
2/2/2026,SARI,2/22/2025,Pediatrics,78
2/2/2026,SARI,3/1/2025,Adults,102
2/2/2026,SARI,3/1/2025,Overall,175
2/2/2026,SARI,3/1/2025,Pediatrics,73
2/2/2026,SARI,3/8/2025,Adults,101
2/2/2026,SARI,3/8/2025,Overall,181
2/2/2026,SARI,3/8/2025,Pediatrics,80
2/2/2026,SARI,3/15/2025,Adults,117
2/2/2026,SARI,3/15/2025,Overall,227
2/2/2026,SARI,3/15/2025,Pediatrics,110
2/2/2026,SARI,3/22/2025,Adults,158
2/2/2026,SARI,3/22/2025,Overall,320
2/2/2026,SARI,3/22/2025,Pediatrics,162
2/2/2026,SARI,3/29/2025,Adults,156
2/2/2026,SARI,3/29/2025,Overall,326
2/2/2026,SARI,3/29/2025,Pediatrics,170
2/2/2026,SARI,4/5/2025,Adults,150
2/2/2026,SARI,4/5/2025,Overall,292
2/2/2026,SARI,4/5/2025,Pediatrics,142
2/2/2026,SARI,4/12/2025,Adults,153
2/2/2026,SARI,4/12/2025,Overall,307
2/2/2026,SARI,4/12/2025,Pediatrics,154
2/2/2026,SARI,4/19/2025,Adults,153
2/2/2026,SARI,4/19/2025,Overall,334
2/2/2026,SARI,4/19/2025,Pediatrics,181
2/2/2026,SARI,4/26/2025,Adults,207
2/2/2026,SARI,4/26/2025,Overall,378
2/2/2026,SARI,4/26/2025,Pediatrics,171
2/2/2026,SARI,5/3/2025,Adults,190
2/2/2026,SARI,5/3/2025,Overall,402
2/2/2026,SARI,5/3/2025,Pediatrics,212
2/2/2026,SARI,5/10/2025,Adults,202
2/2/2026,SARI,5/10/2025,Overall,408
2/2/2026,SARI,5/10/2025,Pediatrics,206
2/2/2026,SARI,5/17/2025,Adults,235
2/2/2026,SARI,5/17/2025,Overall,486
2/2/2026,SARI,5/17/2025,Pediatrics,251
2/2/2026,SARI,5/24/2025,Adults,292
2/2/2026,SARI,5/24/2025,Overall,608
2/2/2026,SARI,5/24/2025,Pediatrics,316
2/2/2026,SARI,5/31/2025,Adults,347
2/2/2026,SARI,5/31/2025,Overall,710
2/2/2026,SARI,5/31/2025,Pediatrics,363
2/2/2026,SARI,6/7/2025,Adults,515
2/2/2026,SARI,6/7/2025,Overall,1046
2/2/2026,SARI,6/7/2025,Pediatrics,531
2/2/2026,SARI,6/14/2025,Adults,582
2/2/2026,SARI,6/14/2025,Overall,1092
2/2/2026,SARI,6/14/2025,Pediatrics,510
2/2/2026,SARI,6/21/2025,Adults,503
2/2/2026,SARI,6/21/2025,Overall,1009
2/2/2026,SARI,6/21/2025,Pediatrics,506
2/2/2026,SARI,6/28/2025,Adults,458
2/2/2026,SARI,6/28/2025,Overall,915
2/2/2026,SARI,6/28/2025,Pediatrics,457
2/2/2026,SARI,7/5/2025,Adults,422
2/2/2026,SARI,7/5/2025,Overall,971
2/2/2026,SARI,7/5/2025,Pediatrics,549
2/2/2026,SARI,7/12/2025,Adults,320
2/2/2026,SARI,7/12/2025,Overall,838
2/2/2026,SARI,7/12/2025,Pediatrics,518
2/2/2026,SARI,7/19/2025,Adults,224
2/2/2026,SARI,7/19/2025,Overall,798
2/2/2026,SARI,7/19/2025,Pediatrics,574
2/2/2026,SARI,7/26/2025,Adults,172
2/2/2026,SARI,7/26/2025,Overall,665
2/2/2026,SARI,7/26/2025,Pediatrics,493
2/2/2026,SARI,8/2/2025,Adults,177
2/2/2026,SARI,8/2/2025,Overall,726
2/2/2026,SARI,8/2/2025,Pediatrics,549
2/2/2026,SARI,8/9/2025,Adults,187
2/2/2026,SARI,8/9/2025,Overall,695
2/2/2026,SARI,8/9/2025,Pediatrics,508
2/2/2026,SARI,8/16/2025,Adults,161
2/2/2026,SARI,8/16/2025,Overall,701
2/2/2026,SARI,8/16/2025,Pediatrics,540
2/2/2026,SARI,8/23/2025,Adults,168
2/2/2026,SARI,8/23/2025,Overall,708
2/2/2026,SARI,8/23/2025,Pediatrics,540
2/2/2026,SARI,8/30/2025,Adults,146
2/2/2026,SARI,8/30/2025,Overall,600
2/2/2026,SARI,8/30/2025,Pediatrics,454
2/2/2026,SARI,9/6/2025,Adults,164
2/2/2026,SARI,9/6/2025,Overall,591
2/2/2026,SARI,9/6/2025,Pediatrics,427
2/2/2026,SARI,9/13/2025,Adults,164
2/2/2026,SARI,9/13/2025,Overall,571
2/2/2026,SARI,9/13/2025,Pediatrics,407
2/2/2026,SARI,9/20/2025,Adults,158
2/2/2026,SARI,9/20/2025,Overall,520
2/2/2026,SARI,9/20/2025,Pediatrics,362
2/2/2026,SARI,9/27/2025,Adults,132
2/2/2026,SARI,9/27/2025,Overall,430
2/2/2026,SARI,9/27/2025,Pediatrics,298
2/2/2026,SARI,10/4/2025,Adults,126
2/2/2026,SARI,10/4/2025,Overall,425
2/2/2026,SARI,10/4/2025,Pediatrics,299
2/2/2026,SARI,10/11/2025,Adults,110
2/2/2026,SARI,10/11/2025,Overall,383
2/2/2026,SARI,10/11/2025,Pediatrics,273
2/2/2026,SARI,10/18/2025,Adults,121
2/2/2026,SARI,10/18/2025,Overall,346
2/2/2026,SARI,10/18/2025,Pediatrics,225
2/2/2026,SARI,10/25/2025,Adults,116
2/2/2026,SARI,10/25/2025,Overall,338
2/2/2026,SARI,10/25/2025,Pediatrics,222
2/2/2026,SARI,11/1/2025,Adults,100
2/2/2026,SARI,11/1/2025,Overall,259
2/2/2026,SARI,11/1/2025,Pediatrics,159
2/2/2026,SARI,11/8/2025,Adults,91
2/2/2026,SARI,11/8/2025,Overall,309
2/2/2026,SARI,11/8/2025,Pediatrics,218
2/2/2026,SARI,11/15/2025,Adults,116
2/2/2026,SARI,11/15/2025,Overall,276
2/2/2026,SARI,11/15/2025,Pediatrics,160
2/2/2026,SARI,11/22/2025,Adults,77
2/2/2026,SARI,11/22/2025,Overall,214
2/2/2026,SARI,11/22/2025,Pediatrics,137
2/2/2026,SARI,11/29/2025,Adults,61
2/2/2026,SARI,11/29/2025,Overall,174
2/2/2026,SARI,11/29/2025,Pediatrics,113
2/2/2026,SARI,12/6/2025,Adults,83
2/2/2026,SARI,12/6/2025,Overall,187
2/2/2026,SARI,12/6/2025,Pediatrics,104
2/2/2026,SARI,12/13/2025,Adults,89
2/2/2026,SARI,12/13/2025,Overall,191
2/2/2026,SARI,12/13/2025,Pediatrics,102
2/2/2026,SARI,12/20/2025,Adults,65
2/2/2026,SARI,12/20/2025,Overall,137
2/2/2026,SARI,12/20/2025,Pediatrics,72
2/2/2026,SARI,12/27/2025,Adults,93
2/2/2026,SARI,12/27/2025,Overall,145
2/2/2026,SARI,12/27/2025,Pediatrics,52
2/2/2026,SARI,1/3/2026,Adults,52
2/2/2026,SARI,1/3/2026,Overall,99
2/2/2026,SARI,1/3/2026,Pediatrics,47
2/2/2026,SARI,1/10/2026,Adults,84
2/2/2026,SARI,1/10/2026,Overall,152
2/2/2026,SARI,1/10/2026,Pediatrics,68
2/2/2026,SARI,1/17/2026,Adults,59
2/2/2026,SARI,1/17/2026,Overall,112
2/2/2026,SARI,1/17/2026,Pediatrics,53
2/9/2026,SARI,1/8/2022,Adults,1023
2/9/2026,SARI,1/8/2022,Overall,1186
2/9/2026,SARI,1/8/2022,Pediatrics,163
2/9/2026,SARI,1/15/2022,Adults,1251
2/9/2026,SARI,1/15/2022,Overall,1423
2/9/2026,SARI,1/15/2022,Pediatrics,172
2/9/2026,SARI,1/22/2022,Adults,1113
2/9/2026,SARI,1/22/2022,Overall,1303
2/9/2026,SARI,1/22/2022,Pediatrics,190
2/9/2026,SARI,1/29/2022,Adults,769
2/9/2026,SARI,1/29/2022,Overall,907
2/9/2026,SARI,1/29/2022,Pediatrics,138
2/9/2026,SARI,2/5/2022,Adults,587
2/9/2026,SARI,2/5/2022,Overall,698
2/9/2026,SARI,2/5/2022,Pediatrics,111
2/9/2026,SARI,2/12/2022,Adults,420
2/9/2026,SARI,2/12/2022,Overall,537
2/9/2026,SARI,2/12/2022,Pediatrics,117
2/9/2026,SARI,2/19/2022,Adults,473
2/9/2026,SARI,2/19/2022,Overall,604
2/9/2026,SARI,2/19/2022,Pediatrics,131
2/9/2026,SARI,2/26/2022,Adults,430
2/9/2026,SARI,2/26/2022,Overall,551
2/9/2026,SARI,2/26/2022,Pediatrics,121
2/9/2026,SARI,3/5/2022,Adults,533
2/9/2026,SARI,3/5/2022,Overall,702
2/9/2026,SARI,3/5/2022,Pediatrics,169
2/9/2026,SARI,3/12/2022,Adults,502
2/9/2026,SARI,3/12/2022,Overall,730
2/9/2026,SARI,3/12/2022,Pediatrics,228
2/9/2026,SARI,3/19/2022,Adults,518
2/9/2026,SARI,3/19/2022,Overall,772
2/9/2026,SARI,3/19/2022,Pediatrics,254
2/9/2026,SARI,3/26/2022,Adults,437
2/9/2026,SARI,3/26/2022,Overall,633
2/9/2026,SARI,3/26/2022,Pediatrics,196
2/9/2026,SARI,4/2/2022,Adults,377
2/9/2026,SARI,4/2/2022,Overall,567
2/9/2026,SARI,4/2/2022,Pediatrics,190
2/9/2026,SARI,4/9/2022,Adults,349
2/9/2026,SARI,4/9/2022,Overall,573
2/9/2026,SARI,4/9/2022,Pediatrics,224
2/9/2026,SARI,4/16/2022,Adults,302
2/9/2026,SARI,4/16/2022,Overall,511
2/9/2026,SARI,4/16/2022,Pediatrics,209
2/9/2026,SARI,4/23/2022,Adults,271
2/9/2026,SARI,4/23/2022,Overall,496
2/9/2026,SARI,4/23/2022,Pediatrics,225
2/9/2026,SARI,4/30/2022,Adults,267
2/9/2026,SARI,4/30/2022,Overall,547
2/9/2026,SARI,4/30/2022,Pediatrics,280
2/9/2026,SARI,5/7/2022,Adults,312
2/9/2026,SARI,5/7/2022,Overall,613
2/9/2026,SARI,5/7/2022,Pediatrics,301
2/9/2026,SARI,5/14/2022,Adults,343
2/9/2026,SARI,5/14/2022,Overall,761
2/9/2026,SARI,5/14/2022,Pediatrics,418
2/9/2026,SARI,5/21/2022,Adults,394
2/9/2026,SARI,5/21/2022,Overall,898
2/9/2026,SARI,5/21/2022,Pediatrics,504
2/9/2026,SARI,5/28/2022,Adults,419
2/9/2026,SARI,5/28/2022,Overall,846
2/9/2026,SARI,5/28/2022,Pediatrics,427
2/9/2026,SARI,6/4/2022,Adults,457
2/9/2026,SARI,6/4/2022,Overall,925
2/9/2026,SARI,6/4/2022,Pediatrics,468
2/9/2026,SARI,6/11/2022,Adults,482
2/9/2026,SARI,6/11/2022,Overall,1042
2/9/2026,SARI,6/11/2022,Pediatrics,560
2/9/2026,SARI,6/18/2022,Adults,429
2/9/2026,SARI,6/18/2022,Overall,918
2/9/2026,SARI,6/18/2022,Pediatrics,489
2/9/2026,SARI,6/25/2022,Adults,416
2/9/2026,SARI,6/25/2022,Overall,824
2/9/2026,SARI,6/25/2022,Pediatrics,408
2/9/2026,SARI,7/2/2022,Adults,483
2/9/2026,SARI,7/2/2022,Overall,871
2/9/2026,SARI,7/2/2022,Pediatrics,388
2/9/2026,SARI,7/9/2022,Adults,440
2/9/2026,SARI,7/9/2022,Overall,868
2/9/2026,SARI,7/9/2022,Pediatrics,428
2/9/2026,SARI,7/16/2022,Adults,462
2/9/2026,SARI,7/16/2022,Overall,821
2/9/2026,SARI,7/16/2022,Pediatrics,359
2/9/2026,SARI,7/23/2022,Adults,490
2/9/2026,SARI,7/23/2022,Overall,833
2/9/2026,SARI,7/23/2022,Pediatrics,343
2/9/2026,SARI,7/30/2022,Adults,422
2/9/2026,SARI,7/30/2022,Overall,701
2/9/2026,SARI,7/30/2022,Pediatrics,279
2/9/2026,SARI,8/6/2022,Adults,403
2/9/2026,SARI,8/6/2022,Overall,675
2/9/2026,SARI,8/6/2022,Pediatrics,272
2/9/2026,SARI,8/13/2022,Adults,348
2/9/2026,SARI,8/13/2022,Overall,652
2/9/2026,SARI,8/13/2022,Pediatrics,304
2/9/2026,SARI,8/20/2022,Adults,307
2/9/2026,SARI,8/20/2022,Overall,655
2/9/2026,SARI,8/20/2022,Pediatrics,348
2/9/2026,SARI,8/27/2022,Adults,286
2/9/2026,SARI,8/27/2022,Overall,595
2/9/2026,SARI,8/27/2022,Pediatrics,309
2/9/2026,SARI,9/3/2022,Adults,282
2/9/2026,SARI,9/3/2022,Overall,611
2/9/2026,SARI,9/3/2022,Pediatrics,329
2/9/2026,SARI,9/10/2022,Adults,305
2/9/2026,SARI,9/10/2022,Overall,616
2/9/2026,SARI,9/10/2022,Pediatrics,311
2/9/2026,SARI,9/17/2022,Adults,235
2/9/2026,SARI,9/17/2022,Overall,525
2/9/2026,SARI,9/17/2022,Pediatrics,290
2/9/2026,SARI,9/24/2022,Adults,242
2/9/2026,SARI,9/24/2022,Overall,502
2/9/2026,SARI,9/24/2022,Pediatrics,260
2/9/2026,SARI,10/1/2022,Adults,255
2/9/2026,SARI,10/1/2022,Overall,561
2/9/2026,SARI,10/1/2022,Pediatrics,306
2/9/2026,SARI,10/8/2022,Adults,208
2/9/2026,SARI,10/8/2022,Overall,480
2/9/2026,SARI,10/8/2022,Pediatrics,272
2/9/2026,SARI,10/15/2022,Adults,272
2/9/2026,SARI,10/15/2022,Overall,545
2/9/2026,SARI,10/15/2022,Pediatrics,273
2/9/2026,SARI,10/22/2022,Adults,267
2/9/2026,SARI,10/22/2022,Overall,591
2/9/2026,SARI,10/22/2022,Pediatrics,324
2/9/2026,SARI,10/29/2022,Adults,223
2/9/2026,SARI,10/29/2022,Overall,501
2/9/2026,SARI,10/29/2022,Pediatrics,278
2/9/2026,SARI,11/5/2022,Adults,230
2/9/2026,SARI,11/5/2022,Overall,481
2/9/2026,SARI,11/5/2022,Pediatrics,251
2/9/2026,SARI,11/12/2022,Adults,194
2/9/2026,SARI,11/12/2022,Overall,433
2/9/2026,SARI,11/12/2022,Pediatrics,239
2/9/2026,SARI,11/19/2022,Adults,161
2/9/2026,SARI,11/19/2022,Overall,329
2/9/2026,SARI,11/19/2022,Pediatrics,168
2/9/2026,SARI,11/26/2022,Adults,152
2/9/2026,SARI,11/26/2022,Overall,282
2/9/2026,SARI,11/26/2022,Pediatrics,130
2/9/2026,SARI,12/3/2022,Adults,189
2/9/2026,SARI,12/3/2022,Overall,323
2/9/2026,SARI,12/3/2022,Pediatrics,134
2/9/2026,SARI,12/10/2022,Adults,285
2/9/2026,SARI,12/10/2022,Overall,408
2/9/2026,SARI,12/10/2022,Pediatrics,123
2/9/2026,SARI,12/17/2022,Adults,309
2/9/2026,SARI,12/17/2022,Overall,457
2/9/2026,SARI,12/17/2022,Pediatrics,148
2/9/2026,SARI,12/24/2022,Adults,357
2/9/2026,SARI,12/24/2022,Overall,465
2/9/2026,SARI,12/24/2022,Pediatrics,108
2/9/2026,SARI,12/31/2022,Adults,324
2/9/2026,SARI,12/31/2022,Overall,407
2/9/2026,SARI,12/31/2022,Pediatrics,83
2/9/2026,SARI,1/7/2023,Adults,330
2/9/2026,SARI,1/7/2023,Overall,448
2/9/2026,SARI,1/7/2023,Pediatrics,118
2/9/2026,SARI,1/14/2023,Adults,237
2/9/2026,SARI,1/14/2023,Overall,359
2/9/2026,SARI,1/14/2023,Pediatrics,122
2/9/2026,SARI,1/21/2023,Adults,195
2/9/2026,SARI,1/21/2023,Overall,304
2/9/2026,SARI,1/21/2023,Pediatrics,109
2/9/2026,SARI,1/28/2023,Adults,135
2/9/2026,SARI,1/28/2023,Overall,226
2/9/2026,SARI,1/28/2023,Pediatrics,91
2/9/2026,SARI,2/4/2023,Adults,133
2/9/2026,SARI,2/4/2023,Overall,254
2/9/2026,SARI,2/4/2023,Pediatrics,121
2/9/2026,SARI,2/11/2023,Adults,100
2/9/2026,SARI,2/11/2023,Overall,222
2/9/2026,SARI,2/11/2023,Pediatrics,122
2/9/2026,SARI,2/18/2023,Adults,107
2/9/2026,SARI,2/18/2023,Overall,204
2/9/2026,SARI,2/18/2023,Pediatrics,97
2/9/2026,SARI,2/25/2023,Adults,100
2/9/2026,SARI,2/25/2023,Overall,200
2/9/2026,SARI,2/25/2023,Pediatrics,100
2/9/2026,SARI,3/4/2023,Adults,137
2/9/2026,SARI,3/4/2023,Overall,289
2/9/2026,SARI,3/4/2023,Pediatrics,152
2/9/2026,SARI,3/11/2023,Adults,104
2/9/2026,SARI,3/11/2023,Overall,300
2/9/2026,SARI,3/11/2023,Pediatrics,196
2/9/2026,SARI,3/18/2023,Adults,92
2/9/2026,SARI,3/18/2023,Overall,249
2/9/2026,SARI,3/18/2023,Pediatrics,157
2/9/2026,SARI,3/25/2023,Adults,83
2/9/2026,SARI,3/25/2023,Overall,238
2/9/2026,SARI,3/25/2023,Pediatrics,155
2/9/2026,SARI,4/1/2023,Adults,78
2/9/2026,SARI,4/1/2023,Overall,251
2/9/2026,SARI,4/1/2023,Pediatrics,173
2/9/2026,SARI,4/8/2023,Adults,90
2/9/2026,SARI,4/8/2023,Overall,275
2/9/2026,SARI,4/8/2023,Pediatrics,185
2/9/2026,SARI,4/15/2023,Adults,102
2/9/2026,SARI,4/15/2023,Overall,297
2/9/2026,SARI,4/15/2023,Pediatrics,195
2/9/2026,SARI,4/22/2023,Adults,91
2/9/2026,SARI,4/22/2023,Overall,320
2/9/2026,SARI,4/22/2023,Pediatrics,229
2/9/2026,SARI,4/29/2023,Adults,92
2/9/2026,SARI,4/29/2023,Overall,415
2/9/2026,SARI,4/29/2023,Pediatrics,323
2/9/2026,SARI,5/6/2023,Adults,102
2/9/2026,SARI,5/6/2023,Overall,484
2/9/2026,SARI,5/6/2023,Pediatrics,382
2/9/2026,SARI,5/13/2023,Adults,118
2/9/2026,SARI,5/13/2023,Overall,544
2/9/2026,SARI,5/13/2023,Pediatrics,426
2/9/2026,SARI,5/20/2023,Adults,113
2/9/2026,SARI,5/20/2023,Overall,596
2/9/2026,SARI,5/20/2023,Pediatrics,483
2/9/2026,SARI,5/27/2023,Adults,119
2/9/2026,SARI,5/27/2023,Overall,680
2/9/2026,SARI,5/27/2023,Pediatrics,561
2/9/2026,SARI,6/3/2023,Adults,182
2/9/2026,SARI,6/3/2023,Overall,706
2/9/2026,SARI,6/3/2023,Pediatrics,524
2/9/2026,SARI,6/10/2023,Adults,190
2/9/2026,SARI,6/10/2023,Overall,742
2/9/2026,SARI,6/10/2023,Pediatrics,552
2/9/2026,SARI,6/17/2023,Adults,196
2/9/2026,SARI,6/17/2023,Overall,633
2/9/2026,SARI,6/17/2023,Pediatrics,437
2/9/2026,SARI,6/24/2023,Adults,264
2/9/2026,SARI,6/24/2023,Overall,703
2/9/2026,SARI,6/24/2023,Pediatrics,439
2/9/2026,SARI,7/1/2023,Adults,257
2/9/2026,SARI,7/1/2023,Overall,675
2/9/2026,SARI,7/1/2023,Pediatrics,418
2/9/2026,SARI,7/8/2023,Adults,229
2/9/2026,SARI,7/8/2023,Overall,582
2/9/2026,SARI,7/8/2023,Pediatrics,353
2/9/2026,SARI,7/15/2023,Adults,191
2/9/2026,SARI,7/15/2023,Overall,524
2/9/2026,SARI,7/15/2023,Pediatrics,333
2/9/2026,SARI,7/22/2023,Adults,188
2/9/2026,SARI,7/22/2023,Overall,451
2/9/2026,SARI,7/22/2023,Pediatrics,263
2/9/2026,SARI,7/29/2023,Adults,153
2/9/2026,SARI,7/29/2023,Overall,379
2/9/2026,SARI,7/29/2023,Pediatrics,226
2/9/2026,SARI,8/5/2023,Adults,176
2/9/2026,SARI,8/5/2023,Overall,391
2/9/2026,SARI,8/5/2023,Pediatrics,215
2/9/2026,SARI,8/12/2023,Adults,147
2/9/2026,SARI,8/12/2023,Overall,409
2/9/2026,SARI,8/12/2023,Pediatrics,262
2/9/2026,SARI,8/19/2023,Adults,164
2/9/2026,SARI,8/19/2023,Overall,404
2/9/2026,SARI,8/19/2023,Pediatrics,240
2/9/2026,SARI,8/26/2023,Adults,178
2/9/2026,SARI,8/26/2023,Overall,408
2/9/2026,SARI,8/26/2023,Pediatrics,230
2/9/2026,SARI,9/2/2023,Adults,191
2/9/2026,SARI,9/2/2023,Overall,443
2/9/2026,SARI,9/2/2023,Pediatrics,252
2/9/2026,SARI,9/9/2023,Adults,184
2/9/2026,SARI,9/9/2023,Overall,417
2/9/2026,SARI,9/9/2023,Pediatrics,233
2/9/2026,SARI,9/16/2023,Adults,175
2/9/2026,SARI,9/16/2023,Overall,434
2/9/2026,SARI,9/16/2023,Pediatrics,259
2/9/2026,SARI,9/23/2023,Adults,170
2/9/2026,SARI,9/23/2023,Overall,396
2/9/2026,SARI,9/23/2023,Pediatrics,226
2/9/2026,SARI,9/30/2023,Adults,109
2/9/2026,SARI,9/30/2023,Overall,290
2/9/2026,SARI,9/30/2023,Pediatrics,181
2/9/2026,SARI,10/7/2023,Adults,111
2/9/2026,SARI,10/7/2023,Overall,301
2/9/2026,SARI,10/7/2023,Pediatrics,190
2/9/2026,SARI,10/14/2023,Adults,114
2/9/2026,SARI,10/14/2023,Overall,305
2/9/2026,SARI,10/14/2023,Pediatrics,191
2/9/2026,SARI,10/21/2023,Adults,114
2/9/2026,SARI,10/21/2023,Overall,278
2/9/2026,SARI,10/21/2023,Pediatrics,164
2/9/2026,SARI,10/28/2023,Adults,75
2/9/2026,SARI,10/28/2023,Overall,191
2/9/2026,SARI,10/28/2023,Pediatrics,116
2/9/2026,SARI,11/4/2023,Adults,81
2/9/2026,SARI,11/4/2023,Overall,210
2/9/2026,SARI,11/4/2023,Pediatrics,129
2/9/2026,SARI,11/11/2023,Adults,85
2/9/2026,SARI,11/11/2023,Overall,201
2/9/2026,SARI,11/11/2023,Pediatrics,116
2/9/2026,SARI,11/18/2023,Adults,79
2/9/2026,SARI,11/18/2023,Overall,192
2/9/2026,SARI,11/18/2023,Pediatrics,113
2/9/2026,SARI,11/25/2023,Adults,74
2/9/2026,SARI,11/25/2023,Overall,168
2/9/2026,SARI,11/25/2023,Pediatrics,94
2/9/2026,SARI,12/2/2023,Adults,70
2/9/2026,SARI,12/2/2023,Overall,168
2/9/2026,SARI,12/2/2023,Pediatrics,98
2/9/2026,SARI,12/9/2023,Adults,64
2/9/2026,SARI,12/9/2023,Overall,130
2/9/2026,SARI,12/9/2023,Pediatrics,66
2/9/2026,SARI,12/16/2023,Adults,66
2/9/2026,SARI,12/16/2023,Overall,135
2/9/2026,SARI,12/16/2023,Pediatrics,69
2/9/2026,SARI,12/23/2023,Adults,56
2/9/2026,SARI,12/23/2023,Overall,102
2/9/2026,SARI,12/23/2023,Pediatrics,46
2/9/2026,SARI,12/30/2023,Adults,46
2/9/2026,SARI,12/30/2023,Overall,87
2/9/2026,SARI,12/30/2023,Pediatrics,41
2/9/2026,SARI,1/6/2024,Adults,95
2/9/2026,SARI,1/6/2024,Overall,160
2/9/2026,SARI,1/6/2024,Pediatrics,65
2/9/2026,SARI,1/13/2024,Adults,126
2/9/2026,SARI,1/13/2024,Overall,197
2/9/2026,SARI,1/13/2024,Pediatrics,71
2/9/2026,SARI,1/20/2024,Adults,165
2/9/2026,SARI,1/20/2024,Overall,247
2/9/2026,SARI,1/20/2024,Pediatrics,82
2/9/2026,SARI,1/27/2024,Adults,160
2/9/2026,SARI,1/27/2024,Overall,253
2/9/2026,SARI,1/27/2024,Pediatrics,93
2/9/2026,SARI,2/3/2024,Adults,165
2/9/2026,SARI,2/3/2024,Overall,252
2/9/2026,SARI,2/3/2024,Pediatrics,87
2/9/2026,SARI,2/10/2024,Adults,131
2/9/2026,SARI,2/10/2024,Overall,205
2/9/2026,SARI,2/10/2024,Pediatrics,74
2/9/2026,SARI,2/17/2024,Adults,114
2/9/2026,SARI,2/17/2024,Overall,176
2/9/2026,SARI,2/17/2024,Pediatrics,62
2/9/2026,SARI,2/24/2024,Adults,120
2/9/2026,SARI,2/24/2024,Overall,176
2/9/2026,SARI,2/24/2024,Pediatrics,56
2/9/2026,SARI,3/2/2024,Adults,92
2/9/2026,SARI,3/2/2024,Overall,155
2/9/2026,SARI,3/2/2024,Pediatrics,63
2/9/2026,SARI,3/9/2024,Adults,93
2/9/2026,SARI,3/9/2024,Overall,164
2/9/2026,SARI,3/9/2024,Pediatrics,71
2/9/2026,SARI,3/16/2024,Adults,94
2/9/2026,SARI,3/16/2024,Overall,213
2/9/2026,SARI,3/16/2024,Pediatrics,119
2/9/2026,SARI,3/23/2024,Adults,92
2/9/2026,SARI,3/23/2024,Overall,209
2/9/2026,SARI,3/23/2024,Pediatrics,117
2/9/2026,SARI,3/30/2024,Adults,96
2/9/2026,SARI,3/30/2024,Overall,207
2/9/2026,SARI,3/30/2024,Pediatrics,111
2/9/2026,SARI,4/6/2024,Adults,111
2/9/2026,SARI,4/6/2024,Overall,223
2/9/2026,SARI,4/6/2024,Pediatrics,112
2/9/2026,SARI,4/13/2024,Adults,95
2/9/2026,SARI,4/13/2024,Overall,198
2/9/2026,SARI,4/13/2024,Pediatrics,103
2/9/2026,SARI,4/20/2024,Adults,107
2/9/2026,SARI,4/20/2024,Overall,212
2/9/2026,SARI,4/20/2024,Pediatrics,105
2/9/2026,SARI,4/27/2024,Adults,97
2/9/2026,SARI,4/27/2024,Overall,241
2/9/2026,SARI,4/27/2024,Pediatrics,144
2/9/2026,SARI,5/4/2024,Adults,129
2/9/2026,SARI,5/4/2024,Overall,287
2/9/2026,SARI,5/4/2024,Pediatrics,158
2/9/2026,SARI,5/11/2024,Adults,151
2/9/2026,SARI,5/11/2024,Overall,338
2/9/2026,SARI,5/11/2024,Pediatrics,187
2/9/2026,SARI,5/18/2024,Adults,230
2/9/2026,SARI,5/18/2024,Overall,557
2/9/2026,SARI,5/18/2024,Pediatrics,327
2/9/2026,SARI,5/25/2024,Adults,333
2/9/2026,SARI,5/25/2024,Overall,746
2/9/2026,SARI,5/25/2024,Pediatrics,413
2/9/2026,SARI,6/1/2024,Adults,524
2/9/2026,SARI,6/1/2024,Overall,1053
2/9/2026,SARI,6/1/2024,Pediatrics,529
2/9/2026,SARI,6/8/2024,Adults,553
2/9/2026,SARI,6/8/2024,Overall,1270
2/9/2026,SARI,6/8/2024,Pediatrics,717
2/9/2026,SARI,6/15/2024,Adults,454
2/9/2026,SARI,6/15/2024,Overall,1031
2/9/2026,SARI,6/15/2024,Pediatrics,577
2/9/2026,SARI,6/22/2024,Adults,315
2/9/2026,SARI,6/22/2024,Overall,832
2/9/2026,SARI,6/22/2024,Pediatrics,517
2/9/2026,SARI,6/29/2024,Adults,277
2/9/2026,SARI,6/29/2024,Overall,825
2/9/2026,SARI,6/29/2024,Pediatrics,548
2/9/2026,SARI,7/6/2024,Adults,317
2/9/2026,SARI,7/6/2024,Overall,891
2/9/2026,SARI,7/6/2024,Pediatrics,574
2/9/2026,SARI,7/13/2024,Adults,251
2/9/2026,SARI,7/13/2024,Overall,830
2/9/2026,SARI,7/13/2024,Pediatrics,579
2/9/2026,SARI,7/20/2024,Adults,299
2/9/2026,SARI,7/20/2024,Overall,877
2/9/2026,SARI,7/20/2024,Pediatrics,578
2/9/2026,SARI,7/27/2024,Adults,229
2/9/2026,SARI,7/27/2024,Overall,707
2/9/2026,SARI,7/27/2024,Pediatrics,478
2/9/2026,SARI,8/3/2024,Adults,209
2/9/2026,SARI,8/3/2024,Overall,662
2/9/2026,SARI,8/3/2024,Pediatrics,453
2/9/2026,SARI,8/10/2024,Adults,184
2/9/2026,SARI,8/10/2024,Overall,668
2/9/2026,SARI,8/10/2024,Pediatrics,484
2/9/2026,SARI,8/17/2024,Adults,172
2/9/2026,SARI,8/17/2024,Overall,645
2/9/2026,SARI,8/17/2024,Pediatrics,473
2/9/2026,SARI,8/24/2024,Adults,175
2/9/2026,SARI,8/24/2024,Overall,642
2/9/2026,SARI,8/24/2024,Pediatrics,467
2/9/2026,SARI,8/31/2024,Adults,174
2/9/2026,SARI,8/31/2024,Overall,596
2/9/2026,SARI,8/31/2024,Pediatrics,422
2/9/2026,SARI,9/7/2024,Adults,210
2/9/2026,SARI,9/7/2024,Overall,718
2/9/2026,SARI,9/7/2024,Pediatrics,508
2/9/2026,SARI,9/14/2024,Adults,194
2/9/2026,SARI,9/14/2024,Overall,616
2/9/2026,SARI,9/14/2024,Pediatrics,422
2/9/2026,SARI,9/21/2024,Adults,178
2/9/2026,SARI,9/21/2024,Overall,598
2/9/2026,SARI,9/21/2024,Pediatrics,420
2/9/2026,SARI,9/28/2024,Adults,159
2/9/2026,SARI,9/28/2024,Overall,492
2/9/2026,SARI,9/28/2024,Pediatrics,333
2/9/2026,SARI,10/5/2024,Adults,199
2/9/2026,SARI,10/5/2024,Overall,511
2/9/2026,SARI,10/5/2024,Pediatrics,312
2/9/2026,SARI,10/12/2024,Adults,151
2/9/2026,SARI,10/12/2024,Overall,401
2/9/2026,SARI,10/12/2024,Pediatrics,250
2/9/2026,SARI,10/19/2024,Adults,165
2/9/2026,SARI,10/19/2024,Overall,424
2/9/2026,SARI,10/19/2024,Pediatrics,259
2/9/2026,SARI,10/26/2024,Adults,131
2/9/2026,SARI,10/26/2024,Overall,394
2/9/2026,SARI,10/26/2024,Pediatrics,263
2/9/2026,SARI,11/2/2024,Adults,116
2/9/2026,SARI,11/2/2024,Overall,353
2/9/2026,SARI,11/2/2024,Pediatrics,237
2/9/2026,SARI,11/9/2024,Adults,102
2/9/2026,SARI,11/9/2024,Overall,259
2/9/2026,SARI,11/9/2024,Pediatrics,157
2/9/2026,SARI,11/16/2024,Adults,112
2/9/2026,SARI,11/16/2024,Overall,284
2/9/2026,SARI,11/16/2024,Pediatrics,172
2/9/2026,SARI,11/23/2024,Adults,84
2/9/2026,SARI,11/23/2024,Overall,242
2/9/2026,SARI,11/23/2024,Pediatrics,158
2/9/2026,SARI,11/30/2024,Adults,73
2/9/2026,SARI,11/30/2024,Overall,221
2/9/2026,SARI,11/30/2024,Pediatrics,148
2/9/2026,SARI,12/7/2024,Adults,86
2/9/2026,SARI,12/7/2024,Overall,197
2/9/2026,SARI,12/7/2024,Pediatrics,111
2/9/2026,SARI,12/14/2024,Adults,90
2/9/2026,SARI,12/14/2024,Overall,202
2/9/2026,SARI,12/14/2024,Pediatrics,112
2/9/2026,SARI,12/21/2024,Adults,88
2/9/2026,SARI,12/21/2024,Overall,151
2/9/2026,SARI,12/21/2024,Pediatrics,63
2/9/2026,SARI,12/28/2024,Adults,60
2/9/2026,SARI,12/28/2024,Overall,113
2/9/2026,SARI,12/28/2024,Pediatrics,53
2/9/2026,SARI,1/4/2025,Adults,99
2/9/2026,SARI,1/4/2025,Overall,197
2/9/2026,SARI,1/4/2025,Pediatrics,98
2/9/2026,SARI,1/11/2025,Adults,97
2/9/2026,SARI,1/11/2025,Overall,175
2/9/2026,SARI,1/11/2025,Pediatrics,78
2/9/2026,SARI,1/18/2025,Adults,78
2/9/2026,SARI,1/18/2025,Overall,150
2/9/2026,SARI,1/18/2025,Pediatrics,72
2/9/2026,SARI,1/25/2025,Adults,81
2/9/2026,SARI,1/25/2025,Overall,163
2/9/2026,SARI,1/25/2025,Pediatrics,82
2/9/2026,SARI,2/1/2025,Adults,92
2/9/2026,SARI,2/1/2025,Overall,153
2/9/2026,SARI,2/1/2025,Pediatrics,61
2/9/2026,SARI,2/8/2025,Adults,86
2/9/2026,SARI,2/8/2025,Overall,172
2/9/2026,SARI,2/8/2025,Pediatrics,86
2/9/2026,SARI,2/15/2025,Adults,90
2/9/2026,SARI,2/15/2025,Overall,170
2/9/2026,SARI,2/15/2025,Pediatrics,80
2/9/2026,SARI,2/22/2025,Adults,86
2/9/2026,SARI,2/22/2025,Overall,164
2/9/2026,SARI,2/22/2025,Pediatrics,78
2/9/2026,SARI,3/1/2025,Adults,102
2/9/2026,SARI,3/1/2025,Overall,175
2/9/2026,SARI,3/1/2025,Pediatrics,73
2/9/2026,SARI,3/8/2025,Adults,101
2/9/2026,SARI,3/8/2025,Overall,181
2/9/2026,SARI,3/8/2025,Pediatrics,80
2/9/2026,SARI,3/15/2025,Adults,117
2/9/2026,SARI,3/15/2025,Overall,227
2/9/2026,SARI,3/15/2025,Pediatrics,110
2/9/2026,SARI,3/22/2025,Adults,158
2/9/2026,SARI,3/22/2025,Overall,320
2/9/2026,SARI,3/22/2025,Pediatrics,162
2/9/2026,SARI,3/29/2025,Adults,156
2/9/2026,SARI,3/29/2025,Overall,326
2/9/2026,SARI,3/29/2025,Pediatrics,170
2/9/2026,SARI,4/5/2025,Adults,150
2/9/2026,SARI,4/5/2025,Overall,292
2/9/2026,SARI,4/5/2025,Pediatrics,142
2/9/2026,SARI,4/12/2025,Adults,153
2/9/2026,SARI,4/12/2025,Overall,307
2/9/2026,SARI,4/12/2025,Pediatrics,154
2/9/2026,SARI,4/19/2025,Adults,153
2/9/2026,SARI,4/19/2025,Overall,334
2/9/2026,SARI,4/19/2025,Pediatrics,181
2/9/2026,SARI,4/26/2025,Adults,207
2/9/2026,SARI,4/26/2025,Overall,378
2/9/2026,SARI,4/26/2025,Pediatrics,171
2/9/2026,SARI,5/3/2025,Adults,190
2/9/2026,SARI,5/3/2025,Overall,402
2/9/2026,SARI,5/3/2025,Pediatrics,212
2/9/2026,SARI,5/10/2025,Adults,202
2/9/2026,SARI,5/10/2025,Overall,408
2/9/2026,SARI,5/10/2025,Pediatrics,206
2/9/2026,SARI,5/17/2025,Adults,235
2/9/2026,SARI,5/17/2025,Overall,486
2/9/2026,SARI,5/17/2025,Pediatrics,251
2/9/2026,SARI,5/24/2025,Adults,292
2/9/2026,SARI,5/24/2025,Overall,608
2/9/2026,SARI,5/24/2025,Pediatrics,316
2/9/2026,SARI,5/31/2025,Adults,347
2/9/2026,SARI,5/31/2025,Overall,710
2/9/2026,SARI,5/31/2025,Pediatrics,363
2/9/2026,SARI,6/7/2025,Adults,515
2/9/2026,SARI,6/7/2025,Overall,1046
2/9/2026,SARI,6/7/2025,Pediatrics,531
2/9/2026,SARI,6/14/2025,Adults,582
2/9/2026,SARI,6/14/2025,Overall,1092
2/9/2026,SARI,6/14/2025,Pediatrics,510
2/9/2026,SARI,6/21/2025,Adults,503
2/9/2026,SARI,6/21/2025,Overall,1009
2/9/2026,SARI,6/21/2025,Pediatrics,506
2/9/2026,SARI,6/28/2025,Adults,458
2/9/2026,SARI,6/28/2025,Overall,915
2/9/2026,SARI,6/28/2025,Pediatrics,457
2/9/2026,SARI,7/5/2025,Adults,422
2/9/2026,SARI,7/5/2025,Overall,971
2/9/2026,SARI,7/5/2025,Pediatrics,549
2/9/2026,SARI,7/12/2025,Adults,320
2/9/2026,SARI,7/12/2025,Overall,838
2/9/2026,SARI,7/12/2025,Pediatrics,518
2/9/2026,SARI,7/19/2025,Adults,224
2/9/2026,SARI,7/19/2025,Overall,798
2/9/2026,SARI,7/19/2025,Pediatrics,574
2/9/2026,SARI,7/26/2025,Adults,172
2/9/2026,SARI,7/26/2025,Overall,665
2/9/2026,SARI,7/26/2025,Pediatrics,493
2/9/2026,SARI,8/2/2025,Adults,177
2/9/2026,SARI,8/2/2025,Overall,726
2/9/2026,SARI,8/2/2025,Pediatrics,549
2/9/2026,SARI,8/9/2025,Adults,187
2/9/2026,SARI,8/9/2025,Overall,695
2/9/2026,SARI,8/9/2025,Pediatrics,508
2/9/2026,SARI,8/16/2025,Adults,161
2/9/2026,SARI,8/16/2025,Overall,701
2/9/2026,SARI,8/16/2025,Pediatrics,540
2/9/2026,SARI,8/23/2025,Adults,168
2/9/2026,SARI,8/23/2025,Overall,708
2/9/2026,SARI,8/23/2025,Pediatrics,540
2/9/2026,SARI,8/30/2025,Adults,146
2/9/2026,SARI,8/30/2025,Overall,600
2/9/2026,SARI,8/30/2025,Pediatrics,454
2/9/2026,SARI,9/6/2025,Adults,164
2/9/2026,SARI,9/6/2025,Overall,591
2/9/2026,SARI,9/6/2025,Pediatrics,427
2/9/2026,SARI,9/13/2025,Adults,164
2/9/2026,SARI,9/13/2025,Overall,571
2/9/2026,SARI,9/13/2025,Pediatrics,407
2/9/2026,SARI,9/20/2025,Adults,158
2/9/2026,SARI,9/20/2025,Overall,520
2/9/2026,SARI,9/20/2025,Pediatrics,362
2/9/2026,SARI,9/27/2025,Adults,132
2/9/2026,SARI,9/27/2025,Overall,430
2/9/2026,SARI,9/27/2025,Pediatrics,298
2/9/2026,SARI,10/4/2025,Adults,126
2/9/2026,SARI,10/4/2025,Overall,425
2/9/2026,SARI,10/4/2025,Pediatrics,299
2/9/2026,SARI,10/11/2025,Adults,110
2/9/2026,SARI,10/11/2025,Overall,383
2/9/2026,SARI,10/11/2025,Pediatrics,273
2/9/2026,SARI,10/18/2025,Adults,121
2/9/2026,SARI,10/18/2025,Overall,346
2/9/2026,SARI,10/18/2025,Pediatrics,225
2/9/2026,SARI,10/25/2025,Adults,116
2/9/2026,SARI,10/25/2025,Overall,338
2/9/2026,SARI,10/25/2025,Pediatrics,222
2/9/2026,SARI,11/1/2025,Adults,100
2/9/2026,SARI,11/1/2025,Overall,259
2/9/2026,SARI,11/1/2025,Pediatrics,159
2/9/2026,SARI,11/8/2025,Adults,91
2/9/2026,SARI,11/8/2025,Overall,309
2/9/2026,SARI,11/8/2025,Pediatrics,218
2/9/2026,SARI,11/15/2025,Adults,116
2/9/2026,SARI,11/15/2025,Overall,276
2/9/2026,SARI,11/15/2025,Pediatrics,160
2/9/2026,SARI,11/22/2025,Adults,77
2/9/2026,SARI,11/22/2025,Overall,214
2/9/2026,SARI,11/22/2025,Pediatrics,137
2/9/2026,SARI,11/29/2025,Adults,61
2/9/2026,SARI,11/29/2025,Overall,174
2/9/2026,SARI,11/29/2025,Pediatrics,113
2/9/2026,SARI,12/6/2025,Adults,83
2/9/2026,SARI,12/6/2025,Overall,187
2/9/2026,SARI,12/6/2025,Pediatrics,104
2/9/2026,SARI,12/13/2025,Adults,89
2/9/2026,SARI,12/13/2025,Overall,191
2/9/2026,SARI,12/13/2025,Pediatrics,102
2/9/2026,SARI,12/20/2025,Adults,65
2/9/2026,SARI,12/20/2025,Overall,137
2/9/2026,SARI,12/20/2025,Pediatrics,72
2/9/2026,SARI,12/27/2025,Adults,93
2/9/2026,SARI,12/27/2025,Overall,145
2/9/2026,SARI,12/27/2025,Pediatrics,52
2/9/2026,SARI,1/3/2026,Adults,52
2/9/2026,SARI,1/3/2026,Overall,99
2/9/2026,SARI,1/3/2026,Pediatrics,47
2/9/2026,SARI,1/10/2026,Adults,87
2/9/2026,SARI,1/10/2026,Overall,161
2/9/2026,SARI,1/10/2026,Pediatrics,74
2/9/2026,SARI,1/17/2026,Adults,71
2/9/2026,SARI,1/17/2026,Overall,129
2/9/2026,SARI,1/17/2026,Pediatrics,58
2/9/2026,SARI,1/24/2026,Adults,62
2/9/2026,SARI,1/24/2026,Overall,120
2/9/2026,SARI,1/24/2026,Pediatrics,58
2/23/2026,SARI,1/8/2022,Adults,1023
2/23/2026,SARI,1/8/2022,Overall,1186
2/23/2026,SARI,1/8/2022,Pediatrics,163
2/23/2026,SARI,1/15/2022,Adults,1251
2/23/2026,SARI,1/15/2022,Overall,1423
2/23/2026,SARI,1/15/2022,Pediatrics,172
2/23/2026,SARI,1/22/2022,Adults,1113
2/23/2026,SARI,1/22/2022,Overall,1303
2/23/2026,SARI,1/22/2022,Pediatrics,190
2/23/2026,SARI,1/29/2022,Adults,769
2/23/2026,SARI,1/29/2022,Overall,907
2/23/2026,SARI,1/29/2022,Pediatrics,138
2/23/2026,SARI,2/5/2022,Adults,587
2/23/2026,SARI,2/5/2022,Overall,698
2/23/2026,SARI,2/5/2022,Pediatrics,111
2/23/2026,SARI,2/12/2022,Adults,420
2/23/2026,SARI,2/12/2022,Overall,537
2/23/2026,SARI,2/12/2022,Pediatrics,117
2/23/2026,SARI,2/19/2022,Adults,473
2/23/2026,SARI,2/19/2022,Overall,604
2/23/2026,SARI,2/19/2022,Pediatrics,131
2/23/2026,SARI,2/26/2022,Adults,430
2/23/2026,SARI,2/26/2022,Overall,551
2/23/2026,SARI,2/26/2022,Pediatrics,121
2/23/2026,SARI,3/5/2022,Adults,533
2/23/2026,SARI,3/5/2022,Overall,702
2/23/2026,SARI,3/5/2022,Pediatrics,169
2/23/2026,SARI,3/12/2022,Adults,502
2/23/2026,SARI,3/12/2022,Overall,730
2/23/2026,SARI,3/12/2022,Pediatrics,228
2/23/2026,SARI,3/19/2022,Adults,518
2/23/2026,SARI,3/19/2022,Overall,772
2/23/2026,SARI,3/19/2022,Pediatrics,254
2/23/2026,SARI,3/26/2022,Adults,437
2/23/2026,SARI,3/26/2022,Overall,633
2/23/2026,SARI,3/26/2022,Pediatrics,196
2/23/2026,SARI,4/2/2022,Adults,377
2/23/2026,SARI,4/2/2022,Overall,567
2/23/2026,SARI,4/2/2022,Pediatrics,190
2/23/2026,SARI,4/9/2022,Adults,349
2/23/2026,SARI,4/9/2022,Overall,573
2/23/2026,SARI,4/9/2022,Pediatrics,224
2/23/2026,SARI,4/16/2022,Adults,302
2/23/2026,SARI,4/16/2022,Overall,511
2/23/2026,SARI,4/16/2022,Pediatrics,209
2/23/2026,SARI,4/23/2022,Adults,271
2/23/2026,SARI,4/23/2022,Overall,496
2/23/2026,SARI,4/23/2022,Pediatrics,225
2/23/2026,SARI,4/30/2022,Adults,267
2/23/2026,SARI,4/30/2022,Overall,547
2/23/2026,SARI,4/30/2022,Pediatrics,280
2/23/2026,SARI,5/7/2022,Adults,312
2/23/2026,SARI,5/7/2022,Overall,613
2/23/2026,SARI,5/7/2022,Pediatrics,301
2/23/2026,SARI,5/14/2022,Adults,343
2/23/2026,SARI,5/14/2022,Overall,761
2/23/2026,SARI,5/14/2022,Pediatrics,418
2/23/2026,SARI,5/21/2022,Adults,394
2/23/2026,SARI,5/21/2022,Overall,898
2/23/2026,SARI,5/21/2022,Pediatrics,504
2/23/2026,SARI,5/28/2022,Adults,419
2/23/2026,SARI,5/28/2022,Overall,846
2/23/2026,SARI,5/28/2022,Pediatrics,427
2/23/2026,SARI,6/4/2022,Adults,457
2/23/2026,SARI,6/4/2022,Overall,925
2/23/2026,SARI,6/4/2022,Pediatrics,468
2/23/2026,SARI,6/11/2022,Adults,482
2/23/2026,SARI,6/11/2022,Overall,1042
2/23/2026,SARI,6/11/2022,Pediatrics,560
2/23/2026,SARI,6/18/2022,Adults,429
2/23/2026,SARI,6/18/2022,Overall,918
2/23/2026,SARI,6/18/2022,Pediatrics,489
2/23/2026,SARI,6/25/2022,Adults,416
2/23/2026,SARI,6/25/2022,Overall,824
2/23/2026,SARI,6/25/2022,Pediatrics,408
2/23/2026,SARI,7/2/2022,Adults,483
2/23/2026,SARI,7/2/2022,Overall,871
2/23/2026,SARI,7/2/2022,Pediatrics,388
2/23/2026,SARI,7/9/2022,Adults,440
2/23/2026,SARI,7/9/2022,Overall,868
2/23/2026,SARI,7/9/2022,Pediatrics,428
2/23/2026,SARI,7/16/2022,Adults,462
2/23/2026,SARI,7/16/2022,Overall,821
2/23/2026,SARI,7/16/2022,Pediatrics,359
2/23/2026,SARI,7/23/2022,Adults,490
2/23/2026,SARI,7/23/2022,Overall,833
2/23/2026,SARI,7/23/2022,Pediatrics,343
2/23/2026,SARI,7/30/2022,Adults,422
2/23/2026,SARI,7/30/2022,Overall,701
2/23/2026,SARI,7/30/2022,Pediatrics,279
2/23/2026,SARI,8/6/2022,Adults,403
2/23/2026,SARI,8/6/2022,Overall,675
2/23/2026,SARI,8/6/2022,Pediatrics,272
2/23/2026,SARI,8/13/2022,Adults,348
2/23/2026,SARI,8/13/2022,Overall,652
2/23/2026,SARI,8/13/2022,Pediatrics,304
2/23/2026,SARI,8/20/2022,Adults,307
2/23/2026,SARI,8/20/2022,Overall,655
2/23/2026,SARI,8/20/2022,Pediatrics,348
2/23/2026,SARI,8/27/2022,Adults,286
2/23/2026,SARI,8/27/2022,Overall,595
2/23/2026,SARI,8/27/2022,Pediatrics,309
2/23/2026,SARI,9/3/2022,Adults,282
2/23/2026,SARI,9/3/2022,Overall,611
2/23/2026,SARI,9/3/2022,Pediatrics,329
2/23/2026,SARI,9/10/2022,Adults,305
2/23/2026,SARI,9/10/2022,Overall,616
2/23/2026,SARI,9/10/2022,Pediatrics,311
2/23/2026,SARI,9/17/2022,Adults,235
2/23/2026,SARI,9/17/2022,Overall,525
2/23/2026,SARI,9/17/2022,Pediatrics,290
2/23/2026,SARI,9/24/2022,Adults,242
2/23/2026,SARI,9/24/2022,Overall,502
2/23/2026,SARI,9/24/2022,Pediatrics,260
2/23/2026,SARI,10/1/2022,Adults,255
2/23/2026,SARI,10/1/2022,Overall,561
2/23/2026,SARI,10/1/2022,Pediatrics,306
2/23/2026,SARI,10/8/2022,Adults,208
2/23/2026,SARI,10/8/2022,Overall,480
2/23/2026,SARI,10/8/2022,Pediatrics,272
2/23/2026,SARI,10/15/2022,Adults,272
2/23/2026,SARI,10/15/2022,Overall,545
2/23/2026,SARI,10/15/2022,Pediatrics,273
2/23/2026,SARI,10/22/2022,Adults,267
2/23/2026,SARI,10/22/2022,Overall,591
2/23/2026,SARI,10/22/2022,Pediatrics,324
2/23/2026,SARI,10/29/2022,Adults,223
2/23/2026,SARI,10/29/2022,Overall,501
2/23/2026,SARI,10/29/2022,Pediatrics,278
2/23/2026,SARI,11/5/2022,Adults,230
2/23/2026,SARI,11/5/2022,Overall,481
2/23/2026,SARI,11/5/2022,Pediatrics,251
2/23/2026,SARI,11/12/2022,Adults,194
2/23/2026,SARI,11/12/2022,Overall,433
2/23/2026,SARI,11/12/2022,Pediatrics,239
2/23/2026,SARI,11/19/2022,Adults,161
2/23/2026,SARI,11/19/2022,Overall,329
2/23/2026,SARI,11/19/2022,Pediatrics,168
2/23/2026,SARI,11/26/2022,Adults,152
2/23/2026,SARI,11/26/2022,Overall,282
2/23/2026,SARI,11/26/2022,Pediatrics,130
2/23/2026,SARI,12/3/2022,Adults,189
2/23/2026,SARI,12/3/2022,Overall,323
2/23/2026,SARI,12/3/2022,Pediatrics,134
2/23/2026,SARI,12/10/2022,Adults,285
2/23/2026,SARI,12/10/2022,Overall,408
2/23/2026,SARI,12/10/2022,Pediatrics,123
2/23/2026,SARI,12/17/2022,Adults,309
2/23/2026,SARI,12/17/2022,Overall,457
2/23/2026,SARI,12/17/2022,Pediatrics,148
2/23/2026,SARI,12/24/2022,Adults,357
2/23/2026,SARI,12/24/2022,Overall,465
2/23/2026,SARI,12/24/2022,Pediatrics,108
2/23/2026,SARI,12/31/2022,Adults,324
2/23/2026,SARI,12/31/2022,Overall,407
2/23/2026,SARI,12/31/2022,Pediatrics,83
2/23/2026,SARI,1/7/2023,Adults,330
2/23/2026,SARI,1/7/2023,Overall,448
2/23/2026,SARI,1/7/2023,Pediatrics,118
2/23/2026,SARI,1/14/2023,Adults,237
2/23/2026,SARI,1/14/2023,Overall,359
2/23/2026,SARI,1/14/2023,Pediatrics,122
2/23/2026,SARI,1/21/2023,Adults,195
2/23/2026,SARI,1/21/2023,Overall,304
2/23/2026,SARI,1/21/2023,Pediatrics,109
2/23/2026,SARI,1/28/2023,Adults,135
2/23/2026,SARI,1/28/2023,Overall,226
2/23/2026,SARI,1/28/2023,Pediatrics,91
2/23/2026,SARI,2/4/2023,Adults,133
2/23/2026,SARI,2/4/2023,Overall,254
2/23/2026,SARI,2/4/2023,Pediatrics,121
2/23/2026,SARI,2/11/2023,Adults,100
2/23/2026,SARI,2/11/2023,Overall,222
2/23/2026,SARI,2/11/2023,Pediatrics,122
2/23/2026,SARI,2/18/2023,Adults,107
2/23/2026,SARI,2/18/2023,Overall,204
2/23/2026,SARI,2/18/2023,Pediatrics,97
2/23/2026,SARI,2/25/2023,Adults,100
2/23/2026,SARI,2/25/2023,Overall,200
2/23/2026,SARI,2/25/2023,Pediatrics,100
2/23/2026,SARI,3/4/2023,Adults,137
2/23/2026,SARI,3/4/2023,Overall,289
2/23/2026,SARI,3/4/2023,Pediatrics,152
2/23/2026,SARI,3/11/2023,Adults,104
2/23/2026,SARI,3/11/2023,Overall,300
2/23/2026,SARI,3/11/2023,Pediatrics,196
2/23/2026,SARI,3/18/2023,Adults,92
2/23/2026,SARI,3/18/2023,Overall,249
2/23/2026,SARI,3/18/2023,Pediatrics,157
2/23/2026,SARI,3/25/2023,Adults,83
2/23/2026,SARI,3/25/2023,Overall,238
2/23/2026,SARI,3/25/2023,Pediatrics,155
2/23/2026,SARI,4/1/2023,Adults,78
2/23/2026,SARI,4/1/2023,Overall,251
2/23/2026,SARI,4/1/2023,Pediatrics,173
2/23/2026,SARI,4/8/2023,Adults,90
2/23/2026,SARI,4/8/2023,Overall,275
2/23/2026,SARI,4/8/2023,Pediatrics,185
2/23/2026,SARI,4/15/2023,Adults,102
2/23/2026,SARI,4/15/2023,Overall,297
2/23/2026,SARI,4/15/2023,Pediatrics,195
2/23/2026,SARI,4/22/2023,Adults,91
2/23/2026,SARI,4/22/2023,Overall,320
2/23/2026,SARI,4/22/2023,Pediatrics,229
2/23/2026,SARI,4/29/2023,Adults,92
2/23/2026,SARI,4/29/2023,Overall,415
2/23/2026,SARI,4/29/2023,Pediatrics,323
2/23/2026,SARI,5/6/2023,Adults,102
2/23/2026,SARI,5/6/2023,Overall,484
2/23/2026,SARI,5/6/2023,Pediatrics,382
2/23/2026,SARI,5/13/2023,Adults,118
2/23/2026,SARI,5/13/2023,Overall,544
2/23/2026,SARI,5/13/2023,Pediatrics,426
2/23/2026,SARI,5/20/2023,Adults,113
2/23/2026,SARI,5/20/2023,Overall,596
2/23/2026,SARI,5/20/2023,Pediatrics,483
2/23/2026,SARI,5/27/2023,Adults,119
2/23/2026,SARI,5/27/2023,Overall,680
2/23/2026,SARI,5/27/2023,Pediatrics,561
2/23/2026,SARI,6/3/2023,Adults,182
2/23/2026,SARI,6/3/2023,Overall,706
2/23/2026,SARI,6/3/2023,Pediatrics,524
2/23/2026,SARI,6/10/2023,Adults,190
2/23/2026,SARI,6/10/2023,Overall,742
2/23/2026,SARI,6/10/2023,Pediatrics,552
2/23/2026,SARI,6/17/2023,Adults,196
2/23/2026,SARI,6/17/2023,Overall,633
2/23/2026,SARI,6/17/2023,Pediatrics,437
2/23/2026,SARI,6/24/2023,Adults,264
2/23/2026,SARI,6/24/2023,Overall,703
2/23/2026,SARI,6/24/2023,Pediatrics,439
2/23/2026,SARI,7/1/2023,Adults,257
2/23/2026,SARI,7/1/2023,Overall,675
2/23/2026,SARI,7/1/2023,Pediatrics,418
2/23/2026,SARI,7/8/2023,Adults,229
2/23/2026,SARI,7/8/2023,Overall,582
2/23/2026,SARI,7/8/2023,Pediatrics,353
2/23/2026,SARI,7/15/2023,Adults,191
2/23/2026,SARI,7/15/2023,Overall,524
2/23/2026,SARI,7/15/2023,Pediatrics,333
2/23/2026,SARI,7/22/2023,Adults,188
2/23/2026,SARI,7/22/2023,Overall,451
2/23/2026,SARI,7/22/2023,Pediatrics,263
2/23/2026,SARI,7/29/2023,Adults,153
2/23/2026,SARI,7/29/2023,Overall,379
2/23/2026,SARI,7/29/2023,Pediatrics,226
2/23/2026,SARI,8/5/2023,Adults,176
2/23/2026,SARI,8/5/2023,Overall,391
2/23/2026,SARI,8/5/2023,Pediatrics,215
2/23/2026,SARI,8/12/2023,Adults,147
2/23/2026,SARI,8/12/2023,Overall,409
2/23/2026,SARI,8/12/2023,Pediatrics,262
2/23/2026,SARI,8/19/2023,Adults,164
2/23/2026,SARI,8/19/2023,Overall,404
2/23/2026,SARI,8/19/2023,Pediatrics,240
2/23/2026,SARI,8/26/2023,Adults,178
2/23/2026,SARI,8/26/2023,Overall,408
2/23/2026,SARI,8/26/2023,Pediatrics,230
2/23/2026,SARI,9/2/2023,Adults,191
2/23/2026,SARI,9/2/2023,Overall,443
2/23/2026,SARI,9/2/2023,Pediatrics,252
2/23/2026,SARI,9/9/2023,Adults,184
2/23/2026,SARI,9/9/2023,Overall,417
2/23/2026,SARI,9/9/2023,Pediatrics,233
2/23/2026,SARI,9/16/2023,Adults,175
2/23/2026,SARI,9/16/2023,Overall,434
2/23/2026,SARI,9/16/2023,Pediatrics,259
2/23/2026,SARI,9/23/2023,Adults,170
2/23/2026,SARI,9/23/2023,Overall,396
2/23/2026,SARI,9/23/2023,Pediatrics,226
2/23/2026,SARI,9/30/2023,Adults,109
2/23/2026,SARI,9/30/2023,Overall,290
2/23/2026,SARI,9/30/2023,Pediatrics,181
2/23/2026,SARI,10/7/2023,Adults,111
2/23/2026,SARI,10/7/2023,Overall,301
2/23/2026,SARI,10/7/2023,Pediatrics,190
2/23/2026,SARI,10/14/2023,Adults,114
2/23/2026,SARI,10/14/2023,Overall,305
2/23/2026,SARI,10/14/2023,Pediatrics,191
2/23/2026,SARI,10/21/2023,Adults,114
2/23/2026,SARI,10/21/2023,Overall,278
2/23/2026,SARI,10/21/2023,Pediatrics,164
2/23/2026,SARI,10/28/2023,Adults,75
2/23/2026,SARI,10/28/2023,Overall,191
2/23/2026,SARI,10/28/2023,Pediatrics,116
2/23/2026,SARI,11/4/2023,Adults,81
2/23/2026,SARI,11/4/2023,Overall,210
2/23/2026,SARI,11/4/2023,Pediatrics,129
2/23/2026,SARI,11/11/2023,Adults,85
2/23/2026,SARI,11/11/2023,Overall,201
2/23/2026,SARI,11/11/2023,Pediatrics,116
2/23/2026,SARI,11/18/2023,Adults,79
2/23/2026,SARI,11/18/2023,Overall,192
2/23/2026,SARI,11/18/2023,Pediatrics,113
2/23/2026,SARI,11/25/2023,Adults,74
2/23/2026,SARI,11/25/2023,Overall,168
2/23/2026,SARI,11/25/2023,Pediatrics,94
2/23/2026,SARI,12/2/2023,Adults,70
2/23/2026,SARI,12/2/2023,Overall,168
2/23/2026,SARI,12/2/2023,Pediatrics,98
2/23/2026,SARI,12/9/2023,Adults,64
2/23/2026,SARI,12/9/2023,Overall,130
2/23/2026,SARI,12/9/2023,Pediatrics,66
2/23/2026,SARI,12/16/2023,Adults,66
2/23/2026,SARI,12/16/2023,Overall,135
2/23/2026,SARI,12/16/2023,Pediatrics,69
2/23/2026,SARI,12/23/2023,Adults,56
2/23/2026,SARI,12/23/2023,Overall,102
2/23/2026,SARI,12/23/2023,Pediatrics,46
2/23/2026,SARI,12/30/2023,Adults,46
2/23/2026,SARI,12/30/2023,Overall,87
2/23/2026,SARI,12/30/2023,Pediatrics,41
2/23/2026,SARI,1/6/2024,Adults,95
2/23/2026,SARI,1/6/2024,Overall,160
2/23/2026,SARI,1/6/2024,Pediatrics,65
2/23/2026,SARI,1/13/2024,Adults,126
2/23/2026,SARI,1/13/2024,Overall,197
2/23/2026,SARI,1/13/2024,Pediatrics,71
2/23/2026,SARI,1/20/2024,Adults,165
2/23/2026,SARI,1/20/2024,Overall,247
2/23/2026,SARI,1/20/2024,Pediatrics,82
2/23/2026,SARI,1/27/2024,Adults,160
2/23/2026,SARI,1/27/2024,Overall,253
2/23/2026,SARI,1/27/2024,Pediatrics,93
2/23/2026,SARI,2/3/2024,Adults,165
2/23/2026,SARI,2/3/2024,Overall,252
2/23/2026,SARI,2/3/2024,Pediatrics,87
2/23/2026,SARI,2/10/2024,Adults,131
2/23/2026,SARI,2/10/2024,Overall,205
2/23/2026,SARI,2/10/2024,Pediatrics,74
2/23/2026,SARI,2/17/2024,Adults,114
2/23/2026,SARI,2/17/2024,Overall,176
2/23/2026,SARI,2/17/2024,Pediatrics,62
2/23/2026,SARI,2/24/2024,Adults,120
2/23/2026,SARI,2/24/2024,Overall,176
2/23/2026,SARI,2/24/2024,Pediatrics,56
2/23/2026,SARI,3/2/2024,Adults,92
2/23/2026,SARI,3/2/2024,Overall,155
2/23/2026,SARI,3/2/2024,Pediatrics,63
2/23/2026,SARI,3/9/2024,Adults,93
2/23/2026,SARI,3/9/2024,Overall,164
2/23/2026,SARI,3/9/2024,Pediatrics,71
2/23/2026,SARI,3/16/2024,Adults,94
2/23/2026,SARI,3/16/2024,Overall,213
2/23/2026,SARI,3/16/2024,Pediatrics,119
2/23/2026,SARI,3/23/2024,Adults,92
2/23/2026,SARI,3/23/2024,Overall,209
2/23/2026,SARI,3/23/2024,Pediatrics,117
2/23/2026,SARI,3/30/2024,Adults,96
2/23/2026,SARI,3/30/2024,Overall,207
2/23/2026,SARI,3/30/2024,Pediatrics,111
2/23/2026,SARI,4/6/2024,Adults,111
2/23/2026,SARI,4/6/2024,Overall,223
2/23/2026,SARI,4/6/2024,Pediatrics,112
2/23/2026,SARI,4/13/2024,Adults,95
2/23/2026,SARI,4/13/2024,Overall,198
2/23/2026,SARI,4/13/2024,Pediatrics,103
2/23/2026,SARI,4/20/2024,Adults,107
2/23/2026,SARI,4/20/2024,Overall,212
2/23/2026,SARI,4/20/2024,Pediatrics,105
2/23/2026,SARI,4/27/2024,Adults,97
2/23/2026,SARI,4/27/2024,Overall,241
2/23/2026,SARI,4/27/2024,Pediatrics,144
2/23/2026,SARI,5/4/2024,Adults,129
2/23/2026,SARI,5/4/2024,Overall,287
2/23/2026,SARI,5/4/2024,Pediatrics,158
2/23/2026,SARI,5/11/2024,Adults,151
2/23/2026,SARI,5/11/2024,Overall,338
2/23/2026,SARI,5/11/2024,Pediatrics,187
2/23/2026,SARI,5/18/2024,Adults,230
2/23/2026,SARI,5/18/2024,Overall,557
2/23/2026,SARI,5/18/2024,Pediatrics,327
2/23/2026,SARI,5/25/2024,Adults,333
2/23/2026,SARI,5/25/2024,Overall,746
2/23/2026,SARI,5/25/2024,Pediatrics,413
2/23/2026,SARI,6/1/2024,Adults,524
2/23/2026,SARI,6/1/2024,Overall,1053
2/23/2026,SARI,6/1/2024,Pediatrics,529
2/23/2026,SARI,6/8/2024,Adults,553
2/23/2026,SARI,6/8/2024,Overall,1270
2/23/2026,SARI,6/8/2024,Pediatrics,717
2/23/2026,SARI,6/15/2024,Adults,454
2/23/2026,SARI,6/15/2024,Overall,1031
2/23/2026,SARI,6/15/2024,Pediatrics,577
2/23/2026,SARI,6/22/2024,Adults,315
2/23/2026,SARI,6/22/2024,Overall,832
2/23/2026,SARI,6/22/2024,Pediatrics,517
2/23/2026,SARI,6/29/2024,Adults,277
2/23/2026,SARI,6/29/2024,Overall,825
2/23/2026,SARI,6/29/2024,Pediatrics,548
2/23/2026,SARI,7/6/2024,Adults,317
2/23/2026,SARI,7/6/2024,Overall,891
2/23/2026,SARI,7/6/2024,Pediatrics,574
2/23/2026,SARI,7/13/2024,Adults,251
2/23/2026,SARI,7/13/2024,Overall,830
2/23/2026,SARI,7/13/2024,Pediatrics,579
2/23/2026,SARI,7/20/2024,Adults,299
2/23/2026,SARI,7/20/2024,Overall,877
2/23/2026,SARI,7/20/2024,Pediatrics,578
2/23/2026,SARI,7/27/2024,Adults,229
2/23/2026,SARI,7/27/2024,Overall,707
2/23/2026,SARI,7/27/2024,Pediatrics,478
2/23/2026,SARI,8/3/2024,Adults,209
2/23/2026,SARI,8/3/2024,Overall,662
2/23/2026,SARI,8/3/2024,Pediatrics,453
2/23/2026,SARI,8/10/2024,Adults,184
2/23/2026,SARI,8/10/2024,Overall,668
2/23/2026,SARI,8/10/2024,Pediatrics,484
2/23/2026,SARI,8/17/2024,Adults,172
2/23/2026,SARI,8/17/2024,Overall,645
2/23/2026,SARI,8/17/2024,Pediatrics,473
2/23/2026,SARI,8/24/2024,Adults,175
2/23/2026,SARI,8/24/2024,Overall,642
2/23/2026,SARI,8/24/2024,Pediatrics,467
2/23/2026,SARI,8/31/2024,Adults,174
2/23/2026,SARI,8/31/2024,Overall,596
2/23/2026,SARI,8/31/2024,Pediatrics,422
2/23/2026,SARI,9/7/2024,Adults,210
2/23/2026,SARI,9/7/2024,Overall,718
2/23/2026,SARI,9/7/2024,Pediatrics,508
2/23/2026,SARI,9/14/2024,Adults,194
2/23/2026,SARI,9/14/2024,Overall,616
2/23/2026,SARI,9/14/2024,Pediatrics,422
2/23/2026,SARI,9/21/2024,Adults,178
2/23/2026,SARI,9/21/2024,Overall,598
2/23/2026,SARI,9/21/2024,Pediatrics,420
2/23/2026,SARI,9/28/2024,Adults,159
2/23/2026,SARI,9/28/2024,Overall,492
2/23/2026,SARI,9/28/2024,Pediatrics,333
2/23/2026,SARI,10/5/2024,Adults,199
2/23/2026,SARI,10/5/2024,Overall,511
2/23/2026,SARI,10/5/2024,Pediatrics,312
2/23/2026,SARI,10/12/2024,Adults,151
2/23/2026,SARI,10/12/2024,Overall,401
2/23/2026,SARI,10/12/2024,Pediatrics,250
2/23/2026,SARI,10/19/2024,Adults,165
2/23/2026,SARI,10/19/2024,Overall,424
2/23/2026,SARI,10/19/2024,Pediatrics,259
2/23/2026,SARI,10/26/2024,Adults,131
2/23/2026,SARI,10/26/2024,Overall,394
2/23/2026,SARI,10/26/2024,Pediatrics,263
2/23/2026,SARI,11/2/2024,Adults,116
2/23/2026,SARI,11/2/2024,Overall,353
2/23/2026,SARI,11/2/2024,Pediatrics,237
2/23/2026,SARI,11/9/2024,Adults,102
2/23/2026,SARI,11/9/2024,Overall,259
2/23/2026,SARI,11/9/2024,Pediatrics,157
2/23/2026,SARI,11/16/2024,Adults,112
2/23/2026,SARI,11/16/2024,Overall,284
2/23/2026,SARI,11/16/2024,Pediatrics,172
2/23/2026,SARI,11/23/2024,Adults,84
2/23/2026,SARI,11/23/2024,Overall,242
2/23/2026,SARI,11/23/2024,Pediatrics,158
2/23/2026,SARI,11/30/2024,Adults,73
2/23/2026,SARI,11/30/2024,Overall,221
2/23/2026,SARI,11/30/2024,Pediatrics,148
2/23/2026,SARI,12/7/2024,Adults,86
2/23/2026,SARI,12/7/2024,Overall,197
2/23/2026,SARI,12/7/2024,Pediatrics,111
2/23/2026,SARI,12/14/2024,Adults,90
2/23/2026,SARI,12/14/2024,Overall,202
2/23/2026,SARI,12/14/2024,Pediatrics,112
2/23/2026,SARI,12/21/2024,Adults,88
2/23/2026,SARI,12/21/2024,Overall,151
2/23/2026,SARI,12/21/2024,Pediatrics,63
2/23/2026,SARI,12/28/2024,Adults,60
2/23/2026,SARI,12/28/2024,Overall,113
2/23/2026,SARI,12/28/2024,Pediatrics,53
2/23/2026,SARI,1/4/2025,Adults,99
2/23/2026,SARI,1/4/2025,Overall,197
2/23/2026,SARI,1/4/2025,Pediatrics,98
2/23/2026,SARI,1/11/2025,Adults,97
2/23/2026,SARI,1/11/2025,Overall,175
2/23/2026,SARI,1/11/2025,Pediatrics,78
2/23/2026,SARI,1/18/2025,Adults,78
2/23/2026,SARI,1/18/2025,Overall,150
2/23/2026,SARI,1/18/2025,Pediatrics,72
2/23/2026,SARI,1/25/2025,Adults,81
2/23/2026,SARI,1/25/2025,Overall,163
2/23/2026,SARI,1/25/2025,Pediatrics,82
2/23/2026,SARI,2/1/2025,Adults,92
2/23/2026,SARI,2/1/2025,Overall,153
2/23/2026,SARI,2/1/2025,Pediatrics,61
2/23/2026,SARI,2/8/2025,Adults,86
2/23/2026,SARI,2/8/2025,Overall,172
2/23/2026,SARI,2/8/2025,Pediatrics,86
2/23/2026,SARI,2/15/2025,Adults,90
2/23/2026,SARI,2/15/2025,Overall,170
2/23/2026,SARI,2/15/2025,Pediatrics,80
2/23/2026,SARI,2/22/2025,Adults,86
2/23/2026,SARI,2/22/2025,Overall,164
2/23/2026,SARI,2/22/2025,Pediatrics,78
2/23/2026,SARI,3/1/2025,Adults,102
2/23/2026,SARI,3/1/2025,Overall,175
2/23/2026,SARI,3/1/2025,Pediatrics,73
2/23/2026,SARI,3/8/2025,Adults,101
2/23/2026,SARI,3/8/2025,Overall,181
2/23/2026,SARI,3/8/2025,Pediatrics,80
2/23/2026,SARI,3/15/2025,Adults,117
2/23/2026,SARI,3/15/2025,Overall,227
2/23/2026,SARI,3/15/2025,Pediatrics,110
2/23/2026,SARI,3/22/2025,Adults,158
2/23/2026,SARI,3/22/2025,Overall,320
2/23/2026,SARI,3/22/2025,Pediatrics,162
2/23/2026,SARI,3/29/2025,Adults,156
2/23/2026,SARI,3/29/2025,Overall,326
2/23/2026,SARI,3/29/2025,Pediatrics,170
2/23/2026,SARI,4/5/2025,Adults,150
2/23/2026,SARI,4/5/2025,Overall,292
2/23/2026,SARI,4/5/2025,Pediatrics,142
2/23/2026,SARI,4/12/2025,Adults,153
2/23/2026,SARI,4/12/2025,Overall,307
2/23/2026,SARI,4/12/2025,Pediatrics,154
2/23/2026,SARI,4/19/2025,Adults,153
2/23/2026,SARI,4/19/2025,Overall,334
2/23/2026,SARI,4/19/2025,Pediatrics,181
2/23/2026,SARI,4/26/2025,Adults,207
2/23/2026,SARI,4/26/2025,Overall,378
2/23/2026,SARI,4/26/2025,Pediatrics,171
2/23/2026,SARI,5/3/2025,Adults,190
2/23/2026,SARI,5/3/2025,Overall,402
2/23/2026,SARI,5/3/2025,Pediatrics,212
2/23/2026,SARI,5/10/2025,Adults,202
2/23/2026,SARI,5/10/2025,Overall,408
2/23/2026,SARI,5/10/2025,Pediatrics,206
2/23/2026,SARI,5/17/2025,Adults,235
2/23/2026,SARI,5/17/2025,Overall,486
2/23/2026,SARI,5/17/2025,Pediatrics,251
2/23/2026,SARI,5/24/2025,Adults,292
2/23/2026,SARI,5/24/2025,Overall,608
2/23/2026,SARI,5/24/2025,Pediatrics,316
2/23/2026,SARI,5/31/2025,Adults,347
2/23/2026,SARI,5/31/2025,Overall,710
2/23/2026,SARI,5/31/2025,Pediatrics,363
2/23/2026,SARI,6/7/2025,Adults,515
2/23/2026,SARI,6/7/2025,Overall,1046
2/23/2026,SARI,6/7/2025,Pediatrics,531
2/23/2026,SARI,6/14/2025,Adults,582
2/23/2026,SARI,6/14/2025,Overall,1092
2/23/2026,SARI,6/14/2025,Pediatrics,510
2/23/2026,SARI,6/21/2025,Adults,503
2/23/2026,SARI,6/21/2025,Overall,1009
2/23/2026,SARI,6/21/2025,Pediatrics,506
2/23/2026,SARI,6/28/2025,Adults,458
2/23/2026,SARI,6/28/2025,Overall,915
2/23/2026,SARI,6/28/2025,Pediatrics,457
2/23/2026,SARI,7/5/2025,Adults,422
2/23/2026,SARI,7/5/2025,Overall,971
2/23/2026,SARI,7/5/2025,Pediatrics,549
2/23/2026,SARI,7/12/2025,Adults,320
2/23/2026,SARI,7/12/2025,Overall,838
2/23/2026,SARI,7/12/2025,Pediatrics,518
2/23/2026,SARI,7/19/2025,Adults,224
2/23/2026,SARI,7/19/2025,Overall,798
2/23/2026,SARI,7/19/2025,Pediatrics,574
2/23/2026,SARI,7/26/2025,Adults,172
2/23/2026,SARI,7/26/2025,Overall,665
2/23/2026,SARI,7/26/2025,Pediatrics,493
2/23/2026,SARI,8/2/2025,Adults,177
2/23/2026,SARI,8/2/2025,Overall,726
2/23/2026,SARI,8/2/2025,Pediatrics,549
2/23/2026,SARI,8/9/2025,Adults,187
2/23/2026,SARI,8/9/2025,Overall,695
2/23/2026,SARI,8/9/2025,Pediatrics,508
2/23/2026,SARI,8/16/2025,Adults,161
2/23/2026,SARI,8/16/2025,Overall,701
2/23/2026,SARI,8/16/2025,Pediatrics,540
2/23/2026,SARI,8/23/2025,Adults,168
2/23/2026,SARI,8/23/2025,Overall,708
2/23/2026,SARI,8/23/2025,Pediatrics,540
2/23/2026,SARI,8/30/2025,Adults,146
2/23/2026,SARI,8/30/2025,Overall,600
2/23/2026,SARI,8/30/2025,Pediatrics,454
2/23/2026,SARI,9/6/2025,Adults,164
2/23/2026,SARI,9/6/2025,Overall,591
2/23/2026,SARI,9/6/2025,Pediatrics,427
2/23/2026,SARI,9/13/2025,Adults,164
2/23/2026,SARI,9/13/2025,Overall,571
2/23/2026,SARI,9/13/2025,Pediatrics,407
2/23/2026,SARI,9/20/2025,Adults,158
2/23/2026,SARI,9/20/2025,Overall,520
2/23/2026,SARI,9/20/2025,Pediatrics,362
2/23/2026,SARI,9/27/2025,Adults,132
2/23/2026,SARI,9/27/2025,Overall,430
2/23/2026,SARI,9/27/2025,Pediatrics,298
2/23/2026,SARI,10/4/2025,Adults,126
2/23/2026,SARI,10/4/2025,Overall,425
2/23/2026,SARI,10/4/2025,Pediatrics,299
2/23/2026,SARI,10/11/2025,Adults,110
2/23/2026,SARI,10/11/2025,Overall,383
2/23/2026,SARI,10/11/2025,Pediatrics,273
2/23/2026,SARI,10/18/2025,Adults,121
2/23/2026,SARI,10/18/2025,Overall,346
2/23/2026,SARI,10/18/2025,Pediatrics,225
2/23/2026,SARI,10/25/2025,Adults,116
2/23/2026,SARI,10/25/2025,Overall,338
2/23/2026,SARI,10/25/2025,Pediatrics,222
2/23/2026,SARI,11/1/2025,Adults,100
2/23/2026,SARI,11/1/2025,Overall,259
2/23/2026,SARI,11/1/2025,Pediatrics,159
2/23/2026,SARI,11/8/2025,Adults,91
2/23/2026,SARI,11/8/2025,Overall,309
2/23/2026,SARI,11/8/2025,Pediatrics,218
2/23/2026,SARI,11/15/2025,Adults,116
2/23/2026,SARI,11/15/2025,Overall,276
2/23/2026,SARI,11/15/2025,Pediatrics,160
2/23/2026,SARI,11/22/2025,Adults,77
2/23/2026,SARI,11/22/2025,Overall,214
2/23/2026,SARI,11/22/2025,Pediatrics,137
2/23/2026,SARI,11/29/2025,Adults,61
2/23/2026,SARI,11/29/2025,Overall,174
2/23/2026,SARI,11/29/2025,Pediatrics,113
2/23/2026,SARI,12/6/2025,Adults,83
2/23/2026,SARI,12/6/2025,Overall,187
2/23/2026,SARI,12/6/2025,Pediatrics,104
2/23/2026,SARI,12/13/2025,Adults,89
2/23/2026,SARI,12/13/2025,Overall,191
2/23/2026,SARI,12/13/2025,Pediatrics,102
2/23/2026,SARI,12/20/2025,Adults,65
2/23/2026,SARI,12/20/2025,Overall,137
2/23/2026,SARI,12/20/2025,Pediatrics,72
2/23/2026,SARI,12/27/2025,Adults,93
2/23/2026,SARI,12/27/2025,Overall,145
2/23/2026,SARI,12/27/2025,Pediatrics,52
2/23/2026,SARI,1/3/2026,Adults,52
2/23/2026,SARI,1/3/2026,Overall,99
2/23/2026,SARI,1/3/2026,Pediatrics,47
2/23/2026,SARI,1/10/2026,Adults,91
2/23/2026,SARI,1/10/2026,Overall,174
2/23/2026,SARI,1/10/2026,Pediatrics,83
2/23/2026,SARI,1/17/2026,Adults,75
2/23/2026,SARI,1/17/2026,Overall,141
2/23/2026,SARI,1/17/2026,Pediatrics,66
2/23/2026,SARI,1/24/2026,Adults,77
2/23/2026,SARI,1/24/2026,Overall,139
2/23/2026,SARI,1/24/2026,Pediatrics,62
2/23/2026,SARI,1/31/2026,Adults,54
2/23/2026,SARI,1/31/2026,Overall,101
2/23/2026,SARI,1/31/2026,Pediatrics,47
3/2/2026,SARI,1/8/2022,Adults,1023
3/2/2026,SARI,1/8/2022,Overall,1186
3/2/2026,SARI,1/8/2022,Pediatrics,163
3/2/2026,SARI,1/15/2022,Adults,1251
3/2/2026,SARI,1/15/2022,Overall,1423
3/2/2026,SARI,1/15/2022,Pediatrics,172
3/2/2026,SARI,1/22/2022,Adults,1113
3/2/2026,SARI,1/22/2022,Overall,1303
3/2/2026,SARI,1/22/2022,Pediatrics,190
3/2/2026,SARI,1/29/2022,Adults,769
3/2/2026,SARI,1/29/2022,Overall,907
3/2/2026,SARI,1/29/2022,Pediatrics,138
3/2/2026,SARI,2/5/2022,Adults,587
3/2/2026,SARI,2/5/2022,Overall,698
3/2/2026,SARI,2/5/2022,Pediatrics,111
3/2/2026,SARI,2/12/2022,Adults,420
3/2/2026,SARI,2/12/2022,Overall,537
3/2/2026,SARI,2/12/2022,Pediatrics,117
3/2/2026,SARI,2/19/2022,Adults,473
3/2/2026,SARI,2/19/2022,Overall,604
3/2/2026,SARI,2/19/2022,Pediatrics,131
3/2/2026,SARI,2/26/2022,Adults,430
3/2/2026,SARI,2/26/2022,Overall,551
3/2/2026,SARI,2/26/2022,Pediatrics,121
3/2/2026,SARI,3/5/2022,Adults,533
3/2/2026,SARI,3/5/2022,Overall,702
3/2/2026,SARI,3/5/2022,Pediatrics,169
3/2/2026,SARI,3/12/2022,Adults,502
3/2/2026,SARI,3/12/2022,Overall,730
3/2/2026,SARI,3/12/2022,Pediatrics,228
3/2/2026,SARI,3/19/2022,Adults,518
3/2/2026,SARI,3/19/2022,Overall,772
3/2/2026,SARI,3/19/2022,Pediatrics,254
3/2/2026,SARI,3/26/2022,Adults,437
3/2/2026,SARI,3/26/2022,Overall,633
3/2/2026,SARI,3/26/2022,Pediatrics,196
3/2/2026,SARI,4/2/2022,Adults,377
3/2/2026,SARI,4/2/2022,Overall,567
3/2/2026,SARI,4/2/2022,Pediatrics,190
3/2/2026,SARI,4/9/2022,Adults,349
3/2/2026,SARI,4/9/2022,Overall,573
3/2/2026,SARI,4/9/2022,Pediatrics,224
3/2/2026,SARI,4/16/2022,Adults,302
3/2/2026,SARI,4/16/2022,Overall,511
3/2/2026,SARI,4/16/2022,Pediatrics,209
3/2/2026,SARI,4/23/2022,Adults,271
3/2/2026,SARI,4/23/2022,Overall,496
3/2/2026,SARI,4/23/2022,Pediatrics,225
3/2/2026,SARI,4/30/2022,Adults,267
3/2/2026,SARI,4/30/2022,Overall,547
3/2/2026,SARI,4/30/2022,Pediatrics,280
3/2/2026,SARI,5/7/2022,Adults,312
3/2/2026,SARI,5/7/2022,Overall,613
3/2/2026,SARI,5/7/2022,Pediatrics,301
3/2/2026,SARI,5/14/2022,Adults,343
3/2/2026,SARI,5/14/2022,Overall,761
3/2/2026,SARI,5/14/2022,Pediatrics,418
3/2/2026,SARI,5/21/2022,Adults,394
3/2/2026,SARI,5/21/2022,Overall,898
3/2/2026,SARI,5/21/2022,Pediatrics,504
3/2/2026,SARI,5/28/2022,Adults,419
3/2/2026,SARI,5/28/2022,Overall,846
3/2/2026,SARI,5/28/2022,Pediatrics,427
3/2/2026,SARI,6/4/2022,Adults,457
3/2/2026,SARI,6/4/2022,Overall,925
3/2/2026,SARI,6/4/2022,Pediatrics,468
3/2/2026,SARI,6/11/2022,Adults,482
3/2/2026,SARI,6/11/2022,Overall,1042
3/2/2026,SARI,6/11/2022,Pediatrics,560
3/2/2026,SARI,6/18/2022,Adults,429
3/2/2026,SARI,6/18/2022,Overall,918
3/2/2026,SARI,6/18/2022,Pediatrics,489
3/2/2026,SARI,6/25/2022,Adults,416
3/2/2026,SARI,6/25/2022,Overall,824
3/2/2026,SARI,6/25/2022,Pediatrics,408
3/2/2026,SARI,7/2/2022,Adults,483
3/2/2026,SARI,7/2/2022,Overall,871
3/2/2026,SARI,7/2/2022,Pediatrics,388
3/2/2026,SARI,7/9/2022,Adults,440
3/2/2026,SARI,7/9/2022,Overall,868
3/2/2026,SARI,7/9/2022,Pediatrics,428
3/2/2026,SARI,7/16/2022,Adults,462
3/2/2026,SARI,7/16/2022,Overall,821
3/2/2026,SARI,7/16/2022,Pediatrics,359
3/2/2026,SARI,7/23/2022,Adults,490
3/2/2026,SARI,7/23/2022,Overall,833
3/2/2026,SARI,7/23/2022,Pediatrics,343
3/2/2026,SARI,7/30/2022,Adults,422
3/2/2026,SARI,7/30/2022,Overall,701
3/2/2026,SARI,7/30/2022,Pediatrics,279
3/2/2026,SARI,8/6/2022,Adults,403
3/2/2026,SARI,8/6/2022,Overall,675
3/2/2026,SARI,8/6/2022,Pediatrics,272
3/2/2026,SARI,8/13/2022,Adults,348
3/2/2026,SARI,8/13/2022,Overall,652
3/2/2026,SARI,8/13/2022,Pediatrics,304
3/2/2026,SARI,8/20/2022,Adults,307
3/2/2026,SARI,8/20/2022,Overall,655
3/2/2026,SARI,8/20/2022,Pediatrics,348
3/2/2026,SARI,8/27/2022,Adults,286
3/2/2026,SARI,8/27/2022,Overall,595
3/2/2026,SARI,8/27/2022,Pediatrics,309
3/2/2026,SARI,9/3/2022,Adults,282
3/2/2026,SARI,9/3/2022,Overall,611
3/2/2026,SARI,9/3/2022,Pediatrics,329
3/2/2026,SARI,9/10/2022,Adults,305
3/2/2026,SARI,9/10/2022,Overall,616
3/2/2026,SARI,9/10/2022,Pediatrics,311
3/2/2026,SARI,9/17/2022,Adults,235
3/2/2026,SARI,9/17/2022,Overall,525
3/2/2026,SARI,9/17/2022,Pediatrics,290
3/2/2026,SARI,9/24/2022,Adults,242
3/2/2026,SARI,9/24/2022,Overall,502
3/2/2026,SARI,9/24/2022,Pediatrics,260
3/2/2026,SARI,10/1/2022,Adults,255
3/2/2026,SARI,10/1/2022,Overall,561
3/2/2026,SARI,10/1/2022,Pediatrics,306
3/2/2026,SARI,10/8/2022,Adults,208
3/2/2026,SARI,10/8/2022,Overall,480
3/2/2026,SARI,10/8/2022,Pediatrics,272
3/2/2026,SARI,10/15/2022,Adults,272
3/2/2026,SARI,10/15/2022,Overall,545
3/2/2026,SARI,10/15/2022,Pediatrics,273
3/2/2026,SARI,10/22/2022,Adults,267
3/2/2026,SARI,10/22/2022,Overall,591
3/2/2026,SARI,10/22/2022,Pediatrics,324
3/2/2026,SARI,10/29/2022,Adults,223
3/2/2026,SARI,10/29/2022,Overall,501
3/2/2026,SARI,10/29/2022,Pediatrics,278
3/2/2026,SARI,11/5/2022,Adults,230
3/2/2026,SARI,11/5/2022,Overall,481
3/2/2026,SARI,11/5/2022,Pediatrics,251
3/2/2026,SARI,11/12/2022,Adults,194
3/2/2026,SARI,11/12/2022,Overall,433
3/2/2026,SARI,11/12/2022,Pediatrics,239
3/2/2026,SARI,11/19/2022,Adults,161
3/2/2026,SARI,11/19/2022,Overall,329
3/2/2026,SARI,11/19/2022,Pediatrics,168
3/2/2026,SARI,11/26/2022,Adults,152
3/2/2026,SARI,11/26/2022,Overall,282
3/2/2026,SARI,11/26/2022,Pediatrics,130
3/2/2026,SARI,12/3/2022,Adults,189
3/2/2026,SARI,12/3/2022,Overall,323
3/2/2026,SARI,12/3/2022,Pediatrics,134
3/2/2026,SARI,12/10/2022,Adults,285
3/2/2026,SARI,12/10/2022,Overall,408
3/2/2026,SARI,12/10/2022,Pediatrics,123
3/2/2026,SARI,12/17/2022,Adults,309
3/2/2026,SARI,12/17/2022,Overall,457
3/2/2026,SARI,12/17/2022,Pediatrics,148
3/2/2026,SARI,12/24/2022,Adults,357
3/2/2026,SARI,12/24/2022,Overall,465
3/2/2026,SARI,12/24/2022,Pediatrics,108
3/2/2026,SARI,12/31/2022,Adults,324
3/2/2026,SARI,12/31/2022,Overall,407
3/2/2026,SARI,12/31/2022,Pediatrics,83
3/2/2026,SARI,1/7/2023,Adults,330
3/2/2026,SARI,1/7/2023,Overall,448
3/2/2026,SARI,1/7/2023,Pediatrics,118
3/2/2026,SARI,1/14/2023,Adults,237
3/2/2026,SARI,1/14/2023,Overall,359
3/2/2026,SARI,1/14/2023,Pediatrics,122
3/2/2026,SARI,1/21/2023,Adults,195
3/2/2026,SARI,1/21/2023,Overall,304
3/2/2026,SARI,1/21/2023,Pediatrics,109
3/2/2026,SARI,1/28/2023,Adults,135
3/2/2026,SARI,1/28/2023,Overall,226
3/2/2026,SARI,1/28/2023,Pediatrics,91
3/2/2026,SARI,2/4/2023,Adults,133
3/2/2026,SARI,2/4/2023,Overall,254
3/2/2026,SARI,2/4/2023,Pediatrics,121
3/2/2026,SARI,2/11/2023,Adults,100
3/2/2026,SARI,2/11/2023,Overall,222
3/2/2026,SARI,2/11/2023,Pediatrics,122
3/2/2026,SARI,2/18/2023,Adults,107
3/2/2026,SARI,2/18/2023,Overall,204
3/2/2026,SARI,2/18/2023,Pediatrics,97
3/2/2026,SARI,2/25/2023,Adults,100
3/2/2026,SARI,2/25/2023,Overall,200
3/2/2026,SARI,2/25/2023,Pediatrics,100
3/2/2026,SARI,3/4/2023,Adults,137
3/2/2026,SARI,3/4/2023,Overall,289
3/2/2026,SARI,3/4/2023,Pediatrics,152
3/2/2026,SARI,3/11/2023,Adults,104
3/2/2026,SARI,3/11/2023,Overall,300
3/2/2026,SARI,3/11/2023,Pediatrics,196
3/2/2026,SARI,3/18/2023,Adults,92
3/2/2026,SARI,3/18/2023,Overall,249
3/2/2026,SARI,3/18/2023,Pediatrics,157
3/2/2026,SARI,3/25/2023,Adults,83
3/2/2026,SARI,3/25/2023,Overall,238
3/2/2026,SARI,3/25/2023,Pediatrics,155
3/2/2026,SARI,4/1/2023,Adults,78
3/2/2026,SARI,4/1/2023,Overall,251
3/2/2026,SARI,4/1/2023,Pediatrics,173
3/2/2026,SARI,4/8/2023,Adults,90
3/2/2026,SARI,4/8/2023,Overall,275
3/2/2026,SARI,4/8/2023,Pediatrics,185
3/2/2026,SARI,4/15/2023,Adults,102
3/2/2026,SARI,4/15/2023,Overall,297
3/2/2026,SARI,4/15/2023,Pediatrics,195
3/2/2026,SARI,4/22/2023,Adults,91
3/2/2026,SARI,4/22/2023,Overall,320
3/2/2026,SARI,4/22/2023,Pediatrics,229
3/2/2026,SARI,4/29/2023,Adults,92
3/2/2026,SARI,4/29/2023,Overall,415
3/2/2026,SARI,4/29/2023,Pediatrics,323
3/2/2026,SARI,5/6/2023,Adults,102
3/2/2026,SARI,5/6/2023,Overall,484
3/2/2026,SARI,5/6/2023,Pediatrics,382
3/2/2026,SARI,5/13/2023,Adults,118
3/2/2026,SARI,5/13/2023,Overall,544
3/2/2026,SARI,5/13/2023,Pediatrics,426
3/2/2026,SARI,5/20/2023,Adults,113
3/2/2026,SARI,5/20/2023,Overall,596
3/2/2026,SARI,5/20/2023,Pediatrics,483
3/2/2026,SARI,5/27/2023,Adults,119
3/2/2026,SARI,5/27/2023,Overall,680
3/2/2026,SARI,5/27/2023,Pediatrics,561
3/2/2026,SARI,6/3/2023,Adults,182
3/2/2026,SARI,6/3/2023,Overall,706
3/2/2026,SARI,6/3/2023,Pediatrics,524
3/2/2026,SARI,6/10/2023,Adults,190
3/2/2026,SARI,6/10/2023,Overall,742
3/2/2026,SARI,6/10/2023,Pediatrics,552
3/2/2026,SARI,6/17/2023,Adults,196
3/2/2026,SARI,6/17/2023,Overall,633
3/2/2026,SARI,6/17/2023,Pediatrics,437
3/2/2026,SARI,6/24/2023,Adults,264
3/2/2026,SARI,6/24/2023,Overall,703
3/2/2026,SARI,6/24/2023,Pediatrics,439
3/2/2026,SARI,7/1/2023,Adults,257
3/2/2026,SARI,7/1/2023,Overall,675
3/2/2026,SARI,7/1/2023,Pediatrics,418
3/2/2026,SARI,7/8/2023,Adults,229
3/2/2026,SARI,7/8/2023,Overall,582
3/2/2026,SARI,7/8/2023,Pediatrics,353
3/2/2026,SARI,7/15/2023,Adults,191
3/2/2026,SARI,7/15/2023,Overall,524
3/2/2026,SARI,7/15/2023,Pediatrics,333
3/2/2026,SARI,7/22/2023,Adults,188
3/2/2026,SARI,7/22/2023,Overall,451
3/2/2026,SARI,7/22/2023,Pediatrics,263
3/2/2026,SARI,7/29/2023,Adults,153
3/2/2026,SARI,7/29/2023,Overall,379
3/2/2026,SARI,7/29/2023,Pediatrics,226
3/2/2026,SARI,8/5/2023,Adults,176
3/2/2026,SARI,8/5/2023,Overall,391
3/2/2026,SARI,8/5/2023,Pediatrics,215
3/2/2026,SARI,8/12/2023,Adults,147
3/2/2026,SARI,8/12/2023,Overall,409
3/2/2026,SARI,8/12/2023,Pediatrics,262
3/2/2026,SARI,8/19/2023,Adults,164
3/2/2026,SARI,8/19/2023,Overall,404
3/2/2026,SARI,8/19/2023,Pediatrics,240
3/2/2026,SARI,8/26/2023,Adults,178
3/2/2026,SARI,8/26/2023,Overall,408
3/2/2026,SARI,8/26/2023,Pediatrics,230
3/2/2026,SARI,9/2/2023,Adults,191
3/2/2026,SARI,9/2/2023,Overall,443
3/2/2026,SARI,9/2/2023,Pediatrics,252
3/2/2026,SARI,9/9/2023,Adults,184
3/2/2026,SARI,9/9/2023,Overall,417
3/2/2026,SARI,9/9/2023,Pediatrics,233
3/2/2026,SARI,9/16/2023,Adults,175
3/2/2026,SARI,9/16/2023,Overall,434
3/2/2026,SARI,9/16/2023,Pediatrics,259
3/2/2026,SARI,9/23/2023,Adults,170
3/2/2026,SARI,9/23/2023,Overall,396
3/2/2026,SARI,9/23/2023,Pediatrics,226
3/2/2026,SARI,9/30/2023,Adults,109
3/2/2026,SARI,9/30/2023,Overall,290
3/2/2026,SARI,9/30/2023,Pediatrics,181
3/2/2026,SARI,10/7/2023,Adults,111
3/2/2026,SARI,10/7/2023,Overall,301
3/2/2026,SARI,10/7/2023,Pediatrics,190
3/2/2026,SARI,10/14/2023,Adults,114
3/2/2026,SARI,10/14/2023,Overall,305
3/2/2026,SARI,10/14/2023,Pediatrics,191
3/2/2026,SARI,10/21/2023,Adults,114
3/2/2026,SARI,10/21/2023,Overall,278
3/2/2026,SARI,10/21/2023,Pediatrics,164
3/2/2026,SARI,10/28/2023,Adults,75
3/2/2026,SARI,10/28/2023,Overall,191
3/2/2026,SARI,10/28/2023,Pediatrics,116
3/2/2026,SARI,11/4/2023,Adults,81
3/2/2026,SARI,11/4/2023,Overall,210
3/2/2026,SARI,11/4/2023,Pediatrics,129
3/2/2026,SARI,11/11/2023,Adults,85
3/2/2026,SARI,11/11/2023,Overall,201
3/2/2026,SARI,11/11/2023,Pediatrics,116
3/2/2026,SARI,11/18/2023,Adults,79
3/2/2026,SARI,11/18/2023,Overall,192
3/2/2026,SARI,11/18/2023,Pediatrics,113
3/2/2026,SARI,11/25/2023,Adults,74
3/2/2026,SARI,11/25/2023,Overall,168
3/2/2026,SARI,11/25/2023,Pediatrics,94
3/2/2026,SARI,12/2/2023,Adults,70
3/2/2026,SARI,12/2/2023,Overall,168
3/2/2026,SARI,12/2/2023,Pediatrics,98
3/2/2026,SARI,12/9/2023,Adults,64
3/2/2026,SARI,12/9/2023,Overall,130
3/2/2026,SARI,12/9/2023,Pediatrics,66
3/2/2026,SARI,12/16/2023,Adults,66
3/2/2026,SARI,12/16/2023,Overall,135
3/2/2026,SARI,12/16/2023,Pediatrics,69
3/2/2026,SARI,12/23/2023,Adults,56
3/2/2026,SARI,12/23/2023,Overall,102
3/2/2026,SARI,12/23/2023,Pediatrics,46
3/2/2026,SARI,12/30/2023,Adults,46
3/2/2026,SARI,12/30/2023,Overall,87
3/2/2026,SARI,12/30/2023,Pediatrics,41
3/2/2026,SARI,1/6/2024,Adults,95
3/2/2026,SARI,1/6/2024,Overall,160
3/2/2026,SARI,1/6/2024,Pediatrics,65
3/2/2026,SARI,1/13/2024,Adults,126
3/2/2026,SARI,1/13/2024,Overall,197
3/2/2026,SARI,1/13/2024,Pediatrics,71
3/2/2026,SARI,1/20/2024,Adults,165
3/2/2026,SARI,1/20/2024,Overall,247
3/2/2026,SARI,1/20/2024,Pediatrics,82
3/2/2026,SARI,1/27/2024,Adults,160
3/2/2026,SARI,1/27/2024,Overall,253
3/2/2026,SARI,1/27/2024,Pediatrics,93
3/2/2026,SARI,2/3/2024,Adults,165
3/2/2026,SARI,2/3/2024,Overall,252
3/2/2026,SARI,2/3/2024,Pediatrics,87
3/2/2026,SARI,2/10/2024,Adults,131
3/2/2026,SARI,2/10/2024,Overall,205
3/2/2026,SARI,2/10/2024,Pediatrics,74
3/2/2026,SARI,2/17/2024,Adults,114
3/2/2026,SARI,2/17/2024,Overall,176
3/2/2026,SARI,2/17/2024,Pediatrics,62
3/2/2026,SARI,2/24/2024,Adults,120
3/2/2026,SARI,2/24/2024,Overall,176
3/2/2026,SARI,2/24/2024,Pediatrics,56
3/2/2026,SARI,3/2/2024,Adults,92
3/2/2026,SARI,3/2/2024,Overall,155
3/2/2026,SARI,3/2/2024,Pediatrics,63
3/2/2026,SARI,3/9/2024,Adults,93
3/2/2026,SARI,3/9/2024,Overall,164
3/2/2026,SARI,3/9/2024,Pediatrics,71
3/2/2026,SARI,3/16/2024,Adults,94
3/2/2026,SARI,3/16/2024,Overall,213
3/2/2026,SARI,3/16/2024,Pediatrics,119
3/2/2026,SARI,3/23/2024,Adults,92
3/2/2026,SARI,3/23/2024,Overall,209
3/2/2026,SARI,3/23/2024,Pediatrics,117
3/2/2026,SARI,3/30/2024,Adults,96
3/2/2026,SARI,3/30/2024,Overall,207
3/2/2026,SARI,3/30/2024,Pediatrics,111
3/2/2026,SARI,4/6/2024,Adults,111
3/2/2026,SARI,4/6/2024,Overall,223
3/2/2026,SARI,4/6/2024,Pediatrics,112
3/2/2026,SARI,4/13/2024,Adults,95
3/2/2026,SARI,4/13/2024,Overall,198
3/2/2026,SARI,4/13/2024,Pediatrics,103
3/2/2026,SARI,4/20/2024,Adults,107
3/2/2026,SARI,4/20/2024,Overall,212
3/2/2026,SARI,4/20/2024,Pediatrics,105
3/2/2026,SARI,4/27/2024,Adults,97
3/2/2026,SARI,4/27/2024,Overall,241
3/2/2026,SARI,4/27/2024,Pediatrics,144
3/2/2026,SARI,5/4/2024,Adults,129
3/2/2026,SARI,5/4/2024,Overall,287
3/2/2026,SARI,5/4/2024,Pediatrics,158
3/2/2026,SARI,5/11/2024,Adults,151
3/2/2026,SARI,5/11/2024,Overall,338
3/2/2026,SARI,5/11/2024,Pediatrics,187
3/2/2026,SARI,5/18/2024,Adults,230
3/2/2026,SARI,5/18/2024,Overall,557
3/2/2026,SARI,5/18/2024,Pediatrics,327
3/2/2026,SARI,5/25/2024,Adults,333
3/2/2026,SARI,5/25/2024,Overall,746
3/2/2026,SARI,5/25/2024,Pediatrics,413
3/2/2026,SARI,6/1/2024,Adults,524
3/2/2026,SARI,6/1/2024,Overall,1053
3/2/2026,SARI,6/1/2024,Pediatrics,529
3/2/2026,SARI,6/8/2024,Adults,553
3/2/2026,SARI,6/8/2024,Overall,1270
3/2/2026,SARI,6/8/2024,Pediatrics,717
3/2/2026,SARI,6/15/2024,Adults,454
3/2/2026,SARI,6/15/2024,Overall,1031
3/2/2026,SARI,6/15/2024,Pediatrics,577
3/2/2026,SARI,6/22/2024,Adults,315
3/2/2026,SARI,6/22/2024,Overall,832
3/2/2026,SARI,6/22/2024,Pediatrics,517
3/2/2026,SARI,6/29/2024,Adults,277
3/2/2026,SARI,6/29/2024,Overall,825
3/2/2026,SARI,6/29/2024,Pediatrics,548
3/2/2026,SARI,7/6/2024,Adults,317
3/2/2026,SARI,7/6/2024,Overall,891
3/2/2026,SARI,7/6/2024,Pediatrics,574
3/2/2026,SARI,7/13/2024,Adults,251
3/2/2026,SARI,7/13/2024,Overall,830
3/2/2026,SARI,7/13/2024,Pediatrics,579
3/2/2026,SARI,7/20/2024,Adults,299
3/2/2026,SARI,7/20/2024,Overall,877
3/2/2026,SARI,7/20/2024,Pediatrics,578
3/2/2026,SARI,7/27/2024,Adults,229
3/2/2026,SARI,7/27/2024,Overall,707
3/2/2026,SARI,7/27/2024,Pediatrics,478
3/2/2026,SARI,8/3/2024,Adults,209
3/2/2026,SARI,8/3/2024,Overall,662
3/2/2026,SARI,8/3/2024,Pediatrics,453
3/2/2026,SARI,8/10/2024,Adults,184
3/2/2026,SARI,8/10/2024,Overall,668
3/2/2026,SARI,8/10/2024,Pediatrics,484
3/2/2026,SARI,8/17/2024,Adults,172
3/2/2026,SARI,8/17/2024,Overall,645
3/2/2026,SARI,8/17/2024,Pediatrics,473
3/2/2026,SARI,8/24/2024,Adults,175
3/2/2026,SARI,8/24/2024,Overall,642
3/2/2026,SARI,8/24/2024,Pediatrics,467
3/2/2026,SARI,8/31/2024,Adults,174
3/2/2026,SARI,8/31/2024,Overall,596
3/2/2026,SARI,8/31/2024,Pediatrics,422
3/2/2026,SARI,9/7/2024,Adults,210
3/2/2026,SARI,9/7/2024,Overall,718
3/2/2026,SARI,9/7/2024,Pediatrics,508
3/2/2026,SARI,9/14/2024,Adults,194
3/2/2026,SARI,9/14/2024,Overall,616
3/2/2026,SARI,9/14/2024,Pediatrics,422
3/2/2026,SARI,9/21/2024,Adults,178
3/2/2026,SARI,9/21/2024,Overall,598
3/2/2026,SARI,9/21/2024,Pediatrics,420
3/2/2026,SARI,9/28/2024,Adults,159
3/2/2026,SARI,9/28/2024,Overall,492
3/2/2026,SARI,9/28/2024,Pediatrics,333
3/2/2026,SARI,10/5/2024,Adults,199
3/2/2026,SARI,10/5/2024,Overall,511
3/2/2026,SARI,10/5/2024,Pediatrics,312
3/2/2026,SARI,10/12/2024,Adults,151
3/2/2026,SARI,10/12/2024,Overall,401
3/2/2026,SARI,10/12/2024,Pediatrics,250
3/2/2026,SARI,10/19/2024,Adults,165
3/2/2026,SARI,10/19/2024,Overall,424
3/2/2026,SARI,10/19/2024,Pediatrics,259
3/2/2026,SARI,10/26/2024,Adults,131
3/2/2026,SARI,10/26/2024,Overall,394
3/2/2026,SARI,10/26/2024,Pediatrics,263
3/2/2026,SARI,11/2/2024,Adults,116
3/2/2026,SARI,11/2/2024,Overall,353
3/2/2026,SARI,11/2/2024,Pediatrics,237
3/2/2026,SARI,11/9/2024,Adults,102
3/2/2026,SARI,11/9/2024,Overall,259
3/2/2026,SARI,11/9/2024,Pediatrics,157
3/2/2026,SARI,11/16/2024,Adults,112
3/2/2026,SARI,11/16/2024,Overall,284
3/2/2026,SARI,11/16/2024,Pediatrics,172
3/2/2026,SARI,11/23/2024,Adults,84
3/2/2026,SARI,11/23/2024,Overall,242
3/2/2026,SARI,11/23/2024,Pediatrics,158
3/2/2026,SARI,11/30/2024,Adults,73
3/2/2026,SARI,11/30/2024,Overall,221
3/2/2026,SARI,11/30/2024,Pediatrics,148
3/2/2026,SARI,12/7/2024,Adults,86
3/2/2026,SARI,12/7/2024,Overall,197
3/2/2026,SARI,12/7/2024,Pediatrics,111
3/2/2026,SARI,12/14/2024,Adults,90
3/2/2026,SARI,12/14/2024,Overall,202
3/2/2026,SARI,12/14/2024,Pediatrics,112
3/2/2026,SARI,12/21/2024,Adults,88
3/2/2026,SARI,12/21/2024,Overall,151
3/2/2026,SARI,12/21/2024,Pediatrics,63
3/2/2026,SARI,12/28/2024,Adults,60
3/2/2026,SARI,12/28/2024,Overall,113
3/2/2026,SARI,12/28/2024,Pediatrics,53
3/2/2026,SARI,1/4/2025,Adults,99
3/2/2026,SARI,1/4/2025,Overall,197
3/2/2026,SARI,1/4/2025,Pediatrics,98
3/2/2026,SARI,1/11/2025,Adults,97
3/2/2026,SARI,1/11/2025,Overall,175
3/2/2026,SARI,1/11/2025,Pediatrics,78
3/2/2026,SARI,1/18/2025,Adults,78
3/2/2026,SARI,1/18/2025,Overall,150
3/2/2026,SARI,1/18/2025,Pediatrics,72
3/2/2026,SARI,1/25/2025,Adults,81
3/2/2026,SARI,1/25/2025,Overall,163
3/2/2026,SARI,1/25/2025,Pediatrics,82
3/2/2026,SARI,2/1/2025,Adults,92
3/2/2026,SARI,2/1/2025,Overall,153
3/2/2026,SARI,2/1/2025,Pediatrics,61
3/2/2026,SARI,2/8/2025,Adults,86
3/2/2026,SARI,2/8/2025,Overall,172
3/2/2026,SARI,2/8/2025,Pediatrics,86
3/2/2026,SARI,2/15/2025,Adults,90
3/2/2026,SARI,2/15/2025,Overall,170
3/2/2026,SARI,2/15/2025,Pediatrics,80
3/2/2026,SARI,2/22/2025,Adults,86
3/2/2026,SARI,2/22/2025,Overall,164
3/2/2026,SARI,2/22/2025,Pediatrics,78
3/2/2026,SARI,3/1/2025,Adults,102
3/2/2026,SARI,3/1/2025,Overall,175
3/2/2026,SARI,3/1/2025,Pediatrics,73
3/2/2026,SARI,3/8/2025,Adults,101
3/2/2026,SARI,3/8/2025,Overall,181
3/2/2026,SARI,3/8/2025,Pediatrics,80
3/2/2026,SARI,3/15/2025,Adults,117
3/2/2026,SARI,3/15/2025,Overall,227
3/2/2026,SARI,3/15/2025,Pediatrics,110
3/2/2026,SARI,3/22/2025,Adults,158
3/2/2026,SARI,3/22/2025,Overall,320
3/2/2026,SARI,3/22/2025,Pediatrics,162
3/2/2026,SARI,3/29/2025,Adults,156
3/2/2026,SARI,3/29/2025,Overall,326
3/2/2026,SARI,3/29/2025,Pediatrics,170
3/2/2026,SARI,4/5/2025,Adults,150
3/2/2026,SARI,4/5/2025,Overall,292
3/2/2026,SARI,4/5/2025,Pediatrics,142
3/2/2026,SARI,4/12/2025,Adults,153
3/2/2026,SARI,4/12/2025,Overall,307
3/2/2026,SARI,4/12/2025,Pediatrics,154
3/2/2026,SARI,4/19/2025,Adults,153
3/2/2026,SARI,4/19/2025,Overall,334
3/2/2026,SARI,4/19/2025,Pediatrics,181
3/2/2026,SARI,4/26/2025,Adults,207
3/2/2026,SARI,4/26/2025,Overall,378
3/2/2026,SARI,4/26/2025,Pediatrics,171
3/2/2026,SARI,5/3/2025,Adults,190
3/2/2026,SARI,5/3/2025,Overall,402
3/2/2026,SARI,5/3/2025,Pediatrics,212
3/2/2026,SARI,5/10/2025,Adults,202
3/2/2026,SARI,5/10/2025,Overall,408
3/2/2026,SARI,5/10/2025,Pediatrics,206
3/2/2026,SARI,5/17/2025,Adults,235
3/2/2026,SARI,5/17/2025,Overall,486
3/2/2026,SARI,5/17/2025,Pediatrics,251
3/2/2026,SARI,5/24/2025,Adults,292
3/2/2026,SARI,5/24/2025,Overall,608
3/2/2026,SARI,5/24/2025,Pediatrics,316
3/2/2026,SARI,5/31/2025,Adults,347
3/2/2026,SARI,5/31/2025,Overall,710
3/2/2026,SARI,5/31/2025,Pediatrics,363
3/2/2026,SARI,6/7/2025,Adults,515
3/2/2026,SARI,6/7/2025,Overall,1046
3/2/2026,SARI,6/7/2025,Pediatrics,531
3/2/2026,SARI,6/14/2025,Adults,582
3/2/2026,SARI,6/14/2025,Overall,1092
3/2/2026,SARI,6/14/2025,Pediatrics,510
3/2/2026,SARI,6/21/2025,Adults,503
3/2/2026,SARI,6/21/2025,Overall,1009
3/2/2026,SARI,6/21/2025,Pediatrics,506
3/2/2026,SARI,6/28/2025,Adults,458
3/2/2026,SARI,6/28/2025,Overall,915
3/2/2026,SARI,6/28/2025,Pediatrics,457
3/2/2026,SARI,7/5/2025,Adults,422
3/2/2026,SARI,7/5/2025,Overall,971
3/2/2026,SARI,7/5/2025,Pediatrics,549
3/2/2026,SARI,7/12/2025,Adults,320
3/2/2026,SARI,7/12/2025,Overall,838
3/2/2026,SARI,7/12/2025,Pediatrics,518
3/2/2026,SARI,7/19/2025,Adults,224
3/2/2026,SARI,7/19/2025,Overall,798
3/2/2026,SARI,7/19/2025,Pediatrics,574
3/2/2026,SARI,7/26/2025,Adults,172
3/2/2026,SARI,7/26/2025,Overall,665
3/2/2026,SARI,7/26/2025,Pediatrics,493
3/2/2026,SARI,8/2/2025,Adults,177
3/2/2026,SARI,8/2/2025,Overall,726
3/2/2026,SARI,8/2/2025,Pediatrics,549
3/2/2026,SARI,8/9/2025,Adults,187
3/2/2026,SARI,8/9/2025,Overall,695
3/2/2026,SARI,8/9/2025,Pediatrics,508
3/2/2026,SARI,8/16/2025,Adults,161
3/2/2026,SARI,8/16/2025,Overall,701
3/2/2026,SARI,8/16/2025,Pediatrics,540
3/2/2026,SARI,8/23/2025,Adults,168
3/2/2026,SARI,8/23/2025,Overall,708
3/2/2026,SARI,8/23/2025,Pediatrics,540
3/2/2026,SARI,8/30/2025,Adults,146
3/2/2026,SARI,8/30/2025,Overall,600
3/2/2026,SARI,8/30/2025,Pediatrics,454
3/2/2026,SARI,9/6/2025,Adults,164
3/2/2026,SARI,9/6/2025,Overall,591
3/2/2026,SARI,9/6/2025,Pediatrics,427
3/2/2026,SARI,9/13/2025,Adults,164
3/2/2026,SARI,9/13/2025,Overall,571
3/2/2026,SARI,9/13/2025,Pediatrics,407
3/2/2026,SARI,9/20/2025,Adults,158
3/2/2026,SARI,9/20/2025,Overall,520
3/2/2026,SARI,9/20/2025,Pediatrics,362
3/2/2026,SARI,9/27/2025,Adults,132
3/2/2026,SARI,9/27/2025,Overall,430
3/2/2026,SARI,9/27/2025,Pediatrics,298
3/2/2026,SARI,10/4/2025,Adults,126
3/2/2026,SARI,10/4/2025,Overall,425
3/2/2026,SARI,10/4/2025,Pediatrics,299
3/2/2026,SARI,10/11/2025,Adults,110
3/2/2026,SARI,10/11/2025,Overall,383
3/2/2026,SARI,10/11/2025,Pediatrics,273
3/2/2026,SARI,10/18/2025,Adults,121
3/2/2026,SARI,10/18/2025,Overall,346
3/2/2026,SARI,10/18/2025,Pediatrics,225
3/2/2026,SARI,10/25/2025,Adults,116
3/2/2026,SARI,10/25/2025,Overall,338
3/2/2026,SARI,10/25/2025,Pediatrics,222
3/2/2026,SARI,11/1/2025,Adults,100
3/2/2026,SARI,11/1/2025,Overall,259
3/2/2026,SARI,11/1/2025,Pediatrics,159
3/2/2026,SARI,11/8/2025,Adults,91
3/2/2026,SARI,11/8/2025,Overall,309
3/2/2026,SARI,11/8/2025,Pediatrics,218
3/2/2026,SARI,11/15/2025,Adults,116
3/2/2026,SARI,11/15/2025,Overall,276
3/2/2026,SARI,11/15/2025,Pediatrics,160
3/2/2026,SARI,11/22/2025,Adults,77
3/2/2026,SARI,11/22/2025,Overall,214
3/2/2026,SARI,11/22/2025,Pediatrics,137
3/2/2026,SARI,11/29/2025,Adults,61
3/2/2026,SARI,11/29/2025,Overall,174
3/2/2026,SARI,11/29/2025,Pediatrics,113
3/2/2026,SARI,12/6/2025,Adults,83
3/2/2026,SARI,12/6/2025,Overall,187
3/2/2026,SARI,12/6/2025,Pediatrics,104
3/2/2026,SARI,12/13/2025,Adults,89
3/2/2026,SARI,12/13/2025,Overall,191
3/2/2026,SARI,12/13/2025,Pediatrics,102
3/2/2026,SARI,12/20/2025,Adults,65
3/2/2026,SARI,12/20/2025,Overall,137
3/2/2026,SARI,12/20/2025,Pediatrics,72
3/2/2026,SARI,12/27/2025,Adults,93
3/2/2026,SARI,12/27/2025,Overall,145
3/2/2026,SARI,12/27/2025,Pediatrics,52
3/2/2026,SARI,1/3/2026,Adults,52
3/2/2026,SARI,1/3/2026,Overall,99
3/2/2026,SARI,1/3/2026,Pediatrics,47
3/2/2026,SARI,1/10/2026,Adults,94
3/2/2026,SARI,1/10/2026,Overall,178
3/2/2026,SARI,1/10/2026,Pediatrics,84
3/2/2026,SARI,1/17/2026,Adults,78
3/2/2026,SARI,1/17/2026,Overall,146
3/2/2026,SARI,1/17/2026,Pediatrics,68
3/2/2026,SARI,1/24/2026,Adults,85
3/2/2026,SARI,1/24/2026,Overall,153
3/2/2026,SARI,1/24/2026,Pediatrics,68
3/2/2026,SARI,1/31/2026,Adults,63
3/2/2026,SARI,1/31/2026,Overall,117
3/2/2026,SARI,1/31/2026,Pediatrics,54
3/2/2026,SARI,2/7/2026,Adults,69
3/2/2026,SARI,2/7/2026,Overall,114
3/2/2026,SARI,2/7/2026,Pediatrics,45
3/2/2026,SARI,2/14/2026,Adults,35
3/2/2026,SARI,2/14/2026,Overall,70
3/2/2026,SARI,2/14/2026,Pediatrics,35
3/2/2026,SARI,2/21/2026,Adults,21
3/2/2026,SARI,2/21/2026,Overall,37
3/2/2026,SARI,2/21/2026,Pediatrics,16
3/9/2026,SARI,1/8/2022,Adults,1023
3/9/2026,SARI,1/8/2022,Overall,1186
3/9/2026,SARI,1/8/2022,Pediatrics,163
3/9/2026,SARI,1/15/2022,Adults,1251
3/9/2026,SARI,1/15/2022,Overall,1423
3/9/2026,SARI,1/15/2022,Pediatrics,172
3/9/2026,SARI,1/22/2022,Adults,1113
3/9/2026,SARI,1/22/2022,Overall,1303
3/9/2026,SARI,1/22/2022,Pediatrics,190
3/9/2026,SARI,1/29/2022,Adults,769
3/9/2026,SARI,1/29/2022,Overall,907
3/9/2026,SARI,1/29/2022,Pediatrics,138
3/9/2026,SARI,2/5/2022,Adults,587
3/9/2026,SARI,2/5/2022,Overall,698
3/9/2026,SARI,2/5/2022,Pediatrics,111
3/9/2026,SARI,2/12/2022,Adults,420
3/9/2026,SARI,2/12/2022,Overall,537
3/9/2026,SARI,2/12/2022,Pediatrics,117
3/9/2026,SARI,2/19/2022,Adults,473
3/9/2026,SARI,2/19/2022,Overall,604
3/9/2026,SARI,2/19/2022,Pediatrics,131
3/9/2026,SARI,2/26/2022,Adults,430
3/9/2026,SARI,2/26/2022,Overall,551
3/9/2026,SARI,2/26/2022,Pediatrics,121
3/9/2026,SARI,3/5/2022,Adults,533
3/9/2026,SARI,3/5/2022,Overall,702
3/9/2026,SARI,3/5/2022,Pediatrics,169
3/9/2026,SARI,3/12/2022,Adults,502
3/9/2026,SARI,3/12/2022,Overall,730
3/9/2026,SARI,3/12/2022,Pediatrics,228
3/9/2026,SARI,3/19/2022,Adults,518
3/9/2026,SARI,3/19/2022,Overall,772
3/9/2026,SARI,3/19/2022,Pediatrics,254
3/9/2026,SARI,3/26/2022,Adults,437
3/9/2026,SARI,3/26/2022,Overall,633
3/9/2026,SARI,3/26/2022,Pediatrics,196
3/9/2026,SARI,4/2/2022,Adults,377
3/9/2026,SARI,4/2/2022,Overall,567
3/9/2026,SARI,4/2/2022,Pediatrics,190
3/9/2026,SARI,4/9/2022,Adults,349
3/9/2026,SARI,4/9/2022,Overall,573
3/9/2026,SARI,4/9/2022,Pediatrics,224
3/9/2026,SARI,4/16/2022,Adults,302
3/9/2026,SARI,4/16/2022,Overall,511
3/9/2026,SARI,4/16/2022,Pediatrics,209
3/9/2026,SARI,4/23/2022,Adults,271
3/9/2026,SARI,4/23/2022,Overall,496
3/9/2026,SARI,4/23/2022,Pediatrics,225
3/9/2026,SARI,4/30/2022,Adults,267
3/9/2026,SARI,4/30/2022,Overall,547
3/9/2026,SARI,4/30/2022,Pediatrics,280
3/9/2026,SARI,5/7/2022,Adults,312
3/9/2026,SARI,5/7/2022,Overall,613
3/9/2026,SARI,5/7/2022,Pediatrics,301
3/9/2026,SARI,5/14/2022,Adults,343
3/9/2026,SARI,5/14/2022,Overall,761
3/9/2026,SARI,5/14/2022,Pediatrics,418
3/9/2026,SARI,5/21/2022,Adults,394
3/9/2026,SARI,5/21/2022,Overall,898
3/9/2026,SARI,5/21/2022,Pediatrics,504
3/9/2026,SARI,5/28/2022,Adults,419
3/9/2026,SARI,5/28/2022,Overall,846
3/9/2026,SARI,5/28/2022,Pediatrics,427
3/9/2026,SARI,6/4/2022,Adults,457
3/9/2026,SARI,6/4/2022,Overall,925
3/9/2026,SARI,6/4/2022,Pediatrics,468
3/9/2026,SARI,6/11/2022,Adults,482
3/9/2026,SARI,6/11/2022,Overall,1042
3/9/2026,SARI,6/11/2022,Pediatrics,560
3/9/2026,SARI,6/18/2022,Adults,429
3/9/2026,SARI,6/18/2022,Overall,918
3/9/2026,SARI,6/18/2022,Pediatrics,489
3/9/2026,SARI,6/25/2022,Adults,416
3/9/2026,SARI,6/25/2022,Overall,824
3/9/2026,SARI,6/25/2022,Pediatrics,408
3/9/2026,SARI,7/2/2022,Adults,483
3/9/2026,SARI,7/2/2022,Overall,871
3/9/2026,SARI,7/2/2022,Pediatrics,388
3/9/2026,SARI,7/9/2022,Adults,440
3/9/2026,SARI,7/9/2022,Overall,868
3/9/2026,SARI,7/9/2022,Pediatrics,428
3/9/2026,SARI,7/16/2022,Adults,462
3/9/2026,SARI,7/16/2022,Overall,821
3/9/2026,SARI,7/16/2022,Pediatrics,359
3/9/2026,SARI,7/23/2022,Adults,490
3/9/2026,SARI,7/23/2022,Overall,833
3/9/2026,SARI,7/23/2022,Pediatrics,343
3/9/2026,SARI,7/30/2022,Adults,422
3/9/2026,SARI,7/30/2022,Overall,701
3/9/2026,SARI,7/30/2022,Pediatrics,279
3/9/2026,SARI,8/6/2022,Adults,403
3/9/2026,SARI,8/6/2022,Overall,675
3/9/2026,SARI,8/6/2022,Pediatrics,272
3/9/2026,SARI,8/13/2022,Adults,348
3/9/2026,SARI,8/13/2022,Overall,652
3/9/2026,SARI,8/13/2022,Pediatrics,304
3/9/2026,SARI,8/20/2022,Adults,307
3/9/2026,SARI,8/20/2022,Overall,655
3/9/2026,SARI,8/20/2022,Pediatrics,348
3/9/2026,SARI,8/27/2022,Adults,286
3/9/2026,SARI,8/27/2022,Overall,595
3/9/2026,SARI,8/27/2022,Pediatrics,309
3/9/2026,SARI,9/3/2022,Adults,282
3/9/2026,SARI,9/3/2022,Overall,611
3/9/2026,SARI,9/3/2022,Pediatrics,329
3/9/2026,SARI,9/10/2022,Adults,305
3/9/2026,SARI,9/10/2022,Overall,616
3/9/2026,SARI,9/10/2022,Pediatrics,311
3/9/2026,SARI,9/17/2022,Adults,235
3/9/2026,SARI,9/17/2022,Overall,525
3/9/2026,SARI,9/17/2022,Pediatrics,290
3/9/2026,SARI,9/24/2022,Adults,242
3/9/2026,SARI,9/24/2022,Overall,502
3/9/2026,SARI,9/24/2022,Pediatrics,260
3/9/2026,SARI,10/1/2022,Adults,255
3/9/2026,SARI,10/1/2022,Overall,561
3/9/2026,SARI,10/1/2022,Pediatrics,306
3/9/2026,SARI,10/8/2022,Adults,208
3/9/2026,SARI,10/8/2022,Overall,480
3/9/2026,SARI,10/8/2022,Pediatrics,272
3/9/2026,SARI,10/15/2022,Adults,272
3/9/2026,SARI,10/15/2022,Overall,545
3/9/2026,SARI,10/15/2022,Pediatrics,273
3/9/2026,SARI,10/22/2022,Adults,267
3/9/2026,SARI,10/22/2022,Overall,591
3/9/2026,SARI,10/22/2022,Pediatrics,324
3/9/2026,SARI,10/29/2022,Adults,223
3/9/2026,SARI,10/29/2022,Overall,501
3/9/2026,SARI,10/29/2022,Pediatrics,278
3/9/2026,SARI,11/5/2022,Adults,230
3/9/2026,SARI,11/5/2022,Overall,481
3/9/2026,SARI,11/5/2022,Pediatrics,251
3/9/2026,SARI,11/12/2022,Adults,194
3/9/2026,SARI,11/12/2022,Overall,433
3/9/2026,SARI,11/12/2022,Pediatrics,239
3/9/2026,SARI,11/19/2022,Adults,161
3/9/2026,SARI,11/19/2022,Overall,329
3/9/2026,SARI,11/19/2022,Pediatrics,168
3/9/2026,SARI,11/26/2022,Adults,152
3/9/2026,SARI,11/26/2022,Overall,282
3/9/2026,SARI,11/26/2022,Pediatrics,130
3/9/2026,SARI,12/3/2022,Adults,189
3/9/2026,SARI,12/3/2022,Overall,323
3/9/2026,SARI,12/3/2022,Pediatrics,134
3/9/2026,SARI,12/10/2022,Adults,285
3/9/2026,SARI,12/10/2022,Overall,408
3/9/2026,SARI,12/10/2022,Pediatrics,123
3/9/2026,SARI,12/17/2022,Adults,309
3/9/2026,SARI,12/17/2022,Overall,457
3/9/2026,SARI,12/17/2022,Pediatrics,148
3/9/2026,SARI,12/24/2022,Adults,357
3/9/2026,SARI,12/24/2022,Overall,465
3/9/2026,SARI,12/24/2022,Pediatrics,108
3/9/2026,SARI,12/31/2022,Adults,324
3/9/2026,SARI,12/31/2022,Overall,407
3/9/2026,SARI,12/31/2022,Pediatrics,83
3/9/2026,SARI,1/7/2023,Adults,330
3/9/2026,SARI,1/7/2023,Overall,448
3/9/2026,SARI,1/7/2023,Pediatrics,118
3/9/2026,SARI,1/14/2023,Adults,237
3/9/2026,SARI,1/14/2023,Overall,359
3/9/2026,SARI,1/14/2023,Pediatrics,122
3/9/2026,SARI,1/21/2023,Adults,195
3/9/2026,SARI,1/21/2023,Overall,304
3/9/2026,SARI,1/21/2023,Pediatrics,109
3/9/2026,SARI,1/28/2023,Adults,135
3/9/2026,SARI,1/28/2023,Overall,226
3/9/2026,SARI,1/28/2023,Pediatrics,91
3/9/2026,SARI,2/4/2023,Adults,133
3/9/2026,SARI,2/4/2023,Overall,254
3/9/2026,SARI,2/4/2023,Pediatrics,121
3/9/2026,SARI,2/11/2023,Adults,100
3/9/2026,SARI,2/11/2023,Overall,222
3/9/2026,SARI,2/11/2023,Pediatrics,122
3/9/2026,SARI,2/18/2023,Adults,107
3/9/2026,SARI,2/18/2023,Overall,204
3/9/2026,SARI,2/18/2023,Pediatrics,97
3/9/2026,SARI,2/25/2023,Adults,100
3/9/2026,SARI,2/25/2023,Overall,200
3/9/2026,SARI,2/25/2023,Pediatrics,100
3/9/2026,SARI,3/4/2023,Adults,137
3/9/2026,SARI,3/4/2023,Overall,289
3/9/2026,SARI,3/4/2023,Pediatrics,152
3/9/2026,SARI,3/11/2023,Adults,104
3/9/2026,SARI,3/11/2023,Overall,300
3/9/2026,SARI,3/11/2023,Pediatrics,196
3/9/2026,SARI,3/18/2023,Adults,92
3/9/2026,SARI,3/18/2023,Overall,249
3/9/2026,SARI,3/18/2023,Pediatrics,157
3/9/2026,SARI,3/25/2023,Adults,83
3/9/2026,SARI,3/25/2023,Overall,238
3/9/2026,SARI,3/25/2023,Pediatrics,155
3/9/2026,SARI,4/1/2023,Adults,78
3/9/2026,SARI,4/1/2023,Overall,251
3/9/2026,SARI,4/1/2023,Pediatrics,173
3/9/2026,SARI,4/8/2023,Adults,90
3/9/2026,SARI,4/8/2023,Overall,275
3/9/2026,SARI,4/8/2023,Pediatrics,185
3/9/2026,SARI,4/15/2023,Adults,102
3/9/2026,SARI,4/15/2023,Overall,297
3/9/2026,SARI,4/15/2023,Pediatrics,195
3/9/2026,SARI,4/22/2023,Adults,91
3/9/2026,SARI,4/22/2023,Overall,320
3/9/2026,SARI,4/22/2023,Pediatrics,229
3/9/2026,SARI,4/29/2023,Adults,92
3/9/2026,SARI,4/29/2023,Overall,415
3/9/2026,SARI,4/29/2023,Pediatrics,323
3/9/2026,SARI,5/6/2023,Adults,102
3/9/2026,SARI,5/6/2023,Overall,484
3/9/2026,SARI,5/6/2023,Pediatrics,382
3/9/2026,SARI,5/13/2023,Adults,118
3/9/2026,SARI,5/13/2023,Overall,544
3/9/2026,SARI,5/13/2023,Pediatrics,426
3/9/2026,SARI,5/20/2023,Adults,113
3/9/2026,SARI,5/20/2023,Overall,596
3/9/2026,SARI,5/20/2023,Pediatrics,483
3/9/2026,SARI,5/27/2023,Adults,119
3/9/2026,SARI,5/27/2023,Overall,680
3/9/2026,SARI,5/27/2023,Pediatrics,561
3/9/2026,SARI,6/3/2023,Adults,182
3/9/2026,SARI,6/3/2023,Overall,706
3/9/2026,SARI,6/3/2023,Pediatrics,524
3/9/2026,SARI,6/10/2023,Adults,190
3/9/2026,SARI,6/10/2023,Overall,742
3/9/2026,SARI,6/10/2023,Pediatrics,552
3/9/2026,SARI,6/17/2023,Adults,196
3/9/2026,SARI,6/17/2023,Overall,633
3/9/2026,SARI,6/17/2023,Pediatrics,437
3/9/2026,SARI,6/24/2023,Adults,264
3/9/2026,SARI,6/24/2023,Overall,703
3/9/2026,SARI,6/24/2023,Pediatrics,439
3/9/2026,SARI,7/1/2023,Adults,257
3/9/2026,SARI,7/1/2023,Overall,675
3/9/2026,SARI,7/1/2023,Pediatrics,418
3/9/2026,SARI,7/8/2023,Adults,229
3/9/2026,SARI,7/8/2023,Overall,582
3/9/2026,SARI,7/8/2023,Pediatrics,353
3/9/2026,SARI,7/15/2023,Adults,191
3/9/2026,SARI,7/15/2023,Overall,524
3/9/2026,SARI,7/15/2023,Pediatrics,333
3/9/2026,SARI,7/22/2023,Adults,188
3/9/2026,SARI,7/22/2023,Overall,451
3/9/2026,SARI,7/22/2023,Pediatrics,263
3/9/2026,SARI,7/29/2023,Adults,153
3/9/2026,SARI,7/29/2023,Overall,379
3/9/2026,SARI,7/29/2023,Pediatrics,226
3/9/2026,SARI,8/5/2023,Adults,176
3/9/2026,SARI,8/5/2023,Overall,391
3/9/2026,SARI,8/5/2023,Pediatrics,215
3/9/2026,SARI,8/12/2023,Adults,147
3/9/2026,SARI,8/12/2023,Overall,409
3/9/2026,SARI,8/12/2023,Pediatrics,262
3/9/2026,SARI,8/19/2023,Adults,164
3/9/2026,SARI,8/19/2023,Overall,404
3/9/2026,SARI,8/19/2023,Pediatrics,240
3/9/2026,SARI,8/26/2023,Adults,178
3/9/2026,SARI,8/26/2023,Overall,408
3/9/2026,SARI,8/26/2023,Pediatrics,230
3/9/2026,SARI,9/2/2023,Adults,191
3/9/2026,SARI,9/2/2023,Overall,443
3/9/2026,SARI,9/2/2023,Pediatrics,252
3/9/2026,SARI,9/9/2023,Adults,184
3/9/2026,SARI,9/9/2023,Overall,417
3/9/2026,SARI,9/9/2023,Pediatrics,233
3/9/2026,SARI,9/16/2023,Adults,175
3/9/2026,SARI,9/16/2023,Overall,434
3/9/2026,SARI,9/16/2023,Pediatrics,259
3/9/2026,SARI,9/23/2023,Adults,170
3/9/2026,SARI,9/23/2023,Overall,396
3/9/2026,SARI,9/23/2023,Pediatrics,226
3/9/2026,SARI,9/30/2023,Adults,109
3/9/2026,SARI,9/30/2023,Overall,290
3/9/2026,SARI,9/30/2023,Pediatrics,181
3/9/2026,SARI,10/7/2023,Adults,111
3/9/2026,SARI,10/7/2023,Overall,301
3/9/2026,SARI,10/7/2023,Pediatrics,190
3/9/2026,SARI,10/14/2023,Adults,114
3/9/2026,SARI,10/14/2023,Overall,305
3/9/2026,SARI,10/14/2023,Pediatrics,191
3/9/2026,SARI,10/21/2023,Adults,114
3/9/2026,SARI,10/21/2023,Overall,278
3/9/2026,SARI,10/21/2023,Pediatrics,164
3/9/2026,SARI,10/28/2023,Adults,75
3/9/2026,SARI,10/28/2023,Overall,191
3/9/2026,SARI,10/28/2023,Pediatrics,116
3/9/2026,SARI,11/4/2023,Adults,81
3/9/2026,SARI,11/4/2023,Overall,210
3/9/2026,SARI,11/4/2023,Pediatrics,129
3/9/2026,SARI,11/11/2023,Adults,85
3/9/2026,SARI,11/11/2023,Overall,201
3/9/2026,SARI,11/11/2023,Pediatrics,116
3/9/2026,SARI,11/18/2023,Adults,79
3/9/2026,SARI,11/18/2023,Overall,192
3/9/2026,SARI,11/18/2023,Pediatrics,113
3/9/2026,SARI,11/25/2023,Adults,74
3/9/2026,SARI,11/25/2023,Overall,168
3/9/2026,SARI,11/25/2023,Pediatrics,94
3/9/2026,SARI,12/2/2023,Adults,70
3/9/2026,SARI,12/2/2023,Overall,168
3/9/2026,SARI,12/2/2023,Pediatrics,98
3/9/2026,SARI,12/9/2023,Adults,64
3/9/2026,SARI,12/9/2023,Overall,130
3/9/2026,SARI,12/9/2023,Pediatrics,66
3/9/2026,SARI,12/16/2023,Adults,66
3/9/2026,SARI,12/16/2023,Overall,135
3/9/2026,SARI,12/16/2023,Pediatrics,69
3/9/2026,SARI,12/23/2023,Adults,56
3/9/2026,SARI,12/23/2023,Overall,102
3/9/2026,SARI,12/23/2023,Pediatrics,46
3/9/2026,SARI,12/30/2023,Adults,46
3/9/2026,SARI,12/30/2023,Overall,87
3/9/2026,SARI,12/30/2023,Pediatrics,41
3/9/2026,SARI,1/6/2024,Adults,95
3/9/2026,SARI,1/6/2024,Overall,160
3/9/2026,SARI,1/6/2024,Pediatrics,65
3/9/2026,SARI,1/13/2024,Adults,126
3/9/2026,SARI,1/13/2024,Overall,197
3/9/2026,SARI,1/13/2024,Pediatrics,71
3/9/2026,SARI,1/20/2024,Adults,165
3/9/2026,SARI,1/20/2024,Overall,247
3/9/2026,SARI,1/20/2024,Pediatrics,82
3/9/2026,SARI,1/27/2024,Adults,160
3/9/2026,SARI,1/27/2024,Overall,253
3/9/2026,SARI,1/27/2024,Pediatrics,93
3/9/2026,SARI,2/3/2024,Adults,165
3/9/2026,SARI,2/3/2024,Overall,252
3/9/2026,SARI,2/3/2024,Pediatrics,87
3/9/2026,SARI,2/10/2024,Adults,131
3/9/2026,SARI,2/10/2024,Overall,205
3/9/2026,SARI,2/10/2024,Pediatrics,74
3/9/2026,SARI,2/17/2024,Adults,114
3/9/2026,SARI,2/17/2024,Overall,176
3/9/2026,SARI,2/17/2024,Pediatrics,62
3/9/2026,SARI,2/24/2024,Adults,120
3/9/2026,SARI,2/24/2024,Overall,176
3/9/2026,SARI,2/24/2024,Pediatrics,56
3/9/2026,SARI,3/2/2024,Adults,92
3/9/2026,SARI,3/2/2024,Overall,155
3/9/2026,SARI,3/2/2024,Pediatrics,63
3/9/2026,SARI,3/9/2024,Adults,93
3/9/2026,SARI,3/9/2024,Overall,164
3/9/2026,SARI,3/9/2024,Pediatrics,71
3/9/2026,SARI,3/16/2024,Adults,94
3/9/2026,SARI,3/16/2024,Overall,213
3/9/2026,SARI,3/16/2024,Pediatrics,119
3/9/2026,SARI,3/23/2024,Adults,92
3/9/2026,SARI,3/23/2024,Overall,209
3/9/2026,SARI,3/23/2024,Pediatrics,117
3/9/2026,SARI,3/30/2024,Adults,96
3/9/2026,SARI,3/30/2024,Overall,207
3/9/2026,SARI,3/30/2024,Pediatrics,111
3/9/2026,SARI,4/6/2024,Adults,111
3/9/2026,SARI,4/6/2024,Overall,223
3/9/2026,SARI,4/6/2024,Pediatrics,112
3/9/2026,SARI,4/13/2024,Adults,95
3/9/2026,SARI,4/13/2024,Overall,198
3/9/2026,SARI,4/13/2024,Pediatrics,103
3/9/2026,SARI,4/20/2024,Adults,107
3/9/2026,SARI,4/20/2024,Overall,212
3/9/2026,SARI,4/20/2024,Pediatrics,105
3/9/2026,SARI,4/27/2024,Adults,97
3/9/2026,SARI,4/27/2024,Overall,241
3/9/2026,SARI,4/27/2024,Pediatrics,144
3/9/2026,SARI,5/4/2024,Adults,129
3/9/2026,SARI,5/4/2024,Overall,287
3/9/2026,SARI,5/4/2024,Pediatrics,158
3/9/2026,SARI,5/11/2024,Adults,151
3/9/2026,SARI,5/11/2024,Overall,338
3/9/2026,SARI,5/11/2024,Pediatrics,187
3/9/2026,SARI,5/18/2024,Adults,230
3/9/2026,SARI,5/18/2024,Overall,557
3/9/2026,SARI,5/18/2024,Pediatrics,327
3/9/2026,SARI,5/25/2024,Adults,333
3/9/2026,SARI,5/25/2024,Overall,746
3/9/2026,SARI,5/25/2024,Pediatrics,413
3/9/2026,SARI,6/1/2024,Adults,524
3/9/2026,SARI,6/1/2024,Overall,1053
3/9/2026,SARI,6/1/2024,Pediatrics,529
3/9/2026,SARI,6/8/2024,Adults,553
3/9/2026,SARI,6/8/2024,Overall,1270
3/9/2026,SARI,6/8/2024,Pediatrics,717
3/9/2026,SARI,6/15/2024,Adults,454
3/9/2026,SARI,6/15/2024,Overall,1031
3/9/2026,SARI,6/15/2024,Pediatrics,577
3/9/2026,SARI,6/22/2024,Adults,315
3/9/2026,SARI,6/22/2024,Overall,832
3/9/2026,SARI,6/22/2024,Pediatrics,517
3/9/2026,SARI,6/29/2024,Adults,277
3/9/2026,SARI,6/29/2024,Overall,825
3/9/2026,SARI,6/29/2024,Pediatrics,548
3/9/2026,SARI,7/6/2024,Adults,317
3/9/2026,SARI,7/6/2024,Overall,891
3/9/2026,SARI,7/6/2024,Pediatrics,574
3/9/2026,SARI,7/13/2024,Adults,251
3/9/2026,SARI,7/13/2024,Overall,830
3/9/2026,SARI,7/13/2024,Pediatrics,579
3/9/2026,SARI,7/20/2024,Adults,299
3/9/2026,SARI,7/20/2024,Overall,877
3/9/2026,SARI,7/20/2024,Pediatrics,578
3/9/2026,SARI,7/27/2024,Adults,229
3/9/2026,SARI,7/27/2024,Overall,707
3/9/2026,SARI,7/27/2024,Pediatrics,478
3/9/2026,SARI,8/3/2024,Adults,209
3/9/2026,SARI,8/3/2024,Overall,662
3/9/2026,SARI,8/3/2024,Pediatrics,453
3/9/2026,SARI,8/10/2024,Adults,184
3/9/2026,SARI,8/10/2024,Overall,668
3/9/2026,SARI,8/10/2024,Pediatrics,484
3/9/2026,SARI,8/17/2024,Adults,172
3/9/2026,SARI,8/17/2024,Overall,645
3/9/2026,SARI,8/17/2024,Pediatrics,473
3/9/2026,SARI,8/24/2024,Adults,175
3/9/2026,SARI,8/24/2024,Overall,642
3/9/2026,SARI,8/24/2024,Pediatrics,467
3/9/2026,SARI,8/31/2024,Adults,174
3/9/2026,SARI,8/31/2024,Overall,596
3/9/2026,SARI,8/31/2024,Pediatrics,422
3/9/2026,SARI,9/7/2024,Adults,210
3/9/2026,SARI,9/7/2024,Overall,718
3/9/2026,SARI,9/7/2024,Pediatrics,508
3/9/2026,SARI,9/14/2024,Adults,194
3/9/2026,SARI,9/14/2024,Overall,616
3/9/2026,SARI,9/14/2024,Pediatrics,422
3/9/2026,SARI,9/21/2024,Adults,178
3/9/2026,SARI,9/21/2024,Overall,598
3/9/2026,SARI,9/21/2024,Pediatrics,420
3/9/2026,SARI,9/28/2024,Adults,159
3/9/2026,SARI,9/28/2024,Overall,492
3/9/2026,SARI,9/28/2024,Pediatrics,333
3/9/2026,SARI,10/5/2024,Adults,199
3/9/2026,SARI,10/5/2024,Overall,511
3/9/2026,SARI,10/5/2024,Pediatrics,312
3/9/2026,SARI,10/12/2024,Adults,151
3/9/2026,SARI,10/12/2024,Overall,401
3/9/2026,SARI,10/12/2024,Pediatrics,250
3/9/2026,SARI,10/19/2024,Adults,165
3/9/2026,SARI,10/19/2024,Overall,424
3/9/2026,SARI,10/19/2024,Pediatrics,259
3/9/2026,SARI,10/26/2024,Adults,131
3/9/2026,SARI,10/26/2024,Overall,394
3/9/2026,SARI,10/26/2024,Pediatrics,263
3/9/2026,SARI,11/2/2024,Adults,116
3/9/2026,SARI,11/2/2024,Overall,353
3/9/2026,SARI,11/2/2024,Pediatrics,237
3/9/2026,SARI,11/9/2024,Adults,102
3/9/2026,SARI,11/9/2024,Overall,259
3/9/2026,SARI,11/9/2024,Pediatrics,157
3/9/2026,SARI,11/16/2024,Adults,112
3/9/2026,SARI,11/16/2024,Overall,284
3/9/2026,SARI,11/16/2024,Pediatrics,172
3/9/2026,SARI,11/23/2024,Adults,84
3/9/2026,SARI,11/23/2024,Overall,242
3/9/2026,SARI,11/23/2024,Pediatrics,158
3/9/2026,SARI,11/30/2024,Adults,73
3/9/2026,SARI,11/30/2024,Overall,221
3/9/2026,SARI,11/30/2024,Pediatrics,148
3/9/2026,SARI,12/7/2024,Adults,86
3/9/2026,SARI,12/7/2024,Overall,197
3/9/2026,SARI,12/7/2024,Pediatrics,111
3/9/2026,SARI,12/14/2024,Adults,90
3/9/2026,SARI,12/14/2024,Overall,202
3/9/2026,SARI,12/14/2024,Pediatrics,112
3/9/2026,SARI,12/21/2024,Adults,88
3/9/2026,SARI,12/21/2024,Overall,151
3/9/2026,SARI,12/21/2024,Pediatrics,63
3/9/2026,SARI,12/28/2024,Adults,60
3/9/2026,SARI,12/28/2024,Overall,113
3/9/2026,SARI,12/28/2024,Pediatrics,53
3/9/2026,SARI,1/4/2025,Adults,99
3/9/2026,SARI,1/4/2025,Overall,197
3/9/2026,SARI,1/4/2025,Pediatrics,98
3/9/2026,SARI,1/11/2025,Adults,97
3/9/2026,SARI,1/11/2025,Overall,175
3/9/2026,SARI,1/11/2025,Pediatrics,78
3/9/2026,SARI,1/18/2025,Adults,78
3/9/2026,SARI,1/18/2025,Overall,150
3/9/2026,SARI,1/18/2025,Pediatrics,72
3/9/2026,SARI,1/25/2025,Adults,81
3/9/2026,SARI,1/25/2025,Overall,163
3/9/2026,SARI,1/25/2025,Pediatrics,82
3/9/2026,SARI,2/1/2025,Adults,92
3/9/2026,SARI,2/1/2025,Overall,153
3/9/2026,SARI,2/1/2025,Pediatrics,61
3/9/2026,SARI,2/8/2025,Adults,86
3/9/2026,SARI,2/8/2025,Overall,172
3/9/2026,SARI,2/8/2025,Pediatrics,86
3/9/2026,SARI,2/15/2025,Adults,90
3/9/2026,SARI,2/15/2025,Overall,170
3/9/2026,SARI,2/15/2025,Pediatrics,80
3/9/2026,SARI,2/22/2025,Adults,86
3/9/2026,SARI,2/22/2025,Overall,164
3/9/2026,SARI,2/22/2025,Pediatrics,78
3/9/2026,SARI,3/1/2025,Adults,102
3/9/2026,SARI,3/1/2025,Overall,175
3/9/2026,SARI,3/1/2025,Pediatrics,73
3/9/2026,SARI,3/8/2025,Adults,101
3/9/2026,SARI,3/8/2025,Overall,181
3/9/2026,SARI,3/8/2025,Pediatrics,80
3/9/2026,SARI,3/15/2025,Adults,117
3/9/2026,SARI,3/15/2025,Overall,227
3/9/2026,SARI,3/15/2025,Pediatrics,110
3/9/2026,SARI,3/22/2025,Adults,158
3/9/2026,SARI,3/22/2025,Overall,320
3/9/2026,SARI,3/22/2025,Pediatrics,162
3/9/2026,SARI,3/29/2025,Adults,156
3/9/2026,SARI,3/29/2025,Overall,326
3/9/2026,SARI,3/29/2025,Pediatrics,170
3/9/2026,SARI,4/5/2025,Adults,150
3/9/2026,SARI,4/5/2025,Overall,292
3/9/2026,SARI,4/5/2025,Pediatrics,142
3/9/2026,SARI,4/12/2025,Adults,153
3/9/2026,SARI,4/12/2025,Overall,307
3/9/2026,SARI,4/12/2025,Pediatrics,154
3/9/2026,SARI,4/19/2025,Adults,153
3/9/2026,SARI,4/19/2025,Overall,334
3/9/2026,SARI,4/19/2025,Pediatrics,181
3/9/2026,SARI,4/26/2025,Adults,207
3/9/2026,SARI,4/26/2025,Overall,378
3/9/2026,SARI,4/26/2025,Pediatrics,171
3/9/2026,SARI,5/3/2025,Adults,190
3/9/2026,SARI,5/3/2025,Overall,402
3/9/2026,SARI,5/3/2025,Pediatrics,212
3/9/2026,SARI,5/10/2025,Adults,202
3/9/2026,SARI,5/10/2025,Overall,408
3/9/2026,SARI,5/10/2025,Pediatrics,206
3/9/2026,SARI,5/17/2025,Adults,235
3/9/2026,SARI,5/17/2025,Overall,486
3/9/2026,SARI,5/17/2025,Pediatrics,251
3/9/2026,SARI,5/24/2025,Adults,292
3/9/2026,SARI,5/24/2025,Overall,608
3/9/2026,SARI,5/24/2025,Pediatrics,316
3/9/2026,SARI,5/31/2025,Adults,347
3/9/2026,SARI,5/31/2025,Overall,710
3/9/2026,SARI,5/31/2025,Pediatrics,363
3/9/2026,SARI,6/7/2025,Adults,515
3/9/2026,SARI,6/7/2025,Overall,1046
3/9/2026,SARI,6/7/2025,Pediatrics,531
3/9/2026,SARI,6/14/2025,Adults,582
3/9/2026,SARI,6/14/2025,Overall,1092
3/9/2026,SARI,6/14/2025,Pediatrics,510
3/9/2026,SARI,6/21/2025,Adults,503
3/9/2026,SARI,6/21/2025,Overall,1009
3/9/2026,SARI,6/21/2025,Pediatrics,506
3/9/2026,SARI,6/28/2025,Adults,458
3/9/2026,SARI,6/28/2025,Overall,915
3/9/2026,SARI,6/28/2025,Pediatrics,457
3/9/2026,SARI,7/5/2025,Adults,422
3/9/2026,SARI,7/5/2025,Overall,971
3/9/2026,SARI,7/5/2025,Pediatrics,549
3/9/2026,SARI,7/12/2025,Adults,320
3/9/2026,SARI,7/12/2025,Overall,838
3/9/2026,SARI,7/12/2025,Pediatrics,518
3/9/2026,SARI,7/19/2025,Adults,224
3/9/2026,SARI,7/19/2025,Overall,798
3/9/2026,SARI,7/19/2025,Pediatrics,574
3/9/2026,SARI,7/26/2025,Adults,172
3/9/2026,SARI,7/26/2025,Overall,665
3/9/2026,SARI,7/26/2025,Pediatrics,493
3/9/2026,SARI,8/2/2025,Adults,177
3/9/2026,SARI,8/2/2025,Overall,726
3/9/2026,SARI,8/2/2025,Pediatrics,549
3/9/2026,SARI,8/9/2025,Adults,187
3/9/2026,SARI,8/9/2025,Overall,695
3/9/2026,SARI,8/9/2025,Pediatrics,508
3/9/2026,SARI,8/16/2025,Adults,161
3/9/2026,SARI,8/16/2025,Overall,701
3/9/2026,SARI,8/16/2025,Pediatrics,540
3/9/2026,SARI,8/23/2025,Adults,168
3/9/2026,SARI,8/23/2025,Overall,708
3/9/2026,SARI,8/23/2025,Pediatrics,540
3/9/2026,SARI,8/30/2025,Adults,146
3/9/2026,SARI,8/30/2025,Overall,600
3/9/2026,SARI,8/30/2025,Pediatrics,454
3/9/2026,SARI,9/6/2025,Adults,164
3/9/2026,SARI,9/6/2025,Overall,591
3/9/2026,SARI,9/6/2025,Pediatrics,427
3/9/2026,SARI,9/13/2025,Adults,164
3/9/2026,SARI,9/13/2025,Overall,571
3/9/2026,SARI,9/13/2025,Pediatrics,407
3/9/2026,SARI,9/20/2025,Adults,158
3/9/2026,SARI,9/20/2025,Overall,520
3/9/2026,SARI,9/20/2025,Pediatrics,362
3/9/2026,SARI,9/27/2025,Adults,132
3/9/2026,SARI,9/27/2025,Overall,430
3/9/2026,SARI,9/27/2025,Pediatrics,298
3/9/2026,SARI,10/4/2025,Adults,126
3/9/2026,SARI,10/4/2025,Overall,425
3/9/2026,SARI,10/4/2025,Pediatrics,299
3/9/2026,SARI,10/11/2025,Adults,110
3/9/2026,SARI,10/11/2025,Overall,383
3/9/2026,SARI,10/11/2025,Pediatrics,273
3/9/2026,SARI,10/18/2025,Adults,121
3/9/2026,SARI,10/18/2025,Overall,346
3/9/2026,SARI,10/18/2025,Pediatrics,225
3/9/2026,SARI,10/25/2025,Adults,116
3/9/2026,SARI,10/25/2025,Overall,338
3/9/2026,SARI,10/25/2025,Pediatrics,222
3/9/2026,SARI,11/1/2025,Adults,100
3/9/2026,SARI,11/1/2025,Overall,259
3/9/2026,SARI,11/1/2025,Pediatrics,159
3/9/2026,SARI,11/8/2025,Adults,91
3/9/2026,SARI,11/8/2025,Overall,309
3/9/2026,SARI,11/8/2025,Pediatrics,218
3/9/2026,SARI,11/15/2025,Adults,116
3/9/2026,SARI,11/15/2025,Overall,276
3/9/2026,SARI,11/15/2025,Pediatrics,160
3/9/2026,SARI,11/22/2025,Adults,77
3/9/2026,SARI,11/22/2025,Overall,214
3/9/2026,SARI,11/22/2025,Pediatrics,137
3/9/2026,SARI,11/29/2025,Adults,61
3/9/2026,SARI,11/29/2025,Overall,174
3/9/2026,SARI,11/29/2025,Pediatrics,113
3/9/2026,SARI,12/6/2025,Adults,83
3/9/2026,SARI,12/6/2025,Overall,187
3/9/2026,SARI,12/6/2025,Pediatrics,104
3/9/2026,SARI,12/13/2025,Adults,89
3/9/2026,SARI,12/13/2025,Overall,191
3/9/2026,SARI,12/13/2025,Pediatrics,102
3/9/2026,SARI,12/20/2025,Adults,65
3/9/2026,SARI,12/20/2025,Overall,137
3/9/2026,SARI,12/20/2025,Pediatrics,72
3/9/2026,SARI,12/27/2025,Adults,93
3/9/2026,SARI,12/27/2025,Overall,145
3/9/2026,SARI,12/27/2025,Pediatrics,52
3/9/2026,SARI,1/3/2026,Adults,52
3/9/2026,SARI,1/3/2026,Overall,99
3/9/2026,SARI,1/3/2026,Pediatrics,47
3/9/2026,SARI,1/10/2026,Adults,96
3/9/2026,SARI,1/10/2026,Overall,182
3/9/2026,SARI,1/10/2026,Pediatrics,86
3/9/2026,SARI,1/17/2026,Adults,78
3/9/2026,SARI,1/17/2026,Overall,148
3/9/2026,SARI,1/17/2026,Pediatrics,70
3/9/2026,SARI,1/24/2026,Adults,85
3/9/2026,SARI,1/24/2026,Overall,152
3/9/2026,SARI,1/24/2026,Pediatrics,67
3/9/2026,SARI,1/31/2026,Adults,64
3/9/2026,SARI,1/31/2026,Overall,120
3/9/2026,SARI,1/31/2026,Pediatrics,56
3/9/2026,SARI,2/7/2026,Adults,82
3/9/2026,SARI,2/7/2026,Overall,129
3/9/2026,SARI,2/7/2026,Pediatrics,47
3/9/2026,SARI,2/14/2026,Adults,55
3/9/2026,SARI,2/14/2026,Overall,98
3/9/2026,SARI,2/14/2026,Pediatrics,43
3/9/2026,SARI,2/21/2026,Adults,55
3/9/2026,SARI,2/21/2026,Overall,94
3/9/2026,SARI,2/21/2026,Pediatrics,39
3/25/2026,SARI,1/8/2022,Adults,1023
3/25/2026,SARI,1/8/2022,Overall,1186
3/25/2026,SARI,1/8/2022,Pediatrics,163
3/25/2026,SARI,1/15/2022,Adults,1251
3/25/2026,SARI,1/15/2022,Overall,1423
3/25/2026,SARI,1/15/2022,Pediatrics,172
3/25/2026,SARI,1/22/2022,Adults,1113
3/25/2026,SARI,1/22/2022,Overall,1303
3/25/2026,SARI,1/22/2022,Pediatrics,190
3/25/2026,SARI,1/29/2022,Adults,769
3/25/2026,SARI,1/29/2022,Overall,907
3/25/2026,SARI,1/29/2022,Pediatrics,138
3/25/2026,SARI,2/5/2022,Adults,587
3/25/2026,SARI,2/5/2022,Overall,698
3/25/2026,SARI,2/5/2022,Pediatrics,111
3/25/2026,SARI,2/12/2022,Adults,420
3/25/2026,SARI,2/12/2022,Overall,537
3/25/2026,SARI,2/12/2022,Pediatrics,117
3/25/2026,SARI,2/19/2022,Adults,473
3/25/2026,SARI,2/19/2022,Overall,604
3/25/2026,SARI,2/19/2022,Pediatrics,131
3/25/2026,SARI,2/26/2022,Adults,430
3/25/2026,SARI,2/26/2022,Overall,551
3/25/2026,SARI,2/26/2022,Pediatrics,121
3/25/2026,SARI,3/5/2022,Adults,533
3/25/2026,SARI,3/5/2022,Overall,702
3/25/2026,SARI,3/5/2022,Pediatrics,169
3/25/2026,SARI,3/12/2022,Adults,502
3/25/2026,SARI,3/12/2022,Overall,730
3/25/2026,SARI,3/12/2022,Pediatrics,228
3/25/2026,SARI,3/19/2022,Adults,518
3/25/2026,SARI,3/19/2022,Overall,772
3/25/2026,SARI,3/19/2022,Pediatrics,254
3/25/2026,SARI,3/26/2022,Adults,437
3/25/2026,SARI,3/26/2022,Overall,633
3/25/2026,SARI,3/26/2022,Pediatrics,196
3/25/2026,SARI,4/2/2022,Adults,377
3/25/2026,SARI,4/2/2022,Overall,567
3/25/2026,SARI,4/2/2022,Pediatrics,190
3/25/2026,SARI,4/9/2022,Adults,349
3/25/2026,SARI,4/9/2022,Overall,573
3/25/2026,SARI,4/9/2022,Pediatrics,224
3/25/2026,SARI,4/16/2022,Adults,302
3/25/2026,SARI,4/16/2022,Overall,511
3/25/2026,SARI,4/16/2022,Pediatrics,209
3/25/2026,SARI,4/23/2022,Adults,271
3/25/2026,SARI,4/23/2022,Overall,496
3/25/2026,SARI,4/23/2022,Pediatrics,225
3/25/2026,SARI,4/30/2022,Adults,267
3/25/2026,SARI,4/30/2022,Overall,547
3/25/2026,SARI,4/30/2022,Pediatrics,280
3/25/2026,SARI,5/7/2022,Adults,312
3/25/2026,SARI,5/7/2022,Overall,613
3/25/2026,SARI,5/7/2022,Pediatrics,301
3/25/2026,SARI,5/14/2022,Adults,343
3/25/2026,SARI,5/14/2022,Overall,761
3/25/2026,SARI,5/14/2022,Pediatrics,418
3/25/2026,SARI,5/21/2022,Adults,394
3/25/2026,SARI,5/21/2022,Overall,898
3/25/2026,SARI,5/21/2022,Pediatrics,504
3/25/2026,SARI,5/28/2022,Adults,419
3/25/2026,SARI,5/28/2022,Overall,846
3/25/2026,SARI,5/28/2022,Pediatrics,427
3/25/2026,SARI,6/4/2022,Adults,457
3/25/2026,SARI,6/4/2022,Overall,925
3/25/2026,SARI,6/4/2022,Pediatrics,468
3/25/2026,SARI,6/11/2022,Adults,482
3/25/2026,SARI,6/11/2022,Overall,1042
3/25/2026,SARI,6/11/2022,Pediatrics,560
3/25/2026,SARI,6/18/2022,Adults,429
3/25/2026,SARI,6/18/2022,Overall,918
3/25/2026,SARI,6/18/2022,Pediatrics,489
3/25/2026,SARI,6/25/2022,Adults,416
3/25/2026,SARI,6/25/2022,Overall,824
3/25/2026,SARI,6/25/2022,Pediatrics,408
3/25/2026,SARI,7/2/2022,Adults,483
3/25/2026,SARI,7/2/2022,Overall,871
3/25/2026,SARI,7/2/2022,Pediatrics,388
3/25/2026,SARI,7/9/2022,Adults,440
3/25/2026,SARI,7/9/2022,Overall,868
3/25/2026,SARI,7/9/2022,Pediatrics,428
3/25/2026,SARI,7/16/2022,Adults,462
3/25/2026,SARI,7/16/2022,Overall,821
3/25/2026,SARI,7/16/2022,Pediatrics,359
3/25/2026,SARI,7/23/2022,Adults,490
3/25/2026,SARI,7/23/2022,Overall,833
3/25/2026,SARI,7/23/2022,Pediatrics,343
3/25/2026,SARI,7/30/2022,Adults,422
3/25/2026,SARI,7/30/2022,Overall,701
3/25/2026,SARI,7/30/2022,Pediatrics,279
3/25/2026,SARI,8/6/2022,Adults,403
3/25/2026,SARI,8/6/2022,Overall,675
3/25/2026,SARI,8/6/2022,Pediatrics,272
3/25/2026,SARI,8/13/2022,Adults,348
3/25/2026,SARI,8/13/2022,Overall,652
3/25/2026,SARI,8/13/2022,Pediatrics,304
3/25/2026,SARI,8/20/2022,Adults,307
3/25/2026,SARI,8/20/2022,Overall,655
3/25/2026,SARI,8/20/2022,Pediatrics,348
3/25/2026,SARI,8/27/2022,Adults,286
3/25/2026,SARI,8/27/2022,Overall,595
3/25/2026,SARI,8/27/2022,Pediatrics,309
3/25/2026,SARI,9/3/2022,Adults,282
3/25/2026,SARI,9/3/2022,Overall,611
3/25/2026,SARI,9/3/2022,Pediatrics,329
3/25/2026,SARI,9/10/2022,Adults,305
3/25/2026,SARI,9/10/2022,Overall,616
3/25/2026,SARI,9/10/2022,Pediatrics,311
3/25/2026,SARI,9/17/2022,Adults,235
3/25/2026,SARI,9/17/2022,Overall,525
3/25/2026,SARI,9/17/2022,Pediatrics,290
3/25/2026,SARI,9/24/2022,Adults,242
3/25/2026,SARI,9/24/2022,Overall,502
3/25/2026,SARI,9/24/2022,Pediatrics,260
3/25/2026,SARI,10/1/2022,Adults,255
3/25/2026,SARI,10/1/2022,Overall,561
3/25/2026,SARI,10/1/2022,Pediatrics,306
3/25/2026,SARI,10/8/2022,Adults,208
3/25/2026,SARI,10/8/2022,Overall,480
3/25/2026,SARI,10/8/2022,Pediatrics,272
3/25/2026,SARI,10/15/2022,Adults,272
3/25/2026,SARI,10/15/2022,Overall,545
3/25/2026,SARI,10/15/2022,Pediatrics,273
3/25/2026,SARI,10/22/2022,Adults,267
3/25/2026,SARI,10/22/2022,Overall,591
3/25/2026,SARI,10/22/2022,Pediatrics,324
3/25/2026,SARI,10/29/2022,Adults,223
3/25/2026,SARI,10/29/2022,Overall,501
3/25/2026,SARI,10/29/2022,Pediatrics,278
3/25/2026,SARI,11/5/2022,Adults,230
3/25/2026,SARI,11/5/2022,Overall,481
3/25/2026,SARI,11/5/2022,Pediatrics,251
3/25/2026,SARI,11/12/2022,Adults,194
3/25/2026,SARI,11/12/2022,Overall,433
3/25/2026,SARI,11/12/2022,Pediatrics,239
3/25/2026,SARI,11/19/2022,Adults,161
3/25/2026,SARI,11/19/2022,Overall,329
3/25/2026,SARI,11/19/2022,Pediatrics,168
3/25/2026,SARI,11/26/2022,Adults,152
3/25/2026,SARI,11/26/2022,Overall,282
3/25/2026,SARI,11/26/2022,Pediatrics,130
3/25/2026,SARI,12/3/2022,Adults,189
3/25/2026,SARI,12/3/2022,Overall,323
3/25/2026,SARI,12/3/2022,Pediatrics,134
3/25/2026,SARI,12/10/2022,Adults,285
3/25/2026,SARI,12/10/2022,Overall,408
3/25/2026,SARI,12/10/2022,Pediatrics,123
3/25/2026,SARI,12/17/2022,Adults,309
3/25/2026,SARI,12/17/2022,Overall,457
3/25/2026,SARI,12/17/2022,Pediatrics,148
3/25/2026,SARI,12/24/2022,Adults,357
3/25/2026,SARI,12/24/2022,Overall,465
3/25/2026,SARI,12/24/2022,Pediatrics,108
3/25/2026,SARI,12/31/2022,Adults,324
3/25/2026,SARI,12/31/2022,Overall,407
3/25/2026,SARI,12/31/2022,Pediatrics,83
3/25/2026,SARI,1/7/2023,Adults,330
3/25/2026,SARI,1/7/2023,Overall,448
3/25/2026,SARI,1/7/2023,Pediatrics,118
3/25/2026,SARI,1/14/2023,Adults,237
3/25/2026,SARI,1/14/2023,Overall,359
3/25/2026,SARI,1/14/2023,Pediatrics,122
3/25/2026,SARI,1/21/2023,Adults,195
3/25/2026,SARI,1/21/2023,Overall,304
3/25/2026,SARI,1/21/2023,Pediatrics,109
3/25/2026,SARI,1/28/2023,Adults,135
3/25/2026,SARI,1/28/2023,Overall,226
3/25/2026,SARI,1/28/2023,Pediatrics,91
3/25/2026,SARI,2/4/2023,Adults,133
3/25/2026,SARI,2/4/2023,Overall,254
3/25/2026,SARI,2/4/2023,Pediatrics,121
3/25/2026,SARI,2/11/2023,Adults,100
3/25/2026,SARI,2/11/2023,Overall,222
3/25/2026,SARI,2/11/2023,Pediatrics,122
3/25/2026,SARI,2/18/2023,Adults,107
3/25/2026,SARI,2/18/2023,Overall,204
3/25/2026,SARI,2/18/2023,Pediatrics,97
3/25/2026,SARI,2/25/2023,Adults,100
3/25/2026,SARI,2/25/2023,Overall,200
3/25/2026,SARI,2/25/2023,Pediatrics,100
3/25/2026,SARI,3/4/2023,Adults,137
3/25/2026,SARI,3/4/2023,Overall,289
3/25/2026,SARI,3/4/2023,Pediatrics,152
3/25/2026,SARI,3/11/2023,Adults,104
3/25/2026,SARI,3/11/2023,Overall,300
3/25/2026,SARI,3/11/2023,Pediatrics,196
3/25/2026,SARI,3/18/2023,Adults,92
3/25/2026,SARI,3/18/2023,Overall,249
3/25/2026,SARI,3/18/2023,Pediatrics,157
3/25/2026,SARI,3/25/2023,Adults,83
3/25/2026,SARI,3/25/2023,Overall,238
3/25/2026,SARI,3/25/2023,Pediatrics,155
3/25/2026,SARI,4/1/2023,Adults,78
3/25/2026,SARI,4/1/2023,Overall,251
3/25/2026,SARI,4/1/2023,Pediatrics,173
3/25/2026,SARI,4/8/2023,Adults,90
3/25/2026,SARI,4/8/2023,Overall,275
3/25/2026,SARI,4/8/2023,Pediatrics,185
3/25/2026,SARI,4/15/2023,Adults,102
3/25/2026,SARI,4/15/2023,Overall,297
3/25/2026,SARI,4/15/2023,Pediatrics,195
3/25/2026,SARI,4/22/2023,Adults,91
3/25/2026,SARI,4/22/2023,Overall,320
3/25/2026,SARI,4/22/2023,Pediatrics,229
3/25/2026,SARI,4/29/2023,Adults,92
3/25/2026,SARI,4/29/2023,Overall,415
3/25/2026,SARI,4/29/2023,Pediatrics,323
3/25/2026,SARI,5/6/2023,Adults,102
3/25/2026,SARI,5/6/2023,Overall,484
3/25/2026,SARI,5/6/2023,Pediatrics,382
3/25/2026,SARI,5/13/2023,Adults,118
3/25/2026,SARI,5/13/2023,Overall,544
3/25/2026,SARI,5/13/2023,Pediatrics,426
3/25/2026,SARI,5/20/2023,Adults,113
3/25/2026,SARI,5/20/2023,Overall,596
3/25/2026,SARI,5/20/2023,Pediatrics,483
3/25/2026,SARI,5/27/2023,Adults,119
3/25/2026,SARI,5/27/2023,Overall,680
3/25/2026,SARI,5/27/2023,Pediatrics,561
3/25/2026,SARI,6/3/2023,Adults,182
3/25/2026,SARI,6/3/2023,Overall,706
3/25/2026,SARI,6/3/2023,Pediatrics,524
3/25/2026,SARI,6/10/2023,Adults,190
3/25/2026,SARI,6/10/2023,Overall,742
3/25/2026,SARI,6/10/2023,Pediatrics,552
3/25/2026,SARI,6/17/2023,Adults,196
3/25/2026,SARI,6/17/2023,Overall,633
3/25/2026,SARI,6/17/2023,Pediatrics,437
3/25/2026,SARI,6/24/2023,Adults,264
3/25/2026,SARI,6/24/2023,Overall,703
3/25/2026,SARI,6/24/2023,Pediatrics,439
3/25/2026,SARI,7/1/2023,Adults,257
3/25/2026,SARI,7/1/2023,Overall,675
3/25/2026,SARI,7/1/2023,Pediatrics,418
3/25/2026,SARI,7/8/2023,Adults,229
3/25/2026,SARI,7/8/2023,Overall,582
3/25/2026,SARI,7/8/2023,Pediatrics,353
3/25/2026,SARI,7/15/2023,Adults,191
3/25/2026,SARI,7/15/2023,Overall,524
3/25/2026,SARI,7/15/2023,Pediatrics,333
3/25/2026,SARI,7/22/2023,Adults,188
3/25/2026,SARI,7/22/2023,Overall,451
3/25/2026,SARI,7/22/2023,Pediatrics,263
3/25/2026,SARI,7/29/2023,Adults,153
3/25/2026,SARI,7/29/2023,Overall,379
3/25/2026,SARI,7/29/2023,Pediatrics,226
3/25/2026,SARI,8/5/2023,Adults,176
3/25/2026,SARI,8/5/2023,Overall,391
3/25/2026,SARI,8/5/2023,Pediatrics,215
3/25/2026,SARI,8/12/2023,Adults,147
3/25/2026,SARI,8/12/2023,Overall,409
3/25/2026,SARI,8/12/2023,Pediatrics,262
3/25/2026,SARI,8/19/2023,Adults,164
3/25/2026,SARI,8/19/2023,Overall,404
3/25/2026,SARI,8/19/2023,Pediatrics,240
3/25/2026,SARI,8/26/2023,Adults,178
3/25/2026,SARI,8/26/2023,Overall,408
3/25/2026,SARI,8/26/2023,Pediatrics,230
3/25/2026,SARI,9/2/2023,Adults,191
3/25/2026,SARI,9/2/2023,Overall,443
3/25/2026,SARI,9/2/2023,Pediatrics,252
3/25/2026,SARI,9/9/2023,Adults,184
3/25/2026,SARI,9/9/2023,Overall,417
3/25/2026,SARI,9/9/2023,Pediatrics,233
3/25/2026,SARI,9/16/2023,Adults,175
3/25/2026,SARI,9/16/2023,Overall,434
3/25/2026,SARI,9/16/2023,Pediatrics,259
3/25/2026,SARI,9/23/2023,Adults,170
3/25/2026,SARI,9/23/2023,Overall,396
3/25/2026,SARI,9/23/2023,Pediatrics,226
3/25/2026,SARI,9/30/2023,Adults,109
3/25/2026,SARI,9/30/2023,Overall,290
3/25/2026,SARI,9/30/2023,Pediatrics,181
3/25/2026,SARI,10/7/2023,Adults,111
3/25/2026,SARI,10/7/2023,Overall,301
3/25/2026,SARI,10/7/2023,Pediatrics,190
3/25/2026,SARI,10/14/2023,Adults,114
3/25/2026,SARI,10/14/2023,Overall,305
3/25/2026,SARI,10/14/2023,Pediatrics,191
3/25/2026,SARI,10/21/2023,Adults,114
3/25/2026,SARI,10/21/2023,Overall,278
3/25/2026,SARI,10/21/2023,Pediatrics,164
3/25/2026,SARI,10/28/2023,Adults,75
3/25/2026,SARI,10/28/2023,Overall,191
3/25/2026,SARI,10/28/2023,Pediatrics,116
3/25/2026,SARI,11/4/2023,Adults,81
3/25/2026,SARI,11/4/2023,Overall,210
3/25/2026,SARI,11/4/2023,Pediatrics,129
3/25/2026,SARI,11/11/2023,Adults,85
3/25/2026,SARI,11/11/2023,Overall,201
3/25/2026,SARI,11/11/2023,Pediatrics,116
3/25/2026,SARI,11/18/2023,Adults,79
3/25/2026,SARI,11/18/2023,Overall,192
3/25/2026,SARI,11/18/2023,Pediatrics,113
3/25/2026,SARI,11/25/2023,Adults,74
3/25/2026,SARI,11/25/2023,Overall,168
3/25/2026,SARI,11/25/2023,Pediatrics,94
3/25/2026,SARI,12/2/2023,Adults,70
3/25/2026,SARI,12/2/2023,Overall,168
3/25/2026,SARI,12/2/2023,Pediatrics,98
3/25/2026,SARI,12/9/2023,Adults,64
3/25/2026,SARI,12/9/2023,Overall,130
3/25/2026,SARI,12/9/2023,Pediatrics,66
3/25/2026,SARI,12/16/2023,Adults,66
3/25/2026,SARI,12/16/2023,Overall,135
3/25/2026,SARI,12/16/2023,Pediatrics,69
3/25/2026,SARI,12/23/2023,Adults,56
3/25/2026,SARI,12/23/2023,Overall,102
3/25/2026,SARI,12/23/2023,Pediatrics,46
3/25/2026,SARI,12/30/2023,Adults,46
3/25/2026,SARI,12/30/2023,Overall,87
3/25/2026,SARI,12/30/2023,Pediatrics,41
3/25/2026,SARI,1/6/2024,Adults,95
3/25/2026,SARI,1/6/2024,Overall,160
3/25/2026,SARI,1/6/2024,Pediatrics,65
3/25/2026,SARI,1/13/2024,Adults,126
3/25/2026,SARI,1/13/2024,Overall,197
3/25/2026,SARI,1/13/2024,Pediatrics,71
3/25/2026,SARI,1/20/2024,Adults,165
3/25/2026,SARI,1/20/2024,Overall,247
3/25/2026,SARI,1/20/2024,Pediatrics,82
3/25/2026,SARI,1/27/2024,Adults,160
3/25/2026,SARI,1/27/2024,Overall,253
3/25/2026,SARI,1/27/2024,Pediatrics,93
3/25/2026,SARI,2/3/2024,Adults,165
3/25/2026,SARI,2/3/2024,Overall,252
3/25/2026,SARI,2/3/2024,Pediatrics,87
3/25/2026,SARI,2/10/2024,Adults,131
3/25/2026,SARI,2/10/2024,Overall,205
3/25/2026,SARI,2/10/2024,Pediatrics,74
3/25/2026,SARI,2/17/2024,Adults,114
3/25/2026,SARI,2/17/2024,Overall,176
3/25/2026,SARI,2/17/2024,Pediatrics,62
3/25/2026,SARI,2/24/2024,Adults,120
3/25/2026,SARI,2/24/2024,Overall,176
3/25/2026,SARI,2/24/2024,Pediatrics,56
3/25/2026,SARI,3/2/2024,Adults,92
3/25/2026,SARI,3/2/2024,Overall,155
3/25/2026,SARI,3/2/2024,Pediatrics,63
3/25/2026,SARI,3/9/2024,Adults,93
3/25/2026,SARI,3/9/2024,Overall,164
3/25/2026,SARI,3/9/2024,Pediatrics,71
3/25/2026,SARI,3/16/2024,Adults,94
3/25/2026,SARI,3/16/2024,Overall,213
3/25/2026,SARI,3/16/2024,Pediatrics,119
3/25/2026,SARI,3/23/2024,Adults,92
3/25/2026,SARI,3/23/2024,Overall,209
3/25/2026,SARI,3/23/2024,Pediatrics,117
3/25/2026,SARI,3/30/2024,Adults,96
3/25/2026,SARI,3/30/2024,Overall,207
3/25/2026,SARI,3/30/2024,Pediatrics,111
3/25/2026,SARI,4/6/2024,Adults,111
3/25/2026,SARI,4/6/2024,Overall,223
3/25/2026,SARI,4/6/2024,Pediatrics,112
3/25/2026,SARI,4/13/2024,Adults,95
3/25/2026,SARI,4/13/2024,Overall,198
3/25/2026,SARI,4/13/2024,Pediatrics,103
3/25/2026,SARI,4/20/2024,Adults,107
3/25/2026,SARI,4/20/2024,Overall,212
3/25/2026,SARI,4/20/2024,Pediatrics,105
3/25/2026,SARI,4/27/2024,Adults,97
3/25/2026,SARI,4/27/2024,Overall,241
3/25/2026,SARI,4/27/2024,Pediatrics,144
3/25/2026,SARI,5/4/2024,Adults,129
3/25/2026,SARI,5/4/2024,Overall,287
3/25/2026,SARI,5/4/2024,Pediatrics,158
3/25/2026,SARI,5/11/2024,Adults,151
3/25/2026,SARI,5/11/2024,Overall,338
3/25/2026,SARI,5/11/2024,Pediatrics,187
3/25/2026,SARI,5/18/2024,Adults,230
3/25/2026,SARI,5/18/2024,Overall,557
3/25/2026,SARI,5/18/2024,Pediatrics,327
3/25/2026,SARI,5/25/2024,Adults,333
3/25/2026,SARI,5/25/2024,Overall,746
3/25/2026,SARI,5/25/2024,Pediatrics,413
3/25/2026,SARI,6/1/2024,Adults,524
3/25/2026,SARI,6/1/2024,Overall,1053
3/25/2026,SARI,6/1/2024,Pediatrics,529
3/25/2026,SARI,6/8/2024,Adults,553
3/25/2026,SARI,6/8/2024,Overall,1270
3/25/2026,SARI,6/8/2024,Pediatrics,717
3/25/2026,SARI,6/15/2024,Adults,454
3/25/2026,SARI,6/15/2024,Overall,1031
3/25/2026,SARI,6/15/2024,Pediatrics,577
3/25/2026,SARI,6/22/2024,Adults,315
3/25/2026,SARI,6/22/2024,Overall,832
3/25/2026,SARI,6/22/2024,Pediatrics,517
3/25/2026,SARI,6/29/2024,Adults,277
3/25/2026,SARI,6/29/2024,Overall,825
3/25/2026,SARI,6/29/2024,Pediatrics,548
3/25/2026,SARI,7/6/2024,Adults,317
3/25/2026,SARI,7/6/2024,Overall,891
3/25/2026,SARI,7/6/2024,Pediatrics,574
3/25/2026,SARI,7/13/2024,Adults,251
3/25/2026,SARI,7/13/2024,Overall,830
3/25/2026,SARI,7/13/2024,Pediatrics,579
3/25/2026,SARI,7/20/2024,Adults,299
3/25/2026,SARI,7/20/2024,Overall,877
3/25/2026,SARI,7/20/2024,Pediatrics,578
3/25/2026,SARI,7/27/2024,Adults,229
3/25/2026,SARI,7/27/2024,Overall,707
3/25/2026,SARI,7/27/2024,Pediatrics,478
3/25/2026,SARI,8/3/2024,Adults,209
3/25/2026,SARI,8/3/2024,Overall,662
3/25/2026,SARI,8/3/2024,Pediatrics,453
3/25/2026,SARI,8/10/2024,Adults,184
3/25/2026,SARI,8/10/2024,Overall,668
3/25/2026,SARI,8/10/2024,Pediatrics,484
3/25/2026,SARI,8/17/2024,Adults,172
3/25/2026,SARI,8/17/2024,Overall,645
3/25/2026,SARI,8/17/2024,Pediatrics,473
3/25/2026,SARI,8/24/2024,Adults,175
3/25/2026,SARI,8/24/2024,Overall,642
3/25/2026,SARI,8/24/2024,Pediatrics,467
3/25/2026,SARI,8/31/2024,Adults,174
3/25/2026,SARI,8/31/2024,Overall,596
3/25/2026,SARI,8/31/2024,Pediatrics,422
3/25/2026,SARI,9/7/2024,Adults,210
3/25/2026,SARI,9/7/2024,Overall,718
3/25/2026,SARI,9/7/2024,Pediatrics,508
3/25/2026,SARI,9/14/2024,Adults,194
3/25/2026,SARI,9/14/2024,Overall,616
3/25/2026,SARI,9/14/2024,Pediatrics,422
3/25/2026,SARI,9/21/2024,Adults,178
3/25/2026,SARI,9/21/2024,Overall,598
3/25/2026,SARI,9/21/2024,Pediatrics,420
3/25/2026,SARI,9/28/2024,Adults,159
3/25/2026,SARI,9/28/2024,Overall,492
3/25/2026,SARI,9/28/2024,Pediatrics,333
3/25/2026,SARI,10/5/2024,Adults,199
3/25/2026,SARI,10/5/2024,Overall,511
3/25/2026,SARI,10/5/2024,Pediatrics,312
3/25/2026,SARI,10/12/2024,Adults,151
3/25/2026,SARI,10/12/2024,Overall,401
3/25/2026,SARI,10/12/2024,Pediatrics,250
3/25/2026,SARI,10/19/2024,Adults,165
3/25/2026,SARI,10/19/2024,Overall,424
3/25/2026,SARI,10/19/2024,Pediatrics,259
3/25/2026,SARI,10/26/2024,Adults,131
3/25/2026,SARI,10/26/2024,Overall,394
3/25/2026,SARI,10/26/2024,Pediatrics,263
3/25/2026,SARI,11/2/2024,Adults,116
3/25/2026,SARI,11/2/2024,Overall,353
3/25/2026,SARI,11/2/2024,Pediatrics,237
3/25/2026,SARI,11/9/2024,Adults,102
3/25/2026,SARI,11/9/2024,Overall,259
3/25/2026,SARI,11/9/2024,Pediatrics,157
3/25/2026,SARI,11/16/2024,Adults,112
3/25/2026,SARI,11/16/2024,Overall,284
3/25/2026,SARI,11/16/2024,Pediatrics,172
3/25/2026,SARI,11/23/2024,Adults,84
3/25/2026,SARI,11/23/2024,Overall,242
3/25/2026,SARI,11/23/2024,Pediatrics,158
3/25/2026,SARI,11/30/2024,Adults,73
3/25/2026,SARI,11/30/2024,Overall,221
3/25/2026,SARI,11/30/2024,Pediatrics,148
3/25/2026,SARI,12/7/2024,Adults,86
3/25/2026,SARI,12/7/2024,Overall,197
3/25/2026,SARI,12/7/2024,Pediatrics,111
3/25/2026,SARI,12/14/2024,Adults,90
3/25/2026,SARI,12/14/2024,Overall,202
3/25/2026,SARI,12/14/2024,Pediatrics,112
3/25/2026,SARI,12/21/2024,Adults,88
3/25/2026,SARI,12/21/2024,Overall,151
3/25/2026,SARI,12/21/2024,Pediatrics,63
3/25/2026,SARI,12/28/2024,Adults,60
3/25/2026,SARI,12/28/2024,Overall,113
3/25/2026,SARI,12/28/2024,Pediatrics,53
3/25/2026,SARI,1/4/2025,Adults,99
3/25/2026,SARI,1/4/2025,Overall,197
3/25/2026,SARI,1/4/2025,Pediatrics,98
3/25/2026,SARI,1/11/2025,Adults,97
3/25/2026,SARI,1/11/2025,Overall,175
3/25/2026,SARI,1/11/2025,Pediatrics,78
3/25/2026,SARI,1/18/2025,Adults,78
3/25/2026,SARI,1/18/2025,Overall,150
3/25/2026,SARI,1/18/2025,Pediatrics,72
3/25/2026,SARI,1/25/2025,Adults,81
3/25/2026,SARI,1/25/2025,Overall,163
3/25/2026,SARI,1/25/2025,Pediatrics,82
3/25/2026,SARI,2/1/2025,Adults,92
3/25/2026,SARI,2/1/2025,Overall,153
3/25/2026,SARI,2/1/2025,Pediatrics,61
3/25/2026,SARI,2/8/2025,Adults,86
3/25/2026,SARI,2/8/2025,Overall,172
3/25/2026,SARI,2/8/2025,Pediatrics,86
3/25/2026,SARI,2/15/2025,Adults,90
3/25/2026,SARI,2/15/2025,Overall,170
3/25/2026,SARI,2/15/2025,Pediatrics,80
3/25/2026,SARI,2/22/2025,Adults,86
3/25/2026,SARI,2/22/2025,Overall,164
3/25/2026,SARI,2/22/2025,Pediatrics,78
3/25/2026,SARI,3/1/2025,Adults,102
3/25/2026,SARI,3/1/2025,Overall,175
3/25/2026,SARI,3/1/2025,Pediatrics,73
3/25/2026,SARI,3/8/2025,Adults,101
3/25/2026,SARI,3/8/2025,Overall,181
3/25/2026,SARI,3/8/2025,Pediatrics,80
3/25/2026,SARI,3/15/2025,Adults,117
3/25/2026,SARI,3/15/2025,Overall,227
3/25/2026,SARI,3/15/2025,Pediatrics,110
3/25/2026,SARI,3/22/2025,Adults,158
3/25/2026,SARI,3/22/2025,Overall,320
3/25/2026,SARI,3/22/2025,Pediatrics,162
3/25/2026,SARI,3/29/2025,Adults,156
3/25/2026,SARI,3/29/2025,Overall,326
3/25/2026,SARI,3/29/2025,Pediatrics,170
3/25/2026,SARI,4/5/2025,Adults,150
3/25/2026,SARI,4/5/2025,Overall,292
3/25/2026,SARI,4/5/2025,Pediatrics,142
3/25/2026,SARI,4/12/2025,Adults,153
3/25/2026,SARI,4/12/2025,Overall,307
3/25/2026,SARI,4/12/2025,Pediatrics,154
3/25/2026,SARI,4/19/2025,Adults,153
3/25/2026,SARI,4/19/2025,Overall,334
3/25/2026,SARI,4/19/2025,Pediatrics,181
3/25/2026,SARI,4/26/2025,Adults,207
3/25/2026,SARI,4/26/2025,Overall,378
3/25/2026,SARI,4/26/2025,Pediatrics,171
3/25/2026,SARI,5/3/2025,Adults,190
3/25/2026,SARI,5/3/2025,Overall,402
3/25/2026,SARI,5/3/2025,Pediatrics,212
3/25/2026,SARI,5/10/2025,Adults,202
3/25/2026,SARI,5/10/2025,Overall,408
3/25/2026,SARI,5/10/2025,Pediatrics,206
3/25/2026,SARI,5/17/2025,Adults,235
3/25/2026,SARI,5/17/2025,Overall,486
3/25/2026,SARI,5/17/2025,Pediatrics,251
3/25/2026,SARI,5/24/2025,Adults,292
3/25/2026,SARI,5/24/2025,Overall,608
3/25/2026,SARI,5/24/2025,Pediatrics,316
3/25/2026,SARI,5/31/2025,Adults,347
3/25/2026,SARI,5/31/2025,Overall,710
3/25/2026,SARI,5/31/2025,Pediatrics,363
3/25/2026,SARI,6/7/2025,Adults,515
3/25/2026,SARI,6/7/2025,Overall,1046
3/25/2026,SARI,6/7/2025,Pediatrics,531
3/25/2026,SARI,6/14/2025,Adults,582
3/25/2026,SARI,6/14/2025,Overall,1092
3/25/2026,SARI,6/14/2025,Pediatrics,510
3/25/2026,SARI,6/21/2025,Adults,503
3/25/2026,SARI,6/21/2025,Overall,1009
3/25/2026,SARI,6/21/2025,Pediatrics,506
3/25/2026,SARI,6/28/2025,Adults,458
3/25/2026,SARI,6/28/2025,Overall,915
3/25/2026,SARI,6/28/2025,Pediatrics,457
3/25/2026,SARI,7/5/2025,Adults,422
3/25/2026,SARI,7/5/2025,Overall,971
3/25/2026,SARI,7/5/2025,Pediatrics,549
3/25/2026,SARI,7/12/2025,Adults,320
3/25/2026,SARI,7/12/2025,Overall,838
3/25/2026,SARI,7/12/2025,Pediatrics,518
3/25/2026,SARI,7/19/2025,Adults,224
3/25/2026,SARI,7/19/2025,Overall,798
3/25/2026,SARI,7/19/2025,Pediatrics,574
3/25/2026,SARI,7/26/2025,Adults,172
3/25/2026,SARI,7/26/2025,Overall,665
3/25/2026,SARI,7/26/2025,Pediatrics,493
3/25/2026,SARI,8/2/2025,Adults,177
3/25/2026,SARI,8/2/2025,Overall,726
3/25/2026,SARI,8/2/2025,Pediatrics,549
3/25/2026,SARI,8/9/2025,Adults,187
3/25/2026,SARI,8/9/2025,Overall,695
3/25/2026,SARI,8/9/2025,Pediatrics,508
3/25/2026,SARI,8/16/2025,Adults,161
3/25/2026,SARI,8/16/2025,Overall,701
3/25/2026,SARI,8/16/2025,Pediatrics,540
3/25/2026,SARI,8/23/2025,Adults,168
3/25/2026,SARI,8/23/2025,Overall,708
3/25/2026,SARI,8/23/2025,Pediatrics,540
3/25/2026,SARI,8/30/2025,Adults,146
3/25/2026,SARI,8/30/2025,Overall,600
3/25/2026,SARI,8/30/2025,Pediatrics,454
3/25/2026,SARI,9/6/2025,Adults,164
3/25/2026,SARI,9/6/2025,Overall,591
3/25/2026,SARI,9/6/2025,Pediatrics,427
3/25/2026,SARI,9/13/2025,Adults,164
3/25/2026,SARI,9/13/2025,Overall,571
3/25/2026,SARI,9/13/2025,Pediatrics,407
3/25/2026,SARI,9/20/2025,Adults,158
3/25/2026,SARI,9/20/2025,Overall,520
3/25/2026,SARI,9/20/2025,Pediatrics,362
3/25/2026,SARI,9/27/2025,Adults,132
3/25/2026,SARI,9/27/2025,Overall,430
3/25/2026,SARI,9/27/2025,Pediatrics,298
3/25/2026,SARI,10/4/2025,Adults,126
3/25/2026,SARI,10/4/2025,Overall,425
3/25/2026,SARI,10/4/2025,Pediatrics,299
3/25/2026,SARI,10/11/2025,Adults,110
3/25/2026,SARI,10/11/2025,Overall,383
3/25/2026,SARI,10/11/2025,Pediatrics,273
3/25/2026,SARI,10/18/2025,Adults,121
3/25/2026,SARI,10/18/2025,Overall,346
3/25/2026,SARI,10/18/2025,Pediatrics,225
3/25/2026,SARI,10/25/2025,Adults,116
3/25/2026,SARI,10/25/2025,Overall,338
3/25/2026,SARI,10/25/2025,Pediatrics,222
3/25/2026,SARI,11/1/2025,Adults,100
3/25/2026,SARI,11/1/2025,Overall,259
3/25/2026,SARI,11/1/2025,Pediatrics,159
3/25/2026,SARI,11/8/2025,Adults,91
3/25/2026,SARI,11/8/2025,Overall,309
3/25/2026,SARI,11/8/2025,Pediatrics,218
3/25/2026,SARI,11/15/2025,Adults,116
3/25/2026,SARI,11/15/2025,Overall,276
3/25/2026,SARI,11/15/2025,Pediatrics,160
3/25/2026,SARI,11/22/2025,Adults,77
3/25/2026,SARI,11/22/2025,Overall,214
3/25/2026,SARI,11/22/2025,Pediatrics,137
3/25/2026,SARI,11/29/2025,Adults,61
3/25/2026,SARI,11/29/2025,Overall,174
3/25/2026,SARI,11/29/2025,Pediatrics,113
3/25/2026,SARI,12/6/2025,Adults,83
3/25/2026,SARI,12/6/2025,Overall,187
3/25/2026,SARI,12/6/2025,Pediatrics,104
3/25/2026,SARI,12/13/2025,Adults,89
3/25/2026,SARI,12/13/2025,Overall,191
3/25/2026,SARI,12/13/2025,Pediatrics,102
3/25/2026,SARI,12/20/2025,Adults,65
3/25/2026,SARI,12/20/2025,Overall,137
3/25/2026,SARI,12/20/2025,Pediatrics,72
3/25/2026,SARI,12/27/2025,Adults,93
3/25/2026,SARI,12/27/2025,Overall,145
3/25/2026,SARI,12/27/2025,Pediatrics,52
3/25/2026,SARI,1/3/2026,Adults,52
3/25/2026,SARI,1/3/2026,Overall,99
3/25/2026,SARI,1/3/2026,Pediatrics,47
3/25/2026,SARI,1/10/2026,Adults,96
3/25/2026,SARI,1/10/2026,Overall,183
3/25/2026,SARI,1/10/2026,Pediatrics,87
3/25/2026,SARI,1/17/2026,Adults,80
3/25/2026,SARI,1/17/2026,Overall,149
3/25/2026,SARI,1/17/2026,Pediatrics,69
3/25/2026,SARI,1/24/2026,Adults,87
3/25/2026,SARI,1/24/2026,Overall,154
3/25/2026,SARI,1/24/2026,Pediatrics,67
3/25/2026,SARI,1/31/2026,Adults,65
3/25/2026,SARI,1/31/2026,Overall,125
3/25/2026,SARI,1/31/2026,Pediatrics,60
3/25/2026,SARI,2/7/2026,Adults,88
3/25/2026,SARI,2/7/2026,Overall,140
3/25/2026,SARI,2/7/2026,Pediatrics,52
3/25/2026,SARI,2/14/2026,Adults,61
3/25/2026,SARI,2/14/2026,Overall,109
3/25/2026,SARI,2/14/2026,Pediatrics,48
3/25/2026,SARI,2/21/2026,Adults,66
3/25/2026,SARI,2/21/2026,Overall,115
3/25/2026,SARI,2/21/2026,Pediatrics,49
3/25/2026,SARI,2/28/2026,Adults,56
3/25/2026,SARI,2/28/2026,Overall,119
3/25/2026,SARI,2/28/2026,Pediatrics,63
3/25/2026,SARI,3/7/2026,Adults,64
3/25/2026,SARI,3/7/2026,Overall,147
3/25/2026,SARI,3/7/2026,Pediatrics,83
4/1/2026,SARI,1/8/2022,Adults,1023
4/1/2026,SARI,1/8/2022,Overall,1186
4/1/2026,SARI,1/8/2022,Pediatrics,163
4/1/2026,SARI,1/15/2022,Adults,1251
4/1/2026,SARI,1/15/2022,Overall,1423
4/1/2026,SARI,1/15/2022,Pediatrics,172
4/1/2026,SARI,1/22/2022,Adults,1113
4/1/2026,SARI,1/22/2022,Overall,1303
4/1/2026,SARI,1/22/2022,Pediatrics,190
4/1/2026,SARI,1/29/2022,Adults,769
4/1/2026,SARI,1/29/2022,Overall,907
4/1/2026,SARI,1/29/2022,Pediatrics,138
4/1/2026,SARI,2/5/2022,Adults,587
4/1/2026,SARI,2/5/2022,Overall,698
4/1/2026,SARI,2/5/2022,Pediatrics,111
4/1/2026,SARI,2/12/2022,Adults,420
4/1/2026,SARI,2/12/2022,Overall,537
4/1/2026,SARI,2/12/2022,Pediatrics,117
4/1/2026,SARI,2/19/2022,Adults,473
4/1/2026,SARI,2/19/2022,Overall,604
4/1/2026,SARI,2/19/2022,Pediatrics,131
4/1/2026,SARI,2/26/2022,Adults,430
4/1/2026,SARI,2/26/2022,Overall,551
4/1/2026,SARI,2/26/2022,Pediatrics,121
4/1/2026,SARI,3/5/2022,Adults,533
4/1/2026,SARI,3/5/2022,Overall,702
4/1/2026,SARI,3/5/2022,Pediatrics,169
4/1/2026,SARI,3/12/2022,Adults,502
4/1/2026,SARI,3/12/2022,Overall,730
4/1/2026,SARI,3/12/2022,Pediatrics,228
4/1/2026,SARI,3/19/2022,Adults,518
4/1/2026,SARI,3/19/2022,Overall,772
4/1/2026,SARI,3/19/2022,Pediatrics,254
4/1/2026,SARI,3/26/2022,Adults,437
4/1/2026,SARI,3/26/2022,Overall,633
4/1/2026,SARI,3/26/2022,Pediatrics,196
4/1/2026,SARI,4/2/2022,Adults,377
4/1/2026,SARI,4/2/2022,Overall,567
4/1/2026,SARI,4/2/2022,Pediatrics,190
4/1/2026,SARI,4/9/2022,Adults,349
4/1/2026,SARI,4/9/2022,Overall,573
4/1/2026,SARI,4/9/2022,Pediatrics,224
4/1/2026,SARI,4/16/2022,Adults,302
4/1/2026,SARI,4/16/2022,Overall,511
4/1/2026,SARI,4/16/2022,Pediatrics,209
4/1/2026,SARI,4/23/2022,Adults,271
4/1/2026,SARI,4/23/2022,Overall,496
4/1/2026,SARI,4/23/2022,Pediatrics,225
4/1/2026,SARI,4/30/2022,Adults,267
4/1/2026,SARI,4/30/2022,Overall,547
4/1/2026,SARI,4/30/2022,Pediatrics,280
4/1/2026,SARI,5/7/2022,Adults,312
4/1/2026,SARI,5/7/2022,Overall,613
4/1/2026,SARI,5/7/2022,Pediatrics,301
4/1/2026,SARI,5/14/2022,Adults,343
4/1/2026,SARI,5/14/2022,Overall,761
4/1/2026,SARI,5/14/2022,Pediatrics,418
4/1/2026,SARI,5/21/2022,Adults,394
4/1/2026,SARI,5/21/2022,Overall,898
4/1/2026,SARI,5/21/2022,Pediatrics,504
4/1/2026,SARI,5/28/2022,Adults,419
4/1/2026,SARI,5/28/2022,Overall,846
4/1/2026,SARI,5/28/2022,Pediatrics,427
4/1/2026,SARI,6/4/2022,Adults,457
4/1/2026,SARI,6/4/2022,Overall,925
4/1/2026,SARI,6/4/2022,Pediatrics,468
4/1/2026,SARI,6/11/2022,Adults,482
4/1/2026,SARI,6/11/2022,Overall,1042
4/1/2026,SARI,6/11/2022,Pediatrics,560
4/1/2026,SARI,6/18/2022,Adults,429
4/1/2026,SARI,6/18/2022,Overall,918
4/1/2026,SARI,6/18/2022,Pediatrics,489
4/1/2026,SARI,6/25/2022,Adults,416
4/1/2026,SARI,6/25/2022,Overall,824
4/1/2026,SARI,6/25/2022,Pediatrics,408
4/1/2026,SARI,7/2/2022,Adults,483
4/1/2026,SARI,7/2/2022,Overall,871
4/1/2026,SARI,7/2/2022,Pediatrics,388
4/1/2026,SARI,7/9/2022,Adults,440
4/1/2026,SARI,7/9/2022,Overall,868
4/1/2026,SARI,7/9/2022,Pediatrics,428
4/1/2026,SARI,7/16/2022,Adults,462
4/1/2026,SARI,7/16/2022,Overall,821
4/1/2026,SARI,7/16/2022,Pediatrics,359
4/1/2026,SARI,7/23/2022,Adults,490
4/1/2026,SARI,7/23/2022,Overall,833
4/1/2026,SARI,7/23/2022,Pediatrics,343
4/1/2026,SARI,7/30/2022,Adults,422
4/1/2026,SARI,7/30/2022,Overall,701
4/1/2026,SARI,7/30/2022,Pediatrics,279
4/1/2026,SARI,8/6/2022,Adults,403
4/1/2026,SARI,8/6/2022,Overall,675
4/1/2026,SARI,8/6/2022,Pediatrics,272
4/1/2026,SARI,8/13/2022,Adults,348
4/1/2026,SARI,8/13/2022,Overall,652
4/1/2026,SARI,8/13/2022,Pediatrics,304
4/1/2026,SARI,8/20/2022,Adults,307
4/1/2026,SARI,8/20/2022,Overall,655
4/1/2026,SARI,8/20/2022,Pediatrics,348
4/1/2026,SARI,8/27/2022,Adults,286
4/1/2026,SARI,8/27/2022,Overall,595
4/1/2026,SARI,8/27/2022,Pediatrics,309
4/1/2026,SARI,9/3/2022,Adults,282
4/1/2026,SARI,9/3/2022,Overall,611
4/1/2026,SARI,9/3/2022,Pediatrics,329
4/1/2026,SARI,9/10/2022,Adults,305
4/1/2026,SARI,9/10/2022,Overall,616
4/1/2026,SARI,9/10/2022,Pediatrics,311
4/1/2026,SARI,9/17/2022,Adults,235
4/1/2026,SARI,9/17/2022,Overall,525
4/1/2026,SARI,9/17/2022,Pediatrics,290
4/1/2026,SARI,9/24/2022,Adults,242
4/1/2026,SARI,9/24/2022,Overall,502
4/1/2026,SARI,9/24/2022,Pediatrics,260
4/1/2026,SARI,10/1/2022,Adults,255
4/1/2026,SARI,10/1/2022,Overall,561
4/1/2026,SARI,10/1/2022,Pediatrics,306
4/1/2026,SARI,10/8/2022,Adults,208
4/1/2026,SARI,10/8/2022,Overall,480
4/1/2026,SARI,10/8/2022,Pediatrics,272
4/1/2026,SARI,10/15/2022,Adults,272
4/1/2026,SARI,10/15/2022,Overall,545
4/1/2026,SARI,10/15/2022,Pediatrics,273
4/1/2026,SARI,10/22/2022,Adults,267
4/1/2026,SARI,10/22/2022,Overall,591
4/1/2026,SARI,10/22/2022,Pediatrics,324
4/1/2026,SARI,10/29/2022,Adults,223
4/1/2026,SARI,10/29/2022,Overall,501
4/1/2026,SARI,10/29/2022,Pediatrics,278
4/1/2026,SARI,11/5/2022,Adults,230
4/1/2026,SARI,11/5/2022,Overall,481
4/1/2026,SARI,11/5/2022,Pediatrics,251
4/1/2026,SARI,11/12/2022,Adults,194
4/1/2026,SARI,11/12/2022,Overall,433
4/1/2026,SARI,11/12/2022,Pediatrics,239
4/1/2026,SARI,11/19/2022,Adults,161
4/1/2026,SARI,11/19/2022,Overall,329
4/1/2026,SARI,11/19/2022,Pediatrics,168
4/1/2026,SARI,11/26/2022,Adults,152
4/1/2026,SARI,11/26/2022,Overall,282
4/1/2026,SARI,11/26/2022,Pediatrics,130
4/1/2026,SARI,12/3/2022,Adults,189
4/1/2026,SARI,12/3/2022,Overall,323
4/1/2026,SARI,12/3/2022,Pediatrics,134
4/1/2026,SARI,12/10/2022,Adults,285
4/1/2026,SARI,12/10/2022,Overall,408
4/1/2026,SARI,12/10/2022,Pediatrics,123
4/1/2026,SARI,12/17/2022,Adults,309
4/1/2026,SARI,12/17/2022,Overall,457
4/1/2026,SARI,12/17/2022,Pediatrics,148
4/1/2026,SARI,12/24/2022,Adults,357
4/1/2026,SARI,12/24/2022,Overall,465
4/1/2026,SARI,12/24/2022,Pediatrics,108
4/1/2026,SARI,12/31/2022,Adults,324
4/1/2026,SARI,12/31/2022,Overall,407
4/1/2026,SARI,12/31/2022,Pediatrics,83
4/1/2026,SARI,1/7/2023,Adults,330
4/1/2026,SARI,1/7/2023,Overall,448
4/1/2026,SARI,1/7/2023,Pediatrics,118
4/1/2026,SARI,1/14/2023,Adults,237
4/1/2026,SARI,1/14/2023,Overall,359
4/1/2026,SARI,1/14/2023,Pediatrics,122
4/1/2026,SARI,1/21/2023,Adults,195
4/1/2026,SARI,1/21/2023,Overall,304
4/1/2026,SARI,1/21/2023,Pediatrics,109
4/1/2026,SARI,1/28/2023,Adults,135
4/1/2026,SARI,1/28/2023,Overall,226
4/1/2026,SARI,1/28/2023,Pediatrics,91
4/1/2026,SARI,2/4/2023,Adults,133
4/1/2026,SARI,2/4/2023,Overall,254
4/1/2026,SARI,2/4/2023,Pediatrics,121
4/1/2026,SARI,2/11/2023,Adults,100
4/1/2026,SARI,2/11/2023,Overall,222
4/1/2026,SARI,2/11/2023,Pediatrics,122
4/1/2026,SARI,2/18/2023,Adults,107
4/1/2026,SARI,2/18/2023,Overall,204
4/1/2026,SARI,2/18/2023,Pediatrics,97
4/1/2026,SARI,2/25/2023,Adults,100
4/1/2026,SARI,2/25/2023,Overall,200
4/1/2026,SARI,2/25/2023,Pediatrics,100
4/1/2026,SARI,3/4/2023,Adults,137
4/1/2026,SARI,3/4/2023,Overall,289
4/1/2026,SARI,3/4/2023,Pediatrics,152
4/1/2026,SARI,3/11/2023,Adults,104
4/1/2026,SARI,3/11/2023,Overall,300
4/1/2026,SARI,3/11/2023,Pediatrics,196
4/1/2026,SARI,3/18/2023,Adults,92
4/1/2026,SARI,3/18/2023,Overall,249
4/1/2026,SARI,3/18/2023,Pediatrics,157
4/1/2026,SARI,3/25/2023,Adults,83
4/1/2026,SARI,3/25/2023,Overall,238
4/1/2026,SARI,3/25/2023,Pediatrics,155
4/1/2026,SARI,4/1/2023,Adults,78
4/1/2026,SARI,4/1/2023,Overall,251
4/1/2026,SARI,4/1/2023,Pediatrics,173
4/1/2026,SARI,4/8/2023,Adults,90
4/1/2026,SARI,4/8/2023,Overall,275
4/1/2026,SARI,4/8/2023,Pediatrics,185
4/1/2026,SARI,4/15/2023,Adults,102
4/1/2026,SARI,4/15/2023,Overall,297
4/1/2026,SARI,4/15/2023,Pediatrics,195
4/1/2026,SARI,4/22/2023,Adults,91
4/1/2026,SARI,4/22/2023,Overall,320
4/1/2026,SARI,4/22/2023,Pediatrics,229
4/1/2026,SARI,4/29/2023,Adults,92
4/1/2026,SARI,4/29/2023,Overall,415
4/1/2026,SARI,4/29/2023,Pediatrics,323
4/1/2026,SARI,5/6/2023,Adults,102
4/1/2026,SARI,5/6/2023,Overall,484
4/1/2026,SARI,5/6/2023,Pediatrics,382
4/1/2026,SARI,5/13/2023,Adults,118
4/1/2026,SARI,5/13/2023,Overall,544
4/1/2026,SARI,5/13/2023,Pediatrics,426
4/1/2026,SARI,5/20/2023,Adults,113
4/1/2026,SARI,5/20/2023,Overall,596
4/1/2026,SARI,5/20/2023,Pediatrics,483
4/1/2026,SARI,5/27/2023,Adults,119
4/1/2026,SARI,5/27/2023,Overall,680
4/1/2026,SARI,5/27/2023,Pediatrics,561
4/1/2026,SARI,6/3/2023,Adults,182
4/1/2026,SARI,6/3/2023,Overall,706
4/1/2026,SARI,6/3/2023,Pediatrics,524
4/1/2026,SARI,6/10/2023,Adults,190
4/1/2026,SARI,6/10/2023,Overall,742
4/1/2026,SARI,6/10/2023,Pediatrics,552
4/1/2026,SARI,6/17/2023,Adults,196
4/1/2026,SARI,6/17/2023,Overall,633
4/1/2026,SARI,6/17/2023,Pediatrics,437
4/1/2026,SARI,6/24/2023,Adults,264
4/1/2026,SARI,6/24/2023,Overall,703
4/1/2026,SARI,6/24/2023,Pediatrics,439
4/1/2026,SARI,7/1/2023,Adults,257
4/1/2026,SARI,7/1/2023,Overall,675
4/1/2026,SARI,7/1/2023,Pediatrics,418
4/1/2026,SARI,7/8/2023,Adults,229
4/1/2026,SARI,7/8/2023,Overall,582
4/1/2026,SARI,7/8/2023,Pediatrics,353
4/1/2026,SARI,7/15/2023,Adults,191
4/1/2026,SARI,7/15/2023,Overall,524
4/1/2026,SARI,7/15/2023,Pediatrics,333
4/1/2026,SARI,7/22/2023,Adults,188
4/1/2026,SARI,7/22/2023,Overall,451
4/1/2026,SARI,7/22/2023,Pediatrics,263
4/1/2026,SARI,7/29/2023,Adults,153
4/1/2026,SARI,7/29/2023,Overall,379
4/1/2026,SARI,7/29/2023,Pediatrics,226
4/1/2026,SARI,8/5/2023,Adults,176
4/1/2026,SARI,8/5/2023,Overall,391
4/1/2026,SARI,8/5/2023,Pediatrics,215
4/1/2026,SARI,8/12/2023,Adults,147
4/1/2026,SARI,8/12/2023,Overall,409
4/1/2026,SARI,8/12/2023,Pediatrics,262
4/1/2026,SARI,8/19/2023,Adults,164
4/1/2026,SARI,8/19/2023,Overall,404
4/1/2026,SARI,8/19/2023,Pediatrics,240
4/1/2026,SARI,8/26/2023,Adults,178
4/1/2026,SARI,8/26/2023,Overall,408
4/1/2026,SARI,8/26/2023,Pediatrics,230
4/1/2026,SARI,9/2/2023,Adults,191
4/1/2026,SARI,9/2/2023,Overall,443
4/1/2026,SARI,9/2/2023,Pediatrics,252
4/1/2026,SARI,9/9/2023,Adults,184
4/1/2026,SARI,9/9/2023,Overall,417
4/1/2026,SARI,9/9/2023,Pediatrics,233
4/1/2026,SARI,9/16/2023,Adults,175
4/1/2026,SARI,9/16/2023,Overall,434
4/1/2026,SARI,9/16/2023,Pediatrics,259
4/1/2026,SARI,9/23/2023,Adults,170
4/1/2026,SARI,9/23/2023,Overall,396
4/1/2026,SARI,9/23/2023,Pediatrics,226
4/1/2026,SARI,9/30/2023,Adults,109
4/1/2026,SARI,9/30/2023,Overall,290
4/1/2026,SARI,9/30/2023,Pediatrics,181
4/1/2026,SARI,10/7/2023,Adults,111
4/1/2026,SARI,10/7/2023,Overall,301
4/1/2026,SARI,10/7/2023,Pediatrics,190
4/1/2026,SARI,10/14/2023,Adults,114
4/1/2026,SARI,10/14/2023,Overall,305
4/1/2026,SARI,10/14/2023,Pediatrics,191
4/1/2026,SARI,10/21/2023,Adults,114
4/1/2026,SARI,10/21/2023,Overall,278
4/1/2026,SARI,10/21/2023,Pediatrics,164
4/1/2026,SARI,10/28/2023,Adults,75
4/1/2026,SARI,10/28/2023,Overall,191
4/1/2026,SARI,10/28/2023,Pediatrics,116
4/1/2026,SARI,11/4/2023,Adults,81
4/1/2026,SARI,11/4/2023,Overall,210
4/1/2026,SARI,11/4/2023,Pediatrics,129
4/1/2026,SARI,11/11/2023,Adults,85
4/1/2026,SARI,11/11/2023,Overall,201
4/1/2026,SARI,11/11/2023,Pediatrics,116
4/1/2026,SARI,11/18/2023,Adults,79
4/1/2026,SARI,11/18/2023,Overall,192
4/1/2026,SARI,11/18/2023,Pediatrics,113
4/1/2026,SARI,11/25/2023,Adults,74
4/1/2026,SARI,11/25/2023,Overall,168
4/1/2026,SARI,11/25/2023,Pediatrics,94
4/1/2026,SARI,12/2/2023,Adults,70
4/1/2026,SARI,12/2/2023,Overall,168
4/1/2026,SARI,12/2/2023,Pediatrics,98
4/1/2026,SARI,12/9/2023,Adults,64
4/1/2026,SARI,12/9/2023,Overall,130
4/1/2026,SARI,12/9/2023,Pediatrics,66
4/1/2026,SARI,12/16/2023,Adults,66
4/1/2026,SARI,12/16/2023,Overall,135
4/1/2026,SARI,12/16/2023,Pediatrics,69
4/1/2026,SARI,12/23/2023,Adults,56
4/1/2026,SARI,12/23/2023,Overall,102
4/1/2026,SARI,12/23/2023,Pediatrics,46
4/1/2026,SARI,12/30/2023,Adults,46
4/1/2026,SARI,12/30/2023,Overall,87
4/1/2026,SARI,12/30/2023,Pediatrics,41
4/1/2026,SARI,1/6/2024,Adults,95
4/1/2026,SARI,1/6/2024,Overall,160
4/1/2026,SARI,1/6/2024,Pediatrics,65
4/1/2026,SARI,1/13/2024,Adults,126
4/1/2026,SARI,1/13/2024,Overall,197
4/1/2026,SARI,1/13/2024,Pediatrics,71
4/1/2026,SARI,1/20/2024,Adults,165
4/1/2026,SARI,1/20/2024,Overall,247
4/1/2026,SARI,1/20/2024,Pediatrics,82
4/1/2026,SARI,1/27/2024,Adults,160
4/1/2026,SARI,1/27/2024,Overall,253
4/1/2026,SARI,1/27/2024,Pediatrics,93
4/1/2026,SARI,2/3/2024,Adults,165
4/1/2026,SARI,2/3/2024,Overall,252
4/1/2026,SARI,2/3/2024,Pediatrics,87
4/1/2026,SARI,2/10/2024,Adults,131
4/1/2026,SARI,2/10/2024,Overall,205
4/1/2026,SARI,2/10/2024,Pediatrics,74
4/1/2026,SARI,2/17/2024,Adults,114
4/1/2026,SARI,2/17/2024,Overall,176
4/1/2026,SARI,2/17/2024,Pediatrics,62
4/1/2026,SARI,2/24/2024,Adults,120
4/1/2026,SARI,2/24/2024,Overall,176
4/1/2026,SARI,2/24/2024,Pediatrics,56
4/1/2026,SARI,3/2/2024,Adults,92
4/1/2026,SARI,3/2/2024,Overall,155
4/1/2026,SARI,3/2/2024,Pediatrics,63
4/1/2026,SARI,3/9/2024,Adults,93
4/1/2026,SARI,3/9/2024,Overall,164
4/1/2026,SARI,3/9/2024,Pediatrics,71
4/1/2026,SARI,3/16/2024,Adults,94
4/1/2026,SARI,3/16/2024,Overall,213
4/1/2026,SARI,3/16/2024,Pediatrics,119
4/1/2026,SARI,3/23/2024,Adults,92
4/1/2026,SARI,3/23/2024,Overall,209
4/1/2026,SARI,3/23/2024,Pediatrics,117
4/1/2026,SARI,3/30/2024,Adults,96
4/1/2026,SARI,3/30/2024,Overall,207
4/1/2026,SARI,3/30/2024,Pediatrics,111
4/1/2026,SARI,4/6/2024,Adults,111
4/1/2026,SARI,4/6/2024,Overall,223
4/1/2026,SARI,4/6/2024,Pediatrics,112
4/1/2026,SARI,4/13/2024,Adults,95
4/1/2026,SARI,4/13/2024,Overall,198
4/1/2026,SARI,4/13/2024,Pediatrics,103
4/1/2026,SARI,4/20/2024,Adults,107
4/1/2026,SARI,4/20/2024,Overall,212
4/1/2026,SARI,4/20/2024,Pediatrics,105
4/1/2026,SARI,4/27/2024,Adults,97
4/1/2026,SARI,4/27/2024,Overall,241
4/1/2026,SARI,4/27/2024,Pediatrics,144
4/1/2026,SARI,5/4/2024,Adults,129
4/1/2026,SARI,5/4/2024,Overall,287
4/1/2026,SARI,5/4/2024,Pediatrics,158
4/1/2026,SARI,5/11/2024,Adults,151
4/1/2026,SARI,5/11/2024,Overall,338
4/1/2026,SARI,5/11/2024,Pediatrics,187
4/1/2026,SARI,5/18/2024,Adults,230
4/1/2026,SARI,5/18/2024,Overall,557
4/1/2026,SARI,5/18/2024,Pediatrics,327
4/1/2026,SARI,5/25/2024,Adults,333
4/1/2026,SARI,5/25/2024,Overall,746
4/1/2026,SARI,5/25/2024,Pediatrics,413
4/1/2026,SARI,6/1/2024,Adults,524
4/1/2026,SARI,6/1/2024,Overall,1053
4/1/2026,SARI,6/1/2024,Pediatrics,529
4/1/2026,SARI,6/8/2024,Adults,553
4/1/2026,SARI,6/8/2024,Overall,1270
4/1/2026,SARI,6/8/2024,Pediatrics,717
4/1/2026,SARI,6/15/2024,Adults,454
4/1/2026,SARI,6/15/2024,Overall,1031
4/1/2026,SARI,6/15/2024,Pediatrics,577
4/1/2026,SARI,6/22/2024,Adults,315
4/1/2026,SARI,6/22/2024,Overall,832
4/1/2026,SARI,6/22/2024,Pediatrics,517
4/1/2026,SARI,6/29/2024,Adults,277
4/1/2026,SARI,6/29/2024,Overall,825
4/1/2026,SARI,6/29/2024,Pediatrics,548
4/1/2026,SARI,7/6/2024,Adults,317
4/1/2026,SARI,7/6/2024,Overall,891
4/1/2026,SARI,7/6/2024,Pediatrics,574
4/1/2026,SARI,7/13/2024,Adults,251
4/1/2026,SARI,7/13/2024,Overall,830
4/1/2026,SARI,7/13/2024,Pediatrics,579
4/1/2026,SARI,7/20/2024,Adults,299
4/1/2026,SARI,7/20/2024,Overall,877
4/1/2026,SARI,7/20/2024,Pediatrics,578
4/1/2026,SARI,7/27/2024,Adults,229
4/1/2026,SARI,7/27/2024,Overall,707
4/1/2026,SARI,7/27/2024,Pediatrics,478
4/1/2026,SARI,8/3/2024,Adults,209
4/1/2026,SARI,8/3/2024,Overall,662
4/1/2026,SARI,8/3/2024,Pediatrics,453
4/1/2026,SARI,8/10/2024,Adults,184
4/1/2026,SARI,8/10/2024,Overall,668
4/1/2026,SARI,8/10/2024,Pediatrics,484
4/1/2026,SARI,8/17/2024,Adults,172
4/1/2026,SARI,8/17/2024,Overall,645
4/1/2026,SARI,8/17/2024,Pediatrics,473
4/1/2026,SARI,8/24/2024,Adults,175
4/1/2026,SARI,8/24/2024,Overall,642
4/1/2026,SARI,8/24/2024,Pediatrics,467
4/1/2026,SARI,8/31/2024,Adults,174
4/1/2026,SARI,8/31/2024,Overall,596
4/1/2026,SARI,8/31/2024,Pediatrics,422
4/1/2026,SARI,9/7/2024,Adults,210
4/1/2026,SARI,9/7/2024,Overall,718
4/1/2026,SARI,9/7/2024,Pediatrics,508
4/1/2026,SARI,9/14/2024,Adults,194
4/1/2026,SARI,9/14/2024,Overall,616
4/1/2026,SARI,9/14/2024,Pediatrics,422
4/1/2026,SARI,9/21/2024,Adults,178
4/1/2026,SARI,9/21/2024,Overall,598
4/1/2026,SARI,9/21/2024,Pediatrics,420
4/1/2026,SARI,9/28/2024,Adults,159
4/1/2026,SARI,9/28/2024,Overall,492
4/1/2026,SARI,9/28/2024,Pediatrics,333
4/1/2026,SARI,10/5/2024,Adults,199
4/1/2026,SARI,10/5/2024,Overall,511
4/1/2026,SARI,10/5/2024,Pediatrics,312
4/1/2026,SARI,10/12/2024,Adults,151
4/1/2026,SARI,10/12/2024,Overall,401
4/1/2026,SARI,10/12/2024,Pediatrics,250
4/1/2026,SARI,10/19/2024,Adults,165
4/1/2026,SARI,10/19/2024,Overall,424
4/1/2026,SARI,10/19/2024,Pediatrics,259
4/1/2026,SARI,10/26/2024,Adults,131
4/1/2026,SARI,10/26/2024,Overall,394
4/1/2026,SARI,10/26/2024,Pediatrics,263
4/1/2026,SARI,11/2/2024,Adults,116
4/1/2026,SARI,11/2/2024,Overall,353
4/1/2026,SARI,11/2/2024,Pediatrics,237
4/1/2026,SARI,11/9/2024,Adults,102
4/1/2026,SARI,11/9/2024,Overall,259
4/1/2026,SARI,11/9/2024,Pediatrics,157
4/1/2026,SARI,11/16/2024,Adults,112
4/1/2026,SARI,11/16/2024,Overall,284
4/1/2026,SARI,11/16/2024,Pediatrics,172
4/1/2026,SARI,11/23/2024,Adults,84
4/1/2026,SARI,11/23/2024,Overall,242
4/1/2026,SARI,11/23/2024,Pediatrics,158
4/1/2026,SARI,11/30/2024,Adults,73
4/1/2026,SARI,11/30/2024,Overall,221
4/1/2026,SARI,11/30/2024,Pediatrics,148
4/1/2026,SARI,12/7/2024,Adults,86
4/1/2026,SARI,12/7/2024,Overall,197
4/1/2026,SARI,12/7/2024,Pediatrics,111
4/1/2026,SARI,12/14/2024,Adults,90
4/1/2026,SARI,12/14/2024,Overall,202
4/1/2026,SARI,12/14/2024,Pediatrics,112
4/1/2026,SARI,12/21/2024,Adults,88
4/1/2026,SARI,12/21/2024,Overall,151
4/1/2026,SARI,12/21/2024,Pediatrics,63
4/1/2026,SARI,12/28/2024,Adults,60
4/1/2026,SARI,12/28/2024,Overall,113
4/1/2026,SARI,12/28/2024,Pediatrics,53
4/1/2026,SARI,1/4/2025,Adults,99
4/1/2026,SARI,1/4/2025,Overall,197
4/1/2026,SARI,1/4/2025,Pediatrics,98
4/1/2026,SARI,1/11/2025,Adults,97
4/1/2026,SARI,1/11/2025,Overall,175
4/1/2026,SARI,1/11/2025,Pediatrics,78
4/1/2026,SARI,1/18/2025,Adults,78
4/1/2026,SARI,1/18/2025,Overall,150
4/1/2026,SARI,1/18/2025,Pediatrics,72
4/1/2026,SARI,1/25/2025,Adults,81
4/1/2026,SARI,1/25/2025,Overall,163
4/1/2026,SARI,1/25/2025,Pediatrics,82
4/1/2026,SARI,2/1/2025,Adults,92
4/1/2026,SARI,2/1/2025,Overall,153
4/1/2026,SARI,2/1/2025,Pediatrics,61
4/1/2026,SARI,2/8/2025,Adults,86
4/1/2026,SARI,2/8/2025,Overall,172
4/1/2026,SARI,2/8/2025,Pediatrics,86
4/1/2026,SARI,2/15/2025,Adults,90
4/1/2026,SARI,2/15/2025,Overall,170
4/1/2026,SARI,2/15/2025,Pediatrics,80
4/1/2026,SARI,2/22/2025,Adults,86
4/1/2026,SARI,2/22/2025,Overall,164
4/1/2026,SARI,2/22/2025,Pediatrics,78
4/1/2026,SARI,3/1/2025,Adults,102
4/1/2026,SARI,3/1/2025,Overall,175
4/1/2026,SARI,3/1/2025,Pediatrics,73
4/1/2026,SARI,3/8/2025,Adults,101
4/1/2026,SARI,3/8/2025,Overall,181
4/1/2026,SARI,3/8/2025,Pediatrics,80
4/1/2026,SARI,3/15/2025,Adults,117
4/1/2026,SARI,3/15/2025,Overall,227
4/1/2026,SARI,3/15/2025,Pediatrics,110
4/1/2026,SARI,3/22/2025,Adults,158
4/1/2026,SARI,3/22/2025,Overall,320
4/1/2026,SARI,3/22/2025,Pediatrics,162
4/1/2026,SARI,3/29/2025,Adults,156
4/1/2026,SARI,3/29/2025,Overall,326
4/1/2026,SARI,3/29/2025,Pediatrics,170
4/1/2026,SARI,4/5/2025,Adults,150
4/1/2026,SARI,4/5/2025,Overall,292
4/1/2026,SARI,4/5/2025,Pediatrics,142
4/1/2026,SARI,4/12/2025,Adults,153
4/1/2026,SARI,4/12/2025,Overall,307
4/1/2026,SARI,4/12/2025,Pediatrics,154
4/1/2026,SARI,4/19/2025,Adults,153
4/1/2026,SARI,4/19/2025,Overall,334
4/1/2026,SARI,4/19/2025,Pediatrics,181
4/1/2026,SARI,4/26/2025,Adults,207
4/1/2026,SARI,4/26/2025,Overall,378
4/1/2026,SARI,4/26/2025,Pediatrics,171
4/1/2026,SARI,5/3/2025,Adults,190
4/1/2026,SARI,5/3/2025,Overall,402
4/1/2026,SARI,5/3/2025,Pediatrics,212
4/1/2026,SARI,5/10/2025,Adults,202
4/1/2026,SARI,5/10/2025,Overall,408
4/1/2026,SARI,5/10/2025,Pediatrics,206
4/1/2026,SARI,5/17/2025,Adults,235
4/1/2026,SARI,5/17/2025,Overall,486
4/1/2026,SARI,5/17/2025,Pediatrics,251
4/1/2026,SARI,5/24/2025,Adults,292
4/1/2026,SARI,5/24/2025,Overall,608
4/1/2026,SARI,5/24/2025,Pediatrics,316
4/1/2026,SARI,5/31/2025,Adults,347
4/1/2026,SARI,5/31/2025,Overall,710
4/1/2026,SARI,5/31/2025,Pediatrics,363
4/1/2026,SARI,6/7/2025,Adults,515
4/1/2026,SARI,6/7/2025,Overall,1046
4/1/2026,SARI,6/7/2025,Pediatrics,531
4/1/2026,SARI,6/14/2025,Adults,582
4/1/2026,SARI,6/14/2025,Overall,1092
4/1/2026,SARI,6/14/2025,Pediatrics,510
4/1/2026,SARI,6/21/2025,Adults,503
4/1/2026,SARI,6/21/2025,Overall,1009
4/1/2026,SARI,6/21/2025,Pediatrics,506
4/1/2026,SARI,6/28/2025,Adults,458
4/1/2026,SARI,6/28/2025,Overall,915
4/1/2026,SARI,6/28/2025,Pediatrics,457
4/1/2026,SARI,7/5/2025,Adults,422
4/1/2026,SARI,7/5/2025,Overall,971
4/1/2026,SARI,7/5/2025,Pediatrics,549
4/1/2026,SARI,7/12/2025,Adults,320
4/1/2026,SARI,7/12/2025,Overall,838
4/1/2026,SARI,7/12/2025,Pediatrics,518
4/1/2026,SARI,7/19/2025,Adults,224
4/1/2026,SARI,7/19/2025,Overall,798
4/1/2026,SARI,7/19/2025,Pediatrics,574
4/1/2026,SARI,7/26/2025,Adults,172
4/1/2026,SARI,7/26/2025,Overall,665
4/1/2026,SARI,7/26/2025,Pediatrics,493
4/1/2026,SARI,8/2/2025,Adults,177
4/1/2026,SARI,8/2/2025,Overall,726
4/1/2026,SARI,8/2/2025,Pediatrics,549
4/1/2026,SARI,8/9/2025,Adults,187
4/1/2026,SARI,8/9/2025,Overall,695
4/1/2026,SARI,8/9/2025,Pediatrics,508
4/1/2026,SARI,8/16/2025,Adults,161
4/1/2026,SARI,8/16/2025,Overall,701
4/1/2026,SARI,8/16/2025,Pediatrics,540
4/1/2026,SARI,8/23/2025,Adults,168
4/1/2026,SARI,8/23/2025,Overall,708
4/1/2026,SARI,8/23/2025,Pediatrics,540
4/1/2026,SARI,8/30/2025,Adults,146
4/1/2026,SARI,8/30/2025,Overall,600
4/1/2026,SARI,8/30/2025,Pediatrics,454
4/1/2026,SARI,9/6/2025,Adults,164
4/1/2026,SARI,9/6/2025,Overall,591
4/1/2026,SARI,9/6/2025,Pediatrics,427
4/1/2026,SARI,9/13/2025,Adults,164
4/1/2026,SARI,9/13/2025,Overall,571
4/1/2026,SARI,9/13/2025,Pediatrics,407
4/1/2026,SARI,9/20/2025,Adults,158
4/1/2026,SARI,9/20/2025,Overall,520
4/1/2026,SARI,9/20/2025,Pediatrics,362
4/1/2026,SARI,9/27/2025,Adults,132
4/1/2026,SARI,9/27/2025,Overall,430
4/1/2026,SARI,9/27/2025,Pediatrics,298
4/1/2026,SARI,10/4/2025,Adults,126
4/1/2026,SARI,10/4/2025,Overall,425
4/1/2026,SARI,10/4/2025,Pediatrics,299
4/1/2026,SARI,10/11/2025,Adults,110
4/1/2026,SARI,10/11/2025,Overall,383
4/1/2026,SARI,10/11/2025,Pediatrics,273
4/1/2026,SARI,10/18/2025,Adults,121
4/1/2026,SARI,10/18/2025,Overall,346
4/1/2026,SARI,10/18/2025,Pediatrics,225
4/1/2026,SARI,10/25/2025,Adults,116
4/1/2026,SARI,10/25/2025,Overall,338
4/1/2026,SARI,10/25/2025,Pediatrics,222
4/1/2026,SARI,11/1/2025,Adults,100
4/1/2026,SARI,11/1/2025,Overall,259
4/1/2026,SARI,11/1/2025,Pediatrics,159
4/1/2026,SARI,11/8/2025,Adults,91
4/1/2026,SARI,11/8/2025,Overall,309
4/1/2026,SARI,11/8/2025,Pediatrics,218
4/1/2026,SARI,11/15/2025,Adults,116
4/1/2026,SARI,11/15/2025,Overall,276
4/1/2026,SARI,11/15/2025,Pediatrics,160
4/1/2026,SARI,11/22/2025,Adults,77
4/1/2026,SARI,11/22/2025,Overall,214
4/1/2026,SARI,11/22/2025,Pediatrics,137
4/1/2026,SARI,11/29/2025,Adults,61
4/1/2026,SARI,11/29/2025,Overall,174
4/1/2026,SARI,11/29/2025,Pediatrics,113
4/1/2026,SARI,12/6/2025,Adults,83
4/1/2026,SARI,12/6/2025,Overall,187
4/1/2026,SARI,12/6/2025,Pediatrics,104
4/1/2026,SARI,12/13/2025,Adults,89
4/1/2026,SARI,12/13/2025,Overall,191
4/1/2026,SARI,12/13/2025,Pediatrics,102
4/1/2026,SARI,12/20/2025,Adults,65
4/1/2026,SARI,12/20/2025,Overall,137
4/1/2026,SARI,12/20/2025,Pediatrics,72
4/1/2026,SARI,12/27/2025,Adults,93
4/1/2026,SARI,12/27/2025,Overall,145
4/1/2026,SARI,12/27/2025,Pediatrics,52
4/1/2026,SARI,1/3/2026,Adults,52
4/1/2026,SARI,1/3/2026,Overall,99
4/1/2026,SARI,1/3/2026,Pediatrics,47
4/1/2026,SARI,1/10/2026,Adults,96
4/1/2026,SARI,1/10/2026,Overall,183
4/1/2026,SARI,1/10/2026,Pediatrics,87
4/1/2026,SARI,1/17/2026,Adults,80
4/1/2026,SARI,1/17/2026,Overall,149
4/1/2026,SARI,1/17/2026,Pediatrics,69
4/1/2026,SARI,1/24/2026,Adults,87
4/1/2026,SARI,1/24/2026,Overall,155
4/1/2026,SARI,1/24/2026,Pediatrics,68
4/1/2026,SARI,1/31/2026,Adults,65
4/1/2026,SARI,1/31/2026,Overall,125
4/1/2026,SARI,1/31/2026,Pediatrics,60
4/1/2026,SARI,2/7/2026,Adults,89
4/1/2026,SARI,2/7/2026,Overall,141
4/1/2026,SARI,2/7/2026,Pediatrics,52
4/1/2026,SARI,2/14/2026,Adults,61
4/1/2026,SARI,2/14/2026,Overall,109
4/1/2026,SARI,2/14/2026,Pediatrics,48
4/1/2026,SARI,2/21/2026,Adults,66
4/1/2026,SARI,2/21/2026,Overall,115
4/1/2026,SARI,2/21/2026,Pediatrics,49
4/1/2026,SARI,2/28/2026,Adults,60
4/1/2026,SARI,2/28/2026,Overall,126
4/1/2026,SARI,2/28/2026,Pediatrics,66
4/1/2026,SARI,3/7/2026,Adults,77
4/1/2026,SARI,3/7/2026,Overall,172
4/1/2026,SARI,3/7/2026,Pediatrics,95
4/1/2026,SARI,3/14/2026,Adults,57
4/1/2026,SARI,3/14/2026,Overall,222
4/1/2026,SARI,3/14/2026,Pediatrics,165
4/7/2026,SARI,1/8/2022,Adults,1023
4/7/2026,SARI,1/8/2022,Overall,1186
4/7/2026,SARI,1/8/2022,Pediatrics,163
4/7/2026,SARI,1/15/2022,Adults,1251
4/7/2026,SARI,1/15/2022,Overall,1423
4/7/2026,SARI,1/15/2022,Pediatrics,172
4/7/2026,SARI,1/22/2022,Adults,1113
4/7/2026,SARI,1/22/2022,Overall,1303
4/7/2026,SARI,1/22/2022,Pediatrics,190
4/7/2026,SARI,1/29/2022,Adults,769
4/7/2026,SARI,1/29/2022,Overall,907
4/7/2026,SARI,1/29/2022,Pediatrics,138
4/7/2026,SARI,2/5/2022,Adults,587
4/7/2026,SARI,2/5/2022,Overall,698
4/7/2026,SARI,2/5/2022,Pediatrics,111
4/7/2026,SARI,2/12/2022,Adults,420
4/7/2026,SARI,2/12/2022,Overall,537
4/7/2026,SARI,2/12/2022,Pediatrics,117
4/7/2026,SARI,2/19/2022,Adults,473
4/7/2026,SARI,2/19/2022,Overall,604
4/7/2026,SARI,2/19/2022,Pediatrics,131
4/7/2026,SARI,2/26/2022,Adults,430
4/7/2026,SARI,2/26/2022,Overall,551
4/7/2026,SARI,2/26/2022,Pediatrics,121
4/7/2026,SARI,3/5/2022,Adults,533
4/7/2026,SARI,3/5/2022,Overall,702
4/7/2026,SARI,3/5/2022,Pediatrics,169
4/7/2026,SARI,3/12/2022,Adults,502
4/7/2026,SARI,3/12/2022,Overall,730
4/7/2026,SARI,3/12/2022,Pediatrics,228
4/7/2026,SARI,3/19/2022,Adults,518
4/7/2026,SARI,3/19/2022,Overall,772
4/7/2026,SARI,3/19/2022,Pediatrics,254
4/7/2026,SARI,3/26/2022,Adults,437
4/7/2026,SARI,3/26/2022,Overall,633
4/7/2026,SARI,3/26/2022,Pediatrics,196
4/7/2026,SARI,4/2/2022,Adults,377
4/7/2026,SARI,4/2/2022,Overall,567
4/7/2026,SARI,4/2/2022,Pediatrics,190
4/7/2026,SARI,4/9/2022,Adults,349
4/7/2026,SARI,4/9/2022,Overall,573
4/7/2026,SARI,4/9/2022,Pediatrics,224
4/7/2026,SARI,4/16/2022,Adults,302
4/7/2026,SARI,4/16/2022,Overall,511
4/7/2026,SARI,4/16/2022,Pediatrics,209
4/7/2026,SARI,4/23/2022,Adults,271
4/7/2026,SARI,4/23/2022,Overall,496
4/7/2026,SARI,4/23/2022,Pediatrics,225
4/7/2026,SARI,4/30/2022,Adults,267
4/7/2026,SARI,4/30/2022,Overall,547
4/7/2026,SARI,4/30/2022,Pediatrics,280
4/7/2026,SARI,5/7/2022,Adults,312
4/7/2026,SARI,5/7/2022,Overall,613
4/7/2026,SARI,5/7/2022,Pediatrics,301
4/7/2026,SARI,5/14/2022,Adults,343
4/7/2026,SARI,5/14/2022,Overall,761
4/7/2026,SARI,5/14/2022,Pediatrics,418
4/7/2026,SARI,5/21/2022,Adults,394
4/7/2026,SARI,5/21/2022,Overall,898
4/7/2026,SARI,5/21/2022,Pediatrics,504
4/7/2026,SARI,5/28/2022,Adults,419
4/7/2026,SARI,5/28/2022,Overall,846
4/7/2026,SARI,5/28/2022,Pediatrics,427
4/7/2026,SARI,6/4/2022,Adults,457
4/7/2026,SARI,6/4/2022,Overall,925
4/7/2026,SARI,6/4/2022,Pediatrics,468
4/7/2026,SARI,6/11/2022,Adults,482
4/7/2026,SARI,6/11/2022,Overall,1042
4/7/2026,SARI,6/11/2022,Pediatrics,560
4/7/2026,SARI,6/18/2022,Adults,429
4/7/2026,SARI,6/18/2022,Overall,918
4/7/2026,SARI,6/18/2022,Pediatrics,489
4/7/2026,SARI,6/25/2022,Adults,416
4/7/2026,SARI,6/25/2022,Overall,824
4/7/2026,SARI,6/25/2022,Pediatrics,408
4/7/2026,SARI,7/2/2022,Adults,483
4/7/2026,SARI,7/2/2022,Overall,871
4/7/2026,SARI,7/2/2022,Pediatrics,388
4/7/2026,SARI,7/9/2022,Adults,440
4/7/2026,SARI,7/9/2022,Overall,868
4/7/2026,SARI,7/9/2022,Pediatrics,428
4/7/2026,SARI,7/16/2022,Adults,462
4/7/2026,SARI,7/16/2022,Overall,821
4/7/2026,SARI,7/16/2022,Pediatrics,359
4/7/2026,SARI,7/23/2022,Adults,490
4/7/2026,SARI,7/23/2022,Overall,833
4/7/2026,SARI,7/23/2022,Pediatrics,343
4/7/2026,SARI,7/30/2022,Adults,422
4/7/2026,SARI,7/30/2022,Overall,701
4/7/2026,SARI,7/30/2022,Pediatrics,279
4/7/2026,SARI,8/6/2022,Adults,403
4/7/2026,SARI,8/6/2022,Overall,675
4/7/2026,SARI,8/6/2022,Pediatrics,272
4/7/2026,SARI,8/13/2022,Adults,348
4/7/2026,SARI,8/13/2022,Overall,652
4/7/2026,SARI,8/13/2022,Pediatrics,304
4/7/2026,SARI,8/20/2022,Adults,307
4/7/2026,SARI,8/20/2022,Overall,655
4/7/2026,SARI,8/20/2022,Pediatrics,348
4/7/2026,SARI,8/27/2022,Adults,286
4/7/2026,SARI,8/27/2022,Overall,595
4/7/2026,SARI,8/27/2022,Pediatrics,309
4/7/2026,SARI,9/3/2022,Adults,282
4/7/2026,SARI,9/3/2022,Overall,611
4/7/2026,SARI,9/3/2022,Pediatrics,329
4/7/2026,SARI,9/10/2022,Adults,305
4/7/2026,SARI,9/10/2022,Overall,616
4/7/2026,SARI,9/10/2022,Pediatrics,311
4/7/2026,SARI,9/17/2022,Adults,235
4/7/2026,SARI,9/17/2022,Overall,525
4/7/2026,SARI,9/17/2022,Pediatrics,290
4/7/2026,SARI,9/24/2022,Adults,242
4/7/2026,SARI,9/24/2022,Overall,502
4/7/2026,SARI,9/24/2022,Pediatrics,260
4/7/2026,SARI,10/1/2022,Adults,255
4/7/2026,SARI,10/1/2022,Overall,561
4/7/2026,SARI,10/1/2022,Pediatrics,306
4/7/2026,SARI,10/8/2022,Adults,208
4/7/2026,SARI,10/8/2022,Overall,480
4/7/2026,SARI,10/8/2022,Pediatrics,272
4/7/2026,SARI,10/15/2022,Adults,272
4/7/2026,SARI,10/15/2022,Overall,545
4/7/2026,SARI,10/15/2022,Pediatrics,273
4/7/2026,SARI,10/22/2022,Adults,267
4/7/2026,SARI,10/22/2022,Overall,591
4/7/2026,SARI,10/22/2022,Pediatrics,324
4/7/2026,SARI,10/29/2022,Adults,223
4/7/2026,SARI,10/29/2022,Overall,501
4/7/2026,SARI,10/29/2022,Pediatrics,278
4/7/2026,SARI,11/5/2022,Adults,230
4/7/2026,SARI,11/5/2022,Overall,481
4/7/2026,SARI,11/5/2022,Pediatrics,251
4/7/2026,SARI,11/12/2022,Adults,194
4/7/2026,SARI,11/12/2022,Overall,433
4/7/2026,SARI,11/12/2022,Pediatrics,239
4/7/2026,SARI,11/19/2022,Adults,161
4/7/2026,SARI,11/19/2022,Overall,329
4/7/2026,SARI,11/19/2022,Pediatrics,168
4/7/2026,SARI,11/26/2022,Adults,152
4/7/2026,SARI,11/26/2022,Overall,282
4/7/2026,SARI,11/26/2022,Pediatrics,130
4/7/2026,SARI,12/3/2022,Adults,189
4/7/2026,SARI,12/3/2022,Overall,323
4/7/2026,SARI,12/3/2022,Pediatrics,134
4/7/2026,SARI,12/10/2022,Adults,285
4/7/2026,SARI,12/10/2022,Overall,408
4/7/2026,SARI,12/10/2022,Pediatrics,123
4/7/2026,SARI,12/17/2022,Adults,309
4/7/2026,SARI,12/17/2022,Overall,457
4/7/2026,SARI,12/17/2022,Pediatrics,148
4/7/2026,SARI,12/24/2022,Adults,357
4/7/2026,SARI,12/24/2022,Overall,465
4/7/2026,SARI,12/24/2022,Pediatrics,108
4/7/2026,SARI,12/31/2022,Adults,324
4/7/2026,SARI,12/31/2022,Overall,407
4/7/2026,SARI,12/31/2022,Pediatrics,83
4/7/2026,SARI,1/7/2023,Adults,330
4/7/2026,SARI,1/7/2023,Overall,448
4/7/2026,SARI,1/7/2023,Pediatrics,118
4/7/2026,SARI,1/14/2023,Adults,237
4/7/2026,SARI,1/14/2023,Overall,359
4/7/2026,SARI,1/14/2023,Pediatrics,122
4/7/2026,SARI,1/21/2023,Adults,195
4/7/2026,SARI,1/21/2023,Overall,304
4/7/2026,SARI,1/21/2023,Pediatrics,109
4/7/2026,SARI,1/28/2023,Adults,135
4/7/2026,SARI,1/28/2023,Overall,226
4/7/2026,SARI,1/28/2023,Pediatrics,91
4/7/2026,SARI,2/4/2023,Adults,133
4/7/2026,SARI,2/4/2023,Overall,254
4/7/2026,SARI,2/4/2023,Pediatrics,121
4/7/2026,SARI,2/11/2023,Adults,100
4/7/2026,SARI,2/11/2023,Overall,222
4/7/2026,SARI,2/11/2023,Pediatrics,122
4/7/2026,SARI,2/18/2023,Adults,107
4/7/2026,SARI,2/18/2023,Overall,204
4/7/2026,SARI,2/18/2023,Pediatrics,97
4/7/2026,SARI,2/25/2023,Adults,100
4/7/2026,SARI,2/25/2023,Overall,200
4/7/2026,SARI,2/25/2023,Pediatrics,100
4/7/2026,SARI,3/4/2023,Adults,137
4/7/2026,SARI,3/4/2023,Overall,289
4/7/2026,SARI,3/4/2023,Pediatrics,152
4/7/2026,SARI,3/11/2023,Adults,104
4/7/2026,SARI,3/11/2023,Overall,300
4/7/2026,SARI,3/11/2023,Pediatrics,196
4/7/2026,SARI,3/18/2023,Adults,92
4/7/2026,SARI,3/18/2023,Overall,249
4/7/2026,SARI,3/18/2023,Pediatrics,157
4/7/2026,SARI,3/25/2023,Adults,83
4/7/2026,SARI,3/25/2023,Overall,238
4/7/2026,SARI,3/25/2023,Pediatrics,155
4/7/2026,SARI,4/1/2023,Adults,78
4/7/2026,SARI,4/1/2023,Overall,251
4/7/2026,SARI,4/1/2023,Pediatrics,173
4/7/2026,SARI,4/8/2023,Adults,90
4/7/2026,SARI,4/8/2023,Overall,275
4/7/2026,SARI,4/8/2023,Pediatrics,185
4/7/2026,SARI,4/15/2023,Adults,102
4/7/2026,SARI,4/15/2023,Overall,297
4/7/2026,SARI,4/15/2023,Pediatrics,195
4/7/2026,SARI,4/22/2023,Adults,91
4/7/2026,SARI,4/22/2023,Overall,320
4/7/2026,SARI,4/22/2023,Pediatrics,229
4/7/2026,SARI,4/29/2023,Adults,92
4/7/2026,SARI,4/29/2023,Overall,415
4/7/2026,SARI,4/29/2023,Pediatrics,323
4/7/2026,SARI,5/6/2023,Adults,102
4/7/2026,SARI,5/6/2023,Overall,484
4/7/2026,SARI,5/6/2023,Pediatrics,382
4/7/2026,SARI,5/13/2023,Adults,118
4/7/2026,SARI,5/13/2023,Overall,544
4/7/2026,SARI,5/13/2023,Pediatrics,426
4/7/2026,SARI,5/20/2023,Adults,113
4/7/2026,SARI,5/20/2023,Overall,596
4/7/2026,SARI,5/20/2023,Pediatrics,483
4/7/2026,SARI,5/27/2023,Adults,119
4/7/2026,SARI,5/27/2023,Overall,680
4/7/2026,SARI,5/27/2023,Pediatrics,561
4/7/2026,SARI,6/3/2023,Adults,182
4/7/2026,SARI,6/3/2023,Overall,706
4/7/2026,SARI,6/3/2023,Pediatrics,524
4/7/2026,SARI,6/10/2023,Adults,190
4/7/2026,SARI,6/10/2023,Overall,742
4/7/2026,SARI,6/10/2023,Pediatrics,552
4/7/2026,SARI,6/17/2023,Adults,196
4/7/2026,SARI,6/17/2023,Overall,633
4/7/2026,SARI,6/17/2023,Pediatrics,437
4/7/2026,SARI,6/24/2023,Adults,264
4/7/2026,SARI,6/24/2023,Overall,703
4/7/2026,SARI,6/24/2023,Pediatrics,439
4/7/2026,SARI,7/1/2023,Adults,257
4/7/2026,SARI,7/1/2023,Overall,675
4/7/2026,SARI,7/1/2023,Pediatrics,418
4/7/2026,SARI,7/8/2023,Adults,229
4/7/2026,SARI,7/8/2023,Overall,582
4/7/2026,SARI,7/8/2023,Pediatrics,353
4/7/2026,SARI,7/15/2023,Adults,191
4/7/2026,SARI,7/15/2023,Overall,524
4/7/2026,SARI,7/15/2023,Pediatrics,333
4/7/2026,SARI,7/22/2023,Adults,188
4/7/2026,SARI,7/22/2023,Overall,451
4/7/2026,SARI,7/22/2023,Pediatrics,263
4/7/2026,SARI,7/29/2023,Adults,153
4/7/2026,SARI,7/29/2023,Overall,379
4/7/2026,SARI,7/29/2023,Pediatrics,226
4/7/2026,SARI,8/5/2023,Adults,176
4/7/2026,SARI,8/5/2023,Overall,391
4/7/2026,SARI,8/5/2023,Pediatrics,215
4/7/2026,SARI,8/12/2023,Adults,147
4/7/2026,SARI,8/12/2023,Overall,409
4/7/2026,SARI,8/12/2023,Pediatrics,262
4/7/2026,SARI,8/19/2023,Adults,164
4/7/2026,SARI,8/19/2023,Overall,404
4/7/2026,SARI,8/19/2023,Pediatrics,240
4/7/2026,SARI,8/26/2023,Adults,178
4/7/2026,SARI,8/26/2023,Overall,408
4/7/2026,SARI,8/26/2023,Pediatrics,230
4/7/2026,SARI,9/2/2023,Adults,191
4/7/2026,SARI,9/2/2023,Overall,443
4/7/2026,SARI,9/2/2023,Pediatrics,252
4/7/2026,SARI,9/9/2023,Adults,184
4/7/2026,SARI,9/9/2023,Overall,417
4/7/2026,SARI,9/9/2023,Pediatrics,233
4/7/2026,SARI,9/16/2023,Adults,175
4/7/2026,SARI,9/16/2023,Overall,434
4/7/2026,SARI,9/16/2023,Pediatrics,259
4/7/2026,SARI,9/23/2023,Adults,170
4/7/2026,SARI,9/23/2023,Overall,396
4/7/2026,SARI,9/23/2023,Pediatrics,226
4/7/2026,SARI,9/30/2023,Adults,109
4/7/2026,SARI,9/30/2023,Overall,290
4/7/2026,SARI,9/30/2023,Pediatrics,181
4/7/2026,SARI,10/7/2023,Adults,111
4/7/2026,SARI,10/7/2023,Overall,301
4/7/2026,SARI,10/7/2023,Pediatrics,190
4/7/2026,SARI,10/14/2023,Adults,114
4/7/2026,SARI,10/14/2023,Overall,305
4/7/2026,SARI,10/14/2023,Pediatrics,191
4/7/2026,SARI,10/21/2023,Adults,114
4/7/2026,SARI,10/21/2023,Overall,278
4/7/2026,SARI,10/21/2023,Pediatrics,164
4/7/2026,SARI,10/28/2023,Adults,75
4/7/2026,SARI,10/28/2023,Overall,191
4/7/2026,SARI,10/28/2023,Pediatrics,116
4/7/2026,SARI,11/4/2023,Adults,81
4/7/2026,SARI,11/4/2023,Overall,210
4/7/2026,SARI,11/4/2023,Pediatrics,129
4/7/2026,SARI,11/11/2023,Adults,85
4/7/2026,SARI,11/11/2023,Overall,201
4/7/2026,SARI,11/11/2023,Pediatrics,116
4/7/2026,SARI,11/18/2023,Adults,79
4/7/2026,SARI,11/18/2023,Overall,192
4/7/2026,SARI,11/18/2023,Pediatrics,113
4/7/2026,SARI,11/25/2023,Adults,74
4/7/2026,SARI,11/25/2023,Overall,168
4/7/2026,SARI,11/25/2023,Pediatrics,94
4/7/2026,SARI,12/2/2023,Adults,70
4/7/2026,SARI,12/2/2023,Overall,168
4/7/2026,SARI,12/2/2023,Pediatrics,98
4/7/2026,SARI,12/9/2023,Adults,64
4/7/2026,SARI,12/9/2023,Overall,130
4/7/2026,SARI,12/9/2023,Pediatrics,66
4/7/2026,SARI,12/16/2023,Adults,66
4/7/2026,SARI,12/16/2023,Overall,135
4/7/2026,SARI,12/16/2023,Pediatrics,69
4/7/2026,SARI,12/23/2023,Adults,56
4/7/2026,SARI,12/23/2023,Overall,102
4/7/2026,SARI,12/23/2023,Pediatrics,46
4/7/2026,SARI,12/30/2023,Adults,46
4/7/2026,SARI,12/30/2023,Overall,87
4/7/2026,SARI,12/30/2023,Pediatrics,41
4/7/2026,SARI,1/6/2024,Adults,95
4/7/2026,SARI,1/6/2024,Overall,160
4/7/2026,SARI,1/6/2024,Pediatrics,65
4/7/2026,SARI,1/13/2024,Adults,126
4/7/2026,SARI,1/13/2024,Overall,197
4/7/2026,SARI,1/13/2024,Pediatrics,71
4/7/2026,SARI,1/20/2024,Adults,165
4/7/2026,SARI,1/20/2024,Overall,247
4/7/2026,SARI,1/20/2024,Pediatrics,82
4/7/2026,SARI,1/27/2024,Adults,160
4/7/2026,SARI,1/27/2024,Overall,253
4/7/2026,SARI,1/27/2024,Pediatrics,93
4/7/2026,SARI,2/3/2024,Adults,165
4/7/2026,SARI,2/3/2024,Overall,252
4/7/2026,SARI,2/3/2024,Pediatrics,87
4/7/2026,SARI,2/10/2024,Adults,131
4/7/2026,SARI,2/10/2024,Overall,205
4/7/2026,SARI,2/10/2024,Pediatrics,74
4/7/2026,SARI,2/17/2024,Adults,114
4/7/2026,SARI,2/17/2024,Overall,176
4/7/2026,SARI,2/17/2024,Pediatrics,62
4/7/2026,SARI,2/24/2024,Adults,120
4/7/2026,SARI,2/24/2024,Overall,176
4/7/2026,SARI,2/24/2024,Pediatrics,56
4/7/2026,SARI,3/2/2024,Adults,92
4/7/2026,SARI,3/2/2024,Overall,155
4/7/2026,SARI,3/2/2024,Pediatrics,63
4/7/2026,SARI,3/9/2024,Adults,93
4/7/2026,SARI,3/9/2024,Overall,164
4/7/2026,SARI,3/9/2024,Pediatrics,71
4/7/2026,SARI,3/16/2024,Adults,94
4/7/2026,SARI,3/16/2024,Overall,213
4/7/2026,SARI,3/16/2024,Pediatrics,119
4/7/2026,SARI,3/23/2024,Adults,92
4/7/2026,SARI,3/23/2024,Overall,209
4/7/2026,SARI,3/23/2024,Pediatrics,117
4/7/2026,SARI,3/30/2024,Adults,96
4/7/2026,SARI,3/30/2024,Overall,207
4/7/2026,SARI,3/30/2024,Pediatrics,111
4/7/2026,SARI,4/6/2024,Adults,111
4/7/2026,SARI,4/6/2024,Overall,223
4/7/2026,SARI,4/6/2024,Pediatrics,112
4/7/2026,SARI,4/13/2024,Adults,95
4/7/2026,SARI,4/13/2024,Overall,198
4/7/2026,SARI,4/13/2024,Pediatrics,103
4/7/2026,SARI,4/20/2024,Adults,107
4/7/2026,SARI,4/20/2024,Overall,212
4/7/2026,SARI,4/20/2024,Pediatrics,105
4/7/2026,SARI,4/27/2024,Adults,97
4/7/2026,SARI,4/27/2024,Overall,241
4/7/2026,SARI,4/27/2024,Pediatrics,144
4/7/2026,SARI,5/4/2024,Adults,129
4/7/2026,SARI,5/4/2024,Overall,287
4/7/2026,SARI,5/4/2024,Pediatrics,158
4/7/2026,SARI,5/11/2024,Adults,151
4/7/2026,SARI,5/11/2024,Overall,338
4/7/2026,SARI,5/11/2024,Pediatrics,187
4/7/2026,SARI,5/18/2024,Adults,230
4/7/2026,SARI,5/18/2024,Overall,557
4/7/2026,SARI,5/18/2024,Pediatrics,327
4/7/2026,SARI,5/25/2024,Adults,333
4/7/2026,SARI,5/25/2024,Overall,746
4/7/2026,SARI,5/25/2024,Pediatrics,413
4/7/2026,SARI,6/1/2024,Adults,524
4/7/2026,SARI,6/1/2024,Overall,1053
4/7/2026,SARI,6/1/2024,Pediatrics,529
4/7/2026,SARI,6/8/2024,Adults,553
4/7/2026,SARI,6/8/2024,Overall,1270
4/7/2026,SARI,6/8/2024,Pediatrics,717
4/7/2026,SARI,6/15/2024,Adults,454
4/7/2026,SARI,6/15/2024,Overall,1031
4/7/2026,SARI,6/15/2024,Pediatrics,577
4/7/2026,SARI,6/22/2024,Adults,315
4/7/2026,SARI,6/22/2024,Overall,832
4/7/2026,SARI,6/22/2024,Pediatrics,517
4/7/2026,SARI,6/29/2024,Adults,277
4/7/2026,SARI,6/29/2024,Overall,825
4/7/2026,SARI,6/29/2024,Pediatrics,548
4/7/2026,SARI,7/6/2024,Adults,317
4/7/2026,SARI,7/6/2024,Overall,891
4/7/2026,SARI,7/6/2024,Pediatrics,574
4/7/2026,SARI,7/13/2024,Adults,251
4/7/2026,SARI,7/13/2024,Overall,830
4/7/2026,SARI,7/13/2024,Pediatrics,579
4/7/2026,SARI,7/20/2024,Adults,299
4/7/2026,SARI,7/20/2024,Overall,877
4/7/2026,SARI,7/20/2024,Pediatrics,578
4/7/2026,SARI,7/27/2024,Adults,229
4/7/2026,SARI,7/27/2024,Overall,707
4/7/2026,SARI,7/27/2024,Pediatrics,478
4/7/2026,SARI,8/3/2024,Adults,209
4/7/2026,SARI,8/3/2024,Overall,662
4/7/2026,SARI,8/3/2024,Pediatrics,453
4/7/2026,SARI,8/10/2024,Adults,184
4/7/2026,SARI,8/10/2024,Overall,668
4/7/2026,SARI,8/10/2024,Pediatrics,484
4/7/2026,SARI,8/17/2024,Adults,172
4/7/2026,SARI,8/17/2024,Overall,645
4/7/2026,SARI,8/17/2024,Pediatrics,473
4/7/2026,SARI,8/24/2024,Adults,175
4/7/2026,SARI,8/24/2024,Overall,642
4/7/2026,SARI,8/24/2024,Pediatrics,467
4/7/2026,SARI,8/31/2024,Adults,174
4/7/2026,SARI,8/31/2024,Overall,596
4/7/2026,SARI,8/31/2024,Pediatrics,422
4/7/2026,SARI,9/7/2024,Adults,210
4/7/2026,SARI,9/7/2024,Overall,718
4/7/2026,SARI,9/7/2024,Pediatrics,508
4/7/2026,SARI,9/14/2024,Adults,194
4/7/2026,SARI,9/14/2024,Overall,616
4/7/2026,SARI,9/14/2024,Pediatrics,422
4/7/2026,SARI,9/21/2024,Adults,178
4/7/2026,SARI,9/21/2024,Overall,598
4/7/2026,SARI,9/21/2024,Pediatrics,420
4/7/2026,SARI,9/28/2024,Adults,159
4/7/2026,SARI,9/28/2024,Overall,492
4/7/2026,SARI,9/28/2024,Pediatrics,333
4/7/2026,SARI,10/5/2024,Adults,199
4/7/2026,SARI,10/5/2024,Overall,511
4/7/2026,SARI,10/5/2024,Pediatrics,312
4/7/2026,SARI,10/12/2024,Adults,151
4/7/2026,SARI,10/12/2024,Overall,401
4/7/2026,SARI,10/12/2024,Pediatrics,250
4/7/2026,SARI,10/19/2024,Adults,165
4/7/2026,SARI,10/19/2024,Overall,424
4/7/2026,SARI,10/19/2024,Pediatrics,259
4/7/2026,SARI,10/26/2024,Adults,131
4/7/2026,SARI,10/26/2024,Overall,394
4/7/2026,SARI,10/26/2024,Pediatrics,263
4/7/2026,SARI,11/2/2024,Adults,116
4/7/2026,SARI,11/2/2024,Overall,353
4/7/2026,SARI,11/2/2024,Pediatrics,237
4/7/2026,SARI,11/9/2024,Adults,102
4/7/2026,SARI,11/9/2024,Overall,259
4/7/2026,SARI,11/9/2024,Pediatrics,157
4/7/2026,SARI,11/16/2024,Adults,112
4/7/2026,SARI,11/16/2024,Overall,284
4/7/2026,SARI,11/16/2024,Pediatrics,172
4/7/2026,SARI,11/23/2024,Adults,84
4/7/2026,SARI,11/23/2024,Overall,242
4/7/2026,SARI,11/23/2024,Pediatrics,158
4/7/2026,SARI,11/30/2024,Adults,73
4/7/2026,SARI,11/30/2024,Overall,221
4/7/2026,SARI,11/30/2024,Pediatrics,148
4/7/2026,SARI,12/7/2024,Adults,86
4/7/2026,SARI,12/7/2024,Overall,197
4/7/2026,SARI,12/7/2024,Pediatrics,111
4/7/2026,SARI,12/14/2024,Adults,90
4/7/2026,SARI,12/14/2024,Overall,202
4/7/2026,SARI,12/14/2024,Pediatrics,112
4/7/2026,SARI,12/21/2024,Adults,88
4/7/2026,SARI,12/21/2024,Overall,151
4/7/2026,SARI,12/21/2024,Pediatrics,63
4/7/2026,SARI,12/28/2024,Adults,60
4/7/2026,SARI,12/28/2024,Overall,113
4/7/2026,SARI,12/28/2024,Pediatrics,53
4/7/2026,SARI,1/4/2025,Adults,99
4/7/2026,SARI,1/4/2025,Overall,156
4/7/2026,SARI,1/4/2025,Pediatrics,57
4/7/2026,SARI,1/11/2025,Adults,97
4/7/2026,SARI,1/11/2025,Overall,144
4/7/2026,SARI,1/11/2025,Pediatrics,47
4/7/2026,SARI,1/18/2025,Adults,78
4/7/2026,SARI,1/18/2025,Overall,126
4/7/2026,SARI,1/18/2025,Pediatrics,48
4/7/2026,SARI,1/25/2025,Adults,81
4/7/2026,SARI,1/25/2025,Overall,126
4/7/2026,SARI,1/25/2025,Pediatrics,45
4/7/2026,SARI,2/1/2025,Adults,92
4/7/2026,SARI,2/1/2025,Overall,125
4/7/2026,SARI,2/1/2025,Pediatrics,33
4/7/2026,SARI,2/8/2025,Adults,86
4/7/2026,SARI,2/8/2025,Overall,144
4/7/2026,SARI,2/8/2025,Pediatrics,58
4/7/2026,SARI,2/15/2025,Adults,90
4/7/2026,SARI,2/15/2025,Overall,137
4/7/2026,SARI,2/15/2025,Pediatrics,47
4/7/2026,SARI,2/22/2025,Adults,86
4/7/2026,SARI,2/22/2025,Overall,124
4/7/2026,SARI,2/22/2025,Pediatrics,38
4/7/2026,SARI,3/1/2025,Adults,102
4/7/2026,SARI,3/1/2025,Overall,142
4/7/2026,SARI,3/1/2025,Pediatrics,40
4/7/2026,SARI,3/8/2025,Adults,101
4/7/2026,SARI,3/8/2025,Overall,152
4/7/2026,SARI,3/8/2025,Pediatrics,51
4/7/2026,SARI,3/15/2025,Adults,117
4/7/2026,SARI,3/15/2025,Overall,193
4/7/2026,SARI,3/15/2025,Pediatrics,76
4/7/2026,SARI,3/22/2025,Adults,158
4/7/2026,SARI,3/22/2025,Overall,271
4/7/2026,SARI,3/22/2025,Pediatrics,113
4/7/2026,SARI,3/29/2025,Adults,156
4/7/2026,SARI,3/29/2025,Overall,279
4/7/2026,SARI,3/29/2025,Pediatrics,123
4/7/2026,SARI,4/5/2025,Adults,150
4/7/2026,SARI,4/5/2025,Overall,240
4/7/2026,SARI,4/5/2025,Pediatrics,90
4/7/2026,SARI,4/12/2025,Adults,153
4/7/2026,SARI,4/12/2025,Overall,258
4/7/2026,SARI,4/12/2025,Pediatrics,105
4/7/2026,SARI,4/19/2025,Adults,153
4/7/2026,SARI,4/19/2025,Overall,270
4/7/2026,SARI,4/19/2025,Pediatrics,117
4/7/2026,SARI,4/26/2025,Adults,207
4/7/2026,SARI,4/26/2025,Overall,317
4/7/2026,SARI,4/26/2025,Pediatrics,110
4/7/2026,SARI,5/3/2025,Adults,190
4/7/2026,SARI,5/3/2025,Overall,336
4/7/2026,SARI,5/3/2025,Pediatrics,146
4/7/2026,SARI,5/10/2025,Adults,202
4/7/2026,SARI,5/10/2025,Overall,327
4/7/2026,SARI,5/10/2025,Pediatrics,125
4/7/2026,SARI,5/17/2025,Adults,235
4/7/2026,SARI,5/17/2025,Overall,386
4/7/2026,SARI,5/17/2025,Pediatrics,151
4/7/2026,SARI,5/24/2025,Adults,292
4/7/2026,SARI,5/24/2025,Overall,495
4/7/2026,SARI,5/24/2025,Pediatrics,203
4/7/2026,SARI,5/31/2025,Adults,347
4/7/2026,SARI,5/31/2025,Overall,577
4/7/2026,SARI,5/31/2025,Pediatrics,230
4/7/2026,SARI,6/7/2025,Adults,515
4/7/2026,SARI,6/7/2025,Overall,823
4/7/2026,SARI,6/7/2025,Pediatrics,308
4/7/2026,SARI,6/14/2025,Adults,582
4/7/2026,SARI,6/14/2025,Overall,878
4/7/2026,SARI,6/14/2025,Pediatrics,296
4/7/2026,SARI,6/21/2025,Adults,503
4/7/2026,SARI,6/21/2025,Overall,753
4/7/2026,SARI,6/21/2025,Pediatrics,250
4/7/2026,SARI,6/28/2025,Adults,458
4/7/2026,SARI,6/28/2025,Overall,691
4/7/2026,SARI,6/28/2025,Pediatrics,233
4/7/2026,SARI,7/5/2025,Adults,422
4/7/2026,SARI,7/5/2025,Overall,643
4/7/2026,SARI,7/5/2025,Pediatrics,221
4/7/2026,SARI,7/12/2025,Adults,320
4/7/2026,SARI,7/12/2025,Overall,520
4/7/2026,SARI,7/12/2025,Pediatrics,200
4/7/2026,SARI,7/19/2025,Adults,224
4/7/2026,SARI,7/19/2025,Overall,421
4/7/2026,SARI,7/19/2025,Pediatrics,197
4/7/2026,SARI,7/26/2025,Adults,172
4/7/2026,SARI,7/26/2025,Overall,335
4/7/2026,SARI,7/26/2025,Pediatrics,163
4/7/2026,SARI,8/2/2025,Adults,177
4/7/2026,SARI,8/2/2025,Overall,371
4/7/2026,SARI,8/2/2025,Pediatrics,194
4/7/2026,SARI,8/9/2025,Adults,187
4/7/2026,SARI,8/9/2025,Overall,384
4/7/2026,SARI,8/9/2025,Pediatrics,197
4/7/2026,SARI,8/16/2025,Adults,161
4/7/2026,SARI,8/16/2025,Overall,391
4/7/2026,SARI,8/16/2025,Pediatrics,230
4/7/2026,SARI,8/23/2025,Adults,168
4/7/2026,SARI,8/23/2025,Overall,375
4/7/2026,SARI,8/23/2025,Pediatrics,207
4/7/2026,SARI,8/30/2025,Adults,146
4/7/2026,SARI,8/30/2025,Overall,344
4/7/2026,SARI,8/30/2025,Pediatrics,198
4/7/2026,SARI,9/6/2025,Adults,164
4/7/2026,SARI,9/6/2025,Overall,335
4/7/2026,SARI,9/6/2025,Pediatrics,171
4/7/2026,SARI,9/13/2025,Adults,164
4/7/2026,SARI,9/13/2025,Overall,337
4/7/2026,SARI,9/13/2025,Pediatrics,173
4/7/2026,SARI,9/20/2025,Adults,158
4/7/2026,SARI,9/20/2025,Overall,312
4/7/2026,SARI,9/20/2025,Pediatrics,154
4/7/2026,SARI,9/27/2025,Adults,132
4/7/2026,SARI,9/27/2025,Overall,259
4/7/2026,SARI,9/27/2025,Pediatrics,127
4/7/2026,SARI,10/4/2025,Adults,126
4/7/2026,SARI,10/4/2025,Overall,270
4/7/2026,SARI,10/4/2025,Pediatrics,144
4/7/2026,SARI,10/11/2025,Adults,110
4/7/2026,SARI,10/11/2025,Overall,234
4/7/2026,SARI,10/11/2025,Pediatrics,124
4/7/2026,SARI,10/18/2025,Adults,121
4/7/2026,SARI,10/18/2025,Overall,232
4/7/2026,SARI,10/18/2025,Pediatrics,111
4/7/2026,SARI,10/25/2025,Adults,116
4/7/2026,SARI,10/25/2025,Overall,221
4/7/2026,SARI,10/25/2025,Pediatrics,105
4/7/2026,SARI,11/1/2025,Adults,100
4/7/2026,SARI,11/1/2025,Overall,192
4/7/2026,SARI,11/1/2025,Pediatrics,92
4/7/2026,SARI,11/8/2025,Adults,91
4/7/2026,SARI,11/8/2025,Overall,200
4/7/2026,SARI,11/8/2025,Pediatrics,109
4/7/2026,SARI,11/15/2025,Adults,116
4/7/2026,SARI,11/15/2025,Overall,206
4/7/2026,SARI,11/15/2025,Pediatrics,90
4/7/2026,SARI,11/22/2025,Adults,77
4/7/2026,SARI,11/22/2025,Overall,156
4/7/2026,SARI,11/22/2025,Pediatrics,79
4/7/2026,SARI,11/29/2025,Adults,61
4/7/2026,SARI,11/29/2025,Overall,118
4/7/2026,SARI,11/29/2025,Pediatrics,57
4/7/2026,SARI,12/6/2025,Adults,83
4/7/2026,SARI,12/6/2025,Overall,151
4/7/2026,SARI,12/6/2025,Pediatrics,68
4/7/2026,SARI,12/13/2025,Adults,89
4/7/2026,SARI,12/13/2025,Overall,148
4/7/2026,SARI,12/13/2025,Pediatrics,59
4/7/2026,SARI,12/20/2025,Adults,65
4/7/2026,SARI,12/20/2025,Overall,99
4/7/2026,SARI,12/20/2025,Pediatrics,34
4/7/2026,SARI,12/27/2025,Adults,93
4/7/2026,SARI,12/27/2025,Overall,123
4/7/2026,SARI,12/27/2025,Pediatrics,30
4/7/2026,SARI,1/3/2026,Adults,52
4/7/2026,SARI,1/3/2026,Overall,72
4/7/2026,SARI,1/3/2026,Pediatrics,20
4/7/2026,SARI,1/10/2026,Adults,96
4/7/2026,SARI,1/10/2026,Overall,139
4/7/2026,SARI,1/10/2026,Pediatrics,43
4/7/2026,SARI,1/17/2026,Adults,80
4/7/2026,SARI,1/17/2026,Overall,118
4/7/2026,SARI,1/17/2026,Pediatrics,38
4/7/2026,SARI,1/24/2026,Adults,87
4/7/2026,SARI,1/24/2026,Overall,131
4/7/2026,SARI,1/24/2026,Pediatrics,44
4/7/2026,SARI,1/31/2026,Adults,65
4/7/2026,SARI,1/31/2026,Overall,95
4/7/2026,SARI,1/31/2026,Pediatrics,30
4/7/2026,SARI,2/7/2026,Adults,89
4/7/2026,SARI,2/7/2026,Overall,116
4/7/2026,SARI,2/7/2026,Pediatrics,27
4/7/2026,SARI,2/14/2026,Adults,61
4/7/2026,SARI,2/14/2026,Overall,94
4/7/2026,SARI,2/14/2026,Pediatrics,33
4/7/2026,SARI,2/21/2026,Adults,66
4/7/2026,SARI,2/21/2026,Overall,97
4/7/2026,SARI,2/21/2026,Pediatrics,31
4/7/2026,SARI,2/28/2026,Adults,60
4/7/2026,SARI,2/28/2026,Overall,96
4/7/2026,SARI,2/28/2026,Pediatrics,36
4/7/2026,SARI,3/7/2026,Adults,77
4/7/2026,SARI,3/7/2026,Overall,138
4/7/2026,SARI,3/7/2026,Pediatrics,61
4/7/2026,SARI,3/14/2026,Adults,57
4/7/2026,SARI,3/14/2026,Overall,176
4/7/2026,SARI,3/14/2026,Pediatrics,119
4/14/2026,SARI,1/8/2022,Adults,1023
4/14/2026,SARI,1/8/2022,Overall,1186
4/14/2026,SARI,1/8/2022,Pediatrics,163
4/14/2026,SARI,1/15/2022,Adults,1251
4/14/2026,SARI,1/15/2022,Overall,1423
4/14/2026,SARI,1/15/2022,Pediatrics,172
4/14/2026,SARI,1/22/2022,Adults,1113
4/14/2026,SARI,1/22/2022,Overall,1303
4/14/2026,SARI,1/22/2022,Pediatrics,190
4/14/2026,SARI,1/29/2022,Adults,769
4/14/2026,SARI,1/29/2022,Overall,907
4/14/2026,SARI,1/29/2022,Pediatrics,138
4/14/2026,SARI,2/5/2022,Adults,587
4/14/2026,SARI,2/5/2022,Overall,698
4/14/2026,SARI,2/5/2022,Pediatrics,111
4/14/2026,SARI,2/12/2022,Adults,420
4/14/2026,SARI,2/12/2022,Overall,537
4/14/2026,SARI,2/12/2022,Pediatrics,117
4/14/2026,SARI,2/19/2022,Adults,473
4/14/2026,SARI,2/19/2022,Overall,604
4/14/2026,SARI,2/19/2022,Pediatrics,131
4/14/2026,SARI,2/26/2022,Adults,430
4/14/2026,SARI,2/26/2022,Overall,551
4/14/2026,SARI,2/26/2022,Pediatrics,121
4/14/2026,SARI,3/5/2022,Adults,533
4/14/2026,SARI,3/5/2022,Overall,702
4/14/2026,SARI,3/5/2022,Pediatrics,169
4/14/2026,SARI,3/12/2022,Adults,502
4/14/2026,SARI,3/12/2022,Overall,730
4/14/2026,SARI,3/12/2022,Pediatrics,228
4/14/2026,SARI,3/19/2022,Adults,518
4/14/2026,SARI,3/19/2022,Overall,772
4/14/2026,SARI,3/19/2022,Pediatrics,254
4/14/2026,SARI,3/26/2022,Adults,437
4/14/2026,SARI,3/26/2022,Overall,633
4/14/2026,SARI,3/26/2022,Pediatrics,196
4/14/2026,SARI,4/2/2022,Adults,377
4/14/2026,SARI,4/2/2022,Overall,567
4/14/2026,SARI,4/2/2022,Pediatrics,190
4/14/2026,SARI,4/9/2022,Adults,349
4/14/2026,SARI,4/9/2022,Overall,573
4/14/2026,SARI,4/9/2022,Pediatrics,224
4/14/2026,SARI,4/16/2022,Adults,302
4/14/2026,SARI,4/16/2022,Overall,511
4/14/2026,SARI,4/16/2022,Pediatrics,209
4/14/2026,SARI,4/23/2022,Adults,271
4/14/2026,SARI,4/23/2022,Overall,496
4/14/2026,SARI,4/23/2022,Pediatrics,225
4/14/2026,SARI,4/30/2022,Adults,267
4/14/2026,SARI,4/30/2022,Overall,547
4/14/2026,SARI,4/30/2022,Pediatrics,280
4/14/2026,SARI,5/7/2022,Adults,312
4/14/2026,SARI,5/7/2022,Overall,613
4/14/2026,SARI,5/7/2022,Pediatrics,301
4/14/2026,SARI,5/14/2022,Adults,343
4/14/2026,SARI,5/14/2022,Overall,761
4/14/2026,SARI,5/14/2022,Pediatrics,418
4/14/2026,SARI,5/21/2022,Adults,394
4/14/2026,SARI,5/21/2022,Overall,898
4/14/2026,SARI,5/21/2022,Pediatrics,504
4/14/2026,SARI,5/28/2022,Adults,419
4/14/2026,SARI,5/28/2022,Overall,846
4/14/2026,SARI,5/28/2022,Pediatrics,427
4/14/2026,SARI,6/4/2022,Adults,457
4/14/2026,SARI,6/4/2022,Overall,925
4/14/2026,SARI,6/4/2022,Pediatrics,468
4/14/2026,SARI,6/11/2022,Adults,482
4/14/2026,SARI,6/11/2022,Overall,1042
4/14/2026,SARI,6/11/2022,Pediatrics,560
4/14/2026,SARI,6/18/2022,Adults,429
4/14/2026,SARI,6/18/2022,Overall,918
4/14/2026,SARI,6/18/2022,Pediatrics,489
4/14/2026,SARI,6/25/2022,Adults,416
4/14/2026,SARI,6/25/2022,Overall,824
4/14/2026,SARI,6/25/2022,Pediatrics,408
4/14/2026,SARI,7/2/2022,Adults,483
4/14/2026,SARI,7/2/2022,Overall,871
4/14/2026,SARI,7/2/2022,Pediatrics,388
4/14/2026,SARI,7/9/2022,Adults,440
4/14/2026,SARI,7/9/2022,Overall,868
4/14/2026,SARI,7/9/2022,Pediatrics,428
4/14/2026,SARI,7/16/2022,Adults,462
4/14/2026,SARI,7/16/2022,Overall,821
4/14/2026,SARI,7/16/2022,Pediatrics,359
4/14/2026,SARI,7/23/2022,Adults,490
4/14/2026,SARI,7/23/2022,Overall,833
4/14/2026,SARI,7/23/2022,Pediatrics,343
4/14/2026,SARI,7/30/2022,Adults,422
4/14/2026,SARI,7/30/2022,Overall,701
4/14/2026,SARI,7/30/2022,Pediatrics,279
4/14/2026,SARI,8/6/2022,Adults,403
4/14/2026,SARI,8/6/2022,Overall,675
4/14/2026,SARI,8/6/2022,Pediatrics,272
4/14/2026,SARI,8/13/2022,Adults,348
4/14/2026,SARI,8/13/2022,Overall,652
4/14/2026,SARI,8/13/2022,Pediatrics,304
4/14/2026,SARI,8/20/2022,Adults,307
4/14/2026,SARI,8/20/2022,Overall,655
4/14/2026,SARI,8/20/2022,Pediatrics,348
4/14/2026,SARI,8/27/2022,Adults,286
4/14/2026,SARI,8/27/2022,Overall,595
4/14/2026,SARI,8/27/2022,Pediatrics,309
4/14/2026,SARI,9/3/2022,Adults,282
4/14/2026,SARI,9/3/2022,Overall,611
4/14/2026,SARI,9/3/2022,Pediatrics,329
4/14/2026,SARI,9/10/2022,Adults,305
4/14/2026,SARI,9/10/2022,Overall,616
4/14/2026,SARI,9/10/2022,Pediatrics,311
4/14/2026,SARI,9/17/2022,Adults,235
4/14/2026,SARI,9/17/2022,Overall,525
4/14/2026,SARI,9/17/2022,Pediatrics,290
4/14/2026,SARI,9/24/2022,Adults,242
4/14/2026,SARI,9/24/2022,Overall,502
4/14/2026,SARI,9/24/2022,Pediatrics,260
4/14/2026,SARI,10/1/2022,Adults,255
4/14/2026,SARI,10/1/2022,Overall,561
4/14/2026,SARI,10/1/2022,Pediatrics,306
4/14/2026,SARI,10/8/2022,Adults,208
4/14/2026,SARI,10/8/2022,Overall,480
4/14/2026,SARI,10/8/2022,Pediatrics,272
4/14/2026,SARI,10/15/2022,Adults,272
4/14/2026,SARI,10/15/2022,Overall,545
4/14/2026,SARI,10/15/2022,Pediatrics,273
4/14/2026,SARI,10/22/2022,Adults,267
4/14/2026,SARI,10/22/2022,Overall,591
4/14/2026,SARI,10/22/2022,Pediatrics,324
4/14/2026,SARI,10/29/2022,Adults,223
4/14/2026,SARI,10/29/2022,Overall,501
4/14/2026,SARI,10/29/2022,Pediatrics,278
4/14/2026,SARI,11/5/2022,Adults,230
4/14/2026,SARI,11/5/2022,Overall,481
4/14/2026,SARI,11/5/2022,Pediatrics,251
4/14/2026,SARI,11/12/2022,Adults,194
4/14/2026,SARI,11/12/2022,Overall,433
4/14/2026,SARI,11/12/2022,Pediatrics,239
4/14/2026,SARI,11/19/2022,Adults,161
4/14/2026,SARI,11/19/2022,Overall,329
4/14/2026,SARI,11/19/2022,Pediatrics,168
4/14/2026,SARI,11/26/2022,Adults,152
4/14/2026,SARI,11/26/2022,Overall,282
4/14/2026,SARI,11/26/2022,Pediatrics,130
4/14/2026,SARI,12/3/2022,Adults,189
4/14/2026,SARI,12/3/2022,Overall,323
4/14/2026,SARI,12/3/2022,Pediatrics,134
4/14/2026,SARI,12/10/2022,Adults,285
4/14/2026,SARI,12/10/2022,Overall,408
4/14/2026,SARI,12/10/2022,Pediatrics,123
4/14/2026,SARI,12/17/2022,Adults,309
4/14/2026,SARI,12/17/2022,Overall,457
4/14/2026,SARI,12/17/2022,Pediatrics,148
4/14/2026,SARI,12/24/2022,Adults,357
4/14/2026,SARI,12/24/2022,Overall,465
4/14/2026,SARI,12/24/2022,Pediatrics,108
4/14/2026,SARI,12/31/2022,Adults,324
4/14/2026,SARI,12/31/2022,Overall,407
4/14/2026,SARI,12/31/2022,Pediatrics,83
4/14/2026,SARI,1/7/2023,Adults,330
4/14/2026,SARI,1/7/2023,Overall,448
4/14/2026,SARI,1/7/2023,Pediatrics,118
4/14/2026,SARI,1/14/2023,Adults,237
4/14/2026,SARI,1/14/2023,Overall,359
4/14/2026,SARI,1/14/2023,Pediatrics,122
4/14/2026,SARI,1/21/2023,Adults,195
4/14/2026,SARI,1/21/2023,Overall,304
4/14/2026,SARI,1/21/2023,Pediatrics,109
4/14/2026,SARI,1/28/2023,Adults,135
4/14/2026,SARI,1/28/2023,Overall,226
4/14/2026,SARI,1/28/2023,Pediatrics,91
4/14/2026,SARI,2/4/2023,Adults,133
4/14/2026,SARI,2/4/2023,Overall,254
4/14/2026,SARI,2/4/2023,Pediatrics,121
4/14/2026,SARI,2/11/2023,Adults,100
4/14/2026,SARI,2/11/2023,Overall,222
4/14/2026,SARI,2/11/2023,Pediatrics,122
4/14/2026,SARI,2/18/2023,Adults,107
4/14/2026,SARI,2/18/2023,Overall,204
4/14/2026,SARI,2/18/2023,Pediatrics,97
4/14/2026,SARI,2/25/2023,Adults,100
4/14/2026,SARI,2/25/2023,Overall,200
4/14/2026,SARI,2/25/2023,Pediatrics,100
4/14/2026,SARI,3/4/2023,Adults,137
4/14/2026,SARI,3/4/2023,Overall,289
4/14/2026,SARI,3/4/2023,Pediatrics,152
4/14/2026,SARI,3/11/2023,Adults,104
4/14/2026,SARI,3/11/2023,Overall,300
4/14/2026,SARI,3/11/2023,Pediatrics,196
4/14/2026,SARI,3/18/2023,Adults,92
4/14/2026,SARI,3/18/2023,Overall,249
4/14/2026,SARI,3/18/2023,Pediatrics,157
4/14/2026,SARI,3/25/2023,Adults,83
4/14/2026,SARI,3/25/2023,Overall,238
4/14/2026,SARI,3/25/2023,Pediatrics,155
4/14/2026,SARI,4/1/2023,Adults,78
4/14/2026,SARI,4/1/2023,Overall,251
4/14/2026,SARI,4/1/2023,Pediatrics,173
4/14/2026,SARI,4/8/2023,Adults,90
4/14/2026,SARI,4/8/2023,Overall,275
4/14/2026,SARI,4/8/2023,Pediatrics,185
4/14/2026,SARI,4/15/2023,Adults,102
4/14/2026,SARI,4/15/2023,Overall,297
4/14/2026,SARI,4/15/2023,Pediatrics,195
4/14/2026,SARI,4/22/2023,Adults,91
4/14/2026,SARI,4/22/2023,Overall,320
4/14/2026,SARI,4/22/2023,Pediatrics,229
4/14/2026,SARI,4/29/2023,Adults,92
4/14/2026,SARI,4/29/2023,Overall,415
4/14/2026,SARI,4/29/2023,Pediatrics,323
4/14/2026,SARI,5/6/2023,Adults,102
4/14/2026,SARI,5/6/2023,Overall,484
4/14/2026,SARI,5/6/2023,Pediatrics,382
4/14/2026,SARI,5/13/2023,Adults,118
4/14/2026,SARI,5/13/2023,Overall,544
4/14/2026,SARI,5/13/2023,Pediatrics,426
4/14/2026,SARI,5/20/2023,Adults,113
4/14/2026,SARI,5/20/2023,Overall,596
4/14/2026,SARI,5/20/2023,Pediatrics,483
4/14/2026,SARI,5/27/2023,Adults,119
4/14/2026,SARI,5/27/2023,Overall,680
4/14/2026,SARI,5/27/2023,Pediatrics,561
4/14/2026,SARI,6/3/2023,Adults,182
4/14/2026,SARI,6/3/2023,Overall,706
4/14/2026,SARI,6/3/2023,Pediatrics,524
4/14/2026,SARI,6/10/2023,Adults,190
4/14/2026,SARI,6/10/2023,Overall,742
4/14/2026,SARI,6/10/2023,Pediatrics,552
4/14/2026,SARI,6/17/2023,Adults,196
4/14/2026,SARI,6/17/2023,Overall,633
4/14/2026,SARI,6/17/2023,Pediatrics,437
4/14/2026,SARI,6/24/2023,Adults,264
4/14/2026,SARI,6/24/2023,Overall,703
4/14/2026,SARI,6/24/2023,Pediatrics,439
4/14/2026,SARI,7/1/2023,Adults,257
4/14/2026,SARI,7/1/2023,Overall,675
4/14/2026,SARI,7/1/2023,Pediatrics,418
4/14/2026,SARI,7/8/2023,Adults,229
4/14/2026,SARI,7/8/2023,Overall,582
4/14/2026,SARI,7/8/2023,Pediatrics,353
4/14/2026,SARI,7/15/2023,Adults,191
4/14/2026,SARI,7/15/2023,Overall,524
4/14/2026,SARI,7/15/2023,Pediatrics,333
4/14/2026,SARI,7/22/2023,Adults,188
4/14/2026,SARI,7/22/2023,Overall,451
4/14/2026,SARI,7/22/2023,Pediatrics,263
4/14/2026,SARI,7/29/2023,Adults,153
4/14/2026,SARI,7/29/2023,Overall,379
4/14/2026,SARI,7/29/2023,Pediatrics,226
4/14/2026,SARI,8/5/2023,Adults,176
4/14/2026,SARI,8/5/2023,Overall,391
4/14/2026,SARI,8/5/2023,Pediatrics,215
4/14/2026,SARI,8/12/2023,Adults,147
4/14/2026,SARI,8/12/2023,Overall,409
4/14/2026,SARI,8/12/2023,Pediatrics,262
4/14/2026,SARI,8/19/2023,Adults,164
4/14/2026,SARI,8/19/2023,Overall,404
4/14/2026,SARI,8/19/2023,Pediatrics,240
4/14/2026,SARI,8/26/2023,Adults,178
4/14/2026,SARI,8/26/2023,Overall,408
4/14/2026,SARI,8/26/2023,Pediatrics,230
4/14/2026,SARI,9/2/2023,Adults,191
4/14/2026,SARI,9/2/2023,Overall,443
4/14/2026,SARI,9/2/2023,Pediatrics,252
4/14/2026,SARI,9/9/2023,Adults,184
4/14/2026,SARI,9/9/2023,Overall,417
4/14/2026,SARI,9/9/2023,Pediatrics,233
4/14/2026,SARI,9/16/2023,Adults,175
4/14/2026,SARI,9/16/2023,Overall,434
4/14/2026,SARI,9/16/2023,Pediatrics,259
4/14/2026,SARI,9/23/2023,Adults,170
4/14/2026,SARI,9/23/2023,Overall,396
4/14/2026,SARI,9/23/2023,Pediatrics,226
4/14/2026,SARI,9/30/2023,Adults,109
4/14/2026,SARI,9/30/2023,Overall,290
4/14/2026,SARI,9/30/2023,Pediatrics,181
4/14/2026,SARI,10/7/2023,Adults,111
4/14/2026,SARI,10/7/2023,Overall,301
4/14/2026,SARI,10/7/2023,Pediatrics,190
4/14/2026,SARI,10/14/2023,Adults,114
4/14/2026,SARI,10/14/2023,Overall,305
4/14/2026,SARI,10/14/2023,Pediatrics,191
4/14/2026,SARI,10/21/2023,Adults,114
4/14/2026,SARI,10/21/2023,Overall,278
4/14/2026,SARI,10/21/2023,Pediatrics,164
4/14/2026,SARI,10/28/2023,Adults,75
4/14/2026,SARI,10/28/2023,Overall,191
4/14/2026,SARI,10/28/2023,Pediatrics,116
4/14/2026,SARI,11/4/2023,Adults,81
4/14/2026,SARI,11/4/2023,Overall,210
4/14/2026,SARI,11/4/2023,Pediatrics,129
4/14/2026,SARI,11/11/2023,Adults,85
4/14/2026,SARI,11/11/2023,Overall,201
4/14/2026,SARI,11/11/2023,Pediatrics,116
4/14/2026,SARI,11/18/2023,Adults,79
4/14/2026,SARI,11/18/2023,Overall,192
4/14/2026,SARI,11/18/2023,Pediatrics,113
4/14/2026,SARI,11/25/2023,Adults,74
4/14/2026,SARI,11/25/2023,Overall,168
4/14/2026,SARI,11/25/2023,Pediatrics,94
4/14/2026,SARI,12/2/2023,Adults,70
4/14/2026,SARI,12/2/2023,Overall,168
4/14/2026,SARI,12/2/2023,Pediatrics,98
4/14/2026,SARI,12/9/2023,Adults,64
4/14/2026,SARI,12/9/2023,Overall,130
4/14/2026,SARI,12/9/2023,Pediatrics,66
4/14/2026,SARI,12/16/2023,Adults,66
4/14/2026,SARI,12/16/2023,Overall,135
4/14/2026,SARI,12/16/2023,Pediatrics,69
4/14/2026,SARI,12/23/2023,Adults,56
4/14/2026,SARI,12/23/2023,Overall,102
4/14/2026,SARI,12/23/2023,Pediatrics,46
4/14/2026,SARI,12/30/2023,Adults,46
4/14/2026,SARI,12/30/2023,Overall,87
4/14/2026,SARI,12/30/2023,Pediatrics,41
4/14/2026,SARI,1/6/2024,Adults,95
4/14/2026,SARI,1/6/2024,Overall,160
4/14/2026,SARI,1/6/2024,Pediatrics,65
4/14/2026,SARI,1/13/2024,Adults,126
4/14/2026,SARI,1/13/2024,Overall,197
4/14/2026,SARI,1/13/2024,Pediatrics,71
4/14/2026,SARI,1/20/2024,Adults,165
4/14/2026,SARI,1/20/2024,Overall,247
4/14/2026,SARI,1/20/2024,Pediatrics,82
4/14/2026,SARI,1/27/2024,Adults,160
4/14/2026,SARI,1/27/2024,Overall,253
4/14/2026,SARI,1/27/2024,Pediatrics,93
4/14/2026,SARI,2/3/2024,Adults,165
4/14/2026,SARI,2/3/2024,Overall,252
4/14/2026,SARI,2/3/2024,Pediatrics,87
4/14/2026,SARI,2/10/2024,Adults,131
4/14/2026,SARI,2/10/2024,Overall,205
4/14/2026,SARI,2/10/2024,Pediatrics,74
4/14/2026,SARI,2/17/2024,Adults,114
4/14/2026,SARI,2/17/2024,Overall,176
4/14/2026,SARI,2/17/2024,Pediatrics,62
4/14/2026,SARI,2/24/2024,Adults,120
4/14/2026,SARI,2/24/2024,Overall,176
4/14/2026,SARI,2/24/2024,Pediatrics,56
4/14/2026,SARI,3/2/2024,Adults,92
4/14/2026,SARI,3/2/2024,Overall,155
4/14/2026,SARI,3/2/2024,Pediatrics,63
4/14/2026,SARI,3/9/2024,Adults,93
4/14/2026,SARI,3/9/2024,Overall,164
4/14/2026,SARI,3/9/2024,Pediatrics,71
4/14/2026,SARI,3/16/2024,Adults,94
4/14/2026,SARI,3/16/2024,Overall,213
4/14/2026,SARI,3/16/2024,Pediatrics,119
4/14/2026,SARI,3/23/2024,Adults,92
4/14/2026,SARI,3/23/2024,Overall,209
4/14/2026,SARI,3/23/2024,Pediatrics,117
4/14/2026,SARI,3/30/2024,Adults,96
4/14/2026,SARI,3/30/2024,Overall,207
4/14/2026,SARI,3/30/2024,Pediatrics,111
4/14/2026,SARI,4/6/2024,Adults,111
4/14/2026,SARI,4/6/2024,Overall,223
4/14/2026,SARI,4/6/2024,Pediatrics,112
4/14/2026,SARI,4/13/2024,Adults,95
4/14/2026,SARI,4/13/2024,Overall,198
4/14/2026,SARI,4/13/2024,Pediatrics,103
4/14/2026,SARI,4/20/2024,Adults,107
4/14/2026,SARI,4/20/2024,Overall,212
4/14/2026,SARI,4/20/2024,Pediatrics,105
4/14/2026,SARI,4/27/2024,Adults,97
4/14/2026,SARI,4/27/2024,Overall,241
4/14/2026,SARI,4/27/2024,Pediatrics,144
4/14/2026,SARI,5/4/2024,Adults,129
4/14/2026,SARI,5/4/2024,Overall,287
4/14/2026,SARI,5/4/2024,Pediatrics,158
4/14/2026,SARI,5/11/2024,Adults,151
4/14/2026,SARI,5/11/2024,Overall,338
4/14/2026,SARI,5/11/2024,Pediatrics,187
4/14/2026,SARI,5/18/2024,Adults,230
4/14/2026,SARI,5/18/2024,Overall,557
4/14/2026,SARI,5/18/2024,Pediatrics,327
4/14/2026,SARI,5/25/2024,Adults,333
4/14/2026,SARI,5/25/2024,Overall,746
4/14/2026,SARI,5/25/2024,Pediatrics,413
4/14/2026,SARI,6/1/2024,Adults,524
4/14/2026,SARI,6/1/2024,Overall,1053
4/14/2026,SARI,6/1/2024,Pediatrics,529
4/14/2026,SARI,6/8/2024,Adults,553
4/14/2026,SARI,6/8/2024,Overall,1270
4/14/2026,SARI,6/8/2024,Pediatrics,717
4/14/2026,SARI,6/15/2024,Adults,454
4/14/2026,SARI,6/15/2024,Overall,1031
4/14/2026,SARI,6/15/2024,Pediatrics,577
4/14/2026,SARI,6/22/2024,Adults,315
4/14/2026,SARI,6/22/2024,Overall,832
4/14/2026,SARI,6/22/2024,Pediatrics,517
4/14/2026,SARI,6/29/2024,Adults,277
4/14/2026,SARI,6/29/2024,Overall,825
4/14/2026,SARI,6/29/2024,Pediatrics,548
4/14/2026,SARI,7/6/2024,Adults,317
4/14/2026,SARI,7/6/2024,Overall,891
4/14/2026,SARI,7/6/2024,Pediatrics,574
4/14/2026,SARI,7/13/2024,Adults,251
4/14/2026,SARI,7/13/2024,Overall,830
4/14/2026,SARI,7/13/2024,Pediatrics,579
4/14/2026,SARI,7/20/2024,Adults,299
4/14/2026,SARI,7/20/2024,Overall,877
4/14/2026,SARI,7/20/2024,Pediatrics,578
4/14/2026,SARI,7/27/2024,Adults,229
4/14/2026,SARI,7/27/2024,Overall,707
4/14/2026,SARI,7/27/2024,Pediatrics,478
4/14/2026,SARI,8/3/2024,Adults,209
4/14/2026,SARI,8/3/2024,Overall,662
4/14/2026,SARI,8/3/2024,Pediatrics,453
4/14/2026,SARI,8/10/2024,Adults,184
4/14/2026,SARI,8/10/2024,Overall,668
4/14/2026,SARI,8/10/2024,Pediatrics,484
4/14/2026,SARI,8/17/2024,Adults,172
4/14/2026,SARI,8/17/2024,Overall,645
4/14/2026,SARI,8/17/2024,Pediatrics,473
4/14/2026,SARI,8/24/2024,Adults,175
4/14/2026,SARI,8/24/2024,Overall,642
4/14/2026,SARI,8/24/2024,Pediatrics,467
4/14/2026,SARI,8/31/2024,Adults,174
4/14/2026,SARI,8/31/2024,Overall,596
4/14/2026,SARI,8/31/2024,Pediatrics,422
4/14/2026,SARI,9/7/2024,Adults,210
4/14/2026,SARI,9/7/2024,Overall,718
4/14/2026,SARI,9/7/2024,Pediatrics,508
4/14/2026,SARI,9/14/2024,Adults,194
4/14/2026,SARI,9/14/2024,Overall,616
4/14/2026,SARI,9/14/2024,Pediatrics,422
4/14/2026,SARI,9/21/2024,Adults,178
4/14/2026,SARI,9/21/2024,Overall,598
4/14/2026,SARI,9/21/2024,Pediatrics,420
4/14/2026,SARI,9/28/2024,Adults,159
4/14/2026,SARI,9/28/2024,Overall,492
4/14/2026,SARI,9/28/2024,Pediatrics,333
4/14/2026,SARI,10/5/2024,Adults,199
4/14/2026,SARI,10/5/2024,Overall,511
4/14/2026,SARI,10/5/2024,Pediatrics,312
4/14/2026,SARI,10/12/2024,Adults,151
4/14/2026,SARI,10/12/2024,Overall,401
4/14/2026,SARI,10/12/2024,Pediatrics,250
4/14/2026,SARI,10/19/2024,Adults,165
4/14/2026,SARI,10/19/2024,Overall,424
4/14/2026,SARI,10/19/2024,Pediatrics,259
4/14/2026,SARI,10/26/2024,Adults,131
4/14/2026,SARI,10/26/2024,Overall,394
4/14/2026,SARI,10/26/2024,Pediatrics,263
4/14/2026,SARI,11/2/2024,Adults,116
4/14/2026,SARI,11/2/2024,Overall,353
4/14/2026,SARI,11/2/2024,Pediatrics,237
4/14/2026,SARI,11/9/2024,Adults,102
4/14/2026,SARI,11/9/2024,Overall,259
4/14/2026,SARI,11/9/2024,Pediatrics,157
4/14/2026,SARI,11/16/2024,Adults,112
4/14/2026,SARI,11/16/2024,Overall,284
4/14/2026,SARI,11/16/2024,Pediatrics,172
4/14/2026,SARI,11/23/2024,Adults,84
4/14/2026,SARI,11/23/2024,Overall,242
4/14/2026,SARI,11/23/2024,Pediatrics,158
4/14/2026,SARI,11/30/2024,Adults,73
4/14/2026,SARI,11/30/2024,Overall,221
4/14/2026,SARI,11/30/2024,Pediatrics,148
4/14/2026,SARI,12/7/2024,Adults,86
4/14/2026,SARI,12/7/2024,Overall,197
4/14/2026,SARI,12/7/2024,Pediatrics,111
4/14/2026,SARI,12/14/2024,Adults,90
4/14/2026,SARI,12/14/2024,Overall,202
4/14/2026,SARI,12/14/2024,Pediatrics,112
4/14/2026,SARI,12/21/2024,Adults,88
4/14/2026,SARI,12/21/2024,Overall,151
4/14/2026,SARI,12/21/2024,Pediatrics,63
4/14/2026,SARI,12/28/2024,Adults,60
4/14/2026,SARI,12/28/2024,Overall,113
4/14/2026,SARI,12/28/2024,Pediatrics,53
4/14/2026,SARI,1/4/2025,Adults,99
4/14/2026,SARI,1/4/2025,Overall,197
4/14/2026,SARI,1/4/2025,Pediatrics,98
4/14/2026,SARI,1/11/2025,Adults,97
4/14/2026,SARI,1/11/2025,Overall,175
4/14/2026,SARI,1/11/2025,Pediatrics,78
4/14/2026,SARI,1/18/2025,Adults,78
4/14/2026,SARI,1/18/2025,Overall,150
4/14/2026,SARI,1/18/2025,Pediatrics,72
4/14/2026,SARI,1/25/2025,Adults,81
4/14/2026,SARI,1/25/2025,Overall,163
4/14/2026,SARI,1/25/2025,Pediatrics,82
4/14/2026,SARI,2/1/2025,Adults,92
4/14/2026,SARI,2/1/2025,Overall,153
4/14/2026,SARI,2/1/2025,Pediatrics,61
4/14/2026,SARI,2/8/2025,Adults,86
4/14/2026,SARI,2/8/2025,Overall,172
4/14/2026,SARI,2/8/2025,Pediatrics,86
4/14/2026,SARI,2/15/2025,Adults,90
4/14/2026,SARI,2/15/2025,Overall,170
4/14/2026,SARI,2/15/2025,Pediatrics,80
4/14/2026,SARI,2/22/2025,Adults,86
4/14/2026,SARI,2/22/2025,Overall,164
4/14/2026,SARI,2/22/2025,Pediatrics,78
4/14/2026,SARI,3/1/2025,Adults,102
4/14/2026,SARI,3/1/2025,Overall,175
4/14/2026,SARI,3/1/2025,Pediatrics,73
4/14/2026,SARI,3/8/2025,Adults,101
4/14/2026,SARI,3/8/2025,Overall,181
4/14/2026,SARI,3/8/2025,Pediatrics,80
4/14/2026,SARI,3/15/2025,Adults,117
4/14/2026,SARI,3/15/2025,Overall,227
4/14/2026,SARI,3/15/2025,Pediatrics,110
4/14/2026,SARI,3/22/2025,Adults,158
4/14/2026,SARI,3/22/2025,Overall,320
4/14/2026,SARI,3/22/2025,Pediatrics,162
4/14/2026,SARI,3/29/2025,Adults,156
4/14/2026,SARI,3/29/2025,Overall,326
4/14/2026,SARI,3/29/2025,Pediatrics,170
4/14/2026,SARI,4/5/2025,Adults,150
4/14/2026,SARI,4/5/2025,Overall,292
4/14/2026,SARI,4/5/2025,Pediatrics,142
4/14/2026,SARI,4/12/2025,Adults,153
4/14/2026,SARI,4/12/2025,Overall,307
4/14/2026,SARI,4/12/2025,Pediatrics,154
4/14/2026,SARI,4/19/2025,Adults,153
4/14/2026,SARI,4/19/2025,Overall,334
4/14/2026,SARI,4/19/2025,Pediatrics,181
4/14/2026,SARI,4/26/2025,Adults,207
4/14/2026,SARI,4/26/2025,Overall,378
4/14/2026,SARI,4/26/2025,Pediatrics,171
4/14/2026,SARI,5/3/2025,Adults,190
4/14/2026,SARI,5/3/2025,Overall,402
4/14/2026,SARI,5/3/2025,Pediatrics,212
4/14/2026,SARI,5/10/2025,Adults,202
4/14/2026,SARI,5/10/2025,Overall,408
4/14/2026,SARI,5/10/2025,Pediatrics,206
4/14/2026,SARI,5/17/2025,Adults,235
4/14/2026,SARI,5/17/2025,Overall,486
4/14/2026,SARI,5/17/2025,Pediatrics,251
4/14/2026,SARI,5/24/2025,Adults,292
4/14/2026,SARI,5/24/2025,Overall,608
4/14/2026,SARI,5/24/2025,Pediatrics,316
4/14/2026,SARI,5/31/2025,Adults,347
4/14/2026,SARI,5/31/2025,Overall,710
4/14/2026,SARI,5/31/2025,Pediatrics,363
4/14/2026,SARI,6/7/2025,Adults,515
4/14/2026,SARI,6/7/2025,Overall,1046
4/14/2026,SARI,6/7/2025,Pediatrics,531
4/14/2026,SARI,6/14/2025,Adults,582
4/14/2026,SARI,6/14/2025,Overall,1092
4/14/2026,SARI,6/14/2025,Pediatrics,510
4/14/2026,SARI,6/21/2025,Adults,503
4/14/2026,SARI,6/21/2025,Overall,1009
4/14/2026,SARI,6/21/2025,Pediatrics,506
4/14/2026,SARI,6/28/2025,Adults,458
4/14/2026,SARI,6/28/2025,Overall,915
4/14/2026,SARI,6/28/2025,Pediatrics,457
4/14/2026,SARI,7/5/2025,Adults,422
4/14/2026,SARI,7/5/2025,Overall,971
4/14/2026,SARI,7/5/2025,Pediatrics,549
4/14/2026,SARI,7/12/2025,Adults,320
4/14/2026,SARI,7/12/2025,Overall,838
4/14/2026,SARI,7/12/2025,Pediatrics,518
4/14/2026,SARI,7/19/2025,Adults,224
4/14/2026,SARI,7/19/2025,Overall,798
4/14/2026,SARI,7/19/2025,Pediatrics,574
4/14/2026,SARI,7/26/2025,Adults,172
4/14/2026,SARI,7/26/2025,Overall,665
4/14/2026,SARI,7/26/2025,Pediatrics,493
4/14/2026,SARI,8/2/2025,Adults,177
4/14/2026,SARI,8/2/2025,Overall,726
4/14/2026,SARI,8/2/2025,Pediatrics,549
4/14/2026,SARI,8/9/2025,Adults,187
4/14/2026,SARI,8/9/2025,Overall,695
4/14/2026,SARI,8/9/2025,Pediatrics,508
4/14/2026,SARI,8/16/2025,Adults,161
4/14/2026,SARI,8/16/2025,Overall,701
4/14/2026,SARI,8/16/2025,Pediatrics,540
4/14/2026,SARI,8/23/2025,Adults,168
4/14/2026,SARI,8/23/2025,Overall,708
4/14/2026,SARI,8/23/2025,Pediatrics,540
4/14/2026,SARI,8/30/2025,Adults,146
4/14/2026,SARI,8/30/2025,Overall,600
4/14/2026,SARI,8/30/2025,Pediatrics,454
4/14/2026,SARI,9/6/2025,Adults,164
4/14/2026,SARI,9/6/2025,Overall,591
4/14/2026,SARI,9/6/2025,Pediatrics,427
4/14/2026,SARI,9/13/2025,Adults,164
4/14/2026,SARI,9/13/2025,Overall,571
4/14/2026,SARI,9/13/2025,Pediatrics,407
4/14/2026,SARI,9/20/2025,Adults,158
4/14/2026,SARI,9/20/2025,Overall,520
4/14/2026,SARI,9/20/2025,Pediatrics,362
4/14/2026,SARI,9/27/2025,Adults,132
4/14/2026,SARI,9/27/2025,Overall,430
4/14/2026,SARI,9/27/2025,Pediatrics,298
4/14/2026,SARI,10/4/2025,Adults,126
4/14/2026,SARI,10/4/2025,Overall,425
4/14/2026,SARI,10/4/2025,Pediatrics,299
4/14/2026,SARI,10/11/2025,Adults,110
4/14/2026,SARI,10/11/2025,Overall,383
4/14/2026,SARI,10/11/2025,Pediatrics,273
4/14/2026,SARI,10/18/2025,Adults,121
4/14/2026,SARI,10/18/2025,Overall,346
4/14/2026,SARI,10/18/2025,Pediatrics,225
4/14/2026,SARI,10/25/2025,Adults,116
4/14/2026,SARI,10/25/2025,Overall,338
4/14/2026,SARI,10/25/2025,Pediatrics,222
4/14/2026,SARI,11/1/2025,Adults,100
4/14/2026,SARI,11/1/2025,Overall,259
4/14/2026,SARI,11/1/2025,Pediatrics,159
4/14/2026,SARI,11/8/2025,Adults,91
4/14/2026,SARI,11/8/2025,Overall,309
4/14/2026,SARI,11/8/2025,Pediatrics,218
4/14/2026,SARI,11/15/2025,Adults,116
4/14/2026,SARI,11/15/2025,Overall,276
4/14/2026,SARI,11/15/2025,Pediatrics,160
4/14/2026,SARI,11/22/2025,Adults,77
4/14/2026,SARI,11/22/2025,Overall,214
4/14/2026,SARI,11/22/2025,Pediatrics,137
4/14/2026,SARI,11/29/2025,Adults,61
4/14/2026,SARI,11/29/2025,Overall,174
4/14/2026,SARI,11/29/2025,Pediatrics,113
4/14/2026,SARI,12/6/2025,Adults,83
4/14/2026,SARI,12/6/2025,Overall,187
4/14/2026,SARI,12/6/2025,Pediatrics,104
4/14/2026,SARI,12/13/2025,Adults,89
4/14/2026,SARI,12/13/2025,Overall,191
4/14/2026,SARI,12/13/2025,Pediatrics,102
4/14/2026,SARI,12/20/2025,Adults,65
4/14/2026,SARI,12/20/2025,Overall,137
4/14/2026,SARI,12/20/2025,Pediatrics,72
4/14/2026,SARI,12/27/2025,Adults,93
4/14/2026,SARI,12/27/2025,Overall,145
4/14/2026,SARI,12/27/2025,Pediatrics,52
4/14/2026,SARI,1/3/2026,Adults,52
4/14/2026,SARI,1/3/2026,Overall,99
4/14/2026,SARI,1/3/2026,Pediatrics,47
4/14/2026,SARI,1/10/2026,Adults,96
4/14/2026,SARI,1/10/2026,Overall,183
4/14/2026,SARI,1/10/2026,Pediatrics,87
4/14/2026,SARI,1/17/2026,Adults,80
4/14/2026,SARI,1/17/2026,Overall,150
4/14/2026,SARI,1/17/2026,Pediatrics,70
4/14/2026,SARI,1/24/2026,Adults,87
4/14/2026,SARI,1/24/2026,Overall,156
4/14/2026,SARI,1/24/2026,Pediatrics,69
4/14/2026,SARI,1/31/2026,Adults,66
4/14/2026,SARI,1/31/2026,Overall,127
4/14/2026,SARI,1/31/2026,Pediatrics,61
4/14/2026,SARI,2/7/2026,Adults,89
4/14/2026,SARI,2/7/2026,Overall,142
4/14/2026,SARI,2/7/2026,Pediatrics,53
4/14/2026,SARI,2/14/2026,Adults,61
4/14/2026,SARI,2/14/2026,Overall,109
4/14/2026,SARI,2/14/2026,Pediatrics,48
4/14/2026,SARI,2/21/2026,Adults,66
4/14/2026,SARI,2/21/2026,Overall,116
4/14/2026,SARI,2/21/2026,Pediatrics,50
4/14/2026,SARI,2/28/2026,Adults,64
4/14/2026,SARI,2/28/2026,Overall,131
4/14/2026,SARI,2/28/2026,Pediatrics,67
4/14/2026,SARI,3/7/2026,Adults,82
4/14/2026,SARI,3/7/2026,Overall,177
4/14/2026,SARI,3/7/2026,Pediatrics,95
4/14/2026,SARI,3/14/2026,Adults,66
4/14/2026,SARI,3/14/2026,Overall,241
4/14/2026,SARI,3/14/2026,Pediatrics,175
4/14/2026,SARI,3/21/2026,Adults,74
4/14/2026,SARI,3/21/2026,Overall,226
4/14/2026,SARI,3/21/2026,Pediatrics,152
4/14/2026,SARI,3/28/2026,Adults,60
4/14/2026,SARI,3/28/2026,Overall,158
4/14/2026,SARI,3/28/2026,Pediatrics,98
4/21/2026,SARI,1/8/2022,Adults,1023
4/21/2026,SARI,1/8/2022,Overall,1186
4/21/2026,SARI,1/8/2022,Pediatrics,163
4/21/2026,SARI,1/15/2022,Adults,1251
4/21/2026,SARI,1/15/2022,Overall,1423
4/21/2026,SARI,1/15/2022,Pediatrics,172
4/21/2026,SARI,1/22/2022,Adults,1113
4/21/2026,SARI,1/22/2022,Overall,1303
4/21/2026,SARI,1/22/2022,Pediatrics,190
4/21/2026,SARI,1/29/2022,Adults,769
4/21/2026,SARI,1/29/2022,Overall,907
4/21/2026,SARI,1/29/2022,Pediatrics,138
4/21/2026,SARI,2/5/2022,Adults,587
4/21/2026,SARI,2/5/2022,Overall,698
4/21/2026,SARI,2/5/2022,Pediatrics,111
4/21/2026,SARI,2/12/2022,Adults,420
4/21/2026,SARI,2/12/2022,Overall,537
4/21/2026,SARI,2/12/2022,Pediatrics,117
4/21/2026,SARI,2/19/2022,Adults,473
4/21/2026,SARI,2/19/2022,Overall,604
4/21/2026,SARI,2/19/2022,Pediatrics,131
4/21/2026,SARI,2/26/2022,Adults,430
4/21/2026,SARI,2/26/2022,Overall,551
4/21/2026,SARI,2/26/2022,Pediatrics,121
4/21/2026,SARI,3/5/2022,Adults,533
4/21/2026,SARI,3/5/2022,Overall,702
4/21/2026,SARI,3/5/2022,Pediatrics,169
4/21/2026,SARI,3/12/2022,Adults,502
4/21/2026,SARI,3/12/2022,Overall,730
4/21/2026,SARI,3/12/2022,Pediatrics,228
4/21/2026,SARI,3/19/2022,Adults,518
4/21/2026,SARI,3/19/2022,Overall,772
4/21/2026,SARI,3/19/2022,Pediatrics,254
4/21/2026,SARI,3/26/2022,Adults,437
4/21/2026,SARI,3/26/2022,Overall,633
4/21/2026,SARI,3/26/2022,Pediatrics,196
4/21/2026,SARI,4/2/2022,Adults,377
4/21/2026,SARI,4/2/2022,Overall,567
4/21/2026,SARI,4/2/2022,Pediatrics,190
4/21/2026,SARI,4/9/2022,Adults,349
4/21/2026,SARI,4/9/2022,Overall,573
4/21/2026,SARI,4/9/2022,Pediatrics,224
4/21/2026,SARI,4/16/2022,Adults,302
4/21/2026,SARI,4/16/2022,Overall,511
4/21/2026,SARI,4/16/2022,Pediatrics,209
4/21/2026,SARI,4/23/2022,Adults,271
4/21/2026,SARI,4/23/2022,Overall,496
4/21/2026,SARI,4/23/2022,Pediatrics,225
4/21/2026,SARI,4/30/2022,Adults,267
4/21/2026,SARI,4/30/2022,Overall,547
4/21/2026,SARI,4/30/2022,Pediatrics,280
4/21/2026,SARI,5/7/2022,Adults,312
4/21/2026,SARI,5/7/2022,Overall,613
4/21/2026,SARI,5/7/2022,Pediatrics,301
4/21/2026,SARI,5/14/2022,Adults,343
4/21/2026,SARI,5/14/2022,Overall,761
4/21/2026,SARI,5/14/2022,Pediatrics,418
4/21/2026,SARI,5/21/2022,Adults,394
4/21/2026,SARI,5/21/2022,Overall,898
4/21/2026,SARI,5/21/2022,Pediatrics,504
4/21/2026,SARI,5/28/2022,Adults,419
4/21/2026,SARI,5/28/2022,Overall,846
4/21/2026,SARI,5/28/2022,Pediatrics,427
4/21/2026,SARI,6/4/2022,Adults,457
4/21/2026,SARI,6/4/2022,Overall,925
4/21/2026,SARI,6/4/2022,Pediatrics,468
4/21/2026,SARI,6/11/2022,Adults,482
4/21/2026,SARI,6/11/2022,Overall,1042
4/21/2026,SARI,6/11/2022,Pediatrics,560
4/21/2026,SARI,6/18/2022,Adults,429
4/21/2026,SARI,6/18/2022,Overall,918
4/21/2026,SARI,6/18/2022,Pediatrics,489
4/21/2026,SARI,6/25/2022,Adults,416
4/21/2026,SARI,6/25/2022,Overall,824
4/21/2026,SARI,6/25/2022,Pediatrics,408
4/21/2026,SARI,7/2/2022,Adults,483
4/21/2026,SARI,7/2/2022,Overall,871
4/21/2026,SARI,7/2/2022,Pediatrics,388
4/21/2026,SARI,7/9/2022,Adults,440
4/21/2026,SARI,7/9/2022,Overall,868
4/21/2026,SARI,7/9/2022,Pediatrics,428
4/21/2026,SARI,7/16/2022,Adults,462
4/21/2026,SARI,7/16/2022,Overall,821
4/21/2026,SARI,7/16/2022,Pediatrics,359
4/21/2026,SARI,7/23/2022,Adults,490
4/21/2026,SARI,7/23/2022,Overall,833
4/21/2026,SARI,7/23/2022,Pediatrics,343
4/21/2026,SARI,7/30/2022,Adults,422
4/21/2026,SARI,7/30/2022,Overall,701
4/21/2026,SARI,7/30/2022,Pediatrics,279
4/21/2026,SARI,8/6/2022,Adults,403
4/21/2026,SARI,8/6/2022,Overall,675
4/21/2026,SARI,8/6/2022,Pediatrics,272
4/21/2026,SARI,8/13/2022,Adults,348
4/21/2026,SARI,8/13/2022,Overall,652
4/21/2026,SARI,8/13/2022,Pediatrics,304
4/21/2026,SARI,8/20/2022,Adults,307
4/21/2026,SARI,8/20/2022,Overall,655
4/21/2026,SARI,8/20/2022,Pediatrics,348
4/21/2026,SARI,8/27/2022,Adults,286
4/21/2026,SARI,8/27/2022,Overall,595
4/21/2026,SARI,8/27/2022,Pediatrics,309
4/21/2026,SARI,9/3/2022,Adults,282
4/21/2026,SARI,9/3/2022,Overall,611
4/21/2026,SARI,9/3/2022,Pediatrics,329
4/21/2026,SARI,9/10/2022,Adults,305
4/21/2026,SARI,9/10/2022,Overall,616
4/21/2026,SARI,9/10/2022,Pediatrics,311
4/21/2026,SARI,9/17/2022,Adults,235
4/21/2026,SARI,9/17/2022,Overall,525
4/21/2026,SARI,9/17/2022,Pediatrics,290
4/21/2026,SARI,9/24/2022,Adults,242
4/21/2026,SARI,9/24/2022,Overall,502
4/21/2026,SARI,9/24/2022,Pediatrics,260
4/21/2026,SARI,10/1/2022,Adults,255
4/21/2026,SARI,10/1/2022,Overall,561
4/21/2026,SARI,10/1/2022,Pediatrics,306
4/21/2026,SARI,10/8/2022,Adults,208
4/21/2026,SARI,10/8/2022,Overall,480
4/21/2026,SARI,10/8/2022,Pediatrics,272
4/21/2026,SARI,10/15/2022,Adults,272
4/21/2026,SARI,10/15/2022,Overall,545
4/21/2026,SARI,10/15/2022,Pediatrics,273
4/21/2026,SARI,10/22/2022,Adults,267
4/21/2026,SARI,10/22/2022,Overall,591
4/21/2026,SARI,10/22/2022,Pediatrics,324
4/21/2026,SARI,10/29/2022,Adults,223
4/21/2026,SARI,10/29/2022,Overall,501
4/21/2026,SARI,10/29/2022,Pediatrics,278
4/21/2026,SARI,11/5/2022,Adults,230
4/21/2026,SARI,11/5/2022,Overall,481
4/21/2026,SARI,11/5/2022,Pediatrics,251
4/21/2026,SARI,11/12/2022,Adults,194
4/21/2026,SARI,11/12/2022,Overall,433
4/21/2026,SARI,11/12/2022,Pediatrics,239
4/21/2026,SARI,11/19/2022,Adults,161
4/21/2026,SARI,11/19/2022,Overall,329
4/21/2026,SARI,11/19/2022,Pediatrics,168
4/21/2026,SARI,11/26/2022,Adults,152
4/21/2026,SARI,11/26/2022,Overall,282
4/21/2026,SARI,11/26/2022,Pediatrics,130
4/21/2026,SARI,12/3/2022,Adults,189
4/21/2026,SARI,12/3/2022,Overall,323
4/21/2026,SARI,12/3/2022,Pediatrics,134
4/21/2026,SARI,12/10/2022,Adults,285
4/21/2026,SARI,12/10/2022,Overall,408
4/21/2026,SARI,12/10/2022,Pediatrics,123
4/21/2026,SARI,12/17/2022,Adults,309
4/21/2026,SARI,12/17/2022,Overall,457
4/21/2026,SARI,12/17/2022,Pediatrics,148
4/21/2026,SARI,12/24/2022,Adults,357
4/21/2026,SARI,12/24/2022,Overall,465
4/21/2026,SARI,12/24/2022,Pediatrics,108
4/21/2026,SARI,12/31/2022,Adults,324
4/21/2026,SARI,12/31/2022,Overall,407
4/21/2026,SARI,12/31/2022,Pediatrics,83
4/21/2026,SARI,1/7/2023,Adults,330
4/21/2026,SARI,1/7/2023,Overall,448
4/21/2026,SARI,1/7/2023,Pediatrics,118
4/21/2026,SARI,1/14/2023,Adults,237
4/21/2026,SARI,1/14/2023,Overall,359
4/21/2026,SARI,1/14/2023,Pediatrics,122
4/21/2026,SARI,1/21/2023,Adults,195
4/21/2026,SARI,1/21/2023,Overall,304
4/21/2026,SARI,1/21/2023,Pediatrics,109
4/21/2026,SARI,1/28/2023,Adults,135
4/21/2026,SARI,1/28/2023,Overall,226
4/21/2026,SARI,1/28/2023,Pediatrics,91
4/21/2026,SARI,2/4/2023,Adults,133
4/21/2026,SARI,2/4/2023,Overall,254
4/21/2026,SARI,2/4/2023,Pediatrics,121
4/21/2026,SARI,2/11/2023,Adults,100
4/21/2026,SARI,2/11/2023,Overall,222
4/21/2026,SARI,2/11/2023,Pediatrics,122
4/21/2026,SARI,2/18/2023,Adults,107
4/21/2026,SARI,2/18/2023,Overall,204
4/21/2026,SARI,2/18/2023,Pediatrics,97
4/21/2026,SARI,2/25/2023,Adults,100
4/21/2026,SARI,2/25/2023,Overall,200
4/21/2026,SARI,2/25/2023,Pediatrics,100
4/21/2026,SARI,3/4/2023,Adults,137
4/21/2026,SARI,3/4/2023,Overall,289
4/21/2026,SARI,3/4/2023,Pediatrics,152
4/21/2026,SARI,3/11/2023,Adults,104
4/21/2026,SARI,3/11/2023,Overall,300
4/21/2026,SARI,3/11/2023,Pediatrics,196
4/21/2026,SARI,3/18/2023,Adults,92
4/21/2026,SARI,3/18/2023,Overall,249
4/21/2026,SARI,3/18/2023,Pediatrics,157
4/21/2026,SARI,3/25/2023,Adults,83
4/21/2026,SARI,3/25/2023,Overall,238
4/21/2026,SARI,3/25/2023,Pediatrics,155
4/21/2026,SARI,4/1/2023,Adults,78
4/21/2026,SARI,4/1/2023,Overall,251
4/21/2026,SARI,4/1/2023,Pediatrics,173
4/21/2026,SARI,4/8/2023,Adults,90
4/21/2026,SARI,4/8/2023,Overall,275
4/21/2026,SARI,4/8/2023,Pediatrics,185
4/21/2026,SARI,4/15/2023,Adults,102
4/21/2026,SARI,4/15/2023,Overall,297
4/21/2026,SARI,4/15/2023,Pediatrics,195
4/21/2026,SARI,4/22/2023,Adults,91
4/21/2026,SARI,4/22/2023,Overall,320
4/21/2026,SARI,4/22/2023,Pediatrics,229
4/21/2026,SARI,4/29/2023,Adults,92
4/21/2026,SARI,4/29/2023,Overall,415
4/21/2026,SARI,4/29/2023,Pediatrics,323
4/21/2026,SARI,5/6/2023,Adults,102
4/21/2026,SARI,5/6/2023,Overall,484
4/21/2026,SARI,5/6/2023,Pediatrics,382
4/21/2026,SARI,5/13/2023,Adults,118
4/21/2026,SARI,5/13/2023,Overall,544
4/21/2026,SARI,5/13/2023,Pediatrics,426
4/21/2026,SARI,5/20/2023,Adults,113
4/21/2026,SARI,5/20/2023,Overall,596
4/21/2026,SARI,5/20/2023,Pediatrics,483
4/21/2026,SARI,5/27/2023,Adults,119
4/21/2026,SARI,5/27/2023,Overall,680
4/21/2026,SARI,5/27/2023,Pediatrics,561
4/21/2026,SARI,6/3/2023,Adults,182
4/21/2026,SARI,6/3/2023,Overall,706
4/21/2026,SARI,6/3/2023,Pediatrics,524
4/21/2026,SARI,6/10/2023,Adults,190
4/21/2026,SARI,6/10/2023,Overall,742
4/21/2026,SARI,6/10/2023,Pediatrics,552
4/21/2026,SARI,6/17/2023,Adults,196
4/21/2026,SARI,6/17/2023,Overall,633
4/21/2026,SARI,6/17/2023,Pediatrics,437
4/21/2026,SARI,6/24/2023,Adults,264
4/21/2026,SARI,6/24/2023,Overall,703
4/21/2026,SARI,6/24/2023,Pediatrics,439
4/21/2026,SARI,7/1/2023,Adults,257
4/21/2026,SARI,7/1/2023,Overall,675
4/21/2026,SARI,7/1/2023,Pediatrics,418
4/21/2026,SARI,7/8/2023,Adults,229
4/21/2026,SARI,7/8/2023,Overall,582
4/21/2026,SARI,7/8/2023,Pediatrics,353
4/21/2026,SARI,7/15/2023,Adults,191
4/21/2026,SARI,7/15/2023,Overall,524
4/21/2026,SARI,7/15/2023,Pediatrics,333
4/21/2026,SARI,7/22/2023,Adults,188
4/21/2026,SARI,7/22/2023,Overall,451
4/21/2026,SARI,7/22/2023,Pediatrics,263
4/21/2026,SARI,7/29/2023,Adults,153
4/21/2026,SARI,7/29/2023,Overall,379
4/21/2026,SARI,7/29/2023,Pediatrics,226
4/21/2026,SARI,8/5/2023,Adults,176
4/21/2026,SARI,8/5/2023,Overall,391
4/21/2026,SARI,8/5/2023,Pediatrics,215
4/21/2026,SARI,8/12/2023,Adults,147
4/21/2026,SARI,8/12/2023,Overall,409
4/21/2026,SARI,8/12/2023,Pediatrics,262
4/21/2026,SARI,8/19/2023,Adults,164
4/21/2026,SARI,8/19/2023,Overall,404
4/21/2026,SARI,8/19/2023,Pediatrics,240
4/21/2026,SARI,8/26/2023,Adults,178
4/21/2026,SARI,8/26/2023,Overall,408
4/21/2026,SARI,8/26/2023,Pediatrics,230
4/21/2026,SARI,9/2/2023,Adults,191
4/21/2026,SARI,9/2/2023,Overall,443
4/21/2026,SARI,9/2/2023,Pediatrics,252
4/21/2026,SARI,9/9/2023,Adults,184
4/21/2026,SARI,9/9/2023,Overall,417
4/21/2026,SARI,9/9/2023,Pediatrics,233
4/21/2026,SARI,9/16/2023,Adults,175
4/21/2026,SARI,9/16/2023,Overall,434
4/21/2026,SARI,9/16/2023,Pediatrics,259
4/21/2026,SARI,9/23/2023,Adults,170
4/21/2026,SARI,9/23/2023,Overall,396
4/21/2026,SARI,9/23/2023,Pediatrics,226
4/21/2026,SARI,9/30/2023,Adults,109
4/21/2026,SARI,9/30/2023,Overall,290
4/21/2026,SARI,9/30/2023,Pediatrics,181
4/21/2026,SARI,10/7/2023,Adults,111
4/21/2026,SARI,10/7/2023,Overall,301
4/21/2026,SARI,10/7/2023,Pediatrics,190
4/21/2026,SARI,10/14/2023,Adults,114
4/21/2026,SARI,10/14/2023,Overall,305
4/21/2026,SARI,10/14/2023,Pediatrics,191
4/21/2026,SARI,10/21/2023,Adults,114
4/21/2026,SARI,10/21/2023,Overall,278
4/21/2026,SARI,10/21/2023,Pediatrics,164
4/21/2026,SARI,10/28/2023,Adults,75
4/21/2026,SARI,10/28/2023,Overall,191
4/21/2026,SARI,10/28/2023,Pediatrics,116
4/21/2026,SARI,11/4/2023,Adults,81
4/21/2026,SARI,11/4/2023,Overall,210
4/21/2026,SARI,11/4/2023,Pediatrics,129
4/21/2026,SARI,11/11/2023,Adults,85
4/21/2026,SARI,11/11/2023,Overall,201
4/21/2026,SARI,11/11/2023,Pediatrics,116
4/21/2026,SARI,11/18/2023,Adults,79
4/21/2026,SARI,11/18/2023,Overall,192
4/21/2026,SARI,11/18/2023,Pediatrics,113
4/21/2026,SARI,11/25/2023,Adults,74
4/21/2026,SARI,11/25/2023,Overall,168
4/21/2026,SARI,11/25/2023,Pediatrics,94
4/21/2026,SARI,12/2/2023,Adults,70
4/21/2026,SARI,12/2/2023,Overall,168
4/21/2026,SARI,12/2/2023,Pediatrics,98
4/21/2026,SARI,12/9/2023,Adults,64
4/21/2026,SARI,12/9/2023,Overall,130
4/21/2026,SARI,12/9/2023,Pediatrics,66
4/21/2026,SARI,12/16/2023,Adults,66
4/21/2026,SARI,12/16/2023,Overall,135
4/21/2026,SARI,12/16/2023,Pediatrics,69
4/21/2026,SARI,12/23/2023,Adults,56
4/21/2026,SARI,12/23/2023,Overall,102
4/21/2026,SARI,12/23/2023,Pediatrics,46
4/21/2026,SARI,12/30/2023,Adults,46
4/21/2026,SARI,12/30/2023,Overall,87
4/21/2026,SARI,12/30/2023,Pediatrics,41
4/21/2026,SARI,1/6/2024,Adults,95
4/21/2026,SARI,1/6/2024,Overall,160
4/21/2026,SARI,1/6/2024,Pediatrics,65
4/21/2026,SARI,1/13/2024,Adults,126
4/21/2026,SARI,1/13/2024,Overall,197
4/21/2026,SARI,1/13/2024,Pediatrics,71
4/21/2026,SARI,1/20/2024,Adults,165
4/21/2026,SARI,1/20/2024,Overall,247
4/21/2026,SARI,1/20/2024,Pediatrics,82
4/21/2026,SARI,1/27/2024,Adults,160
4/21/2026,SARI,1/27/2024,Overall,253
4/21/2026,SARI,1/27/2024,Pediatrics,93
4/21/2026,SARI,2/3/2024,Adults,165
4/21/2026,SARI,2/3/2024,Overall,252
4/21/2026,SARI,2/3/2024,Pediatrics,87
4/21/2026,SARI,2/10/2024,Adults,131
4/21/2026,SARI,2/10/2024,Overall,205
4/21/2026,SARI,2/10/2024,Pediatrics,74
4/21/2026,SARI,2/17/2024,Adults,114
4/21/2026,SARI,2/17/2024,Overall,176
4/21/2026,SARI,2/17/2024,Pediatrics,62
4/21/2026,SARI,2/24/2024,Adults,120
4/21/2026,SARI,2/24/2024,Overall,176
4/21/2026,SARI,2/24/2024,Pediatrics,56
4/21/2026,SARI,3/2/2024,Adults,92
4/21/2026,SARI,3/2/2024,Overall,155
4/21/2026,SARI,3/2/2024,Pediatrics,63
4/21/2026,SARI,3/9/2024,Adults,93
4/21/2026,SARI,3/9/2024,Overall,164
4/21/2026,SARI,3/9/2024,Pediatrics,71
4/21/2026,SARI,3/16/2024,Adults,94
4/21/2026,SARI,3/16/2024,Overall,213
4/21/2026,SARI,3/16/2024,Pediatrics,119
4/21/2026,SARI,3/23/2024,Adults,92
4/21/2026,SARI,3/23/2024,Overall,209
4/21/2026,SARI,3/23/2024,Pediatrics,117
4/21/2026,SARI,3/30/2024,Adults,96
4/21/2026,SARI,3/30/2024,Overall,207
4/21/2026,SARI,3/30/2024,Pediatrics,111
4/21/2026,SARI,4/6/2024,Adults,111
4/21/2026,SARI,4/6/2024,Overall,223
4/21/2026,SARI,4/6/2024,Pediatrics,112
4/21/2026,SARI,4/13/2024,Adults,95
4/21/2026,SARI,4/13/2024,Overall,198
4/21/2026,SARI,4/13/2024,Pediatrics,103
4/21/2026,SARI,4/20/2024,Adults,107
4/21/2026,SARI,4/20/2024,Overall,212
4/21/2026,SARI,4/20/2024,Pediatrics,105
4/21/2026,SARI,4/27/2024,Adults,97
4/21/2026,SARI,4/27/2024,Overall,241
4/21/2026,SARI,4/27/2024,Pediatrics,144
4/21/2026,SARI,5/4/2024,Adults,129
4/21/2026,SARI,5/4/2024,Overall,287
4/21/2026,SARI,5/4/2024,Pediatrics,158
4/21/2026,SARI,5/11/2024,Adults,151
4/21/2026,SARI,5/11/2024,Overall,338
4/21/2026,SARI,5/11/2024,Pediatrics,187
4/21/2026,SARI,5/18/2024,Adults,230
4/21/2026,SARI,5/18/2024,Overall,557
4/21/2026,SARI,5/18/2024,Pediatrics,327
4/21/2026,SARI,5/25/2024,Adults,333
4/21/2026,SARI,5/25/2024,Overall,746
4/21/2026,SARI,5/25/2024,Pediatrics,413
4/21/2026,SARI,6/1/2024,Adults,524
4/21/2026,SARI,6/1/2024,Overall,1053
4/21/2026,SARI,6/1/2024,Pediatrics,529
4/21/2026,SARI,6/8/2024,Adults,553
4/21/2026,SARI,6/8/2024,Overall,1270
4/21/2026,SARI,6/8/2024,Pediatrics,717
4/21/2026,SARI,6/15/2024,Adults,454
4/21/2026,SARI,6/15/2024,Overall,1031
4/21/2026,SARI,6/15/2024,Pediatrics,577
4/21/2026,SARI,6/22/2024,Adults,315
4/21/2026,SARI,6/22/2024,Overall,832
4/21/2026,SARI,6/22/2024,Pediatrics,517
4/21/2026,SARI,6/29/2024,Adults,277
4/21/2026,SARI,6/29/2024,Overall,825
4/21/2026,SARI,6/29/2024,Pediatrics,548
4/21/2026,SARI,7/6/2024,Adults,317
4/21/2026,SARI,7/6/2024,Overall,891
4/21/2026,SARI,7/6/2024,Pediatrics,574
4/21/2026,SARI,7/13/2024,Adults,251
4/21/2026,SARI,7/13/2024,Overall,830
4/21/2026,SARI,7/13/2024,Pediatrics,579
4/21/2026,SARI,7/20/2024,Adults,299
4/21/2026,SARI,7/20/2024,Overall,877
4/21/2026,SARI,7/20/2024,Pediatrics,578
4/21/2026,SARI,7/27/2024,Adults,229
4/21/2026,SARI,7/27/2024,Overall,707
4/21/2026,SARI,7/27/2024,Pediatrics,478
4/21/2026,SARI,8/3/2024,Adults,209
4/21/2026,SARI,8/3/2024,Overall,662
4/21/2026,SARI,8/3/2024,Pediatrics,453
4/21/2026,SARI,8/10/2024,Adults,184
4/21/2026,SARI,8/10/2024,Overall,668
4/21/2026,SARI,8/10/2024,Pediatrics,484
4/21/2026,SARI,8/17/2024,Adults,172
4/21/2026,SARI,8/17/2024,Overall,645
4/21/2026,SARI,8/17/2024,Pediatrics,473
4/21/2026,SARI,8/24/2024,Adults,175
4/21/2026,SARI,8/24/2024,Overall,642
4/21/2026,SARI,8/24/2024,Pediatrics,467
4/21/2026,SARI,8/31/2024,Adults,174
4/21/2026,SARI,8/31/2024,Overall,596
4/21/2026,SARI,8/31/2024,Pediatrics,422
4/21/2026,SARI,9/7/2024,Adults,210
4/21/2026,SARI,9/7/2024,Overall,718
4/21/2026,SARI,9/7/2024,Pediatrics,508
4/21/2026,SARI,9/14/2024,Adults,194
4/21/2026,SARI,9/14/2024,Overall,616
4/21/2026,SARI,9/14/2024,Pediatrics,422
4/21/2026,SARI,9/21/2024,Adults,178
4/21/2026,SARI,9/21/2024,Overall,598
4/21/2026,SARI,9/21/2024,Pediatrics,420
4/21/2026,SARI,9/28/2024,Adults,159
4/21/2026,SARI,9/28/2024,Overall,492
4/21/2026,SARI,9/28/2024,Pediatrics,333
4/21/2026,SARI,10/5/2024,Adults,199
4/21/2026,SARI,10/5/2024,Overall,511
4/21/2026,SARI,10/5/2024,Pediatrics,312
4/21/2026,SARI,10/12/2024,Adults,151
4/21/2026,SARI,10/12/2024,Overall,401
4/21/2026,SARI,10/12/2024,Pediatrics,250
4/21/2026,SARI,10/19/2024,Adults,165
4/21/2026,SARI,10/19/2024,Overall,424
4/21/2026,SARI,10/19/2024,Pediatrics,259
4/21/2026,SARI,10/26/2024,Adults,131
4/21/2026,SARI,10/26/2024,Overall,394
4/21/2026,SARI,10/26/2024,Pediatrics,263
4/21/2026,SARI,11/2/2024,Adults,116
4/21/2026,SARI,11/2/2024,Overall,353
4/21/2026,SARI,11/2/2024,Pediatrics,237
4/21/2026,SARI,11/9/2024,Adults,102
4/21/2026,SARI,11/9/2024,Overall,259
4/21/2026,SARI,11/9/2024,Pediatrics,157
4/21/2026,SARI,11/16/2024,Adults,112
4/21/2026,SARI,11/16/2024,Overall,284
4/21/2026,SARI,11/16/2024,Pediatrics,172
4/21/2026,SARI,11/23/2024,Adults,84
4/21/2026,SARI,11/23/2024,Overall,242
4/21/2026,SARI,11/23/2024,Pediatrics,158
4/21/2026,SARI,11/30/2024,Adults,73
4/21/2026,SARI,11/30/2024,Overall,221
4/21/2026,SARI,11/30/2024,Pediatrics,148
4/21/2026,SARI,12/7/2024,Adults,86
4/21/2026,SARI,12/7/2024,Overall,197
4/21/2026,SARI,12/7/2024,Pediatrics,111
4/21/2026,SARI,12/14/2024,Adults,90
4/21/2026,SARI,12/14/2024,Overall,202
4/21/2026,SARI,12/14/2024,Pediatrics,112
4/21/2026,SARI,12/21/2024,Adults,88
4/21/2026,SARI,12/21/2024,Overall,151
4/21/2026,SARI,12/21/2024,Pediatrics,63
4/21/2026,SARI,12/28/2024,Adults,60
4/21/2026,SARI,12/28/2024,Overall,113
4/21/2026,SARI,12/28/2024,Pediatrics,53
4/21/2026,SARI,1/4/2025,Adults,99
4/21/2026,SARI,1/4/2025,Overall,197
4/21/2026,SARI,1/4/2025,Pediatrics,98
4/21/2026,SARI,1/11/2025,Adults,97
4/21/2026,SARI,1/11/2025,Overall,175
4/21/2026,SARI,1/11/2025,Pediatrics,78
4/21/2026,SARI,1/18/2025,Adults,78
4/21/2026,SARI,1/18/2025,Overall,150
4/21/2026,SARI,1/18/2025,Pediatrics,72
4/21/2026,SARI,1/25/2025,Adults,81
4/21/2026,SARI,1/25/2025,Overall,163
4/21/2026,SARI,1/25/2025,Pediatrics,82
4/21/2026,SARI,2/1/2025,Adults,92
4/21/2026,SARI,2/1/2025,Overall,153
4/21/2026,SARI,2/1/2025,Pediatrics,61
4/21/2026,SARI,2/8/2025,Adults,86
4/21/2026,SARI,2/8/2025,Overall,172
4/21/2026,SARI,2/8/2025,Pediatrics,86
4/21/2026,SARI,2/15/2025,Adults,90
4/21/2026,SARI,2/15/2025,Overall,170
4/21/2026,SARI,2/15/2025,Pediatrics,80
4/21/2026,SARI,2/22/2025,Adults,86
4/21/2026,SARI,2/22/2025,Overall,164
4/21/2026,SARI,2/22/2025,Pediatrics,78
4/21/2026,SARI,3/1/2025,Adults,102
4/21/2026,SARI,3/1/2025,Overall,175
4/21/2026,SARI,3/1/2025,Pediatrics,73
4/21/2026,SARI,3/8/2025,Adults,101
4/21/2026,SARI,3/8/2025,Overall,181
4/21/2026,SARI,3/8/2025,Pediatrics,80
4/21/2026,SARI,3/15/2025,Adults,117
4/21/2026,SARI,3/15/2025,Overall,227
4/21/2026,SARI,3/15/2025,Pediatrics,110
4/21/2026,SARI,3/22/2025,Adults,158
4/21/2026,SARI,3/22/2025,Overall,320
4/21/2026,SARI,3/22/2025,Pediatrics,162
4/21/2026,SARI,3/29/2025,Adults,156
4/21/2026,SARI,3/29/2025,Overall,326
4/21/2026,SARI,3/29/2025,Pediatrics,170
4/21/2026,SARI,4/5/2025,Adults,150
4/21/2026,SARI,4/5/2025,Overall,292
4/21/2026,SARI,4/5/2025,Pediatrics,142
4/21/2026,SARI,4/12/2025,Adults,153
4/21/2026,SARI,4/12/2025,Overall,307
4/21/2026,SARI,4/12/2025,Pediatrics,154
4/21/2026,SARI,4/19/2025,Adults,153
4/21/2026,SARI,4/19/2025,Overall,334
4/21/2026,SARI,4/19/2025,Pediatrics,181
4/21/2026,SARI,4/26/2025,Adults,207
4/21/2026,SARI,4/26/2025,Overall,378
4/21/2026,SARI,4/26/2025,Pediatrics,171
4/21/2026,SARI,5/3/2025,Adults,190
4/21/2026,SARI,5/3/2025,Overall,402
4/21/2026,SARI,5/3/2025,Pediatrics,212
4/21/2026,SARI,5/10/2025,Adults,202
4/21/2026,SARI,5/10/2025,Overall,408
4/21/2026,SARI,5/10/2025,Pediatrics,206
4/21/2026,SARI,5/17/2025,Adults,235
4/21/2026,SARI,5/17/2025,Overall,486
4/21/2026,SARI,5/17/2025,Pediatrics,251
4/21/2026,SARI,5/24/2025,Adults,292
4/21/2026,SARI,5/24/2025,Overall,608
4/21/2026,SARI,5/24/2025,Pediatrics,316
4/21/2026,SARI,5/31/2025,Adults,347
4/21/2026,SARI,5/31/2025,Overall,710
4/21/2026,SARI,5/31/2025,Pediatrics,363
4/21/2026,SARI,6/7/2025,Adults,515
4/21/2026,SARI,6/7/2025,Overall,1046
4/21/2026,SARI,6/7/2025,Pediatrics,531
4/21/2026,SARI,6/14/2025,Adults,582
4/21/2026,SARI,6/14/2025,Overall,1092
4/21/2026,SARI,6/14/2025,Pediatrics,510
4/21/2026,SARI,6/21/2025,Adults,503
4/21/2026,SARI,6/21/2025,Overall,1009
4/21/2026,SARI,6/21/2025,Pediatrics,506
4/21/2026,SARI,6/28/2025,Adults,458
4/21/2026,SARI,6/28/2025,Overall,915
4/21/2026,SARI,6/28/2025,Pediatrics,457
4/21/2026,SARI,7/5/2025,Adults,422
4/21/2026,SARI,7/5/2025,Overall,971
4/21/2026,SARI,7/5/2025,Pediatrics,549
4/21/2026,SARI,7/12/2025,Adults,320
4/21/2026,SARI,7/12/2025,Overall,838
4/21/2026,SARI,7/12/2025,Pediatrics,518
4/21/2026,SARI,7/19/2025,Adults,224
4/21/2026,SARI,7/19/2025,Overall,798
4/21/2026,SARI,7/19/2025,Pediatrics,574
4/21/2026,SARI,7/26/2025,Adults,172
4/21/2026,SARI,7/26/2025,Overall,665
4/21/2026,SARI,7/26/2025,Pediatrics,493
4/21/2026,SARI,8/2/2025,Adults,177
4/21/2026,SARI,8/2/2025,Overall,726
4/21/2026,SARI,8/2/2025,Pediatrics,549
4/21/2026,SARI,8/9/2025,Adults,187
4/21/2026,SARI,8/9/2025,Overall,695
4/21/2026,SARI,8/9/2025,Pediatrics,508
4/21/2026,SARI,8/16/2025,Adults,161
4/21/2026,SARI,8/16/2025,Overall,701
4/21/2026,SARI,8/16/2025,Pediatrics,540
4/21/2026,SARI,8/23/2025,Adults,168
4/21/2026,SARI,8/23/2025,Overall,708
4/21/2026,SARI,8/23/2025,Pediatrics,540
4/21/2026,SARI,8/30/2025,Adults,146
4/21/2026,SARI,8/30/2025,Overall,600
4/21/2026,SARI,8/30/2025,Pediatrics,454
4/21/2026,SARI,9/6/2025,Adults,164
4/21/2026,SARI,9/6/2025,Overall,591
4/21/2026,SARI,9/6/2025,Pediatrics,427
4/21/2026,SARI,9/13/2025,Adults,164
4/21/2026,SARI,9/13/2025,Overall,571
4/21/2026,SARI,9/13/2025,Pediatrics,407
4/21/2026,SARI,9/20/2025,Adults,158
4/21/2026,SARI,9/20/2025,Overall,520
4/21/2026,SARI,9/20/2025,Pediatrics,362
4/21/2026,SARI,9/27/2025,Adults,132
4/21/2026,SARI,9/27/2025,Overall,430
4/21/2026,SARI,9/27/2025,Pediatrics,298
4/21/2026,SARI,10/4/2025,Adults,126
4/21/2026,SARI,10/4/2025,Overall,425
4/21/2026,SARI,10/4/2025,Pediatrics,299
4/21/2026,SARI,10/11/2025,Adults,110
4/21/2026,SARI,10/11/2025,Overall,383
4/21/2026,SARI,10/11/2025,Pediatrics,273
4/21/2026,SARI,10/18/2025,Adults,121
4/21/2026,SARI,10/18/2025,Overall,346
4/21/2026,SARI,10/18/2025,Pediatrics,225
4/21/2026,SARI,10/25/2025,Adults,116
4/21/2026,SARI,10/25/2025,Overall,338
4/21/2026,SARI,10/25/2025,Pediatrics,222
4/21/2026,SARI,11/1/2025,Adults,100
4/21/2026,SARI,11/1/2025,Overall,259
4/21/2026,SARI,11/1/2025,Pediatrics,159
4/21/2026,SARI,11/8/2025,Adults,91
4/21/2026,SARI,11/8/2025,Overall,309
4/21/2026,SARI,11/8/2025,Pediatrics,218
4/21/2026,SARI,11/15/2025,Adults,116
4/21/2026,SARI,11/15/2025,Overall,276
4/21/2026,SARI,11/15/2025,Pediatrics,160
4/21/2026,SARI,11/22/2025,Adults,77
4/21/2026,SARI,11/22/2025,Overall,214
4/21/2026,SARI,11/22/2025,Pediatrics,137
4/21/2026,SARI,11/29/2025,Adults,61
4/21/2026,SARI,11/29/2025,Overall,174
4/21/2026,SARI,11/29/2025,Pediatrics,113
4/21/2026,SARI,12/6/2025,Adults,83
4/21/2026,SARI,12/6/2025,Overall,187
4/21/2026,SARI,12/6/2025,Pediatrics,104
4/21/2026,SARI,12/13/2025,Adults,89
4/21/2026,SARI,12/13/2025,Overall,191
4/21/2026,SARI,12/13/2025,Pediatrics,102
4/21/2026,SARI,12/20/2025,Adults,65
4/21/2026,SARI,12/20/2025,Overall,137
4/21/2026,SARI,12/20/2025,Pediatrics,72
4/21/2026,SARI,12/27/2025,Adults,93
4/21/2026,SARI,12/27/2025,Overall,145
4/21/2026,SARI,12/27/2025,Pediatrics,52
4/21/2026,SARI,1/3/2026,Adults,52
4/21/2026,SARI,1/3/2026,Overall,99
4/21/2026,SARI,1/3/2026,Pediatrics,47
4/21/2026,SARI,1/10/2026,Adults,96
4/21/2026,SARI,1/10/2026,Overall,184
4/21/2026,SARI,1/10/2026,Pediatrics,88
4/21/2026,SARI,1/17/2026,Adults,80
4/21/2026,SARI,1/17/2026,Overall,150
4/21/2026,SARI,1/17/2026,Pediatrics,70
4/21/2026,SARI,1/24/2026,Adults,87
4/21/2026,SARI,1/24/2026,Overall,156
4/21/2026,SARI,1/24/2026,Pediatrics,69
4/21/2026,SARI,1/31/2026,Adults,66
4/21/2026,SARI,1/31/2026,Overall,127
4/21/2026,SARI,1/31/2026,Pediatrics,61
4/21/2026,SARI,2/7/2026,Adults,90
4/21/2026,SARI,2/7/2026,Overall,143
4/21/2026,SARI,2/7/2026,Pediatrics,53
4/21/2026,SARI,2/14/2026,Adults,61
4/21/2026,SARI,2/14/2026,Overall,110
4/21/2026,SARI,2/14/2026,Pediatrics,49
4/21/2026,SARI,2/21/2026,Adults,66
4/21/2026,SARI,2/21/2026,Overall,117
4/21/2026,SARI,2/21/2026,Pediatrics,51
4/21/2026,SARI,2/28/2026,Adults,65
4/21/2026,SARI,2/28/2026,Overall,132
4/21/2026,SARI,2/28/2026,Pediatrics,67
4/21/2026,SARI,3/7/2026,Adults,85
4/21/2026,SARI,3/7/2026,Overall,181
4/21/2026,SARI,3/7/2026,Pediatrics,96
4/21/2026,SARI,3/14/2026,Adults,72
4/21/2026,SARI,3/14/2026,Overall,252
4/21/2026,SARI,3/14/2026,Pediatrics,180
4/21/2026,SARI,3/21/2026,Adults,82
4/21/2026,SARI,3/21/2026,Overall,245
4/21/2026,SARI,3/21/2026,Pediatrics,163
4/21/2026,SARI,3/28/2026,Adults,81
4/21/2026,SARI,3/28/2026,Overall,207
4/21/2026,SARI,3/28/2026,Pediatrics,126
4/21/2026,SARI,4/4/2026,Adults,73
4/21/2026,SARI,4/4/2026,Overall,167
4/21/2026,SARI,4/4/2026,Pediatrics,94
4/29/2026,SARI,1/8/2022,Adults,1023
4/29/2026,SARI,1/8/2022,Overall,1186
4/29/2026,SARI,1/8/2022,Pediatrics,163
4/29/2026,SARI,1/15/2022,Adults,1251
4/29/2026,SARI,1/15/2022,Overall,1423
4/29/2026,SARI,1/15/2022,Pediatrics,172
4/29/2026,SARI,1/22/2022,Adults,1113
4/29/2026,SARI,1/22/2022,Overall,1303
4/29/2026,SARI,1/22/2022,Pediatrics,190
4/29/2026,SARI,1/29/2022,Adults,769
4/29/2026,SARI,1/29/2022,Overall,907
4/29/2026,SARI,1/29/2022,Pediatrics,138
4/29/2026,SARI,2/5/2022,Adults,587
4/29/2026,SARI,2/5/2022,Overall,698
4/29/2026,SARI,2/5/2022,Pediatrics,111
4/29/2026,SARI,2/12/2022,Adults,420
4/29/2026,SARI,2/12/2022,Overall,537
4/29/2026,SARI,2/12/2022,Pediatrics,117
4/29/2026,SARI,2/19/2022,Adults,473
4/29/2026,SARI,2/19/2022,Overall,604
4/29/2026,SARI,2/19/2022,Pediatrics,131
4/29/2026,SARI,2/26/2022,Adults,430
4/29/2026,SARI,2/26/2022,Overall,551
4/29/2026,SARI,2/26/2022,Pediatrics,121
4/29/2026,SARI,3/5/2022,Adults,533
4/29/2026,SARI,3/5/2022,Overall,702
4/29/2026,SARI,3/5/2022,Pediatrics,169
4/29/2026,SARI,3/12/2022,Adults,502
4/29/2026,SARI,3/12/2022,Overall,730
4/29/2026,SARI,3/12/2022,Pediatrics,228
4/29/2026,SARI,3/19/2022,Adults,518
4/29/2026,SARI,3/19/2022,Overall,772
4/29/2026,SARI,3/19/2022,Pediatrics,254
4/29/2026,SARI,3/26/2022,Adults,437
4/29/2026,SARI,3/26/2022,Overall,633
4/29/2026,SARI,3/26/2022,Pediatrics,196
4/29/2026,SARI,4/2/2022,Adults,377
4/29/2026,SARI,4/2/2022,Overall,567
4/29/2026,SARI,4/2/2022,Pediatrics,190
4/29/2026,SARI,4/9/2022,Adults,349
4/29/2026,SARI,4/9/2022,Overall,573
4/29/2026,SARI,4/9/2022,Pediatrics,224
4/29/2026,SARI,4/16/2022,Adults,302
4/29/2026,SARI,4/16/2022,Overall,511
4/29/2026,SARI,4/16/2022,Pediatrics,209
4/29/2026,SARI,4/23/2022,Adults,271
4/29/2026,SARI,4/23/2022,Overall,496
4/29/2026,SARI,4/23/2022,Pediatrics,225
4/29/2026,SARI,4/30/2022,Adults,267
4/29/2026,SARI,4/30/2022,Overall,547
4/29/2026,SARI,4/30/2022,Pediatrics,280
4/29/2026,SARI,5/7/2022,Adults,312
4/29/2026,SARI,5/7/2022,Overall,613
4/29/2026,SARI,5/7/2022,Pediatrics,301
4/29/2026,SARI,5/14/2022,Adults,343
4/29/2026,SARI,5/14/2022,Overall,761
4/29/2026,SARI,5/14/2022,Pediatrics,418
4/29/2026,SARI,5/21/2022,Adults,394
4/29/2026,SARI,5/21/2022,Overall,898
4/29/2026,SARI,5/21/2022,Pediatrics,504
4/29/2026,SARI,5/28/2022,Adults,419
4/29/2026,SARI,5/28/2022,Overall,846
4/29/2026,SARI,5/28/2022,Pediatrics,427
4/29/2026,SARI,6/4/2022,Adults,457
4/29/2026,SARI,6/4/2022,Overall,925
4/29/2026,SARI,6/4/2022,Pediatrics,468
4/29/2026,SARI,6/11/2022,Adults,482
4/29/2026,SARI,6/11/2022,Overall,1042
4/29/2026,SARI,6/11/2022,Pediatrics,560
4/29/2026,SARI,6/18/2022,Adults,429
4/29/2026,SARI,6/18/2022,Overall,918
4/29/2026,SARI,6/18/2022,Pediatrics,489
4/29/2026,SARI,6/25/2022,Adults,416
4/29/2026,SARI,6/25/2022,Overall,824
4/29/2026,SARI,6/25/2022,Pediatrics,408
4/29/2026,SARI,7/2/2022,Adults,483
4/29/2026,SARI,7/2/2022,Overall,871
4/29/2026,SARI,7/2/2022,Pediatrics,388
4/29/2026,SARI,7/9/2022,Adults,440
4/29/2026,SARI,7/9/2022,Overall,868
4/29/2026,SARI,7/9/2022,Pediatrics,428
4/29/2026,SARI,7/16/2022,Adults,462
4/29/2026,SARI,7/16/2022,Overall,821
4/29/2026,SARI,7/16/2022,Pediatrics,359
4/29/2026,SARI,7/23/2022,Adults,490
4/29/2026,SARI,7/23/2022,Overall,833
4/29/2026,SARI,7/23/2022,Pediatrics,343
4/29/2026,SARI,7/30/2022,Adults,422
4/29/2026,SARI,7/30/2022,Overall,701
4/29/2026,SARI,7/30/2022,Pediatrics,279
4/29/2026,SARI,8/6/2022,Adults,403
4/29/2026,SARI,8/6/2022,Overall,675
4/29/2026,SARI,8/6/2022,Pediatrics,272
4/29/2026,SARI,8/13/2022,Adults,348
4/29/2026,SARI,8/13/2022,Overall,652
4/29/2026,SARI,8/13/2022,Pediatrics,304
4/29/2026,SARI,8/20/2022,Adults,307
4/29/2026,SARI,8/20/2022,Overall,655
4/29/2026,SARI,8/20/2022,Pediatrics,348
4/29/2026,SARI,8/27/2022,Adults,286
4/29/2026,SARI,8/27/2022,Overall,595
4/29/2026,SARI,8/27/2022,Pediatrics,309
4/29/2026,SARI,9/3/2022,Adults,282
4/29/2026,SARI,9/3/2022,Overall,611
4/29/2026,SARI,9/3/2022,Pediatrics,329
4/29/2026,SARI,9/10/2022,Adults,305
4/29/2026,SARI,9/10/2022,Overall,616
4/29/2026,SARI,9/10/2022,Pediatrics,311
4/29/2026,SARI,9/17/2022,Adults,235
4/29/2026,SARI,9/17/2022,Overall,525
4/29/2026,SARI,9/17/2022,Pediatrics,290
4/29/2026,SARI,9/24/2022,Adults,242
4/29/2026,SARI,9/24/2022,Overall,502
4/29/2026,SARI,9/24/2022,Pediatrics,260
4/29/2026,SARI,10/1/2022,Adults,255
4/29/2026,SARI,10/1/2022,Overall,561
4/29/2026,SARI,10/1/2022,Pediatrics,306
4/29/2026,SARI,10/8/2022,Adults,208
4/29/2026,SARI,10/8/2022,Overall,480
4/29/2026,SARI,10/8/2022,Pediatrics,272
4/29/2026,SARI,10/15/2022,Adults,272
4/29/2026,SARI,10/15/2022,Overall,545
4/29/2026,SARI,10/15/2022,Pediatrics,273
4/29/2026,SARI,10/22/2022,Adults,267
4/29/2026,SARI,10/22/2022,Overall,591
4/29/2026,SARI,10/22/2022,Pediatrics,324
4/29/2026,SARI,10/29/2022,Adults,223
4/29/2026,SARI,10/29/2022,Overall,501
4/29/2026,SARI,10/29/2022,Pediatrics,278
4/29/2026,SARI,11/5/2022,Adults,230
4/29/2026,SARI,11/5/2022,Overall,481
4/29/2026,SARI,11/5/2022,Pediatrics,251
4/29/2026,SARI,11/12/2022,Adults,194
4/29/2026,SARI,11/12/2022,Overall,433
4/29/2026,SARI,11/12/2022,Pediatrics,239
4/29/2026,SARI,11/19/2022,Adults,161
4/29/2026,SARI,11/19/2022,Overall,329
4/29/2026,SARI,11/19/2022,Pediatrics,168
4/29/2026,SARI,11/26/2022,Adults,152
4/29/2026,SARI,11/26/2022,Overall,282
4/29/2026,SARI,11/26/2022,Pediatrics,130
4/29/2026,SARI,12/3/2022,Adults,189
4/29/2026,SARI,12/3/2022,Overall,323
4/29/2026,SARI,12/3/2022,Pediatrics,134
4/29/2026,SARI,12/10/2022,Adults,285
4/29/2026,SARI,12/10/2022,Overall,408
4/29/2026,SARI,12/10/2022,Pediatrics,123
4/29/2026,SARI,12/17/2022,Adults,309
4/29/2026,SARI,12/17/2022,Overall,457
4/29/2026,SARI,12/17/2022,Pediatrics,148
4/29/2026,SARI,12/24/2022,Adults,357
4/29/2026,SARI,12/24/2022,Overall,465
4/29/2026,SARI,12/24/2022,Pediatrics,108
4/29/2026,SARI,12/31/2022,Adults,324
4/29/2026,SARI,12/31/2022,Overall,407
4/29/2026,SARI,12/31/2022,Pediatrics,83
4/29/2026,SARI,1/7/2023,Adults,330
4/29/2026,SARI,1/7/2023,Overall,448
4/29/2026,SARI,1/7/2023,Pediatrics,118
4/29/2026,SARI,1/14/2023,Adults,237
4/29/2026,SARI,1/14/2023,Overall,359
4/29/2026,SARI,1/14/2023,Pediatrics,122
4/29/2026,SARI,1/21/2023,Adults,195
4/29/2026,SARI,1/21/2023,Overall,304
4/29/2026,SARI,1/21/2023,Pediatrics,109
4/29/2026,SARI,1/28/2023,Adults,135
4/29/2026,SARI,1/28/2023,Overall,226
4/29/2026,SARI,1/28/2023,Pediatrics,91
4/29/2026,SARI,2/4/2023,Adults,133
4/29/2026,SARI,2/4/2023,Overall,254
4/29/2026,SARI,2/4/2023,Pediatrics,121
4/29/2026,SARI,2/11/2023,Adults,100
4/29/2026,SARI,2/11/2023,Overall,222
4/29/2026,SARI,2/11/2023,Pediatrics,122
4/29/2026,SARI,2/18/2023,Adults,107
4/29/2026,SARI,2/18/2023,Overall,204
4/29/2026,SARI,2/18/2023,Pediatrics,97
4/29/2026,SARI,2/25/2023,Adults,100
4/29/2026,SARI,2/25/2023,Overall,200
4/29/2026,SARI,2/25/2023,Pediatrics,100
4/29/2026,SARI,3/4/2023,Adults,137
4/29/2026,SARI,3/4/2023,Overall,289
4/29/2026,SARI,3/4/2023,Pediatrics,152
4/29/2026,SARI,3/11/2023,Adults,104
4/29/2026,SARI,3/11/2023,Overall,300
4/29/2026,SARI,3/11/2023,Pediatrics,196
4/29/2026,SARI,3/18/2023,Adults,92
4/29/2026,SARI,3/18/2023,Overall,249
4/29/2026,SARI,3/18/2023,Pediatrics,157
4/29/2026,SARI,3/25/2023,Adults,83
4/29/2026,SARI,3/25/2023,Overall,238
4/29/2026,SARI,3/25/2023,Pediatrics,155
4/29/2026,SARI,4/1/2023,Adults,78
4/29/2026,SARI,4/1/2023,Overall,251
4/29/2026,SARI,4/1/2023,Pediatrics,173
4/29/2026,SARI,4/8/2023,Adults,90
4/29/2026,SARI,4/8/2023,Overall,275
4/29/2026,SARI,4/8/2023,Pediatrics,185
4/29/2026,SARI,4/15/2023,Adults,102
4/29/2026,SARI,4/15/2023,Overall,297
4/29/2026,SARI,4/15/2023,Pediatrics,195
4/29/2026,SARI,4/22/2023,Adults,91
4/29/2026,SARI,4/22/2023,Overall,320
4/29/2026,SARI,4/22/2023,Pediatrics,229
4/29/2026,SARI,4/29/2023,Adults,92
4/29/2026,SARI,4/29/2023,Overall,415
4/29/2026,SARI,4/29/2023,Pediatrics,323
4/29/2026,SARI,5/6/2023,Adults,102
4/29/2026,SARI,5/6/2023,Overall,484
4/29/2026,SARI,5/6/2023,Pediatrics,382
4/29/2026,SARI,5/13/2023,Adults,118
4/29/2026,SARI,5/13/2023,Overall,544
4/29/2026,SARI,5/13/2023,Pediatrics,426
4/29/2026,SARI,5/20/2023,Adults,113
4/29/2026,SARI,5/20/2023,Overall,596
4/29/2026,SARI,5/20/2023,Pediatrics,483
4/29/2026,SARI,5/27/2023,Adults,119
4/29/2026,SARI,5/27/2023,Overall,680
4/29/2026,SARI,5/27/2023,Pediatrics,561
4/29/2026,SARI,6/3/2023,Adults,182
4/29/2026,SARI,6/3/2023,Overall,706
4/29/2026,SARI,6/3/2023,Pediatrics,524
4/29/2026,SARI,6/10/2023,Adults,190
4/29/2026,SARI,6/10/2023,Overall,742
4/29/2026,SARI,6/10/2023,Pediatrics,552
4/29/2026,SARI,6/17/2023,Adults,196
4/29/2026,SARI,6/17/2023,Overall,633
4/29/2026,SARI,6/17/2023,Pediatrics,437
4/29/2026,SARI,6/24/2023,Adults,264
4/29/2026,SARI,6/24/2023,Overall,703
4/29/2026,SARI,6/24/2023,Pediatrics,439
4/29/2026,SARI,7/1/2023,Adults,257
4/29/2026,SARI,7/1/2023,Overall,675
4/29/2026,SARI,7/1/2023,Pediatrics,418
4/29/2026,SARI,7/8/2023,Adults,229
4/29/2026,SARI,7/8/2023,Overall,582
4/29/2026,SARI,7/8/2023,Pediatrics,353
4/29/2026,SARI,7/15/2023,Adults,191
4/29/2026,SARI,7/15/2023,Overall,524
4/29/2026,SARI,7/15/2023,Pediatrics,333
4/29/2026,SARI,7/22/2023,Adults,188
4/29/2026,SARI,7/22/2023,Overall,451
4/29/2026,SARI,7/22/2023,Pediatrics,263
4/29/2026,SARI,7/29/2023,Adults,153
4/29/2026,SARI,7/29/2023,Overall,379
4/29/2026,SARI,7/29/2023,Pediatrics,226
4/29/2026,SARI,8/5/2023,Adults,176
4/29/2026,SARI,8/5/2023,Overall,391
4/29/2026,SARI,8/5/2023,Pediatrics,215
4/29/2026,SARI,8/12/2023,Adults,147
4/29/2026,SARI,8/12/2023,Overall,409
4/29/2026,SARI,8/12/2023,Pediatrics,262
4/29/2026,SARI,8/19/2023,Adults,164
4/29/2026,SARI,8/19/2023,Overall,404
4/29/2026,SARI,8/19/2023,Pediatrics,240
4/29/2026,SARI,8/26/2023,Adults,178
4/29/2026,SARI,8/26/2023,Overall,408
4/29/2026,SARI,8/26/2023,Pediatrics,230
4/29/2026,SARI,9/2/2023,Adults,191
4/29/2026,SARI,9/2/2023,Overall,443
4/29/2026,SARI,9/2/2023,Pediatrics,252
4/29/2026,SARI,9/9/2023,Adults,184
4/29/2026,SARI,9/9/2023,Overall,417
4/29/2026,SARI,9/9/2023,Pediatrics,233
4/29/2026,SARI,9/16/2023,Adults,175
4/29/2026,SARI,9/16/2023,Overall,434
4/29/2026,SARI,9/16/2023,Pediatrics,259
4/29/2026,SARI,9/23/2023,Adults,170
4/29/2026,SARI,9/23/2023,Overall,396
4/29/2026,SARI,9/23/2023,Pediatrics,226
4/29/2026,SARI,9/30/2023,Adults,109
4/29/2026,SARI,9/30/2023,Overall,290
4/29/2026,SARI,9/30/2023,Pediatrics,181
4/29/2026,SARI,10/7/2023,Adults,111
4/29/2026,SARI,10/7/2023,Overall,301
4/29/2026,SARI,10/7/2023,Pediatrics,190
4/29/2026,SARI,10/14/2023,Adults,114
4/29/2026,SARI,10/14/2023,Overall,305
4/29/2026,SARI,10/14/2023,Pediatrics,191
4/29/2026,SARI,10/21/2023,Adults,114
4/29/2026,SARI,10/21/2023,Overall,278
4/29/2026,SARI,10/21/2023,Pediatrics,164
4/29/2026,SARI,10/28/2023,Adults,75
4/29/2026,SARI,10/28/2023,Overall,191
4/29/2026,SARI,10/28/2023,Pediatrics,116
4/29/2026,SARI,11/4/2023,Adults,81
4/29/2026,SARI,11/4/2023,Overall,210
4/29/2026,SARI,11/4/2023,Pediatrics,129
4/29/2026,SARI,11/11/2023,Adults,85
4/29/2026,SARI,11/11/2023,Overall,201
4/29/2026,SARI,11/11/2023,Pediatrics,116
4/29/2026,SARI,11/18/2023,Adults,79
4/29/2026,SARI,11/18/2023,Overall,192
4/29/2026,SARI,11/18/2023,Pediatrics,113
4/29/2026,SARI,11/25/2023,Adults,74
4/29/2026,SARI,11/25/2023,Overall,168
4/29/2026,SARI,11/25/2023,Pediatrics,94
4/29/2026,SARI,12/2/2023,Adults,70
4/29/2026,SARI,12/2/2023,Overall,168
4/29/2026,SARI,12/2/2023,Pediatrics,98
4/29/2026,SARI,12/9/2023,Adults,64
4/29/2026,SARI,12/9/2023,Overall,130
4/29/2026,SARI,12/9/2023,Pediatrics,66
4/29/2026,SARI,12/16/2023,Adults,66
4/29/2026,SARI,12/16/2023,Overall,135
4/29/2026,SARI,12/16/2023,Pediatrics,69
4/29/2026,SARI,12/23/2023,Adults,56
4/29/2026,SARI,12/23/2023,Overall,102
4/29/2026,SARI,12/23/2023,Pediatrics,46
4/29/2026,SARI,12/30/2023,Adults,46
4/29/2026,SARI,12/30/2023,Overall,87
4/29/2026,SARI,12/30/2023,Pediatrics,41
4/29/2026,SARI,1/6/2024,Adults,95
4/29/2026,SARI,1/6/2024,Overall,160
4/29/2026,SARI,1/6/2024,Pediatrics,65
4/29/2026,SARI,1/13/2024,Adults,126
4/29/2026,SARI,1/13/2024,Overall,197
4/29/2026,SARI,1/13/2024,Pediatrics,71
4/29/2026,SARI,1/20/2024,Adults,165
4/29/2026,SARI,1/20/2024,Overall,247
4/29/2026,SARI,1/20/2024,Pediatrics,82
4/29/2026,SARI,1/27/2024,Adults,160
4/29/2026,SARI,1/27/2024,Overall,253
4/29/2026,SARI,1/27/2024,Pediatrics,93
4/29/2026,SARI,2/3/2024,Adults,165
4/29/2026,SARI,2/3/2024,Overall,252
4/29/2026,SARI,2/3/2024,Pediatrics,87
4/29/2026,SARI,2/10/2024,Adults,131
4/29/2026,SARI,2/10/2024,Overall,205
4/29/2026,SARI,2/10/2024,Pediatrics,74
4/29/2026,SARI,2/17/2024,Adults,114
4/29/2026,SARI,2/17/2024,Overall,176
4/29/2026,SARI,2/17/2024,Pediatrics,62
4/29/2026,SARI,2/24/2024,Adults,120
4/29/2026,SARI,2/24/2024,Overall,176
4/29/2026,SARI,2/24/2024,Pediatrics,56
4/29/2026,SARI,3/2/2024,Adults,92
4/29/2026,SARI,3/2/2024,Overall,155
4/29/2026,SARI,3/2/2024,Pediatrics,63
4/29/2026,SARI,3/9/2024,Adults,93
4/29/2026,SARI,3/9/2024,Overall,164
4/29/2026,SARI,3/9/2024,Pediatrics,71
4/29/2026,SARI,3/16/2024,Adults,94
4/29/2026,SARI,3/16/2024,Overall,213
4/29/2026,SARI,3/16/2024,Pediatrics,119
4/29/2026,SARI,3/23/2024,Adults,92
4/29/2026,SARI,3/23/2024,Overall,209
4/29/2026,SARI,3/23/2024,Pediatrics,117
4/29/2026,SARI,3/30/2024,Adults,96
4/29/2026,SARI,3/30/2024,Overall,207
4/29/2026,SARI,3/30/2024,Pediatrics,111
4/29/2026,SARI,4/6/2024,Adults,111
4/29/2026,SARI,4/6/2024,Overall,223
4/29/2026,SARI,4/6/2024,Pediatrics,112
4/29/2026,SARI,4/13/2024,Adults,95
4/29/2026,SARI,4/13/2024,Overall,198
4/29/2026,SARI,4/13/2024,Pediatrics,103
4/29/2026,SARI,4/20/2024,Adults,107
4/29/2026,SARI,4/20/2024,Overall,212
4/29/2026,SARI,4/20/2024,Pediatrics,105
4/29/2026,SARI,4/27/2024,Adults,97
4/29/2026,SARI,4/27/2024,Overall,241
4/29/2026,SARI,4/27/2024,Pediatrics,144
4/29/2026,SARI,5/4/2024,Adults,129
4/29/2026,SARI,5/4/2024,Overall,287
4/29/2026,SARI,5/4/2024,Pediatrics,158
4/29/2026,SARI,5/11/2024,Adults,151
4/29/2026,SARI,5/11/2024,Overall,338
4/29/2026,SARI,5/11/2024,Pediatrics,187
4/29/2026,SARI,5/18/2024,Adults,230
4/29/2026,SARI,5/18/2024,Overall,557
4/29/2026,SARI,5/18/2024,Pediatrics,327
4/29/2026,SARI,5/25/2024,Adults,333
4/29/2026,SARI,5/25/2024,Overall,746
4/29/2026,SARI,5/25/2024,Pediatrics,413
4/29/2026,SARI,6/1/2024,Adults,524
4/29/2026,SARI,6/1/2024,Overall,1053
4/29/2026,SARI,6/1/2024,Pediatrics,529
4/29/2026,SARI,6/8/2024,Adults,553
4/29/2026,SARI,6/8/2024,Overall,1270
4/29/2026,SARI,6/8/2024,Pediatrics,717
4/29/2026,SARI,6/15/2024,Adults,454
4/29/2026,SARI,6/15/2024,Overall,1031
4/29/2026,SARI,6/15/2024,Pediatrics,577
4/29/2026,SARI,6/22/2024,Adults,315
4/29/2026,SARI,6/22/2024,Overall,832
4/29/2026,SARI,6/22/2024,Pediatrics,517
4/29/2026,SARI,6/29/2024,Adults,277
4/29/2026,SARI,6/29/2024,Overall,825
4/29/2026,SARI,6/29/2024,Pediatrics,548
4/29/2026,SARI,7/6/2024,Adults,317
4/29/2026,SARI,7/6/2024,Overall,891
4/29/2026,SARI,7/6/2024,Pediatrics,574
4/29/2026,SARI,7/13/2024,Adults,251
4/29/2026,SARI,7/13/2024,Overall,830
4/29/2026,SARI,7/13/2024,Pediatrics,579
4/29/2026,SARI,7/20/2024,Adults,299
4/29/2026,SARI,7/20/2024,Overall,877
4/29/2026,SARI,7/20/2024,Pediatrics,578
4/29/2026,SARI,7/27/2024,Adults,229
4/29/2026,SARI,7/27/2024,Overall,707
4/29/2026,SARI,7/27/2024,Pediatrics,478
4/29/2026,SARI,8/3/2024,Adults,209
4/29/2026,SARI,8/3/2024,Overall,662
4/29/2026,SARI,8/3/2024,Pediatrics,453
4/29/2026,SARI,8/10/2024,Adults,184
4/29/2026,SARI,8/10/2024,Overall,668
4/29/2026,SARI,8/10/2024,Pediatrics,484
4/29/2026,SARI,8/17/2024,Adults,172
4/29/2026,SARI,8/17/2024,Overall,645
4/29/2026,SARI,8/17/2024,Pediatrics,473
4/29/2026,SARI,8/24/2024,Adults,175
4/29/2026,SARI,8/24/2024,Overall,642
4/29/2026,SARI,8/24/2024,Pediatrics,467
4/29/2026,SARI,8/31/2024,Adults,174
4/29/2026,SARI,8/31/2024,Overall,596
4/29/2026,SARI,8/31/2024,Pediatrics,422
4/29/2026,SARI,9/7/2024,Adults,210
4/29/2026,SARI,9/7/2024,Overall,718
4/29/2026,SARI,9/7/2024,Pediatrics,508
4/29/2026,SARI,9/14/2024,Adults,194
4/29/2026,SARI,9/14/2024,Overall,616
4/29/2026,SARI,9/14/2024,Pediatrics,422
4/29/2026,SARI,9/21/2024,Adults,178
4/29/2026,SARI,9/21/2024,Overall,598
4/29/2026,SARI,9/21/2024,Pediatrics,420
4/29/2026,SARI,9/28/2024,Adults,159
4/29/2026,SARI,9/28/2024,Overall,492
4/29/2026,SARI,9/28/2024,Pediatrics,333
4/29/2026,SARI,10/5/2024,Adults,199
4/29/2026,SARI,10/5/2024,Overall,511
4/29/2026,SARI,10/5/2024,Pediatrics,312
4/29/2026,SARI,10/12/2024,Adults,151
4/29/2026,SARI,10/12/2024,Overall,401
4/29/2026,SARI,10/12/2024,Pediatrics,250
4/29/2026,SARI,10/19/2024,Adults,165
4/29/2026,SARI,10/19/2024,Overall,424
4/29/2026,SARI,10/19/2024,Pediatrics,259
4/29/2026,SARI,10/26/2024,Adults,131
4/29/2026,SARI,10/26/2024,Overall,394
4/29/2026,SARI,10/26/2024,Pediatrics,263
4/29/2026,SARI,11/2/2024,Adults,116
4/29/2026,SARI,11/2/2024,Overall,353
4/29/2026,SARI,11/2/2024,Pediatrics,237
4/29/2026,SARI,11/9/2024,Adults,102
4/29/2026,SARI,11/9/2024,Overall,259
4/29/2026,SARI,11/9/2024,Pediatrics,157
4/29/2026,SARI,11/16/2024,Adults,112
4/29/2026,SARI,11/16/2024,Overall,284
4/29/2026,SARI,11/16/2024,Pediatrics,172
4/29/2026,SARI,11/23/2024,Adults,84
4/29/2026,SARI,11/23/2024,Overall,242
4/29/2026,SARI,11/23/2024,Pediatrics,158
4/29/2026,SARI,11/30/2024,Adults,73
4/29/2026,SARI,11/30/2024,Overall,221
4/29/2026,SARI,11/30/2024,Pediatrics,148
4/29/2026,SARI,12/7/2024,Adults,86
4/29/2026,SARI,12/7/2024,Overall,197
4/29/2026,SARI,12/7/2024,Pediatrics,111
4/29/2026,SARI,12/14/2024,Adults,90
4/29/2026,SARI,12/14/2024,Overall,202
4/29/2026,SARI,12/14/2024,Pediatrics,112
4/29/2026,SARI,12/21/2024,Adults,88
4/29/2026,SARI,12/21/2024,Overall,151
4/29/2026,SARI,12/21/2024,Pediatrics,63
4/29/2026,SARI,12/28/2024,Adults,60
4/29/2026,SARI,12/28/2024,Overall,113
4/29/2026,SARI,12/28/2024,Pediatrics,53
4/29/2026,SARI,1/4/2025,Adults,99
4/29/2026,SARI,1/4/2025,Overall,197
4/29/2026,SARI,1/4/2025,Pediatrics,98
4/29/2026,SARI,1/11/2025,Adults,97
4/29/2026,SARI,1/11/2025,Overall,175
4/29/2026,SARI,1/11/2025,Pediatrics,78
4/29/2026,SARI,1/18/2025,Adults,78
4/29/2026,SARI,1/18/2025,Overall,150
4/29/2026,SARI,1/18/2025,Pediatrics,72
4/29/2026,SARI,1/25/2025,Adults,81
4/29/2026,SARI,1/25/2025,Overall,163
4/29/2026,SARI,1/25/2025,Pediatrics,82
4/29/2026,SARI,2/1/2025,Adults,92
4/29/2026,SARI,2/1/2025,Overall,153
4/29/2026,SARI,2/1/2025,Pediatrics,61
4/29/2026,SARI,2/8/2025,Adults,86
4/29/2026,SARI,2/8/2025,Overall,172
4/29/2026,SARI,2/8/2025,Pediatrics,86
4/29/2026,SARI,2/15/2025,Adults,90
4/29/2026,SARI,2/15/2025,Overall,170
4/29/2026,SARI,2/15/2025,Pediatrics,80
4/29/2026,SARI,2/22/2025,Adults,86
4/29/2026,SARI,2/22/2025,Overall,164
4/29/2026,SARI,2/22/2025,Pediatrics,78
4/29/2026,SARI,3/1/2025,Adults,102
4/29/2026,SARI,3/1/2025,Overall,175
4/29/2026,SARI,3/1/2025,Pediatrics,73
4/29/2026,SARI,3/8/2025,Adults,101
4/29/2026,SARI,3/8/2025,Overall,181
4/29/2026,SARI,3/8/2025,Pediatrics,80
4/29/2026,SARI,3/15/2025,Adults,117
4/29/2026,SARI,3/15/2025,Overall,227
4/29/2026,SARI,3/15/2025,Pediatrics,110
4/29/2026,SARI,3/22/2025,Adults,158
4/29/2026,SARI,3/22/2025,Overall,320
4/29/2026,SARI,3/22/2025,Pediatrics,162
4/29/2026,SARI,3/29/2025,Adults,156
4/29/2026,SARI,3/29/2025,Overall,326
4/29/2026,SARI,3/29/2025,Pediatrics,170
4/29/2026,SARI,4/5/2025,Adults,150
4/29/2026,SARI,4/5/2025,Overall,292
4/29/2026,SARI,4/5/2025,Pediatrics,142
4/29/2026,SARI,4/12/2025,Adults,153
4/29/2026,SARI,4/12/2025,Overall,307
4/29/2026,SARI,4/12/2025,Pediatrics,154
4/29/2026,SARI,4/19/2025,Adults,153
4/29/2026,SARI,4/19/2025,Overall,334
4/29/2026,SARI,4/19/2025,Pediatrics,181
4/29/2026,SARI,4/26/2025,Adults,207
4/29/2026,SARI,4/26/2025,Overall,378
4/29/2026,SARI,4/26/2025,Pediatrics,171
4/29/2026,SARI,5/3/2025,Adults,190
4/29/2026,SARI,5/3/2025,Overall,402
4/29/2026,SARI,5/3/2025,Pediatrics,212
4/29/2026,SARI,5/10/2025,Adults,202
4/29/2026,SARI,5/10/2025,Overall,408
4/29/2026,SARI,5/10/2025,Pediatrics,206
4/29/2026,SARI,5/17/2025,Adults,235
4/29/2026,SARI,5/17/2025,Overall,486
4/29/2026,SARI,5/17/2025,Pediatrics,251
4/29/2026,SARI,5/24/2025,Adults,292
4/29/2026,SARI,5/24/2025,Overall,608
4/29/2026,SARI,5/24/2025,Pediatrics,316
4/29/2026,SARI,5/31/2025,Adults,347
4/29/2026,SARI,5/31/2025,Overall,710
4/29/2026,SARI,5/31/2025,Pediatrics,363
4/29/2026,SARI,6/7/2025,Adults,515
4/29/2026,SARI,6/7/2025,Overall,1046
4/29/2026,SARI,6/7/2025,Pediatrics,531
4/29/2026,SARI,6/14/2025,Adults,582
4/29/2026,SARI,6/14/2025,Overall,1092
4/29/2026,SARI,6/14/2025,Pediatrics,510
4/29/2026,SARI,6/21/2025,Adults,503
4/29/2026,SARI,6/21/2025,Overall,1009
4/29/2026,SARI,6/21/2025,Pediatrics,506
4/29/2026,SARI,6/28/2025,Adults,458
4/29/2026,SARI,6/28/2025,Overall,915
4/29/2026,SARI,6/28/2025,Pediatrics,457
4/29/2026,SARI,7/5/2025,Adults,422
4/29/2026,SARI,7/5/2025,Overall,971
4/29/2026,SARI,7/5/2025,Pediatrics,549
4/29/2026,SARI,7/12/2025,Adults,320
4/29/2026,SARI,7/12/2025,Overall,838
4/29/2026,SARI,7/12/2025,Pediatrics,518
4/29/2026,SARI,7/19/2025,Adults,224
4/29/2026,SARI,7/19/2025,Overall,798
4/29/2026,SARI,7/19/2025,Pediatrics,574
4/29/2026,SARI,7/26/2025,Adults,172
4/29/2026,SARI,7/26/2025,Overall,665
4/29/2026,SARI,7/26/2025,Pediatrics,493
4/29/2026,SARI,8/2/2025,Adults,177
4/29/2026,SARI,8/2/2025,Overall,726
4/29/2026,SARI,8/2/2025,Pediatrics,549
4/29/2026,SARI,8/9/2025,Adults,187
4/29/2026,SARI,8/9/2025,Overall,695
4/29/2026,SARI,8/9/2025,Pediatrics,508
4/29/2026,SARI,8/16/2025,Adults,161
4/29/2026,SARI,8/16/2025,Overall,701
4/29/2026,SARI,8/16/2025,Pediatrics,540
4/29/2026,SARI,8/23/2025,Adults,168
4/29/2026,SARI,8/23/2025,Overall,708
4/29/2026,SARI,8/23/2025,Pediatrics,540
4/29/2026,SARI,8/30/2025,Adults,146
4/29/2026,SARI,8/30/2025,Overall,600
4/29/2026,SARI,8/30/2025,Pediatrics,454
4/29/2026,SARI,9/6/2025,Adults,164
4/29/2026,SARI,9/6/2025,Overall,591
4/29/2026,SARI,9/6/2025,Pediatrics,427
4/29/2026,SARI,9/13/2025,Adults,164
4/29/2026,SARI,9/13/2025,Overall,571
4/29/2026,SARI,9/13/2025,Pediatrics,407
4/29/2026,SARI,9/20/2025,Adults,158
4/29/2026,SARI,9/20/2025,Overall,520
4/29/2026,SARI,9/20/2025,Pediatrics,362
4/29/2026,SARI,9/27/2025,Adults,132
4/29/2026,SARI,9/27/2025,Overall,430
4/29/2026,SARI,9/27/2025,Pediatrics,298
4/29/2026,SARI,10/4/2025,Adults,126
4/29/2026,SARI,10/4/2025,Overall,425
4/29/2026,SARI,10/4/2025,Pediatrics,299
4/29/2026,SARI,10/11/2025,Adults,110
4/29/2026,SARI,10/11/2025,Overall,383
4/29/2026,SARI,10/11/2025,Pediatrics,273
4/29/2026,SARI,10/18/2025,Adults,121
4/29/2026,SARI,10/18/2025,Overall,346
4/29/2026,SARI,10/18/2025,Pediatrics,225
4/29/2026,SARI,10/25/2025,Adults,116
4/29/2026,SARI,10/25/2025,Overall,338
4/29/2026,SARI,10/25/2025,Pediatrics,222
4/29/2026,SARI,11/1/2025,Adults,100
4/29/2026,SARI,11/1/2025,Overall,259
4/29/2026,SARI,11/1/2025,Pediatrics,159
4/29/2026,SARI,11/8/2025,Adults,91
4/29/2026,SARI,11/8/2025,Overall,309
4/29/2026,SARI,11/8/2025,Pediatrics,218
4/29/2026,SARI,11/15/2025,Adults,116
4/29/2026,SARI,11/15/2025,Overall,276
4/29/2026,SARI,11/15/2025,Pediatrics,160
4/29/2026,SARI,11/22/2025,Adults,77
4/29/2026,SARI,11/22/2025,Overall,214
4/29/2026,SARI,11/22/2025,Pediatrics,137
4/29/2026,SARI,11/29/2025,Adults,61
4/29/2026,SARI,11/29/2025,Overall,174
4/29/2026,SARI,11/29/2025,Pediatrics,113
4/29/2026,SARI,12/6/2025,Adults,83
4/29/2026,SARI,12/6/2025,Overall,187
4/29/2026,SARI,12/6/2025,Pediatrics,104
4/29/2026,SARI,12/13/2025,Adults,89
4/29/2026,SARI,12/13/2025,Overall,191
4/29/2026,SARI,12/13/2025,Pediatrics,102
4/29/2026,SARI,12/20/2025,Adults,65
4/29/2026,SARI,12/20/2025,Overall,137
4/29/2026,SARI,12/20/2025,Pediatrics,72
4/29/2026,SARI,12/27/2025,Adults,93
4/29/2026,SARI,12/27/2025,Overall,145
4/29/2026,SARI,12/27/2025,Pediatrics,52
4/29/2026,SARI,1/3/2026,Adults,52
4/29/2026,SARI,1/3/2026,Overall,99
4/29/2026,SARI,1/3/2026,Pediatrics,47
4/29/2026,SARI,1/10/2026,Adults,96
4/29/2026,SARI,1/10/2026,Overall,184
4/29/2026,SARI,1/10/2026,Pediatrics,88
4/29/2026,SARI,1/17/2026,Adults,80
4/29/2026,SARI,1/17/2026,Overall,150
4/29/2026,SARI,1/17/2026,Pediatrics,70
4/29/2026,SARI,1/24/2026,Adults,87
4/29/2026,SARI,1/24/2026,Overall,156
4/29/2026,SARI,1/24/2026,Pediatrics,69
4/29/2026,SARI,1/31/2026,Adults,66
4/29/2026,SARI,1/31/2026,Overall,127
4/29/2026,SARI,1/31/2026,Pediatrics,61
4/29/2026,SARI,2/7/2026,Adults,90
4/29/2026,SARI,2/7/2026,Overall,143
4/29/2026,SARI,2/7/2026,Pediatrics,53
4/29/2026,SARI,2/14/2026,Adults,61
4/29/2026,SARI,2/14/2026,Overall,110
4/29/2026,SARI,2/14/2026,Pediatrics,49
4/29/2026,SARI,2/21/2026,Adults,66
4/29/2026,SARI,2/21/2026,Overall,117
4/29/2026,SARI,2/21/2026,Pediatrics,51
4/29/2026,SARI,2/28/2026,Adults,65
4/29/2026,SARI,2/28/2026,Overall,132
4/29/2026,SARI,2/28/2026,Pediatrics,67
4/29/2026,SARI,3/7/2026,Adults,85
4/29/2026,SARI,3/7/2026,Overall,181
4/29/2026,SARI,3/7/2026,Pediatrics,96
4/29/2026,SARI,3/14/2026,Adults,72
4/29/2026,SARI,3/14/2026,Overall,252
4/29/2026,SARI,3/14/2026,Pediatrics,180
4/29/2026,SARI,3/21/2026,Adults,82
4/29/2026,SARI,3/21/2026,Overall,245
4/29/2026,SARI,3/21/2026,Pediatrics,163
4/29/2026,SARI,3/28/2026,Adults,81
4/29/2026,SARI,3/28/2026,Overall,207
4/29/2026,SARI,3/28/2026,Pediatrics,126
4/29/2026,SARI,4/4/2026,Adults,73
4/29/2026,SARI,4/4/2026,Overall,167
4/29/2026,SARI,4/4/2026,Pediatrics,94
5/5/2026,SARI,1/8/2022,Adults,1023
5/5/2026,SARI,1/8/2022,Overall,1186
5/5/2026,SARI,1/8/2022,Pediatrics,163
5/5/2026,SARI,1/15/2022,Adults,1251
5/5/2026,SARI,1/15/2022,Overall,1423
5/5/2026,SARI,1/15/2022,Pediatrics,172
5/5/2026,SARI,1/22/2022,Adults,1113
5/5/2026,SARI,1/22/2022,Overall,1303
5/5/2026,SARI,1/22/2022,Pediatrics,190
5/5/2026,SARI,1/29/2022,Adults,769
5/5/2026,SARI,1/29/2022,Overall,907
5/5/2026,SARI,1/29/2022,Pediatrics,138
5/5/2026,SARI,2/5/2022,Adults,587
5/5/2026,SARI,2/5/2022,Overall,698
5/5/2026,SARI,2/5/2022,Pediatrics,111
5/5/2026,SARI,2/12/2022,Adults,420
5/5/2026,SARI,2/12/2022,Overall,537
5/5/2026,SARI,2/12/2022,Pediatrics,117
5/5/2026,SARI,2/19/2022,Adults,473
5/5/2026,SARI,2/19/2022,Overall,604
5/5/2026,SARI,2/19/2022,Pediatrics,131
5/5/2026,SARI,2/26/2022,Adults,430
5/5/2026,SARI,2/26/2022,Overall,551
5/5/2026,SARI,2/26/2022,Pediatrics,121
5/5/2026,SARI,3/5/2022,Adults,533
5/5/2026,SARI,3/5/2022,Overall,702
5/5/2026,SARI,3/5/2022,Pediatrics,169
5/5/2026,SARI,3/12/2022,Adults,502
5/5/2026,SARI,3/12/2022,Overall,730
5/5/2026,SARI,3/12/2022,Pediatrics,228
5/5/2026,SARI,3/19/2022,Adults,518
5/5/2026,SARI,3/19/2022,Overall,772
5/5/2026,SARI,3/19/2022,Pediatrics,254
5/5/2026,SARI,3/26/2022,Adults,437
5/5/2026,SARI,3/26/2022,Overall,633
5/5/2026,SARI,3/26/2022,Pediatrics,196
5/5/2026,SARI,4/2/2022,Adults,377
5/5/2026,SARI,4/2/2022,Overall,567
5/5/2026,SARI,4/2/2022,Pediatrics,190
5/5/2026,SARI,4/9/2022,Adults,349
5/5/2026,SARI,4/9/2022,Overall,573
5/5/2026,SARI,4/9/2022,Pediatrics,224
5/5/2026,SARI,4/16/2022,Adults,302
5/5/2026,SARI,4/16/2022,Overall,511
5/5/2026,SARI,4/16/2022,Pediatrics,209
5/5/2026,SARI,4/23/2022,Adults,271
5/5/2026,SARI,4/23/2022,Overall,496
5/5/2026,SARI,4/23/2022,Pediatrics,225
5/5/2026,SARI,4/30/2022,Adults,267
5/5/2026,SARI,4/30/2022,Overall,547
5/5/2026,SARI,4/30/2022,Pediatrics,280
5/5/2026,SARI,5/7/2022,Adults,312
5/5/2026,SARI,5/7/2022,Overall,613
5/5/2026,SARI,5/7/2022,Pediatrics,301
5/5/2026,SARI,5/14/2022,Adults,343
5/5/2026,SARI,5/14/2022,Overall,761
5/5/2026,SARI,5/14/2022,Pediatrics,418
5/5/2026,SARI,5/21/2022,Adults,394
5/5/2026,SARI,5/21/2022,Overall,898
5/5/2026,SARI,5/21/2022,Pediatrics,504
5/5/2026,SARI,5/28/2022,Adults,419
5/5/2026,SARI,5/28/2022,Overall,846
5/5/2026,SARI,5/28/2022,Pediatrics,427
5/5/2026,SARI,6/4/2022,Adults,457
5/5/2026,SARI,6/4/2022,Overall,925
5/5/2026,SARI,6/4/2022,Pediatrics,468
5/5/2026,SARI,6/11/2022,Adults,482
5/5/2026,SARI,6/11/2022,Overall,1042
5/5/2026,SARI,6/11/2022,Pediatrics,560
5/5/2026,SARI,6/18/2022,Adults,429
5/5/2026,SARI,6/18/2022,Overall,918
5/5/2026,SARI,6/18/2022,Pediatrics,489
5/5/2026,SARI,6/25/2022,Adults,416
5/5/2026,SARI,6/25/2022,Overall,824
5/5/2026,SARI,6/25/2022,Pediatrics,408
5/5/2026,SARI,7/2/2022,Adults,483
5/5/2026,SARI,7/2/2022,Overall,871
5/5/2026,SARI,7/2/2022,Pediatrics,388
5/5/2026,SARI,7/9/2022,Adults,440
5/5/2026,SARI,7/9/2022,Overall,868
5/5/2026,SARI,7/9/2022,Pediatrics,428
5/5/2026,SARI,7/16/2022,Adults,462
5/5/2026,SARI,7/16/2022,Overall,821
5/5/2026,SARI,7/16/2022,Pediatrics,359
5/5/2026,SARI,7/23/2022,Adults,490
5/5/2026,SARI,7/23/2022,Overall,833
5/5/2026,SARI,7/23/2022,Pediatrics,343
5/5/2026,SARI,7/30/2022,Adults,422
5/5/2026,SARI,7/30/2022,Overall,701
5/5/2026,SARI,7/30/2022,Pediatrics,279
5/5/2026,SARI,8/6/2022,Adults,403
5/5/2026,SARI,8/6/2022,Overall,675
5/5/2026,SARI,8/6/2022,Pediatrics,272
5/5/2026,SARI,8/13/2022,Adults,348
5/5/2026,SARI,8/13/2022,Overall,652
5/5/2026,SARI,8/13/2022,Pediatrics,304
5/5/2026,SARI,8/20/2022,Adults,307
5/5/2026,SARI,8/20/2022,Overall,655
5/5/2026,SARI,8/20/2022,Pediatrics,348
5/5/2026,SARI,8/27/2022,Adults,286
5/5/2026,SARI,8/27/2022,Overall,595
5/5/2026,SARI,8/27/2022,Pediatrics,309
5/5/2026,SARI,9/3/2022,Adults,282
5/5/2026,SARI,9/3/2022,Overall,611
5/5/2026,SARI,9/3/2022,Pediatrics,329
5/5/2026,SARI,9/10/2022,Adults,305
5/5/2026,SARI,9/10/2022,Overall,616
5/5/2026,SARI,9/10/2022,Pediatrics,311
5/5/2026,SARI,9/17/2022,Adults,235
5/5/2026,SARI,9/17/2022,Overall,525
5/5/2026,SARI,9/17/2022,Pediatrics,290
5/5/2026,SARI,9/24/2022,Adults,242
5/5/2026,SARI,9/24/2022,Overall,502
5/5/2026,SARI,9/24/2022,Pediatrics,260
5/5/2026,SARI,10/1/2022,Adults,255
5/5/2026,SARI,10/1/2022,Overall,561
5/5/2026,SARI,10/1/2022,Pediatrics,306
5/5/2026,SARI,10/8/2022,Adults,208
5/5/2026,SARI,10/8/2022,Overall,480
5/5/2026,SARI,10/8/2022,Pediatrics,272
5/5/2026,SARI,10/15/2022,Adults,272
5/5/2026,SARI,10/15/2022,Overall,545
5/5/2026,SARI,10/15/2022,Pediatrics,273
5/5/2026,SARI,10/22/2022,Adults,267
5/5/2026,SARI,10/22/2022,Overall,591
5/5/2026,SARI,10/22/2022,Pediatrics,324
5/5/2026,SARI,10/29/2022,Adults,223
5/5/2026,SARI,10/29/2022,Overall,501
5/5/2026,SARI,10/29/2022,Pediatrics,278
5/5/2026,SARI,11/5/2022,Adults,230
5/5/2026,SARI,11/5/2022,Overall,481
5/5/2026,SARI,11/5/2022,Pediatrics,251
5/5/2026,SARI,11/12/2022,Adults,194
5/5/2026,SARI,11/12/2022,Overall,433
5/5/2026,SARI,11/12/2022,Pediatrics,239
5/5/2026,SARI,11/19/2022,Adults,161
5/5/2026,SARI,11/19/2022,Overall,329
5/5/2026,SARI,11/19/2022,Pediatrics,168
5/5/2026,SARI,11/26/2022,Adults,152
5/5/2026,SARI,11/26/2022,Overall,282
5/5/2026,SARI,11/26/2022,Pediatrics,130
5/5/2026,SARI,12/3/2022,Adults,189
5/5/2026,SARI,12/3/2022,Overall,323
5/5/2026,SARI,12/3/2022,Pediatrics,134
5/5/2026,SARI,12/10/2022,Adults,285
5/5/2026,SARI,12/10/2022,Overall,408
5/5/2026,SARI,12/10/2022,Pediatrics,123
5/5/2026,SARI,12/17/2022,Adults,309
5/5/2026,SARI,12/17/2022,Overall,457
5/5/2026,SARI,12/17/2022,Pediatrics,148
5/5/2026,SARI,12/24/2022,Adults,357
5/5/2026,SARI,12/24/2022,Overall,465
5/5/2026,SARI,12/24/2022,Pediatrics,108
5/5/2026,SARI,12/31/2022,Adults,324
5/5/2026,SARI,12/31/2022,Overall,407
5/5/2026,SARI,12/31/2022,Pediatrics,83
5/5/2026,SARI,1/7/2023,Adults,330
5/5/2026,SARI,1/7/2023,Overall,448
5/5/2026,SARI,1/7/2023,Pediatrics,118
5/5/2026,SARI,1/14/2023,Adults,237
5/5/2026,SARI,1/14/2023,Overall,359
5/5/2026,SARI,1/14/2023,Pediatrics,122
5/5/2026,SARI,1/21/2023,Adults,195
5/5/2026,SARI,1/21/2023,Overall,304
5/5/2026,SARI,1/21/2023,Pediatrics,109
5/5/2026,SARI,1/28/2023,Adults,135
5/5/2026,SARI,1/28/2023,Overall,226
5/5/2026,SARI,1/28/2023,Pediatrics,91
5/5/2026,SARI,2/4/2023,Adults,133
5/5/2026,SARI,2/4/2023,Overall,254
5/5/2026,SARI,2/4/2023,Pediatrics,121
5/5/2026,SARI,2/11/2023,Adults,100
5/5/2026,SARI,2/11/2023,Overall,222
5/5/2026,SARI,2/11/2023,Pediatrics,122
5/5/2026,SARI,2/18/2023,Adults,107
5/5/2026,SARI,2/18/2023,Overall,204
5/5/2026,SARI,2/18/2023,Pediatrics,97
5/5/2026,SARI,2/25/2023,Adults,100
5/5/2026,SARI,2/25/2023,Overall,200
5/5/2026,SARI,2/25/2023,Pediatrics,100
5/5/2026,SARI,3/4/2023,Adults,137
5/5/2026,SARI,3/4/2023,Overall,289
5/5/2026,SARI,3/4/2023,Pediatrics,152
5/5/2026,SARI,3/11/2023,Adults,104
5/5/2026,SARI,3/11/2023,Overall,300
5/5/2026,SARI,3/11/2023,Pediatrics,196
5/5/2026,SARI,3/18/2023,Adults,92
5/5/2026,SARI,3/18/2023,Overall,249
5/5/2026,SARI,3/18/2023,Pediatrics,157
5/5/2026,SARI,3/25/2023,Adults,83
5/5/2026,SARI,3/25/2023,Overall,238
5/5/2026,SARI,3/25/2023,Pediatrics,155
5/5/2026,SARI,4/1/2023,Adults,78
5/5/2026,SARI,4/1/2023,Overall,251
5/5/2026,SARI,4/1/2023,Pediatrics,173
5/5/2026,SARI,4/8/2023,Adults,90
5/5/2026,SARI,4/8/2023,Overall,275
5/5/2026,SARI,4/8/2023,Pediatrics,185
5/5/2026,SARI,4/15/2023,Adults,102
5/5/2026,SARI,4/15/2023,Overall,297
5/5/2026,SARI,4/15/2023,Pediatrics,195
5/5/2026,SARI,4/22/2023,Adults,91
5/5/2026,SARI,4/22/2023,Overall,320
5/5/2026,SARI,4/22/2023,Pediatrics,229
5/5/2026,SARI,4/29/2023,Adults,92
5/5/2026,SARI,4/29/2023,Overall,415
5/5/2026,SARI,4/29/2023,Pediatrics,323
5/5/2026,SARI,5/6/2023,Adults,102
5/5/2026,SARI,5/6/2023,Overall,484
5/5/2026,SARI,5/6/2023,Pediatrics,382
5/5/2026,SARI,5/13/2023,Adults,118
5/5/2026,SARI,5/13/2023,Overall,544
5/5/2026,SARI,5/13/2023,Pediatrics,426
5/5/2026,SARI,5/20/2023,Adults,113
5/5/2026,SARI,5/20/2023,Overall,596
5/5/2026,SARI,5/20/2023,Pediatrics,483
5/5/2026,SARI,5/27/2023,Adults,119
5/5/2026,SARI,5/27/2023,Overall,680
5/5/2026,SARI,5/27/2023,Pediatrics,561
5/5/2026,SARI,6/3/2023,Adults,182
5/5/2026,SARI,6/3/2023,Overall,706
5/5/2026,SARI,6/3/2023,Pediatrics,524
5/5/2026,SARI,6/10/2023,Adults,190
5/5/2026,SARI,6/10/2023,Overall,742
5/5/2026,SARI,6/10/2023,Pediatrics,552
5/5/2026,SARI,6/17/2023,Adults,196
5/5/2026,SARI,6/17/2023,Overall,633
5/5/2026,SARI,6/17/2023,Pediatrics,437
5/5/2026,SARI,6/24/2023,Adults,264
5/5/2026,SARI,6/24/2023,Overall,703
5/5/2026,SARI,6/24/2023,Pediatrics,439
5/5/2026,SARI,7/1/2023,Adults,257
5/5/2026,SARI,7/1/2023,Overall,675
5/5/2026,SARI,7/1/2023,Pediatrics,418
5/5/2026,SARI,7/8/2023,Adults,229
5/5/2026,SARI,7/8/2023,Overall,582
5/5/2026,SARI,7/8/2023,Pediatrics,353
5/5/2026,SARI,7/15/2023,Adults,191
5/5/2026,SARI,7/15/2023,Overall,524
5/5/2026,SARI,7/15/2023,Pediatrics,333
5/5/2026,SARI,7/22/2023,Adults,188
5/5/2026,SARI,7/22/2023,Overall,451
5/5/2026,SARI,7/22/2023,Pediatrics,263
5/5/2026,SARI,7/29/2023,Adults,153
5/5/2026,SARI,7/29/2023,Overall,379
5/5/2026,SARI,7/29/2023,Pediatrics,226
5/5/2026,SARI,8/5/2023,Adults,176
5/5/2026,SARI,8/5/2023,Overall,391
5/5/2026,SARI,8/5/2023,Pediatrics,215
5/5/2026,SARI,8/12/2023,Adults,147
5/5/2026,SARI,8/12/2023,Overall,409
5/5/2026,SARI,8/12/2023,Pediatrics,262
5/5/2026,SARI,8/19/2023,Adults,164
5/5/2026,SARI,8/19/2023,Overall,404
5/5/2026,SARI,8/19/2023,Pediatrics,240
5/5/2026,SARI,8/26/2023,Adults,178
5/5/2026,SARI,8/26/2023,Overall,408
5/5/2026,SARI,8/26/2023,Pediatrics,230
5/5/2026,SARI,9/2/2023,Adults,191
5/5/2026,SARI,9/2/2023,Overall,443
5/5/2026,SARI,9/2/2023,Pediatrics,252
5/5/2026,SARI,9/9/2023,Adults,184
5/5/2026,SARI,9/9/2023,Overall,417
5/5/2026,SARI,9/9/2023,Pediatrics,233
5/5/2026,SARI,9/16/2023,Adults,175
5/5/2026,SARI,9/16/2023,Overall,434
5/5/2026,SARI,9/16/2023,Pediatrics,259
5/5/2026,SARI,9/23/2023,Adults,170
5/5/2026,SARI,9/23/2023,Overall,396
5/5/2026,SARI,9/23/2023,Pediatrics,226
5/5/2026,SARI,9/30/2023,Adults,109
5/5/2026,SARI,9/30/2023,Overall,290
5/5/2026,SARI,9/30/2023,Pediatrics,181
5/5/2026,SARI,10/7/2023,Adults,111
5/5/2026,SARI,10/7/2023,Overall,301
5/5/2026,SARI,10/7/2023,Pediatrics,190
5/5/2026,SARI,10/14/2023,Adults,114
5/5/2026,SARI,10/14/2023,Overall,305
5/5/2026,SARI,10/14/2023,Pediatrics,191
5/5/2026,SARI,10/21/2023,Adults,114
5/5/2026,SARI,10/21/2023,Overall,278
5/5/2026,SARI,10/21/2023,Pediatrics,164
5/5/2026,SARI,10/28/2023,Adults,75
5/5/2026,SARI,10/28/2023,Overall,191
5/5/2026,SARI,10/28/2023,Pediatrics,116
5/5/2026,SARI,11/4/2023,Adults,81
5/5/2026,SARI,11/4/2023,Overall,210
5/5/2026,SARI,11/4/2023,Pediatrics,129
5/5/2026,SARI,11/11/2023,Adults,85
5/5/2026,SARI,11/11/2023,Overall,201
5/5/2026,SARI,11/11/2023,Pediatrics,116
5/5/2026,SARI,11/18/2023,Adults,79
5/5/2026,SARI,11/18/2023,Overall,192
5/5/2026,SARI,11/18/2023,Pediatrics,113
5/5/2026,SARI,11/25/2023,Adults,74
5/5/2026,SARI,11/25/2023,Overall,168
5/5/2026,SARI,11/25/2023,Pediatrics,94
5/5/2026,SARI,12/2/2023,Adults,70
5/5/2026,SARI,12/2/2023,Overall,168
5/5/2026,SARI,12/2/2023,Pediatrics,98
5/5/2026,SARI,12/9/2023,Adults,64
5/5/2026,SARI,12/9/2023,Overall,130
5/5/2026,SARI,12/9/2023,Pediatrics,66
5/5/2026,SARI,12/16/2023,Adults,66
5/5/2026,SARI,12/16/2023,Overall,135
5/5/2026,SARI,12/16/2023,Pediatrics,69
5/5/2026,SARI,12/23/2023,Adults,56
5/5/2026,SARI,12/23/2023,Overall,102
5/5/2026,SARI,12/23/2023,Pediatrics,46
5/5/2026,SARI,12/30/2023,Adults,46
5/5/2026,SARI,12/30/2023,Overall,87
5/5/2026,SARI,12/30/2023,Pediatrics,41
5/5/2026,SARI,1/6/2024,Adults,95
5/5/2026,SARI,1/6/2024,Overall,160
5/5/2026,SARI,1/6/2024,Pediatrics,65
5/5/2026,SARI,1/13/2024,Adults,126
5/5/2026,SARI,1/13/2024,Overall,197
5/5/2026,SARI,1/13/2024,Pediatrics,71
5/5/2026,SARI,1/20/2024,Adults,165
5/5/2026,SARI,1/20/2024,Overall,247
5/5/2026,SARI,1/20/2024,Pediatrics,82
5/5/2026,SARI,1/27/2024,Adults,160
5/5/2026,SARI,1/27/2024,Overall,253
5/5/2026,SARI,1/27/2024,Pediatrics,93
5/5/2026,SARI,2/3/2024,Adults,165
5/5/2026,SARI,2/3/2024,Overall,252
5/5/2026,SARI,2/3/2024,Pediatrics,87
5/5/2026,SARI,2/10/2024,Adults,131
5/5/2026,SARI,2/10/2024,Overall,205
5/5/2026,SARI,2/10/2024,Pediatrics,74
5/5/2026,SARI,2/17/2024,Adults,114
5/5/2026,SARI,2/17/2024,Overall,176
5/5/2026,SARI,2/17/2024,Pediatrics,62
5/5/2026,SARI,2/24/2024,Adults,120
5/5/2026,SARI,2/24/2024,Overall,176
5/5/2026,SARI,2/24/2024,Pediatrics,56
5/5/2026,SARI,3/2/2024,Adults,92
5/5/2026,SARI,3/2/2024,Overall,155
5/5/2026,SARI,3/2/2024,Pediatrics,63
5/5/2026,SARI,3/9/2024,Adults,93
5/5/2026,SARI,3/9/2024,Overall,164
5/5/2026,SARI,3/9/2024,Pediatrics,71
5/5/2026,SARI,3/16/2024,Adults,94
5/5/2026,SARI,3/16/2024,Overall,213
5/5/2026,SARI,3/16/2024,Pediatrics,119
5/5/2026,SARI,3/23/2024,Adults,92
5/5/2026,SARI,3/23/2024,Overall,209
5/5/2026,SARI,3/23/2024,Pediatrics,117
5/5/2026,SARI,3/30/2024,Adults,96
5/5/2026,SARI,3/30/2024,Overall,207
5/5/2026,SARI,3/30/2024,Pediatrics,111
5/5/2026,SARI,4/6/2024,Adults,111
5/5/2026,SARI,4/6/2024,Overall,223
5/5/2026,SARI,4/6/2024,Pediatrics,112
5/5/2026,SARI,4/13/2024,Adults,95
5/5/2026,SARI,4/13/2024,Overall,198
5/5/2026,SARI,4/13/2024,Pediatrics,103
5/5/2026,SARI,4/20/2024,Adults,107
5/5/2026,SARI,4/20/2024,Overall,212
5/5/2026,SARI,4/20/2024,Pediatrics,105
5/5/2026,SARI,4/27/2024,Adults,97
5/5/2026,SARI,4/27/2024,Overall,241
5/5/2026,SARI,4/27/2024,Pediatrics,144
5/5/2026,SARI,5/4/2024,Adults,129
5/5/2026,SARI,5/4/2024,Overall,287
5/5/2026,SARI,5/4/2024,Pediatrics,158
5/5/2026,SARI,5/11/2024,Adults,151
5/5/2026,SARI,5/11/2024,Overall,338
5/5/2026,SARI,5/11/2024,Pediatrics,187
5/5/2026,SARI,5/18/2024,Adults,230
5/5/2026,SARI,5/18/2024,Overall,557
5/5/2026,SARI,5/18/2024,Pediatrics,327
5/5/2026,SARI,5/25/2024,Adults,333
5/5/2026,SARI,5/25/2024,Overall,746
5/5/2026,SARI,5/25/2024,Pediatrics,413
5/5/2026,SARI,6/1/2024,Adults,524
5/5/2026,SARI,6/1/2024,Overall,1053
5/5/2026,SARI,6/1/2024,Pediatrics,529
5/5/2026,SARI,6/8/2024,Adults,553
5/5/2026,SARI,6/8/2024,Overall,1270
5/5/2026,SARI,6/8/2024,Pediatrics,717
5/5/2026,SARI,6/15/2024,Adults,454
5/5/2026,SARI,6/15/2024,Overall,1031
5/5/2026,SARI,6/15/2024,Pediatrics,577
5/5/2026,SARI,6/22/2024,Adults,315
5/5/2026,SARI,6/22/2024,Overall,832
5/5/2026,SARI,6/22/2024,Pediatrics,517
5/5/2026,SARI,6/29/2024,Adults,277
5/5/2026,SARI,6/29/2024,Overall,825
5/5/2026,SARI,6/29/2024,Pediatrics,548
5/5/2026,SARI,7/6/2024,Adults,317
5/5/2026,SARI,7/6/2024,Overall,891
5/5/2026,SARI,7/6/2024,Pediatrics,574
5/5/2026,SARI,7/13/2024,Adults,251
5/5/2026,SARI,7/13/2024,Overall,830
5/5/2026,SARI,7/13/2024,Pediatrics,579
5/5/2026,SARI,7/20/2024,Adults,299
5/5/2026,SARI,7/20/2024,Overall,877
5/5/2026,SARI,7/20/2024,Pediatrics,578
5/5/2026,SARI,7/27/2024,Adults,229
5/5/2026,SARI,7/27/2024,Overall,707
5/5/2026,SARI,7/27/2024,Pediatrics,478
5/5/2026,SARI,8/3/2024,Adults,209
5/5/2026,SARI,8/3/2024,Overall,662
5/5/2026,SARI,8/3/2024,Pediatrics,453
5/5/2026,SARI,8/10/2024,Adults,184
5/5/2026,SARI,8/10/2024,Overall,668
5/5/2026,SARI,8/10/2024,Pediatrics,484
5/5/2026,SARI,8/17/2024,Adults,172
5/5/2026,SARI,8/17/2024,Overall,645
5/5/2026,SARI,8/17/2024,Pediatrics,473
5/5/2026,SARI,8/24/2024,Adults,175
5/5/2026,SARI,8/24/2024,Overall,642
5/5/2026,SARI,8/24/2024,Pediatrics,467
5/5/2026,SARI,8/31/2024,Adults,174
5/5/2026,SARI,8/31/2024,Overall,596
5/5/2026,SARI,8/31/2024,Pediatrics,422
5/5/2026,SARI,9/7/2024,Adults,210
5/5/2026,SARI,9/7/2024,Overall,718
5/5/2026,SARI,9/7/2024,Pediatrics,508
5/5/2026,SARI,9/14/2024,Adults,194
5/5/2026,SARI,9/14/2024,Overall,616
5/5/2026,SARI,9/14/2024,Pediatrics,422
5/5/2026,SARI,9/21/2024,Adults,178
5/5/2026,SARI,9/21/2024,Overall,598
5/5/2026,SARI,9/21/2024,Pediatrics,420
5/5/2026,SARI,9/28/2024,Adults,159
5/5/2026,SARI,9/28/2024,Overall,492
5/5/2026,SARI,9/28/2024,Pediatrics,333
5/5/2026,SARI,10/5/2024,Adults,199
5/5/2026,SARI,10/5/2024,Overall,511
5/5/2026,SARI,10/5/2024,Pediatrics,312
5/5/2026,SARI,10/12/2024,Adults,151
5/5/2026,SARI,10/12/2024,Overall,401
5/5/2026,SARI,10/12/2024,Pediatrics,250
5/5/2026,SARI,10/19/2024,Adults,165
5/5/2026,SARI,10/19/2024,Overall,424
5/5/2026,SARI,10/19/2024,Pediatrics,259
5/5/2026,SARI,10/26/2024,Adults,131
5/5/2026,SARI,10/26/2024,Overall,394
5/5/2026,SARI,10/26/2024,Pediatrics,263
5/5/2026,SARI,11/2/2024,Adults,116
5/5/2026,SARI,11/2/2024,Overall,353
5/5/2026,SARI,11/2/2024,Pediatrics,237
5/5/2026,SARI,11/9/2024,Adults,102
5/5/2026,SARI,11/9/2024,Overall,259
5/5/2026,SARI,11/9/2024,Pediatrics,157
5/5/2026,SARI,11/16/2024,Adults,112
5/5/2026,SARI,11/16/2024,Overall,284
5/5/2026,SARI,11/16/2024,Pediatrics,172
5/5/2026,SARI,11/23/2024,Adults,84
5/5/2026,SARI,11/23/2024,Overall,242
5/5/2026,SARI,11/23/2024,Pediatrics,158
5/5/2026,SARI,11/30/2024,Adults,73
5/5/2026,SARI,11/30/2024,Overall,221
5/5/2026,SARI,11/30/2024,Pediatrics,148
5/5/2026,SARI,12/7/2024,Adults,86
5/5/2026,SARI,12/7/2024,Overall,197
5/5/2026,SARI,12/7/2024,Pediatrics,111
5/5/2026,SARI,12/14/2024,Adults,90
5/5/2026,SARI,12/14/2024,Overall,202
5/5/2026,SARI,12/14/2024,Pediatrics,112
5/5/2026,SARI,12/21/2024,Adults,88
5/5/2026,SARI,12/21/2024,Overall,151
5/5/2026,SARI,12/21/2024,Pediatrics,63
5/5/2026,SARI,12/28/2024,Adults,60
5/5/2026,SARI,12/28/2024,Overall,113
5/5/2026,SARI,12/28/2024,Pediatrics,53
5/5/2026,SARI,1/4/2025,Adults,99
5/5/2026,SARI,1/4/2025,Overall,197
5/5/2026,SARI,1/4/2025,Pediatrics,98
5/5/2026,SARI,1/11/2025,Adults,97
5/5/2026,SARI,1/11/2025,Overall,175
5/5/2026,SARI,1/11/2025,Pediatrics,78
5/5/2026,SARI,1/18/2025,Adults,78
5/5/2026,SARI,1/18/2025,Overall,150
5/5/2026,SARI,1/18/2025,Pediatrics,72
5/5/2026,SARI,1/25/2025,Adults,81
5/5/2026,SARI,1/25/2025,Overall,163
5/5/2026,SARI,1/25/2025,Pediatrics,82
5/5/2026,SARI,2/1/2025,Adults,92
5/5/2026,SARI,2/1/2025,Overall,153
5/5/2026,SARI,2/1/2025,Pediatrics,61
5/5/2026,SARI,2/8/2025,Adults,86
5/5/2026,SARI,2/8/2025,Overall,172
5/5/2026,SARI,2/8/2025,Pediatrics,86
5/5/2026,SARI,2/15/2025,Adults,90
5/5/2026,SARI,2/15/2025,Overall,170
5/5/2026,SARI,2/15/2025,Pediatrics,80
5/5/2026,SARI,2/22/2025,Adults,86
5/5/2026,SARI,2/22/2025,Overall,164
5/5/2026,SARI,2/22/2025,Pediatrics,78
5/5/2026,SARI,3/1/2025,Adults,102
5/5/2026,SARI,3/1/2025,Overall,175
5/5/2026,SARI,3/1/2025,Pediatrics,73
5/5/2026,SARI,3/8/2025,Adults,101
5/5/2026,SARI,3/8/2025,Overall,181
5/5/2026,SARI,3/8/2025,Pediatrics,80
5/5/2026,SARI,3/15/2025,Adults,117
5/5/2026,SARI,3/15/2025,Overall,227
5/5/2026,SARI,3/15/2025,Pediatrics,110
5/5/2026,SARI,3/22/2025,Adults,158
5/5/2026,SARI,3/22/2025,Overall,320
5/5/2026,SARI,3/22/2025,Pediatrics,162
5/5/2026,SARI,3/29/2025,Adults,156
5/5/2026,SARI,3/29/2025,Overall,326
5/5/2026,SARI,3/29/2025,Pediatrics,170
5/5/2026,SARI,4/5/2025,Adults,150
5/5/2026,SARI,4/5/2025,Overall,292
5/5/2026,SARI,4/5/2025,Pediatrics,142
5/5/2026,SARI,4/12/2025,Adults,153
5/5/2026,SARI,4/12/2025,Overall,307
5/5/2026,SARI,4/12/2025,Pediatrics,154
5/5/2026,SARI,4/19/2025,Adults,153
5/5/2026,SARI,4/19/2025,Overall,334
5/5/2026,SARI,4/19/2025,Pediatrics,181
5/5/2026,SARI,4/26/2025,Adults,207
5/5/2026,SARI,4/26/2025,Overall,378
5/5/2026,SARI,4/26/2025,Pediatrics,171
5/5/2026,SARI,5/3/2025,Adults,190
5/5/2026,SARI,5/3/2025,Overall,402
5/5/2026,SARI,5/3/2025,Pediatrics,212
5/5/2026,SARI,5/10/2025,Adults,202
5/5/2026,SARI,5/10/2025,Overall,408
5/5/2026,SARI,5/10/2025,Pediatrics,206
5/5/2026,SARI,5/17/2025,Adults,235
5/5/2026,SARI,5/17/2025,Overall,486
5/5/2026,SARI,5/17/2025,Pediatrics,251
5/5/2026,SARI,5/24/2025,Adults,292
5/5/2026,SARI,5/24/2025,Overall,608
5/5/2026,SARI,5/24/2025,Pediatrics,316
5/5/2026,SARI,5/31/2025,Adults,347
5/5/2026,SARI,5/31/2025,Overall,710
5/5/2026,SARI,5/31/2025,Pediatrics,363
5/5/2026,SARI,6/7/2025,Adults,515
5/5/2026,SARI,6/7/2025,Overall,1046
5/5/2026,SARI,6/7/2025,Pediatrics,531
5/5/2026,SARI,6/14/2025,Adults,582
5/5/2026,SARI,6/14/2025,Overall,1092
5/5/2026,SARI,6/14/2025,Pediatrics,510
5/5/2026,SARI,6/21/2025,Adults,503
5/5/2026,SARI,6/21/2025,Overall,1009
5/5/2026,SARI,6/21/2025,Pediatrics,506
5/5/2026,SARI,6/28/2025,Adults,458
5/5/2026,SARI,6/28/2025,Overall,915
5/5/2026,SARI,6/28/2025,Pediatrics,457
5/5/2026,SARI,7/5/2025,Adults,422
5/5/2026,SARI,7/5/2025,Overall,971
5/5/2026,SARI,7/5/2025,Pediatrics,549
5/5/2026,SARI,7/12/2025,Adults,320
5/5/2026,SARI,7/12/2025,Overall,838
5/5/2026,SARI,7/12/2025,Pediatrics,518
5/5/2026,SARI,7/19/2025,Adults,224
5/5/2026,SARI,7/19/2025,Overall,798
5/5/2026,SARI,7/19/2025,Pediatrics,574
5/5/2026,SARI,7/26/2025,Adults,172
5/5/2026,SARI,7/26/2025,Overall,665
5/5/2026,SARI,7/26/2025,Pediatrics,493
5/5/2026,SARI,8/2/2025,Adults,177
5/5/2026,SARI,8/2/2025,Overall,726
5/5/2026,SARI,8/2/2025,Pediatrics,549
5/5/2026,SARI,8/9/2025,Adults,187
5/5/2026,SARI,8/9/2025,Overall,695
5/5/2026,SARI,8/9/2025,Pediatrics,508
5/5/2026,SARI,8/16/2025,Adults,161
5/5/2026,SARI,8/16/2025,Overall,701
5/5/2026,SARI,8/16/2025,Pediatrics,540
5/5/2026,SARI,8/23/2025,Adults,168
5/5/2026,SARI,8/23/2025,Overall,708
5/5/2026,SARI,8/23/2025,Pediatrics,540
5/5/2026,SARI,8/30/2025,Adults,146
5/5/2026,SARI,8/30/2025,Overall,600
5/5/2026,SARI,8/30/2025,Pediatrics,454
5/5/2026,SARI,9/6/2025,Adults,164
5/5/2026,SARI,9/6/2025,Overall,591
5/5/2026,SARI,9/6/2025,Pediatrics,427
5/5/2026,SARI,9/13/2025,Adults,164
5/5/2026,SARI,9/13/2025,Overall,571
5/5/2026,SARI,9/13/2025,Pediatrics,407
5/5/2026,SARI,9/20/2025,Adults,158
5/5/2026,SARI,9/20/2025,Overall,520
5/5/2026,SARI,9/20/2025,Pediatrics,362
5/5/2026,SARI,9/27/2025,Adults,132
5/5/2026,SARI,9/27/2025,Overall,430
5/5/2026,SARI,9/27/2025,Pediatrics,298
5/5/2026,SARI,10/4/2025,Adults,126
5/5/2026,SARI,10/4/2025,Overall,425
5/5/2026,SARI,10/4/2025,Pediatrics,299
5/5/2026,SARI,10/11/2025,Adults,110
5/5/2026,SARI,10/11/2025,Overall,383
5/5/2026,SARI,10/11/2025,Pediatrics,273
5/5/2026,SARI,10/18/2025,Adults,121
5/5/2026,SARI,10/18/2025,Overall,346
5/5/2026,SARI,10/18/2025,Pediatrics,225
5/5/2026,SARI,10/25/2025,Adults,116
5/5/2026,SARI,10/25/2025,Overall,338
5/5/2026,SARI,10/25/2025,Pediatrics,222
5/5/2026,SARI,11/1/2025,Adults,100
5/5/2026,SARI,11/1/2025,Overall,259
5/5/2026,SARI,11/1/2025,Pediatrics,159
5/5/2026,SARI,11/8/2025,Adults,91
5/5/2026,SARI,11/8/2025,Overall,309
5/5/2026,SARI,11/8/2025,Pediatrics,218
5/5/2026,SARI,11/15/2025,Adults,116
5/5/2026,SARI,11/15/2025,Overall,276
5/5/2026,SARI,11/15/2025,Pediatrics,160
5/5/2026,SARI,11/22/2025,Adults,77
5/5/2026,SARI,11/22/2025,Overall,214
5/5/2026,SARI,11/22/2025,Pediatrics,137
5/5/2026,SARI,11/29/2025,Adults,61
5/5/2026,SARI,11/29/2025,Overall,174
5/5/2026,SARI,11/29/2025,Pediatrics,113
5/5/2026,SARI,12/6/2025,Adults,83
5/5/2026,SARI,12/6/2025,Overall,187
5/5/2026,SARI,12/6/2025,Pediatrics,104
5/5/2026,SARI,12/13/2025,Adults,89
5/5/2026,SARI,12/13/2025,Overall,191
5/5/2026,SARI,12/13/2025,Pediatrics,102
5/5/2026,SARI,12/20/2025,Adults,65
5/5/2026,SARI,12/20/2025,Overall,137
5/5/2026,SARI,12/20/2025,Pediatrics,72
5/5/2026,SARI,12/27/2025,Adults,93
5/5/2026,SARI,12/27/2025,Overall,145
5/5/2026,SARI,12/27/2025,Pediatrics,52
5/5/2026,SARI,1/3/2026,Adults,52
5/5/2026,SARI,1/3/2026,Overall,99
5/5/2026,SARI,1/3/2026,Pediatrics,47
5/5/2026,SARI,1/10/2026,Adults,96
5/5/2026,SARI,1/10/2026,Overall,184
5/5/2026,SARI,1/10/2026,Pediatrics,88
5/5/2026,SARI,1/17/2026,Adults,80
5/5/2026,SARI,1/17/2026,Overall,150
5/5/2026,SARI,1/17/2026,Pediatrics,70
5/5/2026,SARI,1/24/2026,Adults,92
5/5/2026,SARI,1/24/2026,Overall,162
5/5/2026,SARI,1/24/2026,Pediatrics,70
5/5/2026,SARI,1/31/2026,Adults,68
5/5/2026,SARI,1/31/2026,Overall,129
5/5/2026,SARI,1/31/2026,Pediatrics,61
5/5/2026,SARI,2/7/2026,Adults,95
5/5/2026,SARI,2/7/2026,Overall,149
5/5/2026,SARI,2/7/2026,Pediatrics,54
5/5/2026,SARI,2/14/2026,Adults,61
5/5/2026,SARI,2/14/2026,Overall,110
5/5/2026,SARI,2/14/2026,Pediatrics,49
5/5/2026,SARI,2/21/2026,Adults,66
5/5/2026,SARI,2/21/2026,Overall,117
5/5/2026,SARI,2/21/2026,Pediatrics,51
5/5/2026,SARI,2/28/2026,Adults,68
5/5/2026,SARI,2/28/2026,Overall,136
5/5/2026,SARI,2/28/2026,Pediatrics,68
5/5/2026,SARI,3/7/2026,Adults,85
5/5/2026,SARI,3/7/2026,Overall,186
5/5/2026,SARI,3/7/2026,Pediatrics,101
5/5/2026,SARI,3/14/2026,Adults,74
5/5/2026,SARI,3/14/2026,Overall,266
5/5/2026,SARI,3/14/2026,Pediatrics,192
5/5/2026,SARI,3/21/2026,Adults,87
5/5/2026,SARI,3/21/2026,Overall,265
5/5/2026,SARI,3/21/2026,Pediatrics,178
5/5/2026,SARI,3/28/2026,Adults,87
5/5/2026,SARI,3/28/2026,Overall,223
5/5/2026,SARI,3/28/2026,Pediatrics,136
5/5/2026,SARI,4/4/2026,Adults,103
5/5/2026,SARI,4/4/2026,Overall,223
5/5/2026,SARI,4/4/2026,Pediatrics,120
5/5/2026,SARI,4/11/2026,Adults,112
5/5/2026,SARI,4/11/2026,Overall,243
5/5/2026,SARI,4/11/2026,Pediatrics,131
5/5/2026,SARI,4/18/2026,Adults,70
5/5/2026,SARI,4/18/2026,Overall,227
5/5/2026,SARI,4/18/2026,Pediatrics,157
5/13/2026,SARI,1/8/2022,Adults,1023
5/13/2026,SARI,1/8/2022,Overall,1186
5/13/2026,SARI,1/8/2022,Pediatrics,163
5/13/2026,SARI,1/15/2022,Adults,1251
5/13/2026,SARI,1/15/2022,Overall,1423
5/13/2026,SARI,1/15/2022,Pediatrics,172
5/13/2026,SARI,1/22/2022,Adults,1113
5/13/2026,SARI,1/22/2022,Overall,1303
5/13/2026,SARI,1/22/2022,Pediatrics,190
5/13/2026,SARI,1/29/2022,Adults,769
5/13/2026,SARI,1/29/2022,Overall,907
5/13/2026,SARI,1/29/2022,Pediatrics,138
5/13/2026,SARI,2/5/2022,Adults,587
5/13/2026,SARI,2/5/2022,Overall,698
5/13/2026,SARI,2/5/2022,Pediatrics,111
5/13/2026,SARI,2/12/2022,Adults,420
5/13/2026,SARI,2/12/2022,Overall,537
5/13/2026,SARI,2/12/2022,Pediatrics,117
5/13/2026,SARI,2/19/2022,Adults,473
5/13/2026,SARI,2/19/2022,Overall,604
5/13/2026,SARI,2/19/2022,Pediatrics,131
5/13/2026,SARI,2/26/2022,Adults,430
5/13/2026,SARI,2/26/2022,Overall,551
5/13/2026,SARI,2/26/2022,Pediatrics,121
5/13/2026,SARI,3/5/2022,Adults,533
5/13/2026,SARI,3/5/2022,Overall,702
5/13/2026,SARI,3/5/2022,Pediatrics,169
5/13/2026,SARI,3/12/2022,Adults,502
5/13/2026,SARI,3/12/2022,Overall,730
5/13/2026,SARI,3/12/2022,Pediatrics,228
5/13/2026,SARI,3/19/2022,Adults,518
5/13/2026,SARI,3/19/2022,Overall,772
5/13/2026,SARI,3/19/2022,Pediatrics,254
5/13/2026,SARI,3/26/2022,Adults,437
5/13/2026,SARI,3/26/2022,Overall,633
5/13/2026,SARI,3/26/2022,Pediatrics,196
5/13/2026,SARI,4/2/2022,Adults,377
5/13/2026,SARI,4/2/2022,Overall,567
5/13/2026,SARI,4/2/2022,Pediatrics,190
5/13/2026,SARI,4/9/2022,Adults,349
5/13/2026,SARI,4/9/2022,Overall,573
5/13/2026,SARI,4/9/2022,Pediatrics,224
5/13/2026,SARI,4/16/2022,Adults,302
5/13/2026,SARI,4/16/2022,Overall,511
5/13/2026,SARI,4/16/2022,Pediatrics,209
5/13/2026,SARI,4/23/2022,Adults,271
5/13/2026,SARI,4/23/2022,Overall,496
5/13/2026,SARI,4/23/2022,Pediatrics,225
5/13/2026,SARI,4/30/2022,Adults,267
5/13/2026,SARI,4/30/2022,Overall,547
5/13/2026,SARI,4/30/2022,Pediatrics,280
5/13/2026,SARI,5/7/2022,Adults,312
5/13/2026,SARI,5/7/2022,Overall,613
5/13/2026,SARI,5/7/2022,Pediatrics,301
5/13/2026,SARI,5/14/2022,Adults,343
5/13/2026,SARI,5/14/2022,Overall,761
5/13/2026,SARI,5/14/2022,Pediatrics,418
5/13/2026,SARI,5/21/2022,Adults,394
5/13/2026,SARI,5/21/2022,Overall,898
5/13/2026,SARI,5/21/2022,Pediatrics,504
5/13/2026,SARI,5/28/2022,Adults,419
5/13/2026,SARI,5/28/2022,Overall,846
5/13/2026,SARI,5/28/2022,Pediatrics,427
5/13/2026,SARI,6/4/2022,Adults,457
5/13/2026,SARI,6/4/2022,Overall,925
5/13/2026,SARI,6/4/2022,Pediatrics,468
5/13/2026,SARI,6/11/2022,Adults,482
5/13/2026,SARI,6/11/2022,Overall,1042
5/13/2026,SARI,6/11/2022,Pediatrics,560
5/13/2026,SARI,6/18/2022,Adults,429
5/13/2026,SARI,6/18/2022,Overall,918
5/13/2026,SARI,6/18/2022,Pediatrics,489
5/13/2026,SARI,6/25/2022,Adults,416
5/13/2026,SARI,6/25/2022,Overall,824
5/13/2026,SARI,6/25/2022,Pediatrics,408
5/13/2026,SARI,7/2/2022,Adults,483
5/13/2026,SARI,7/2/2022,Overall,871
5/13/2026,SARI,7/2/2022,Pediatrics,388
5/13/2026,SARI,7/9/2022,Adults,440
5/13/2026,SARI,7/9/2022,Overall,868
5/13/2026,SARI,7/9/2022,Pediatrics,428
5/13/2026,SARI,7/16/2022,Adults,462
5/13/2026,SARI,7/16/2022,Overall,821
5/13/2026,SARI,7/16/2022,Pediatrics,359
5/13/2026,SARI,7/23/2022,Adults,490
5/13/2026,SARI,7/23/2022,Overall,833
5/13/2026,SARI,7/23/2022,Pediatrics,343
5/13/2026,SARI,7/30/2022,Adults,422
5/13/2026,SARI,7/30/2022,Overall,701
5/13/2026,SARI,7/30/2022,Pediatrics,279
5/13/2026,SARI,8/6/2022,Adults,403
5/13/2026,SARI,8/6/2022,Overall,675
5/13/2026,SARI,8/6/2022,Pediatrics,272
5/13/2026,SARI,8/13/2022,Adults,348
5/13/2026,SARI,8/13/2022,Overall,652
5/13/2026,SARI,8/13/2022,Pediatrics,304
5/13/2026,SARI,8/20/2022,Adults,307
5/13/2026,SARI,8/20/2022,Overall,655
5/13/2026,SARI,8/20/2022,Pediatrics,348
5/13/2026,SARI,8/27/2022,Adults,286
5/13/2026,SARI,8/27/2022,Overall,595
5/13/2026,SARI,8/27/2022,Pediatrics,309
5/13/2026,SARI,9/3/2022,Adults,282
5/13/2026,SARI,9/3/2022,Overall,611
5/13/2026,SARI,9/3/2022,Pediatrics,329
5/13/2026,SARI,9/10/2022,Adults,305
5/13/2026,SARI,9/10/2022,Overall,616
5/13/2026,SARI,9/10/2022,Pediatrics,311
5/13/2026,SARI,9/17/2022,Adults,235
5/13/2026,SARI,9/17/2022,Overall,525
5/13/2026,SARI,9/17/2022,Pediatrics,290
5/13/2026,SARI,9/24/2022,Adults,242
5/13/2026,SARI,9/24/2022,Overall,502
5/13/2026,SARI,9/24/2022,Pediatrics,260
5/13/2026,SARI,10/1/2022,Adults,255
5/13/2026,SARI,10/1/2022,Overall,561
5/13/2026,SARI,10/1/2022,Pediatrics,306
5/13/2026,SARI,10/8/2022,Adults,208
5/13/2026,SARI,10/8/2022,Overall,480
5/13/2026,SARI,10/8/2022,Pediatrics,272
5/13/2026,SARI,10/15/2022,Adults,272
5/13/2026,SARI,10/15/2022,Overall,545
5/13/2026,SARI,10/15/2022,Pediatrics,273
5/13/2026,SARI,10/22/2022,Adults,267
5/13/2026,SARI,10/22/2022,Overall,591
5/13/2026,SARI,10/22/2022,Pediatrics,324
5/13/2026,SARI,10/29/2022,Adults,223
5/13/2026,SARI,10/29/2022,Overall,501
5/13/2026,SARI,10/29/2022,Pediatrics,278
5/13/2026,SARI,11/5/2022,Adults,230
5/13/2026,SARI,11/5/2022,Overall,481
5/13/2026,SARI,11/5/2022,Pediatrics,251
5/13/2026,SARI,11/12/2022,Adults,194
5/13/2026,SARI,11/12/2022,Overall,433
5/13/2026,SARI,11/12/2022,Pediatrics,239
5/13/2026,SARI,11/19/2022,Adults,161
5/13/2026,SARI,11/19/2022,Overall,329
5/13/2026,SARI,11/19/2022,Pediatrics,168
5/13/2026,SARI,11/26/2022,Adults,152
5/13/2026,SARI,11/26/2022,Overall,282
5/13/2026,SARI,11/26/2022,Pediatrics,130
5/13/2026,SARI,12/3/2022,Adults,189
5/13/2026,SARI,12/3/2022,Overall,323
5/13/2026,SARI,12/3/2022,Pediatrics,134
5/13/2026,SARI,12/10/2022,Adults,285
5/13/2026,SARI,12/10/2022,Overall,408
5/13/2026,SARI,12/10/2022,Pediatrics,123
5/13/2026,SARI,12/17/2022,Adults,309
5/13/2026,SARI,12/17/2022,Overall,457
5/13/2026,SARI,12/17/2022,Pediatrics,148
5/13/2026,SARI,12/24/2022,Adults,357
5/13/2026,SARI,12/24/2022,Overall,465
5/13/2026,SARI,12/24/2022,Pediatrics,108
5/13/2026,SARI,12/31/2022,Adults,324
5/13/2026,SARI,12/31/2022,Overall,407
5/13/2026,SARI,12/31/2022,Pediatrics,83
5/13/2026,SARI,1/7/2023,Adults,330
5/13/2026,SARI,1/7/2023,Overall,448
5/13/2026,SARI,1/7/2023,Pediatrics,118
5/13/2026,SARI,1/14/2023,Adults,237
5/13/2026,SARI,1/14/2023,Overall,359
5/13/2026,SARI,1/14/2023,Pediatrics,122
5/13/2026,SARI,1/21/2023,Adults,195
5/13/2026,SARI,1/21/2023,Overall,304
5/13/2026,SARI,1/21/2023,Pediatrics,109
5/13/2026,SARI,1/28/2023,Adults,135
5/13/2026,SARI,1/28/2023,Overall,226
5/13/2026,SARI,1/28/2023,Pediatrics,91
5/13/2026,SARI,2/4/2023,Adults,133
5/13/2026,SARI,2/4/2023,Overall,254
5/13/2026,SARI,2/4/2023,Pediatrics,121
5/13/2026,SARI,2/11/2023,Adults,100
5/13/2026,SARI,2/11/2023,Overall,222
5/13/2026,SARI,2/11/2023,Pediatrics,122
5/13/2026,SARI,2/18/2023,Adults,107
5/13/2026,SARI,2/18/2023,Overall,204
5/13/2026,SARI,2/18/2023,Pediatrics,97
5/13/2026,SARI,2/25/2023,Adults,100
5/13/2026,SARI,2/25/2023,Overall,200
5/13/2026,SARI,2/25/2023,Pediatrics,100
5/13/2026,SARI,3/4/2023,Adults,137
5/13/2026,SARI,3/4/2023,Overall,289
5/13/2026,SARI,3/4/2023,Pediatrics,152
5/13/2026,SARI,3/11/2023,Adults,104
5/13/2026,SARI,3/11/2023,Overall,300
5/13/2026,SARI,3/11/2023,Pediatrics,196
5/13/2026,SARI,3/18/2023,Adults,92
5/13/2026,SARI,3/18/2023,Overall,249
5/13/2026,SARI,3/18/2023,Pediatrics,157
5/13/2026,SARI,3/25/2023,Adults,83
5/13/2026,SARI,3/25/2023,Overall,238
5/13/2026,SARI,3/25/2023,Pediatrics,155
5/13/2026,SARI,4/1/2023,Adults,78
5/13/2026,SARI,4/1/2023,Overall,251
5/13/2026,SARI,4/1/2023,Pediatrics,173
5/13/2026,SARI,4/8/2023,Adults,90
5/13/2026,SARI,4/8/2023,Overall,275
5/13/2026,SARI,4/8/2023,Pediatrics,185
5/13/2026,SARI,4/15/2023,Adults,102
5/13/2026,SARI,4/15/2023,Overall,297
5/13/2026,SARI,4/15/2023,Pediatrics,195
5/13/2026,SARI,4/22/2023,Adults,91
5/13/2026,SARI,4/22/2023,Overall,320
5/13/2026,SARI,4/22/2023,Pediatrics,229
5/13/2026,SARI,4/29/2023,Adults,92
5/13/2026,SARI,4/29/2023,Overall,415
5/13/2026,SARI,4/29/2023,Pediatrics,323
5/13/2026,SARI,5/6/2023,Adults,102
5/13/2026,SARI,5/6/2023,Overall,484
5/13/2026,SARI,5/6/2023,Pediatrics,382
5/13/2026,SARI,5/13/2023,Adults,118
5/13/2026,SARI,5/13/2023,Overall,544
5/13/2026,SARI,5/13/2023,Pediatrics,426
5/13/2026,SARI,5/20/2023,Adults,113
5/13/2026,SARI,5/20/2023,Overall,596
5/13/2026,SARI,5/20/2023,Pediatrics,483
5/13/2026,SARI,5/27/2023,Adults,119
5/13/2026,SARI,5/27/2023,Overall,680
5/13/2026,SARI,5/27/2023,Pediatrics,561
5/13/2026,SARI,6/3/2023,Adults,182
5/13/2026,SARI,6/3/2023,Overall,706
5/13/2026,SARI,6/3/2023,Pediatrics,524
5/13/2026,SARI,6/10/2023,Adults,190
5/13/2026,SARI,6/10/2023,Overall,742
5/13/2026,SARI,6/10/2023,Pediatrics,552
5/13/2026,SARI,6/17/2023,Adults,196
5/13/2026,SARI,6/17/2023,Overall,633
5/13/2026,SARI,6/17/2023,Pediatrics,437
5/13/2026,SARI,6/24/2023,Adults,264
5/13/2026,SARI,6/24/2023,Overall,703
5/13/2026,SARI,6/24/2023,Pediatrics,439
5/13/2026,SARI,7/1/2023,Adults,257
5/13/2026,SARI,7/1/2023,Overall,675
5/13/2026,SARI,7/1/2023,Pediatrics,418
5/13/2026,SARI,7/8/2023,Adults,229
5/13/2026,SARI,7/8/2023,Overall,582
5/13/2026,SARI,7/8/2023,Pediatrics,353
5/13/2026,SARI,7/15/2023,Adults,191
5/13/2026,SARI,7/15/2023,Overall,524
5/13/2026,SARI,7/15/2023,Pediatrics,333
5/13/2026,SARI,7/22/2023,Adults,188
5/13/2026,SARI,7/22/2023,Overall,451
5/13/2026,SARI,7/22/2023,Pediatrics,263
5/13/2026,SARI,7/29/2023,Adults,153
5/13/2026,SARI,7/29/2023,Overall,379
5/13/2026,SARI,7/29/2023,Pediatrics,226
5/13/2026,SARI,8/5/2023,Adults,176
5/13/2026,SARI,8/5/2023,Overall,391
5/13/2026,SARI,8/5/2023,Pediatrics,215
5/13/2026,SARI,8/12/2023,Adults,147
5/13/2026,SARI,8/12/2023,Overall,409
5/13/2026,SARI,8/12/2023,Pediatrics,262
5/13/2026,SARI,8/19/2023,Adults,164
5/13/2026,SARI,8/19/2023,Overall,404
5/13/2026,SARI,8/19/2023,Pediatrics,240
5/13/2026,SARI,8/26/2023,Adults,178
5/13/2026,SARI,8/26/2023,Overall,408
5/13/2026,SARI,8/26/2023,Pediatrics,230
5/13/2026,SARI,9/2/2023,Adults,191
5/13/2026,SARI,9/2/2023,Overall,443
5/13/2026,SARI,9/2/2023,Pediatrics,252
5/13/2026,SARI,9/9/2023,Adults,184
5/13/2026,SARI,9/9/2023,Overall,417
5/13/2026,SARI,9/9/2023,Pediatrics,233
5/13/2026,SARI,9/16/2023,Adults,175
5/13/2026,SARI,9/16/2023,Overall,434
5/13/2026,SARI,9/16/2023,Pediatrics,259
5/13/2026,SARI,9/23/2023,Adults,170
5/13/2026,SARI,9/23/2023,Overall,396
5/13/2026,SARI,9/23/2023,Pediatrics,226
5/13/2026,SARI,9/30/2023,Adults,109
5/13/2026,SARI,9/30/2023,Overall,290
5/13/2026,SARI,9/30/2023,Pediatrics,181
5/13/2026,SARI,10/7/2023,Adults,111
5/13/2026,SARI,10/7/2023,Overall,301
5/13/2026,SARI,10/7/2023,Pediatrics,190
5/13/2026,SARI,10/14/2023,Adults,114
5/13/2026,SARI,10/14/2023,Overall,305
5/13/2026,SARI,10/14/2023,Pediatrics,191
5/13/2026,SARI,10/21/2023,Adults,114
5/13/2026,SARI,10/21/2023,Overall,278
5/13/2026,SARI,10/21/2023,Pediatrics,164
5/13/2026,SARI,10/28/2023,Adults,75
5/13/2026,SARI,10/28/2023,Overall,191
5/13/2026,SARI,10/28/2023,Pediatrics,116
5/13/2026,SARI,11/4/2023,Adults,81
5/13/2026,SARI,11/4/2023,Overall,210
5/13/2026,SARI,11/4/2023,Pediatrics,129
5/13/2026,SARI,11/11/2023,Adults,85
5/13/2026,SARI,11/11/2023,Overall,201
5/13/2026,SARI,11/11/2023,Pediatrics,116
5/13/2026,SARI,11/18/2023,Adults,79
5/13/2026,SARI,11/18/2023,Overall,192
5/13/2026,SARI,11/18/2023,Pediatrics,113
5/13/2026,SARI,11/25/2023,Adults,74
5/13/2026,SARI,11/25/2023,Overall,168
5/13/2026,SARI,11/25/2023,Pediatrics,94
5/13/2026,SARI,12/2/2023,Adults,70
5/13/2026,SARI,12/2/2023,Overall,168
5/13/2026,SARI,12/2/2023,Pediatrics,98
5/13/2026,SARI,12/9/2023,Adults,64
5/13/2026,SARI,12/9/2023,Overall,130
5/13/2026,SARI,12/9/2023,Pediatrics,66
5/13/2026,SARI,12/16/2023,Adults,66
5/13/2026,SARI,12/16/2023,Overall,135
5/13/2026,SARI,12/16/2023,Pediatrics,69
5/13/2026,SARI,12/23/2023,Adults,56
5/13/2026,SARI,12/23/2023,Overall,102
5/13/2026,SARI,12/23/2023,Pediatrics,46
5/13/2026,SARI,12/30/2023,Adults,46
5/13/2026,SARI,12/30/2023,Overall,87
5/13/2026,SARI,12/30/2023,Pediatrics,41
5/13/2026,SARI,1/6/2024,Adults,95
5/13/2026,SARI,1/6/2024,Overall,160
5/13/2026,SARI,1/6/2024,Pediatrics,65
5/13/2026,SARI,1/13/2024,Adults,126
5/13/2026,SARI,1/13/2024,Overall,197
5/13/2026,SARI,1/13/2024,Pediatrics,71
5/13/2026,SARI,1/20/2024,Adults,165
5/13/2026,SARI,1/20/2024,Overall,247
5/13/2026,SARI,1/20/2024,Pediatrics,82
5/13/2026,SARI,1/27/2024,Adults,160
5/13/2026,SARI,1/27/2024,Overall,253
5/13/2026,SARI,1/27/2024,Pediatrics,93
5/13/2026,SARI,2/3/2024,Adults,165
5/13/2026,SARI,2/3/2024,Overall,252
5/13/2026,SARI,2/3/2024,Pediatrics,87
5/13/2026,SARI,2/10/2024,Adults,131
5/13/2026,SARI,2/10/2024,Overall,205
5/13/2026,SARI,2/10/2024,Pediatrics,74
5/13/2026,SARI,2/17/2024,Adults,114
5/13/2026,SARI,2/17/2024,Overall,176
5/13/2026,SARI,2/17/2024,Pediatrics,62
5/13/2026,SARI,2/24/2024,Adults,120
5/13/2026,SARI,2/24/2024,Overall,176
5/13/2026,SARI,2/24/2024,Pediatrics,56
5/13/2026,SARI,3/2/2024,Adults,92
5/13/2026,SARI,3/2/2024,Overall,155
5/13/2026,SARI,3/2/2024,Pediatrics,63
5/13/2026,SARI,3/9/2024,Adults,93
5/13/2026,SARI,3/9/2024,Overall,164
5/13/2026,SARI,3/9/2024,Pediatrics,71
5/13/2026,SARI,3/16/2024,Adults,94
5/13/2026,SARI,3/16/2024,Overall,213
5/13/2026,SARI,3/16/2024,Pediatrics,119
5/13/2026,SARI,3/23/2024,Adults,92
5/13/2026,SARI,3/23/2024,Overall,209
5/13/2026,SARI,3/23/2024,Pediatrics,117
5/13/2026,SARI,3/30/2024,Adults,96
5/13/2026,SARI,3/30/2024,Overall,207
5/13/2026,SARI,3/30/2024,Pediatrics,111
5/13/2026,SARI,4/6/2024,Adults,111
5/13/2026,SARI,4/6/2024,Overall,223
5/13/2026,SARI,4/6/2024,Pediatrics,112
5/13/2026,SARI,4/13/2024,Adults,95
5/13/2026,SARI,4/13/2024,Overall,198
5/13/2026,SARI,4/13/2024,Pediatrics,103
5/13/2026,SARI,4/20/2024,Adults,107
5/13/2026,SARI,4/20/2024,Overall,212
5/13/2026,SARI,4/20/2024,Pediatrics,105
5/13/2026,SARI,4/27/2024,Adults,97
5/13/2026,SARI,4/27/2024,Overall,241
5/13/2026,SARI,4/27/2024,Pediatrics,144
5/13/2026,SARI,5/4/2024,Adults,129
5/13/2026,SARI,5/4/2024,Overall,287
5/13/2026,SARI,5/4/2024,Pediatrics,158
5/13/2026,SARI,5/11/2024,Adults,151
5/13/2026,SARI,5/11/2024,Overall,338
5/13/2026,SARI,5/11/2024,Pediatrics,187
5/13/2026,SARI,5/18/2024,Adults,230
5/13/2026,SARI,5/18/2024,Overall,557
5/13/2026,SARI,5/18/2024,Pediatrics,327
5/13/2026,SARI,5/25/2024,Adults,333
5/13/2026,SARI,5/25/2024,Overall,746
5/13/2026,SARI,5/25/2024,Pediatrics,413
5/13/2026,SARI,6/1/2024,Adults,524
5/13/2026,SARI,6/1/2024,Overall,1053
5/13/2026,SARI,6/1/2024,Pediatrics,529
5/13/2026,SARI,6/8/2024,Adults,553
5/13/2026,SARI,6/8/2024,Overall,1270
5/13/2026,SARI,6/8/2024,Pediatrics,717
5/13/2026,SARI,6/15/2024,Adults,454
5/13/2026,SARI,6/15/2024,Overall,1031
5/13/2026,SARI,6/15/2024,Pediatrics,577
5/13/2026,SARI,6/22/2024,Adults,315
5/13/2026,SARI,6/22/2024,Overall,832
5/13/2026,SARI,6/22/2024,Pediatrics,517
5/13/2026,SARI,6/29/2024,Adults,277
5/13/2026,SARI,6/29/2024,Overall,825
5/13/2026,SARI,6/29/2024,Pediatrics,548
5/13/2026,SARI,7/6/2024,Adults,317
5/13/2026,SARI,7/6/2024,Overall,891
5/13/2026,SARI,7/6/2024,Pediatrics,574
5/13/2026,SARI,7/13/2024,Adults,251
5/13/2026,SARI,7/13/2024,Overall,830
5/13/2026,SARI,7/13/2024,Pediatrics,579
5/13/2026,SARI,7/20/2024,Adults,299
5/13/2026,SARI,7/20/2024,Overall,877
5/13/2026,SARI,7/20/2024,Pediatrics,578
5/13/2026,SARI,7/27/2024,Adults,229
5/13/2026,SARI,7/27/2024,Overall,707
5/13/2026,SARI,7/27/2024,Pediatrics,478
5/13/2026,SARI,8/3/2024,Adults,209
5/13/2026,SARI,8/3/2024,Overall,662
5/13/2026,SARI,8/3/2024,Pediatrics,453
5/13/2026,SARI,8/10/2024,Adults,184
5/13/2026,SARI,8/10/2024,Overall,668
5/13/2026,SARI,8/10/2024,Pediatrics,484
5/13/2026,SARI,8/17/2024,Adults,172
5/13/2026,SARI,8/17/2024,Overall,645
5/13/2026,SARI,8/17/2024,Pediatrics,473
5/13/2026,SARI,8/24/2024,Adults,175
5/13/2026,SARI,8/24/2024,Overall,642
5/13/2026,SARI,8/24/2024,Pediatrics,467
5/13/2026,SARI,8/31/2024,Adults,174
5/13/2026,SARI,8/31/2024,Overall,596
5/13/2026,SARI,8/31/2024,Pediatrics,422
5/13/2026,SARI,9/7/2024,Adults,210
5/13/2026,SARI,9/7/2024,Overall,718
5/13/2026,SARI,9/7/2024,Pediatrics,508
5/13/2026,SARI,9/14/2024,Adults,194
5/13/2026,SARI,9/14/2024,Overall,616
5/13/2026,SARI,9/14/2024,Pediatrics,422
5/13/2026,SARI,9/21/2024,Adults,178
5/13/2026,SARI,9/21/2024,Overall,598
5/13/2026,SARI,9/21/2024,Pediatrics,420
5/13/2026,SARI,9/28/2024,Adults,159
5/13/2026,SARI,9/28/2024,Overall,492
5/13/2026,SARI,9/28/2024,Pediatrics,333
5/13/2026,SARI,10/5/2024,Adults,199
5/13/2026,SARI,10/5/2024,Overall,511
5/13/2026,SARI,10/5/2024,Pediatrics,312
5/13/2026,SARI,10/12/2024,Adults,151
5/13/2026,SARI,10/12/2024,Overall,401
5/13/2026,SARI,10/12/2024,Pediatrics,250
5/13/2026,SARI,10/19/2024,Adults,165
5/13/2026,SARI,10/19/2024,Overall,424
5/13/2026,SARI,10/19/2024,Pediatrics,259
5/13/2026,SARI,10/26/2024,Adults,131
5/13/2026,SARI,10/26/2024,Overall,394
5/13/2026,SARI,10/26/2024,Pediatrics,263
5/13/2026,SARI,11/2/2024,Adults,116
5/13/2026,SARI,11/2/2024,Overall,353
5/13/2026,SARI,11/2/2024,Pediatrics,237
5/13/2026,SARI,11/9/2024,Adults,102
5/13/2026,SARI,11/9/2024,Overall,259
5/13/2026,SARI,11/9/2024,Pediatrics,157
5/13/2026,SARI,11/16/2024,Adults,112
5/13/2026,SARI,11/16/2024,Overall,284
5/13/2026,SARI,11/16/2024,Pediatrics,172
5/13/2026,SARI,11/23/2024,Adults,84
5/13/2026,SARI,11/23/2024,Overall,242
5/13/2026,SARI,11/23/2024,Pediatrics,158
5/13/2026,SARI,11/30/2024,Adults,73
5/13/2026,SARI,11/30/2024,Overall,221
5/13/2026,SARI,11/30/2024,Pediatrics,148
5/13/2026,SARI,12/7/2024,Adults,86
5/13/2026,SARI,12/7/2024,Overall,197
5/13/2026,SARI,12/7/2024,Pediatrics,111
5/13/2026,SARI,12/14/2024,Adults,90
5/13/2026,SARI,12/14/2024,Overall,202
5/13/2026,SARI,12/14/2024,Pediatrics,112
5/13/2026,SARI,12/21/2024,Adults,88
5/13/2026,SARI,12/21/2024,Overall,151
5/13/2026,SARI,12/21/2024,Pediatrics,63
5/13/2026,SARI,12/28/2024,Adults,60
5/13/2026,SARI,12/28/2024,Overall,113
5/13/2026,SARI,12/28/2024,Pediatrics,53
5/13/2026,SARI,1/4/2025,Adults,99
5/13/2026,SARI,1/4/2025,Overall,197
5/13/2026,SARI,1/4/2025,Pediatrics,98
5/13/2026,SARI,1/11/2025,Adults,97
5/13/2026,SARI,1/11/2025,Overall,175
5/13/2026,SARI,1/11/2025,Pediatrics,78
5/13/2026,SARI,1/18/2025,Adults,78
5/13/2026,SARI,1/18/2025,Overall,150
5/13/2026,SARI,1/18/2025,Pediatrics,72
5/13/2026,SARI,1/25/2025,Adults,81
5/13/2026,SARI,1/25/2025,Overall,163
5/13/2026,SARI,1/25/2025,Pediatrics,82
5/13/2026,SARI,2/1/2025,Adults,92
5/13/2026,SARI,2/1/2025,Overall,153
5/13/2026,SARI,2/1/2025,Pediatrics,61
5/13/2026,SARI,2/8/2025,Adults,86
5/13/2026,SARI,2/8/2025,Overall,172
5/13/2026,SARI,2/8/2025,Pediatrics,86
5/13/2026,SARI,2/15/2025,Adults,90
5/13/2026,SARI,2/15/2025,Overall,170
5/13/2026,SARI,2/15/2025,Pediatrics,80
5/13/2026,SARI,2/22/2025,Adults,86
5/13/2026,SARI,2/22/2025,Overall,164
5/13/2026,SARI,2/22/2025,Pediatrics,78
5/13/2026,SARI,3/1/2025,Adults,102
5/13/2026,SARI,3/1/2025,Overall,175
5/13/2026,SARI,3/1/2025,Pediatrics,73
5/13/2026,SARI,3/8/2025,Adults,101
5/13/2026,SARI,3/8/2025,Overall,181
5/13/2026,SARI,3/8/2025,Pediatrics,80
5/13/2026,SARI,3/15/2025,Adults,117
5/13/2026,SARI,3/15/2025,Overall,227
5/13/2026,SARI,3/15/2025,Pediatrics,110
5/13/2026,SARI,3/22/2025,Adults,158
5/13/2026,SARI,3/22/2025,Overall,320
5/13/2026,SARI,3/22/2025,Pediatrics,162
5/13/2026,SARI,3/29/2025,Adults,156
5/13/2026,SARI,3/29/2025,Overall,326
5/13/2026,SARI,3/29/2025,Pediatrics,170
5/13/2026,SARI,4/5/2025,Adults,150
5/13/2026,SARI,4/5/2025,Overall,292
5/13/2026,SARI,4/5/2025,Pediatrics,142
5/13/2026,SARI,4/12/2025,Adults,153
5/13/2026,SARI,4/12/2025,Overall,307
5/13/2026,SARI,4/12/2025,Pediatrics,154
5/13/2026,SARI,4/19/2025,Adults,153
5/13/2026,SARI,4/19/2025,Overall,334
5/13/2026,SARI,4/19/2025,Pediatrics,181
5/13/2026,SARI,4/26/2025,Adults,207
5/13/2026,SARI,4/26/2025,Overall,378
5/13/2026,SARI,4/26/2025,Pediatrics,171
5/13/2026,SARI,5/3/2025,Adults,190
5/13/2026,SARI,5/3/2025,Overall,402
5/13/2026,SARI,5/3/2025,Pediatrics,212
5/13/2026,SARI,5/10/2025,Adults,202
5/13/2026,SARI,5/10/2025,Overall,408
5/13/2026,SARI,5/10/2025,Pediatrics,206
5/13/2026,SARI,5/17/2025,Adults,235
5/13/2026,SARI,5/17/2025,Overall,486
5/13/2026,SARI,5/17/2025,Pediatrics,251
5/13/2026,SARI,5/24/2025,Adults,292
5/13/2026,SARI,5/24/2025,Overall,608
5/13/2026,SARI,5/24/2025,Pediatrics,316
5/13/2026,SARI,5/31/2025,Adults,347
5/13/2026,SARI,5/31/2025,Overall,710
5/13/2026,SARI,5/31/2025,Pediatrics,363
5/13/2026,SARI,6/7/2025,Adults,515
5/13/2026,SARI,6/7/2025,Overall,1046
5/13/2026,SARI,6/7/2025,Pediatrics,531
5/13/2026,SARI,6/14/2025,Adults,582
5/13/2026,SARI,6/14/2025,Overall,1092
5/13/2026,SARI,6/14/2025,Pediatrics,510
5/13/2026,SARI,6/21/2025,Adults,503
5/13/2026,SARI,6/21/2025,Overall,1009
5/13/2026,SARI,6/21/2025,Pediatrics,506
5/13/2026,SARI,6/28/2025,Adults,458
5/13/2026,SARI,6/28/2025,Overall,915
5/13/2026,SARI,6/28/2025,Pediatrics,457
5/13/2026,SARI,7/5/2025,Adults,422
5/13/2026,SARI,7/5/2025,Overall,971
5/13/2026,SARI,7/5/2025,Pediatrics,549
5/13/2026,SARI,7/12/2025,Adults,320
5/13/2026,SARI,7/12/2025,Overall,838
5/13/2026,SARI,7/12/2025,Pediatrics,518
5/13/2026,SARI,7/19/2025,Adults,224
5/13/2026,SARI,7/19/2025,Overall,798
5/13/2026,SARI,7/19/2025,Pediatrics,574
5/13/2026,SARI,7/26/2025,Adults,172
5/13/2026,SARI,7/26/2025,Overall,665
5/13/2026,SARI,7/26/2025,Pediatrics,493
5/13/2026,SARI,8/2/2025,Adults,177
5/13/2026,SARI,8/2/2025,Overall,726
5/13/2026,SARI,8/2/2025,Pediatrics,549
5/13/2026,SARI,8/9/2025,Adults,187
5/13/2026,SARI,8/9/2025,Overall,695
5/13/2026,SARI,8/9/2025,Pediatrics,508
5/13/2026,SARI,8/16/2025,Adults,161
5/13/2026,SARI,8/16/2025,Overall,701
5/13/2026,SARI,8/16/2025,Pediatrics,540
5/13/2026,SARI,8/23/2025,Adults,168
5/13/2026,SARI,8/23/2025,Overall,708
5/13/2026,SARI,8/23/2025,Pediatrics,540
5/13/2026,SARI,8/30/2025,Adults,146
5/13/2026,SARI,8/30/2025,Overall,600
5/13/2026,SARI,8/30/2025,Pediatrics,454
5/13/2026,SARI,9/6/2025,Adults,164
5/13/2026,SARI,9/6/2025,Overall,591
5/13/2026,SARI,9/6/2025,Pediatrics,427
5/13/2026,SARI,9/13/2025,Adults,164
5/13/2026,SARI,9/13/2025,Overall,571
5/13/2026,SARI,9/13/2025,Pediatrics,407
5/13/2026,SARI,9/20/2025,Adults,158
5/13/2026,SARI,9/20/2025,Overall,520
5/13/2026,SARI,9/20/2025,Pediatrics,362
5/13/2026,SARI,9/27/2025,Adults,132
5/13/2026,SARI,9/27/2025,Overall,430
5/13/2026,SARI,9/27/2025,Pediatrics,298
5/13/2026,SARI,10/4/2025,Adults,126
5/13/2026,SARI,10/4/2025,Overall,425
5/13/2026,SARI,10/4/2025,Pediatrics,299
5/13/2026,SARI,10/11/2025,Adults,110
5/13/2026,SARI,10/11/2025,Overall,383
5/13/2026,SARI,10/11/2025,Pediatrics,273
5/13/2026,SARI,10/18/2025,Adults,121
5/13/2026,SARI,10/18/2025,Overall,346
5/13/2026,SARI,10/18/2025,Pediatrics,225
5/13/2026,SARI,10/25/2025,Adults,116
5/13/2026,SARI,10/25/2025,Overall,338
5/13/2026,SARI,10/25/2025,Pediatrics,222
5/13/2026,SARI,11/1/2025,Adults,100
5/13/2026,SARI,11/1/2025,Overall,259
5/13/2026,SARI,11/1/2025,Pediatrics,159
5/13/2026,SARI,11/8/2025,Adults,91
5/13/2026,SARI,11/8/2025,Overall,309
5/13/2026,SARI,11/8/2025,Pediatrics,218
5/13/2026,SARI,11/15/2025,Adults,116
5/13/2026,SARI,11/15/2025,Overall,276
5/13/2026,SARI,11/15/2025,Pediatrics,160
5/13/2026,SARI,11/22/2025,Adults,77
5/13/2026,SARI,11/22/2025,Overall,214
5/13/2026,SARI,11/22/2025,Pediatrics,137
5/13/2026,SARI,11/29/2025,Adults,61
5/13/2026,SARI,11/29/2025,Overall,174
5/13/2026,SARI,11/29/2025,Pediatrics,113
5/13/2026,SARI,12/6/2025,Adults,83
5/13/2026,SARI,12/6/2025,Overall,187
5/13/2026,SARI,12/6/2025,Pediatrics,104
5/13/2026,SARI,12/13/2025,Adults,89
5/13/2026,SARI,12/13/2025,Overall,191
5/13/2026,SARI,12/13/2025,Pediatrics,102
5/13/2026,SARI,12/20/2025,Adults,65
5/13/2026,SARI,12/20/2025,Overall,137
5/13/2026,SARI,12/20/2025,Pediatrics,72
5/13/2026,SARI,12/27/2025,Adults,93
5/13/2026,SARI,12/27/2025,Overall,145
5/13/2026,SARI,12/27/2025,Pediatrics,52
5/13/2026,SARI,1/3/2026,Adults,52
5/13/2026,SARI,1/3/2026,Overall,99
5/13/2026,SARI,1/3/2026,Pediatrics,47
5/13/2026,SARI,1/10/2026,Adults,101
5/13/2026,SARI,1/10/2026,Overall,192
5/13/2026,SARI,1/10/2026,Pediatrics,91
5/13/2026,SARI,1/17/2026,Adults,84
5/13/2026,SARI,1/17/2026,Overall,155
5/13/2026,SARI,1/17/2026,Pediatrics,71
5/13/2026,SARI,1/24/2026,Adults,97
5/13/2026,SARI,1/24/2026,Overall,167
5/13/2026,SARI,1/24/2026,Pediatrics,70
5/13/2026,SARI,1/31/2026,Adults,69
5/13/2026,SARI,1/31/2026,Overall,130
5/13/2026,SARI,1/31/2026,Pediatrics,61
5/13/2026,SARI,2/7/2026,Adults,95
5/13/2026,SARI,2/7/2026,Overall,149
5/13/2026,SARI,2/7/2026,Pediatrics,54
5/13/2026,SARI,2/14/2026,Adults,64
5/13/2026,SARI,2/14/2026,Overall,113
5/13/2026,SARI,2/14/2026,Pediatrics,49
5/13/2026,SARI,2/21/2026,Adults,66
5/13/2026,SARI,2/21/2026,Overall,117
5/13/2026,SARI,2/21/2026,Pediatrics,51
5/13/2026,SARI,2/28/2026,Adults,69
5/13/2026,SARI,2/28/2026,Overall,137
5/13/2026,SARI,2/28/2026,Pediatrics,68
5/13/2026,SARI,3/7/2026,Adults,87
5/13/2026,SARI,3/7/2026,Overall,189
5/13/2026,SARI,3/7/2026,Pediatrics,102
5/13/2026,SARI,3/14/2026,Adults,77
5/13/2026,SARI,3/14/2026,Overall,274
5/13/2026,SARI,3/14/2026,Pediatrics,197
5/13/2026,SARI,3/21/2026,Adults,88
5/13/2026,SARI,3/21/2026,Overall,280
5/13/2026,SARI,3/21/2026,Pediatrics,192
5/13/2026,SARI,3/28/2026,Adults,89
5/13/2026,SARI,3/28/2026,Overall,236
5/13/2026,SARI,3/28/2026,Pediatrics,147
5/13/2026,SARI,4/4/2026,Adults,107
5/13/2026,SARI,4/4/2026,Overall,232
5/13/2026,SARI,4/4/2026,Pediatrics,125
5/13/2026,SARI,4/11/2026,Adults,126
5/13/2026,SARI,4/11/2026,Overall,258
5/13/2026,SARI,4/11/2026,Pediatrics,132
5/13/2026,SARI,4/18/2026,Adults,97
5/13/2026,SARI,4/18/2026,Overall,272
5/13/2026,SARI,4/18/2026,Pediatrics,175
5/13/2026,SARI,4/25/2026,Adults,83
5/13/2026,SARI,4/25/2026,Overall,235
5/13/2026,SARI,4/25/2026,Pediatrics,152
5/20/2026,SARI,1/8/2022,Adults,1023
5/20/2026,SARI,1/8/2022,Overall,1186
5/20/2026,SARI,1/8/2022,Pediatrics,163
5/20/2026,SARI,1/15/2022,Adults,1251
5/20/2026,SARI,1/15/2022,Overall,1423
5/20/2026,SARI,1/15/2022,Pediatrics,172
5/20/2026,SARI,1/22/2022,Adults,1113
5/20/2026,SARI,1/22/2022,Overall,1303
5/20/2026,SARI,1/22/2022,Pediatrics,190
5/20/2026,SARI,1/29/2022,Adults,769
5/20/2026,SARI,1/29/2022,Overall,907
5/20/2026,SARI,1/29/2022,Pediatrics,138
5/20/2026,SARI,2/5/2022,Adults,587
5/20/2026,SARI,2/5/2022,Overall,698
5/20/2026,SARI,2/5/2022,Pediatrics,111
5/20/2026,SARI,2/12/2022,Adults,420
5/20/2026,SARI,2/12/2022,Overall,537
5/20/2026,SARI,2/12/2022,Pediatrics,117
5/20/2026,SARI,2/19/2022,Adults,473
5/20/2026,SARI,2/19/2022,Overall,604
5/20/2026,SARI,2/19/2022,Pediatrics,131
5/20/2026,SARI,2/26/2022,Adults,430
5/20/2026,SARI,2/26/2022,Overall,551
5/20/2026,SARI,2/26/2022,Pediatrics,121
5/20/2026,SARI,3/5/2022,Adults,533
5/20/2026,SARI,3/5/2022,Overall,702
5/20/2026,SARI,3/5/2022,Pediatrics,169
5/20/2026,SARI,3/12/2022,Adults,502
5/20/2026,SARI,3/12/2022,Overall,730
5/20/2026,SARI,3/12/2022,Pediatrics,228
5/20/2026,SARI,3/19/2022,Adults,518
5/20/2026,SARI,3/19/2022,Overall,772
5/20/2026,SARI,3/19/2022,Pediatrics,254
5/20/2026,SARI,3/26/2022,Adults,437
5/20/2026,SARI,3/26/2022,Overall,633
5/20/2026,SARI,3/26/2022,Pediatrics,196
5/20/2026,SARI,4/2/2022,Adults,377
5/20/2026,SARI,4/2/2022,Overall,567
5/20/2026,SARI,4/2/2022,Pediatrics,190
5/20/2026,SARI,4/9/2022,Adults,349
5/20/2026,SARI,4/9/2022,Overall,573
5/20/2026,SARI,4/9/2022,Pediatrics,224
5/20/2026,SARI,4/16/2022,Adults,302
5/20/2026,SARI,4/16/2022,Overall,511
5/20/2026,SARI,4/16/2022,Pediatrics,209
5/20/2026,SARI,4/23/2022,Adults,271
5/20/2026,SARI,4/23/2022,Overall,496
5/20/2026,SARI,4/23/2022,Pediatrics,225
5/20/2026,SARI,4/30/2022,Adults,267
5/20/2026,SARI,4/30/2022,Overall,547
5/20/2026,SARI,4/30/2022,Pediatrics,280
5/20/2026,SARI,5/7/2022,Adults,312
5/20/2026,SARI,5/7/2022,Overall,613
5/20/2026,SARI,5/7/2022,Pediatrics,301
5/20/2026,SARI,5/14/2022,Adults,343
5/20/2026,SARI,5/14/2022,Overall,761
5/20/2026,SARI,5/14/2022,Pediatrics,418
5/20/2026,SARI,5/21/2022,Adults,394
5/20/2026,SARI,5/21/2022,Overall,898
5/20/2026,SARI,5/21/2022,Pediatrics,504
5/20/2026,SARI,5/28/2022,Adults,419
5/20/2026,SARI,5/28/2022,Overall,846
5/20/2026,SARI,5/28/2022,Pediatrics,427
5/20/2026,SARI,6/4/2022,Adults,457
5/20/2026,SARI,6/4/2022,Overall,925
5/20/2026,SARI,6/4/2022,Pediatrics,468
5/20/2026,SARI,6/11/2022,Adults,482
5/20/2026,SARI,6/11/2022,Overall,1042
5/20/2026,SARI,6/11/2022,Pediatrics,560
5/20/2026,SARI,6/18/2022,Adults,429
5/20/2026,SARI,6/18/2022,Overall,918
5/20/2026,SARI,6/18/2022,Pediatrics,489
5/20/2026,SARI,6/25/2022,Adults,416
5/20/2026,SARI,6/25/2022,Overall,824
5/20/2026,SARI,6/25/2022,Pediatrics,408
5/20/2026,SARI,7/2/2022,Adults,483
5/20/2026,SARI,7/2/2022,Overall,871
5/20/2026,SARI,7/2/2022,Pediatrics,388
5/20/2026,SARI,7/9/2022,Adults,440
5/20/2026,SARI,7/9/2022,Overall,868
5/20/2026,SARI,7/9/2022,Pediatrics,428
5/20/2026,SARI,7/16/2022,Adults,462
5/20/2026,SARI,7/16/2022,Overall,821
5/20/2026,SARI,7/16/2022,Pediatrics,359
5/20/2026,SARI,7/23/2022,Adults,490
5/20/2026,SARI,7/23/2022,Overall,833
5/20/2026,SARI,7/23/2022,Pediatrics,343
5/20/2026,SARI,7/30/2022,Adults,422
5/20/2026,SARI,7/30/2022,Overall,701
5/20/2026,SARI,7/30/2022,Pediatrics,279
5/20/2026,SARI,8/6/2022,Adults,403
5/20/2026,SARI,8/6/2022,Overall,675
5/20/2026,SARI,8/6/2022,Pediatrics,272
5/20/2026,SARI,8/13/2022,Adults,348
5/20/2026,SARI,8/13/2022,Overall,652
5/20/2026,SARI,8/13/2022,Pediatrics,304
5/20/2026,SARI,8/20/2022,Adults,307
5/20/2026,SARI,8/20/2022,Overall,655
5/20/2026,SARI,8/20/2022,Pediatrics,348
5/20/2026,SARI,8/27/2022,Adults,286
5/20/2026,SARI,8/27/2022,Overall,595
5/20/2026,SARI,8/27/2022,Pediatrics,309
5/20/2026,SARI,9/3/2022,Adults,282
5/20/2026,SARI,9/3/2022,Overall,611
5/20/2026,SARI,9/3/2022,Pediatrics,329
5/20/2026,SARI,9/10/2022,Adults,305
5/20/2026,SARI,9/10/2022,Overall,616
5/20/2026,SARI,9/10/2022,Pediatrics,311
5/20/2026,SARI,9/17/2022,Adults,235
5/20/2026,SARI,9/17/2022,Overall,525
5/20/2026,SARI,9/17/2022,Pediatrics,290
5/20/2026,SARI,9/24/2022,Adults,242
5/20/2026,SARI,9/24/2022,Overall,502
5/20/2026,SARI,9/24/2022,Pediatrics,260
5/20/2026,SARI,10/1/2022,Adults,255
5/20/2026,SARI,10/1/2022,Overall,561
5/20/2026,SARI,10/1/2022,Pediatrics,306
5/20/2026,SARI,10/8/2022,Adults,208
5/20/2026,SARI,10/8/2022,Overall,480
5/20/2026,SARI,10/8/2022,Pediatrics,272
5/20/2026,SARI,10/15/2022,Adults,272
5/20/2026,SARI,10/15/2022,Overall,545
5/20/2026,SARI,10/15/2022,Pediatrics,273
5/20/2026,SARI,10/22/2022,Adults,267
5/20/2026,SARI,10/22/2022,Overall,591
5/20/2026,SARI,10/22/2022,Pediatrics,324
5/20/2026,SARI,10/29/2022,Adults,223
5/20/2026,SARI,10/29/2022,Overall,501
5/20/2026,SARI,10/29/2022,Pediatrics,278
5/20/2026,SARI,11/5/2022,Adults,230
5/20/2026,SARI,11/5/2022,Overall,481
5/20/2026,SARI,11/5/2022,Pediatrics,251
5/20/2026,SARI,11/12/2022,Adults,194
5/20/2026,SARI,11/12/2022,Overall,433
5/20/2026,SARI,11/12/2022,Pediatrics,239
5/20/2026,SARI,11/19/2022,Adults,161
5/20/2026,SARI,11/19/2022,Overall,329
5/20/2026,SARI,11/19/2022,Pediatrics,168
5/20/2026,SARI,11/26/2022,Adults,152
5/20/2026,SARI,11/26/2022,Overall,282
5/20/2026,SARI,11/26/2022,Pediatrics,130
5/20/2026,SARI,12/3/2022,Adults,189
5/20/2026,SARI,12/3/2022,Overall,323
5/20/2026,SARI,12/3/2022,Pediatrics,134
5/20/2026,SARI,12/10/2022,Adults,285
5/20/2026,SARI,12/10/2022,Overall,408
5/20/2026,SARI,12/10/2022,Pediatrics,123
5/20/2026,SARI,12/17/2022,Adults,309
5/20/2026,SARI,12/17/2022,Overall,457
5/20/2026,SARI,12/17/2022,Pediatrics,148
5/20/2026,SARI,12/24/2022,Adults,357
5/20/2026,SARI,12/24/2022,Overall,465
5/20/2026,SARI,12/24/2022,Pediatrics,108
5/20/2026,SARI,12/31/2022,Adults,324
5/20/2026,SARI,12/31/2022,Overall,407
5/20/2026,SARI,12/31/2022,Pediatrics,83
5/20/2026,SARI,1/7/2023,Adults,330
5/20/2026,SARI,1/7/2023,Overall,448
5/20/2026,SARI,1/7/2023,Pediatrics,118
5/20/2026,SARI,1/14/2023,Adults,237
5/20/2026,SARI,1/14/2023,Overall,359
5/20/2026,SARI,1/14/2023,Pediatrics,122
5/20/2026,SARI,1/21/2023,Adults,195
5/20/2026,SARI,1/21/2023,Overall,304
5/20/2026,SARI,1/21/2023,Pediatrics,109
5/20/2026,SARI,1/28/2023,Adults,135
5/20/2026,SARI,1/28/2023,Overall,226
5/20/2026,SARI,1/28/2023,Pediatrics,91
5/20/2026,SARI,2/4/2023,Adults,133
5/20/2026,SARI,2/4/2023,Overall,254
5/20/2026,SARI,2/4/2023,Pediatrics,121
5/20/2026,SARI,2/11/2023,Adults,100
5/20/2026,SARI,2/11/2023,Overall,222
5/20/2026,SARI,2/11/2023,Pediatrics,122
5/20/2026,SARI,2/18/2023,Adults,107
5/20/2026,SARI,2/18/2023,Overall,204
5/20/2026,SARI,2/18/2023,Pediatrics,97
5/20/2026,SARI,2/25/2023,Adults,100
5/20/2026,SARI,2/25/2023,Overall,200
5/20/2026,SARI,2/25/2023,Pediatrics,100
5/20/2026,SARI,3/4/2023,Adults,137
5/20/2026,SARI,3/4/2023,Overall,289
5/20/2026,SARI,3/4/2023,Pediatrics,152
5/20/2026,SARI,3/11/2023,Adults,104
5/20/2026,SARI,3/11/2023,Overall,300
5/20/2026,SARI,3/11/2023,Pediatrics,196
5/20/2026,SARI,3/18/2023,Adults,92
5/20/2026,SARI,3/18/2023,Overall,249
5/20/2026,SARI,3/18/2023,Pediatrics,157
5/20/2026,SARI,3/25/2023,Adults,83
5/20/2026,SARI,3/25/2023,Overall,238
5/20/2026,SARI,3/25/2023,Pediatrics,155
5/20/2026,SARI,4/1/2023,Adults,78
5/20/2026,SARI,4/1/2023,Overall,251
5/20/2026,SARI,4/1/2023,Pediatrics,173
5/20/2026,SARI,4/8/2023,Adults,90
5/20/2026,SARI,4/8/2023,Overall,275
5/20/2026,SARI,4/8/2023,Pediatrics,185
5/20/2026,SARI,4/15/2023,Adults,102
5/20/2026,SARI,4/15/2023,Overall,297
5/20/2026,SARI,4/15/2023,Pediatrics,195
5/20/2026,SARI,4/22/2023,Adults,91
5/20/2026,SARI,4/22/2023,Overall,320
5/20/2026,SARI,4/22/2023,Pediatrics,229
5/20/2026,SARI,4/29/2023,Adults,92
5/20/2026,SARI,4/29/2023,Overall,415
5/20/2026,SARI,4/29/2023,Pediatrics,323
5/20/2026,SARI,5/6/2023,Adults,102
5/20/2026,SARI,5/6/2023,Overall,484
5/20/2026,SARI,5/6/2023,Pediatrics,382
5/20/2026,SARI,5/13/2023,Adults,118
5/20/2026,SARI,5/13/2023,Overall,544
5/20/2026,SARI,5/13/2023,Pediatrics,426
5/20/2026,SARI,5/20/2023,Adults,113
5/20/2026,SARI,5/20/2023,Overall,596
5/20/2026,SARI,5/20/2023,Pediatrics,483
5/20/2026,SARI,5/27/2023,Adults,119
5/20/2026,SARI,5/27/2023,Overall,680
5/20/2026,SARI,5/27/2023,Pediatrics,561
5/20/2026,SARI,6/3/2023,Adults,182
5/20/2026,SARI,6/3/2023,Overall,706
5/20/2026,SARI,6/3/2023,Pediatrics,524
5/20/2026,SARI,6/10/2023,Adults,190
5/20/2026,SARI,6/10/2023,Overall,742
5/20/2026,SARI,6/10/2023,Pediatrics,552
5/20/2026,SARI,6/17/2023,Adults,196
5/20/2026,SARI,6/17/2023,Overall,633
5/20/2026,SARI,6/17/2023,Pediatrics,437
5/20/2026,SARI,6/24/2023,Adults,264
5/20/2026,SARI,6/24/2023,Overall,703
5/20/2026,SARI,6/24/2023,Pediatrics,439
5/20/2026,SARI,7/1/2023,Adults,257
5/20/2026,SARI,7/1/2023,Overall,675
5/20/2026,SARI,7/1/2023,Pediatrics,418
5/20/2026,SARI,7/8/2023,Adults,229
5/20/2026,SARI,7/8/2023,Overall,582
5/20/2026,SARI,7/8/2023,Pediatrics,353
5/20/2026,SARI,7/15/2023,Adults,191
5/20/2026,SARI,7/15/2023,Overall,524
5/20/2026,SARI,7/15/2023,Pediatrics,333
5/20/2026,SARI,7/22/2023,Adults,188
5/20/2026,SARI,7/22/2023,Overall,451
5/20/2026,SARI,7/22/2023,Pediatrics,263
5/20/2026,SARI,7/29/2023,Adults,153
5/20/2026,SARI,7/29/2023,Overall,379
5/20/2026,SARI,7/29/2023,Pediatrics,226
5/20/2026,SARI,8/5/2023,Adults,176
5/20/2026,SARI,8/5/2023,Overall,391
5/20/2026,SARI,8/5/2023,Pediatrics,215
5/20/2026,SARI,8/12/2023,Adults,147
5/20/2026,SARI,8/12/2023,Overall,409
5/20/2026,SARI,8/12/2023,Pediatrics,262
5/20/2026,SARI,8/19/2023,Adults,164
5/20/2026,SARI,8/19/2023,Overall,404
5/20/2026,SARI,8/19/2023,Pediatrics,240
5/20/2026,SARI,8/26/2023,Adults,178
5/20/2026,SARI,8/26/2023,Overall,408
5/20/2026,SARI,8/26/2023,Pediatrics,230
5/20/2026,SARI,9/2/2023,Adults,191
5/20/2026,SARI,9/2/2023,Overall,443
5/20/2026,SARI,9/2/2023,Pediatrics,252
5/20/2026,SARI,9/9/2023,Adults,184
5/20/2026,SARI,9/9/2023,Overall,417
5/20/2026,SARI,9/9/2023,Pediatrics,233
5/20/2026,SARI,9/16/2023,Adults,175
5/20/2026,SARI,9/16/2023,Overall,434
5/20/2026,SARI,9/16/2023,Pediatrics,259
5/20/2026,SARI,9/23/2023,Adults,170
5/20/2026,SARI,9/23/2023,Overall,396
5/20/2026,SARI,9/23/2023,Pediatrics,226
5/20/2026,SARI,9/30/2023,Adults,109
5/20/2026,SARI,9/30/2023,Overall,290
5/20/2026,SARI,9/30/2023,Pediatrics,181
5/20/2026,SARI,10/7/2023,Adults,111
5/20/2026,SARI,10/7/2023,Overall,301
5/20/2026,SARI,10/7/2023,Pediatrics,190
5/20/2026,SARI,10/14/2023,Adults,114
5/20/2026,SARI,10/14/2023,Overall,305
5/20/2026,SARI,10/14/2023,Pediatrics,191
5/20/2026,SARI,10/21/2023,Adults,114
5/20/2026,SARI,10/21/2023,Overall,278
5/20/2026,SARI,10/21/2023,Pediatrics,164
5/20/2026,SARI,10/28/2023,Adults,75
5/20/2026,SARI,10/28/2023,Overall,191
5/20/2026,SARI,10/28/2023,Pediatrics,116
5/20/2026,SARI,11/4/2023,Adults,81
5/20/2026,SARI,11/4/2023,Overall,210
5/20/2026,SARI,11/4/2023,Pediatrics,129
5/20/2026,SARI,11/11/2023,Adults,85
5/20/2026,SARI,11/11/2023,Overall,201
5/20/2026,SARI,11/11/2023,Pediatrics,116
5/20/2026,SARI,11/18/2023,Adults,79
5/20/2026,SARI,11/18/2023,Overall,192
5/20/2026,SARI,11/18/2023,Pediatrics,113
5/20/2026,SARI,11/25/2023,Adults,74
5/20/2026,SARI,11/25/2023,Overall,168
5/20/2026,SARI,11/25/2023,Pediatrics,94
5/20/2026,SARI,12/2/2023,Adults,70
5/20/2026,SARI,12/2/2023,Overall,168
5/20/2026,SARI,12/2/2023,Pediatrics,98
5/20/2026,SARI,12/9/2023,Adults,64
5/20/2026,SARI,12/9/2023,Overall,130
5/20/2026,SARI,12/9/2023,Pediatrics,66
5/20/2026,SARI,12/16/2023,Adults,66
5/20/2026,SARI,12/16/2023,Overall,135
5/20/2026,SARI,12/16/2023,Pediatrics,69
5/20/2026,SARI,12/23/2023,Adults,56
5/20/2026,SARI,12/23/2023,Overall,102
5/20/2026,SARI,12/23/2023,Pediatrics,46
5/20/2026,SARI,12/30/2023,Adults,46
5/20/2026,SARI,12/30/2023,Overall,87
5/20/2026,SARI,12/30/2023,Pediatrics,41
5/20/2026,SARI,1/6/2024,Adults,95
5/20/2026,SARI,1/6/2024,Overall,160
5/20/2026,SARI,1/6/2024,Pediatrics,65
5/20/2026,SARI,1/13/2024,Adults,126
5/20/2026,SARI,1/13/2024,Overall,197
5/20/2026,SARI,1/13/2024,Pediatrics,71
5/20/2026,SARI,1/20/2024,Adults,165
5/20/2026,SARI,1/20/2024,Overall,247
5/20/2026,SARI,1/20/2024,Pediatrics,82
5/20/2026,SARI,1/27/2024,Adults,160
5/20/2026,SARI,1/27/2024,Overall,253
5/20/2026,SARI,1/27/2024,Pediatrics,93
5/20/2026,SARI,2/3/2024,Adults,165
5/20/2026,SARI,2/3/2024,Overall,252
5/20/2026,SARI,2/3/2024,Pediatrics,87
5/20/2026,SARI,2/10/2024,Adults,131
5/20/2026,SARI,2/10/2024,Overall,205
5/20/2026,SARI,2/10/2024,Pediatrics,74
5/20/2026,SARI,2/17/2024,Adults,114
5/20/2026,SARI,2/17/2024,Overall,176
5/20/2026,SARI,2/17/2024,Pediatrics,62
5/20/2026,SARI,2/24/2024,Adults,120
5/20/2026,SARI,2/24/2024,Overall,176
5/20/2026,SARI,2/24/2024,Pediatrics,56
5/20/2026,SARI,3/2/2024,Adults,92
5/20/2026,SARI,3/2/2024,Overall,155
5/20/2026,SARI,3/2/2024,Pediatrics,63
5/20/2026,SARI,3/9/2024,Adults,93
5/20/2026,SARI,3/9/2024,Overall,164
5/20/2026,SARI,3/9/2024,Pediatrics,71
5/20/2026,SARI,3/16/2024,Adults,94
5/20/2026,SARI,3/16/2024,Overall,213
5/20/2026,SARI,3/16/2024,Pediatrics,119
5/20/2026,SARI,3/23/2024,Adults,92
5/20/2026,SARI,3/23/2024,Overall,209
5/20/2026,SARI,3/23/2024,Pediatrics,117
5/20/2026,SARI,3/30/2024,Adults,96
5/20/2026,SARI,3/30/2024,Overall,207
5/20/2026,SARI,3/30/2024,Pediatrics,111
5/20/2026,SARI,4/6/2024,Adults,111
5/20/2026,SARI,4/6/2024,Overall,223
5/20/2026,SARI,4/6/2024,Pediatrics,112
5/20/2026,SARI,4/13/2024,Adults,95
5/20/2026,SARI,4/13/2024,Overall,198
5/20/2026,SARI,4/13/2024,Pediatrics,103
5/20/2026,SARI,4/20/2024,Adults,107
5/20/2026,SARI,4/20/2024,Overall,212
5/20/2026,SARI,4/20/2024,Pediatrics,105
5/20/2026,SARI,4/27/2024,Adults,97
5/20/2026,SARI,4/27/2024,Overall,241
5/20/2026,SARI,4/27/2024,Pediatrics,144
5/20/2026,SARI,5/4/2024,Adults,129
5/20/2026,SARI,5/4/2024,Overall,287
5/20/2026,SARI,5/4/2024,Pediatrics,158
5/20/2026,SARI,5/11/2024,Adults,151
5/20/2026,SARI,5/11/2024,Overall,338
5/20/2026,SARI,5/11/2024,Pediatrics,187
5/20/2026,SARI,5/18/2024,Adults,230
5/20/2026,SARI,5/18/2024,Overall,557
5/20/2026,SARI,5/18/2024,Pediatrics,327
5/20/2026,SARI,5/25/2024,Adults,333
5/20/2026,SARI,5/25/2024,Overall,746
5/20/2026,SARI,5/25/2024,Pediatrics,413
5/20/2026,SARI,6/1/2024,Adults,524
5/20/2026,SARI,6/1/2024,Overall,1053
5/20/2026,SARI,6/1/2024,Pediatrics,529
5/20/2026,SARI,6/8/2024,Adults,553
5/20/2026,SARI,6/8/2024,Overall,1270
5/20/2026,SARI,6/8/2024,Pediatrics,717
5/20/2026,SARI,6/15/2024,Adults,454
5/20/2026,SARI,6/15/2024,Overall,1031
5/20/2026,SARI,6/15/2024,Pediatrics,577
5/20/2026,SARI,6/22/2024,Adults,315
5/20/2026,SARI,6/22/2024,Overall,832
5/20/2026,SARI,6/22/2024,Pediatrics,517
5/20/2026,SARI,6/29/2024,Adults,277
5/20/2026,SARI,6/29/2024,Overall,825
5/20/2026,SARI,6/29/2024,Pediatrics,548
5/20/2026,SARI,7/6/2024,Adults,317
5/20/2026,SARI,7/6/2024,Overall,891
5/20/2026,SARI,7/6/2024,Pediatrics,574
5/20/2026,SARI,7/13/2024,Adults,251
5/20/2026,SARI,7/13/2024,Overall,830
5/20/2026,SARI,7/13/2024,Pediatrics,579
5/20/2026,SARI,7/20/2024,Adults,299
5/20/2026,SARI,7/20/2024,Overall,877
5/20/2026,SARI,7/20/2024,Pediatrics,578
5/20/2026,SARI,7/27/2024,Adults,229
5/20/2026,SARI,7/27/2024,Overall,707
5/20/2026,SARI,7/27/2024,Pediatrics,478
5/20/2026,SARI,8/3/2024,Adults,209
5/20/2026,SARI,8/3/2024,Overall,662
5/20/2026,SARI,8/3/2024,Pediatrics,453
5/20/2026,SARI,8/10/2024,Adults,184
5/20/2026,SARI,8/10/2024,Overall,668
5/20/2026,SARI,8/10/2024,Pediatrics,484
5/20/2026,SARI,8/17/2024,Adults,172
5/20/2026,SARI,8/17/2024,Overall,645
5/20/2026,SARI,8/17/2024,Pediatrics,473
5/20/2026,SARI,8/24/2024,Adults,175
5/20/2026,SARI,8/24/2024,Overall,642
5/20/2026,SARI,8/24/2024,Pediatrics,467
5/20/2026,SARI,8/31/2024,Adults,174
5/20/2026,SARI,8/31/2024,Overall,596
5/20/2026,SARI,8/31/2024,Pediatrics,422
5/20/2026,SARI,9/7/2024,Adults,210
5/20/2026,SARI,9/7/2024,Overall,718
5/20/2026,SARI,9/7/2024,Pediatrics,508
5/20/2026,SARI,9/14/2024,Adults,194
5/20/2026,SARI,9/14/2024,Overall,616
5/20/2026,SARI,9/14/2024,Pediatrics,422
5/20/2026,SARI,9/21/2024,Adults,178
5/20/2026,SARI,9/21/2024,Overall,598
5/20/2026,SARI,9/21/2024,Pediatrics,420
5/20/2026,SARI,9/28/2024,Adults,159
5/20/2026,SARI,9/28/2024,Overall,492
5/20/2026,SARI,9/28/2024,Pediatrics,333
5/20/2026,SARI,10/5/2024,Adults,199
5/20/2026,SARI,10/5/2024,Overall,511
5/20/2026,SARI,10/5/2024,Pediatrics,312
5/20/2026,SARI,10/12/2024,Adults,151
5/20/2026,SARI,10/12/2024,Overall,401
5/20/2026,SARI,10/12/2024,Pediatrics,250
5/20/2026,SARI,10/19/2024,Adults,165
5/20/2026,SARI,10/19/2024,Overall,424
5/20/2026,SARI,10/19/2024,Pediatrics,259
5/20/2026,SARI,10/26/2024,Adults,131
5/20/2026,SARI,10/26/2024,Overall,394
5/20/2026,SARI,10/26/2024,Pediatrics,263
5/20/2026,SARI,11/2/2024,Adults,116
5/20/2026,SARI,11/2/2024,Overall,353
5/20/2026,SARI,11/2/2024,Pediatrics,237
5/20/2026,SARI,11/9/2024,Adults,102
5/20/2026,SARI,11/9/2024,Overall,259
5/20/2026,SARI,11/9/2024,Pediatrics,157
5/20/2026,SARI,11/16/2024,Adults,112
5/20/2026,SARI,11/16/2024,Overall,284
5/20/2026,SARI,11/16/2024,Pediatrics,172
5/20/2026,SARI,11/23/2024,Adults,84
5/20/2026,SARI,11/23/2024,Overall,242
5/20/2026,SARI,11/23/2024,Pediatrics,158
5/20/2026,SARI,11/30/2024,Adults,73
5/20/2026,SARI,11/30/2024,Overall,221
5/20/2026,SARI,11/30/2024,Pediatrics,148
5/20/2026,SARI,12/7/2024,Adults,86
5/20/2026,SARI,12/7/2024,Overall,197
5/20/2026,SARI,12/7/2024,Pediatrics,111
5/20/2026,SARI,12/14/2024,Adults,90
5/20/2026,SARI,12/14/2024,Overall,202
5/20/2026,SARI,12/14/2024,Pediatrics,112
5/20/2026,SARI,12/21/2024,Adults,88
5/20/2026,SARI,12/21/2024,Overall,151
5/20/2026,SARI,12/21/2024,Pediatrics,63
5/20/2026,SARI,12/28/2024,Adults,60
5/20/2026,SARI,12/28/2024,Overall,113
5/20/2026,SARI,12/28/2024,Pediatrics,53
5/20/2026,SARI,1/4/2025,Adults,99
5/20/2026,SARI,1/4/2025,Overall,197
5/20/2026,SARI,1/4/2025,Pediatrics,98
5/20/2026,SARI,1/11/2025,Adults,97
5/20/2026,SARI,1/11/2025,Overall,175
5/20/2026,SARI,1/11/2025,Pediatrics,78
5/20/2026,SARI,1/18/2025,Adults,78
5/20/2026,SARI,1/18/2025,Overall,150
5/20/2026,SARI,1/18/2025,Pediatrics,72
5/20/2026,SARI,1/25/2025,Adults,81
5/20/2026,SARI,1/25/2025,Overall,163
5/20/2026,SARI,1/25/2025,Pediatrics,82
5/20/2026,SARI,2/1/2025,Adults,92
5/20/2026,SARI,2/1/2025,Overall,153
5/20/2026,SARI,2/1/2025,Pediatrics,61
5/20/2026,SARI,2/8/2025,Adults,86
5/20/2026,SARI,2/8/2025,Overall,172
5/20/2026,SARI,2/8/2025,Pediatrics,86
5/20/2026,SARI,2/15/2025,Adults,90
5/20/2026,SARI,2/15/2025,Overall,170
5/20/2026,SARI,2/15/2025,Pediatrics,80
5/20/2026,SARI,2/22/2025,Adults,86
5/20/2026,SARI,2/22/2025,Overall,164
5/20/2026,SARI,2/22/2025,Pediatrics,78
5/20/2026,SARI,3/1/2025,Adults,102
5/20/2026,SARI,3/1/2025,Overall,175
5/20/2026,SARI,3/1/2025,Pediatrics,73
5/20/2026,SARI,3/8/2025,Adults,101
5/20/2026,SARI,3/8/2025,Overall,181
5/20/2026,SARI,3/8/2025,Pediatrics,80
5/20/2026,SARI,3/15/2025,Adults,117
5/20/2026,SARI,3/15/2025,Overall,227
5/20/2026,SARI,3/15/2025,Pediatrics,110
5/20/2026,SARI,3/22/2025,Adults,158
5/20/2026,SARI,3/22/2025,Overall,320
5/20/2026,SARI,3/22/2025,Pediatrics,162
5/20/2026,SARI,3/29/2025,Adults,156
5/20/2026,SARI,3/29/2025,Overall,326
5/20/2026,SARI,3/29/2025,Pediatrics,170
5/20/2026,SARI,4/5/2025,Adults,150
5/20/2026,SARI,4/5/2025,Overall,292
5/20/2026,SARI,4/5/2025,Pediatrics,142
5/20/2026,SARI,4/12/2025,Adults,153
5/20/2026,SARI,4/12/2025,Overall,307
5/20/2026,SARI,4/12/2025,Pediatrics,154
5/20/2026,SARI,4/19/2025,Adults,153
5/20/2026,SARI,4/19/2025,Overall,334
5/20/2026,SARI,4/19/2025,Pediatrics,181
5/20/2026,SARI,4/26/2025,Adults,207
5/20/2026,SARI,4/26/2025,Overall,378
5/20/2026,SARI,4/26/2025,Pediatrics,171
5/20/2026,SARI,5/3/2025,Adults,190
5/20/2026,SARI,5/3/2025,Overall,402
5/20/2026,SARI,5/3/2025,Pediatrics,212
5/20/2026,SARI,5/10/2025,Adults,202
5/20/2026,SARI,5/10/2025,Overall,408
5/20/2026,SARI,5/10/2025,Pediatrics,206
5/20/2026,SARI,5/17/2025,Adults,235
5/20/2026,SARI,5/17/2025,Overall,486
5/20/2026,SARI,5/17/2025,Pediatrics,251
5/20/2026,SARI,5/24/2025,Adults,292
5/20/2026,SARI,5/24/2025,Overall,608
5/20/2026,SARI,5/24/2025,Pediatrics,316
5/20/2026,SARI,5/31/2025,Adults,347
5/20/2026,SARI,5/31/2025,Overall,710
5/20/2026,SARI,5/31/2025,Pediatrics,363
5/20/2026,SARI,6/7/2025,Adults,515
5/20/2026,SARI,6/7/2025,Overall,1046
5/20/2026,SARI,6/7/2025,Pediatrics,531
5/20/2026,SARI,6/14/2025,Adults,582
5/20/2026,SARI,6/14/2025,Overall,1092
5/20/2026,SARI,6/14/2025,Pediatrics,510
5/20/2026,SARI,6/21/2025,Adults,503
5/20/2026,SARI,6/21/2025,Overall,1009
5/20/2026,SARI,6/21/2025,Pediatrics,506
5/20/2026,SARI,6/28/2025,Adults,458
5/20/2026,SARI,6/28/2025,Overall,915
5/20/2026,SARI,6/28/2025,Pediatrics,457
5/20/2026,SARI,7/5/2025,Adults,422
5/20/2026,SARI,7/5/2025,Overall,971
5/20/2026,SARI,7/5/2025,Pediatrics,549
5/20/2026,SARI,7/12/2025,Adults,320
5/20/2026,SARI,7/12/2025,Overall,838
5/20/2026,SARI,7/12/2025,Pediatrics,518
5/20/2026,SARI,7/19/2025,Adults,224
5/20/2026,SARI,7/19/2025,Overall,798
5/20/2026,SARI,7/19/2025,Pediatrics,574
5/20/2026,SARI,7/26/2025,Adults,172
5/20/2026,SARI,7/26/2025,Overall,665
5/20/2026,SARI,7/26/2025,Pediatrics,493
5/20/2026,SARI,8/2/2025,Adults,177
5/20/2026,SARI,8/2/2025,Overall,726
5/20/2026,SARI,8/2/2025,Pediatrics,549
5/20/2026,SARI,8/9/2025,Adults,187
5/20/2026,SARI,8/9/2025,Overall,695
5/20/2026,SARI,8/9/2025,Pediatrics,508
5/20/2026,SARI,8/16/2025,Adults,161
5/20/2026,SARI,8/16/2025,Overall,701
5/20/2026,SARI,8/16/2025,Pediatrics,540
5/20/2026,SARI,8/23/2025,Adults,168
5/20/2026,SARI,8/23/2025,Overall,708
5/20/2026,SARI,8/23/2025,Pediatrics,540
5/20/2026,SARI,8/30/2025,Adults,146
5/20/2026,SARI,8/30/2025,Overall,600
5/20/2026,SARI,8/30/2025,Pediatrics,454
5/20/2026,SARI,9/6/2025,Adults,164
5/20/2026,SARI,9/6/2025,Overall,591
5/20/2026,SARI,9/6/2025,Pediatrics,427
5/20/2026,SARI,9/13/2025,Adults,164
5/20/2026,SARI,9/13/2025,Overall,571
5/20/2026,SARI,9/13/2025,Pediatrics,407
5/20/2026,SARI,9/20/2025,Adults,158
5/20/2026,SARI,9/20/2025,Overall,520
5/20/2026,SARI,9/20/2025,Pediatrics,362
5/20/2026,SARI,9/27/2025,Adults,132
5/20/2026,SARI,9/27/2025,Overall,430
5/20/2026,SARI,9/27/2025,Pediatrics,298
5/20/2026,SARI,10/4/2025,Adults,126
5/20/2026,SARI,10/4/2025,Overall,425
5/20/2026,SARI,10/4/2025,Pediatrics,299
5/20/2026,SARI,10/11/2025,Adults,110
5/20/2026,SARI,10/11/2025,Overall,383
5/20/2026,SARI,10/11/2025,Pediatrics,273
5/20/2026,SARI,10/18/2025,Adults,121
5/20/2026,SARI,10/18/2025,Overall,346
5/20/2026,SARI,10/18/2025,Pediatrics,225
5/20/2026,SARI,10/25/2025,Adults,116
5/20/2026,SARI,10/25/2025,Overall,338
5/20/2026,SARI,10/25/2025,Pediatrics,222
5/20/2026,SARI,11/1/2025,Adults,100
5/20/2026,SARI,11/1/2025,Overall,259
5/20/2026,SARI,11/1/2025,Pediatrics,159
5/20/2026,SARI,11/8/2025,Adults,91
5/20/2026,SARI,11/8/2025,Overall,309
5/20/2026,SARI,11/8/2025,Pediatrics,218
5/20/2026,SARI,11/15/2025,Adults,116
5/20/2026,SARI,11/15/2025,Overall,276
5/20/2026,SARI,11/15/2025,Pediatrics,160
5/20/2026,SARI,11/22/2025,Adults,77
5/20/2026,SARI,11/22/2025,Overall,214
5/20/2026,SARI,11/22/2025,Pediatrics,137
5/20/2026,SARI,11/29/2025,Adults,61
5/20/2026,SARI,11/29/2025,Overall,174
5/20/2026,SARI,11/29/2025,Pediatrics,113
5/20/2026,SARI,12/6/2025,Adults,83
5/20/2026,SARI,12/6/2025,Overall,187
5/20/2026,SARI,12/6/2025,Pediatrics,104
5/20/2026,SARI,12/13/2025,Adults,89
5/20/2026,SARI,12/13/2025,Overall,191
5/20/2026,SARI,12/13/2025,Pediatrics,102
5/20/2026,SARI,12/20/2025,Adults,65
5/20/2026,SARI,12/20/2025,Overall,137
5/20/2026,SARI,12/20/2025,Pediatrics,72
5/20/2026,SARI,12/27/2025,Adults,93
5/20/2026,SARI,12/27/2025,Overall,145
5/20/2026,SARI,12/27/2025,Pediatrics,52
5/20/2026,SARI,1/3/2026,Adults,52
5/20/2026,SARI,1/3/2026,Overall,99
5/20/2026,SARI,1/3/2026,Pediatrics,47
5/20/2026,SARI,1/10/2026,Adults,101
5/20/2026,SARI,1/10/2026,Overall,192
5/20/2026,SARI,1/10/2026,Pediatrics,91
5/20/2026,SARI,1/17/2026,Adults,84
5/20/2026,SARI,1/17/2026,Overall,155
5/20/2026,SARI,1/17/2026,Pediatrics,71
5/20/2026,SARI,1/24/2026,Adults,97
5/20/2026,SARI,1/24/2026,Overall,168
5/20/2026,SARI,1/24/2026,Pediatrics,71
5/20/2026,SARI,1/31/2026,Adults,70
5/20/2026,SARI,1/31/2026,Overall,132
5/20/2026,SARI,1/31/2026,Pediatrics,62
5/20/2026,SARI,2/7/2026,Adults,97
5/20/2026,SARI,2/7/2026,Overall,151
5/20/2026,SARI,2/7/2026,Pediatrics,54
5/20/2026,SARI,2/14/2026,Adults,66
5/20/2026,SARI,2/14/2026,Overall,115
5/20/2026,SARI,2/14/2026,Pediatrics,49
5/20/2026,SARI,2/21/2026,Adults,67
5/20/2026,SARI,2/21/2026,Overall,118
5/20/2026,SARI,2/21/2026,Pediatrics,51
5/20/2026,SARI,2/28/2026,Adults,70
5/20/2026,SARI,2/28/2026,Overall,138
5/20/2026,SARI,2/28/2026,Pediatrics,68
5/20/2026,SARI,3/7/2026,Adults,89
5/20/2026,SARI,3/7/2026,Overall,192
5/20/2026,SARI,3/7/2026,Pediatrics,103
5/20/2026,SARI,3/14/2026,Adults,79
5/20/2026,SARI,3/14/2026,Overall,278
5/20/2026,SARI,3/14/2026,Pediatrics,199
5/20/2026,SARI,3/21/2026,Adults,93
5/20/2026,SARI,3/21/2026,Overall,293
5/20/2026,SARI,3/21/2026,Pediatrics,200
5/20/2026,SARI,3/28/2026,Adults,98
5/20/2026,SARI,3/28/2026,Overall,266
5/20/2026,SARI,3/28/2026,Pediatrics,168
5/20/2026,SARI,4/4/2026,Adults,114
5/20/2026,SARI,4/4/2026,Overall,243
5/20/2026,SARI,4/4/2026,Pediatrics,129
5/20/2026,SARI,4/11/2026,Adults,129
5/20/2026,SARI,4/11/2026,Overall,265
5/20/2026,SARI,4/11/2026,Pediatrics,136
5/20/2026,SARI,4/18/2026,Adults,102
5/20/2026,SARI,4/18/2026,Overall,282
5/20/2026,SARI,4/18/2026,Pediatrics,180
5/20/2026,SARI,4/25/2026,Adults,110
5/20/2026,SARI,4/25/2026,Overall,284
5/20/2026,SARI,4/25/2026,Pediatrics,174
5/20/2026,SARI,5/2/2026,Adults,106
5/20/2026,SARI,5/2/2026,Overall,292
5/20/2026,SARI,5/2/2026,Pediatrics,186
5/27/2026,SARI,1/8/2022,Adults,1023
5/27/2026,SARI,1/8/2022,Overall,1186
5/27/2026,SARI,1/8/2022,Pediatrics,163
5/27/2026,SARI,1/15/2022,Adults,1251
5/27/2026,SARI,1/15/2022,Overall,1423
5/27/2026,SARI,1/15/2022,Pediatrics,172
5/27/2026,SARI,1/22/2022,Adults,1113
5/27/2026,SARI,1/22/2022,Overall,1303
5/27/2026,SARI,1/22/2022,Pediatrics,190
5/27/2026,SARI,1/29/2022,Adults,769
5/27/2026,SARI,1/29/2022,Overall,907
5/27/2026,SARI,1/29/2022,Pediatrics,138
5/27/2026,SARI,2/5/2022,Adults,587
5/27/2026,SARI,2/5/2022,Overall,698
5/27/2026,SARI,2/5/2022,Pediatrics,111
5/27/2026,SARI,2/12/2022,Adults,420
5/27/2026,SARI,2/12/2022,Overall,537
5/27/2026,SARI,2/12/2022,Pediatrics,117
5/27/2026,SARI,2/19/2022,Adults,473
5/27/2026,SARI,2/19/2022,Overall,604
5/27/2026,SARI,2/19/2022,Pediatrics,131
5/27/2026,SARI,2/26/2022,Adults,430
5/27/2026,SARI,2/26/2022,Overall,551
5/27/2026,SARI,2/26/2022,Pediatrics,121
5/27/2026,SARI,3/5/2022,Adults,533
5/27/2026,SARI,3/5/2022,Overall,702
5/27/2026,SARI,3/5/2022,Pediatrics,169
5/27/2026,SARI,3/12/2022,Adults,502
5/27/2026,SARI,3/12/2022,Overall,730
5/27/2026,SARI,3/12/2022,Pediatrics,228
5/27/2026,SARI,3/19/2022,Adults,518
5/27/2026,SARI,3/19/2022,Overall,772
5/27/2026,SARI,3/19/2022,Pediatrics,254
5/27/2026,SARI,3/26/2022,Adults,437
5/27/2026,SARI,3/26/2022,Overall,633
5/27/2026,SARI,3/26/2022,Pediatrics,196
5/27/2026,SARI,4/2/2022,Adults,377
5/27/2026,SARI,4/2/2022,Overall,567
5/27/2026,SARI,4/2/2022,Pediatrics,190
5/27/2026,SARI,4/9/2022,Adults,349
5/27/2026,SARI,4/9/2022,Overall,573
5/27/2026,SARI,4/9/2022,Pediatrics,224
5/27/2026,SARI,4/16/2022,Adults,302
5/27/2026,SARI,4/16/2022,Overall,511
5/27/2026,SARI,4/16/2022,Pediatrics,209
5/27/2026,SARI,4/23/2022,Adults,271
5/27/2026,SARI,4/23/2022,Overall,496
5/27/2026,SARI,4/23/2022,Pediatrics,225
5/27/2026,SARI,4/30/2022,Adults,267
5/27/2026,SARI,4/30/2022,Overall,547
5/27/2026,SARI,4/30/2022,Pediatrics,280
5/27/2026,SARI,5/7/2022,Adults,312
5/27/2026,SARI,5/7/2022,Overall,613
5/27/2026,SARI,5/7/2022,Pediatrics,301
5/27/2026,SARI,5/14/2022,Adults,343
5/27/2026,SARI,5/14/2022,Overall,761
5/27/2026,SARI,5/14/2022,Pediatrics,418
5/27/2026,SARI,5/21/2022,Adults,394
5/27/2026,SARI,5/21/2022,Overall,898
5/27/2026,SARI,5/21/2022,Pediatrics,504
5/27/2026,SARI,5/28/2022,Adults,419
5/27/2026,SARI,5/28/2022,Overall,846
5/27/2026,SARI,5/28/2022,Pediatrics,427
5/27/2026,SARI,6/4/2022,Adults,457
5/27/2026,SARI,6/4/2022,Overall,925
5/27/2026,SARI,6/4/2022,Pediatrics,468
5/27/2026,SARI,6/11/2022,Adults,482
5/27/2026,SARI,6/11/2022,Overall,1042
5/27/2026,SARI,6/11/2022,Pediatrics,560
5/27/2026,SARI,6/18/2022,Adults,429
5/27/2026,SARI,6/18/2022,Overall,918
5/27/2026,SARI,6/18/2022,Pediatrics,489
5/27/2026,SARI,6/25/2022,Adults,416
5/27/2026,SARI,6/25/2022,Overall,824
5/27/2026,SARI,6/25/2022,Pediatrics,408
5/27/2026,SARI,7/2/2022,Adults,483
5/27/2026,SARI,7/2/2022,Overall,871
5/27/2026,SARI,7/2/2022,Pediatrics,388
5/27/2026,SARI,7/9/2022,Adults,440
5/27/2026,SARI,7/9/2022,Overall,868
5/27/2026,SARI,7/9/2022,Pediatrics,428
5/27/2026,SARI,7/16/2022,Adults,462
5/27/2026,SARI,7/16/2022,Overall,821
5/27/2026,SARI,7/16/2022,Pediatrics,359
5/27/2026,SARI,7/23/2022,Adults,490
5/27/2026,SARI,7/23/2022,Overall,833
5/27/2026,SARI,7/23/2022,Pediatrics,343
5/27/2026,SARI,7/30/2022,Adults,422
5/27/2026,SARI,7/30/2022,Overall,701
5/27/2026,SARI,7/30/2022,Pediatrics,279
5/27/2026,SARI,8/6/2022,Adults,403
5/27/2026,SARI,8/6/2022,Overall,675
5/27/2026,SARI,8/6/2022,Pediatrics,272
5/27/2026,SARI,8/13/2022,Adults,348
5/27/2026,SARI,8/13/2022,Overall,652
5/27/2026,SARI,8/13/2022,Pediatrics,304
5/27/2026,SARI,8/20/2022,Adults,307
5/27/2026,SARI,8/20/2022,Overall,655
5/27/2026,SARI,8/20/2022,Pediatrics,348
5/27/2026,SARI,8/27/2022,Adults,286
5/27/2026,SARI,8/27/2022,Overall,595
5/27/2026,SARI,8/27/2022,Pediatrics,309
5/27/2026,SARI,9/3/2022,Adults,282
5/27/2026,SARI,9/3/2022,Overall,611
5/27/2026,SARI,9/3/2022,Pediatrics,329
5/27/2026,SARI,9/10/2022,Adults,305
5/27/2026,SARI,9/10/2022,Overall,616
5/27/2026,SARI,9/10/2022,Pediatrics,311
5/27/2026,SARI,9/17/2022,Adults,235
5/27/2026,SARI,9/17/2022,Overall,525
5/27/2026,SARI,9/17/2022,Pediatrics,290
5/27/2026,SARI,9/24/2022,Adults,242
5/27/2026,SARI,9/24/2022,Overall,502
5/27/2026,SARI,9/24/2022,Pediatrics,260
5/27/2026,SARI,10/1/2022,Adults,255
5/27/2026,SARI,10/1/2022,Overall,561
5/27/2026,SARI,10/1/2022,Pediatrics,306
5/27/2026,SARI,10/8/2022,Adults,208
5/27/2026,SARI,10/8/2022,Overall,480
5/27/2026,SARI,10/8/2022,Pediatrics,272
5/27/2026,SARI,10/15/2022,Adults,272
5/27/2026,SARI,10/15/2022,Overall,545
5/27/2026,SARI,10/15/2022,Pediatrics,273
5/27/2026,SARI,10/22/2022,Adults,267
5/27/2026,SARI,10/22/2022,Overall,591
5/27/2026,SARI,10/22/2022,Pediatrics,324
5/27/2026,SARI,10/29/2022,Adults,223
5/27/2026,SARI,10/29/2022,Overall,501
5/27/2026,SARI,10/29/2022,Pediatrics,278
5/27/2026,SARI,11/5/2022,Adults,230
5/27/2026,SARI,11/5/2022,Overall,481
5/27/2026,SARI,11/5/2022,Pediatrics,251
5/27/2026,SARI,11/12/2022,Adults,194
5/27/2026,SARI,11/12/2022,Overall,433
5/27/2026,SARI,11/12/2022,Pediatrics,239
5/27/2026,SARI,11/19/2022,Adults,161
5/27/2026,SARI,11/19/2022,Overall,329
5/27/2026,SARI,11/19/2022,Pediatrics,168
5/27/2026,SARI,11/26/2022,Adults,152
5/27/2026,SARI,11/26/2022,Overall,282
5/27/2026,SARI,11/26/2022,Pediatrics,130
5/27/2026,SARI,12/3/2022,Adults,189
5/27/2026,SARI,12/3/2022,Overall,323
5/27/2026,SARI,12/3/2022,Pediatrics,134
5/27/2026,SARI,12/10/2022,Adults,285
5/27/2026,SARI,12/10/2022,Overall,408
5/27/2026,SARI,12/10/2022,Pediatrics,123
5/27/2026,SARI,12/17/2022,Adults,309
5/27/2026,SARI,12/17/2022,Overall,457
5/27/2026,SARI,12/17/2022,Pediatrics,148
5/27/2026,SARI,12/24/2022,Adults,357
5/27/2026,SARI,12/24/2022,Overall,465
5/27/2026,SARI,12/24/2022,Pediatrics,108
5/27/2026,SARI,12/31/2022,Adults,324
5/27/2026,SARI,12/31/2022,Overall,407
5/27/2026,SARI,12/31/2022,Pediatrics,83
5/27/2026,SARI,1/7/2023,Adults,330
5/27/2026,SARI,1/7/2023,Overall,448
5/27/2026,SARI,1/7/2023,Pediatrics,118
5/27/2026,SARI,1/14/2023,Adults,237
5/27/2026,SARI,1/14/2023,Overall,359
5/27/2026,SARI,1/14/2023,Pediatrics,122
5/27/2026,SARI,1/21/2023,Adults,195
5/27/2026,SARI,1/21/2023,Overall,304
5/27/2026,SARI,1/21/2023,Pediatrics,109
5/27/2026,SARI,1/28/2023,Adults,135
5/27/2026,SARI,1/28/2023,Overall,226
5/27/2026,SARI,1/28/2023,Pediatrics,91
5/27/2026,SARI,2/4/2023,Adults,133
5/27/2026,SARI,2/4/2023,Overall,254
5/27/2026,SARI,2/4/2023,Pediatrics,121
5/27/2026,SARI,2/11/2023,Adults,100
5/27/2026,SARI,2/11/2023,Overall,222
5/27/2026,SARI,2/11/2023,Pediatrics,122
5/27/2026,SARI,2/18/2023,Adults,107
5/27/2026,SARI,2/18/2023,Overall,204
5/27/2026,SARI,2/18/2023,Pediatrics,97
5/27/2026,SARI,2/25/2023,Adults,100
5/27/2026,SARI,2/25/2023,Overall,200
5/27/2026,SARI,2/25/2023,Pediatrics,100
5/27/2026,SARI,3/4/2023,Adults,137
5/27/2026,SARI,3/4/2023,Overall,289
5/27/2026,SARI,3/4/2023,Pediatrics,152
5/27/2026,SARI,3/11/2023,Adults,104
5/27/2026,SARI,3/11/2023,Overall,300
5/27/2026,SARI,3/11/2023,Pediatrics,196
5/27/2026,SARI,3/18/2023,Adults,92
5/27/2026,SARI,3/18/2023,Overall,249
5/27/2026,SARI,3/18/2023,Pediatrics,157
5/27/2026,SARI,3/25/2023,Adults,83
5/27/2026,SARI,3/25/2023,Overall,238
5/27/2026,SARI,3/25/2023,Pediatrics,155
5/27/2026,SARI,4/1/2023,Adults,78
5/27/2026,SARI,4/1/2023,Overall,251
5/27/2026,SARI,4/1/2023,Pediatrics,173
5/27/2026,SARI,4/8/2023,Adults,90
5/27/2026,SARI,4/8/2023,Overall,275
5/27/2026,SARI,4/8/2023,Pediatrics,185
5/27/2026,SARI,4/15/2023,Adults,102
5/27/2026,SARI,4/15/2023,Overall,297
5/27/2026,SARI,4/15/2023,Pediatrics,195
5/27/2026,SARI,4/22/2023,Adults,91
5/27/2026,SARI,4/22/2023,Overall,320
5/27/2026,SARI,4/22/2023,Pediatrics,229
5/27/2026,SARI,4/29/2023,Adults,92
5/27/2026,SARI,4/29/2023,Overall,415
5/27/2026,SARI,4/29/2023,Pediatrics,323
5/27/2026,SARI,5/6/2023,Adults,102
5/27/2026,SARI,5/6/2023,Overall,484
5/27/2026,SARI,5/6/2023,Pediatrics,382
5/27/2026,SARI,5/13/2023,Adults,118
5/27/2026,SARI,5/13/2023,Overall,544
5/27/2026,SARI,5/13/2023,Pediatrics,426
5/27/2026,SARI,5/20/2023,Adults,113
5/27/2026,SARI,5/20/2023,Overall,596
5/27/2026,SARI,5/20/2023,Pediatrics,483
5/27/2026,SARI,5/27/2023,Adults,119
5/27/2026,SARI,5/27/2023,Overall,680
5/27/2026,SARI,5/27/2023,Pediatrics,561
5/27/2026,SARI,6/3/2023,Adults,182
5/27/2026,SARI,6/3/2023,Overall,706
5/27/2026,SARI,6/3/2023,Pediatrics,524
5/27/2026,SARI,6/10/2023,Adults,190
5/27/2026,SARI,6/10/2023,Overall,742
5/27/2026,SARI,6/10/2023,Pediatrics,552
5/27/2026,SARI,6/17/2023,Adults,196
5/27/2026,SARI,6/17/2023,Overall,633
5/27/2026,SARI,6/17/2023,Pediatrics,437
5/27/2026,SARI,6/24/2023,Adults,264
5/27/2026,SARI,6/24/2023,Overall,703
5/27/2026,SARI,6/24/2023,Pediatrics,439
5/27/2026,SARI,7/1/2023,Adults,257
5/27/2026,SARI,7/1/2023,Overall,675
5/27/2026,SARI,7/1/2023,Pediatrics,418
5/27/2026,SARI,7/8/2023,Adults,229
5/27/2026,SARI,7/8/2023,Overall,582
5/27/2026,SARI,7/8/2023,Pediatrics,353
5/27/2026,SARI,7/15/2023,Adults,191
5/27/2026,SARI,7/15/2023,Overall,524
5/27/2026,SARI,7/15/2023,Pediatrics,333
5/27/2026,SARI,7/22/2023,Adults,188
5/27/2026,SARI,7/22/2023,Overall,451
5/27/2026,SARI,7/22/2023,Pediatrics,263
5/27/2026,SARI,7/29/2023,Adults,153
5/27/2026,SARI,7/29/2023,Overall,379
5/27/2026,SARI,7/29/2023,Pediatrics,226
5/27/2026,SARI,8/5/2023,Adults,176
5/27/2026,SARI,8/5/2023,Overall,391
5/27/2026,SARI,8/5/2023,Pediatrics,215
5/27/2026,SARI,8/12/2023,Adults,147
5/27/2026,SARI,8/12/2023,Overall,409
5/27/2026,SARI,8/12/2023,Pediatrics,262
5/27/2026,SARI,8/19/2023,Adults,164
5/27/2026,SARI,8/19/2023,Overall,404
5/27/2026,SARI,8/19/2023,Pediatrics,240
5/27/2026,SARI,8/26/2023,Adults,178
5/27/2026,SARI,8/26/2023,Overall,408
5/27/2026,SARI,8/26/2023,Pediatrics,230
5/27/2026,SARI,9/2/2023,Adults,191
5/27/2026,SARI,9/2/2023,Overall,443
5/27/2026,SARI,9/2/2023,Pediatrics,252
5/27/2026,SARI,9/9/2023,Adults,184
5/27/2026,SARI,9/9/2023,Overall,417
5/27/2026,SARI,9/9/2023,Pediatrics,233
5/27/2026,SARI,9/16/2023,Adults,175
5/27/2026,SARI,9/16/2023,Overall,434
5/27/2026,SARI,9/16/2023,Pediatrics,259
5/27/2026,SARI,9/23/2023,Adults,170
5/27/2026,SARI,9/23/2023,Overall,396
5/27/2026,SARI,9/23/2023,Pediatrics,226
5/27/2026,SARI,9/30/2023,Adults,109
5/27/2026,SARI,9/30/2023,Overall,290
5/27/2026,SARI,9/30/2023,Pediatrics,181
5/27/2026,SARI,10/7/2023,Adults,111
5/27/2026,SARI,10/7/2023,Overall,301
5/27/2026,SARI,10/7/2023,Pediatrics,190
5/27/2026,SARI,10/14/2023,Adults,114
5/27/2026,SARI,10/14/2023,Overall,305
5/27/2026,SARI,10/14/2023,Pediatrics,191
5/27/2026,SARI,10/21/2023,Adults,114
5/27/2026,SARI,10/21/2023,Overall,278
5/27/2026,SARI,10/21/2023,Pediatrics,164
5/27/2026,SARI,10/28/2023,Adults,75
5/27/2026,SARI,10/28/2023,Overall,191
5/27/2026,SARI,10/28/2023,Pediatrics,116
5/27/2026,SARI,11/4/2023,Adults,81
5/27/2026,SARI,11/4/2023,Overall,210
5/27/2026,SARI,11/4/2023,Pediatrics,129
5/27/2026,SARI,11/11/2023,Adults,85
5/27/2026,SARI,11/11/2023,Overall,201
5/27/2026,SARI,11/11/2023,Pediatrics,116
5/27/2026,SARI,11/18/2023,Adults,79
5/27/2026,SARI,11/18/2023,Overall,192
5/27/2026,SARI,11/18/2023,Pediatrics,113
5/27/2026,SARI,11/25/2023,Adults,74
5/27/2026,SARI,11/25/2023,Overall,168
5/27/2026,SARI,11/25/2023,Pediatrics,94
5/27/2026,SARI,12/2/2023,Adults,70
5/27/2026,SARI,12/2/2023,Overall,168
5/27/2026,SARI,12/2/2023,Pediatrics,98
5/27/2026,SARI,12/9/2023,Adults,64
5/27/2026,SARI,12/9/2023,Overall,130
5/27/2026,SARI,12/9/2023,Pediatrics,66
5/27/2026,SARI,12/16/2023,Adults,66
5/27/2026,SARI,12/16/2023,Overall,135
5/27/2026,SARI,12/16/2023,Pediatrics,69
5/27/2026,SARI,12/23/2023,Adults,56
5/27/2026,SARI,12/23/2023,Overall,102
5/27/2026,SARI,12/23/2023,Pediatrics,46
5/27/2026,SARI,12/30/2023,Adults,46
5/27/2026,SARI,12/30/2023,Overall,87
5/27/2026,SARI,12/30/2023,Pediatrics,41
5/27/2026,SARI,1/6/2024,Adults,95
5/27/2026,SARI,1/6/2024,Overall,160
5/27/2026,SARI,1/6/2024,Pediatrics,65
5/27/2026,SARI,1/13/2024,Adults,126
5/27/2026,SARI,1/13/2024,Overall,197
5/27/2026,SARI,1/13/2024,Pediatrics,71
5/27/2026,SARI,1/20/2024,Adults,165
5/27/2026,SARI,1/20/2024,Overall,247
5/27/2026,SARI,1/20/2024,Pediatrics,82
5/27/2026,SARI,1/27/2024,Adults,160
5/27/2026,SARI,1/27/2024,Overall,253
5/27/2026,SARI,1/27/2024,Pediatrics,93
5/27/2026,SARI,2/3/2024,Adults,165
5/27/2026,SARI,2/3/2024,Overall,252
5/27/2026,SARI,2/3/2024,Pediatrics,87
5/27/2026,SARI,2/10/2024,Adults,131
5/27/2026,SARI,2/10/2024,Overall,205
5/27/2026,SARI,2/10/2024,Pediatrics,74
5/27/2026,SARI,2/17/2024,Adults,114
5/27/2026,SARI,2/17/2024,Overall,176
5/27/2026,SARI,2/17/2024,Pediatrics,62
5/27/2026,SARI,2/24/2024,Adults,120
5/27/2026,SARI,2/24/2024,Overall,176
5/27/2026,SARI,2/24/2024,Pediatrics,56
5/27/2026,SARI,3/2/2024,Adults,92
5/27/2026,SARI,3/2/2024,Overall,155
5/27/2026,SARI,3/2/2024,Pediatrics,63
5/27/2026,SARI,3/9/2024,Adults,93
5/27/2026,SARI,3/9/2024,Overall,164
5/27/2026,SARI,3/9/2024,Pediatrics,71
5/27/2026,SARI,3/16/2024,Adults,94
5/27/2026,SARI,3/16/2024,Overall,213
5/27/2026,SARI,3/16/2024,Pediatrics,119
5/27/2026,SARI,3/23/2024,Adults,92
5/27/2026,SARI,3/23/2024,Overall,209
5/27/2026,SARI,3/23/2024,Pediatrics,117
5/27/2026,SARI,3/30/2024,Adults,96
5/27/2026,SARI,3/30/2024,Overall,207
5/27/2026,SARI,3/30/2024,Pediatrics,111
5/27/2026,SARI,4/6/2024,Adults,111
5/27/2026,SARI,4/6/2024,Overall,223
5/27/2026,SARI,4/6/2024,Pediatrics,112
5/27/2026,SARI,4/13/2024,Adults,95
5/27/2026,SARI,4/13/2024,Overall,198
5/27/2026,SARI,4/13/2024,Pediatrics,103
5/27/2026,SARI,4/20/2024,Adults,107
5/27/2026,SARI,4/20/2024,Overall,212
5/27/2026,SARI,4/20/2024,Pediatrics,105
5/27/2026,SARI,4/27/2024,Adults,97
5/27/2026,SARI,4/27/2024,Overall,241
5/27/2026,SARI,4/27/2024,Pediatrics,144
5/27/2026,SARI,5/4/2024,Adults,129
5/27/2026,SARI,5/4/2024,Overall,287
5/27/2026,SARI,5/4/2024,Pediatrics,158
5/27/2026,SARI,5/11/2024,Adults,151
5/27/2026,SARI,5/11/2024,Overall,338
5/27/2026,SARI,5/11/2024,Pediatrics,187
5/27/2026,SARI,5/18/2024,Adults,230
5/27/2026,SARI,5/18/2024,Overall,557
5/27/2026,SARI,5/18/2024,Pediatrics,327
5/27/2026,SARI,5/25/2024,Adults,333
5/27/2026,SARI,5/25/2024,Overall,746
5/27/2026,SARI,5/25/2024,Pediatrics,413
5/27/2026,SARI,6/1/2024,Adults,524
5/27/2026,SARI,6/1/2024,Overall,1053
5/27/2026,SARI,6/1/2024,Pediatrics,529
5/27/2026,SARI,6/8/2024,Adults,553
5/27/2026,SARI,6/8/2024,Overall,1270
5/27/2026,SARI,6/8/2024,Pediatrics,717
5/27/2026,SARI,6/15/2024,Adults,454
5/27/2026,SARI,6/15/2024,Overall,1031
5/27/2026,SARI,6/15/2024,Pediatrics,577
5/27/2026,SARI,6/22/2024,Adults,315
5/27/2026,SARI,6/22/2024,Overall,832
5/27/2026,SARI,6/22/2024,Pediatrics,517
5/27/2026,SARI,6/29/2024,Adults,277
5/27/2026,SARI,6/29/2024,Overall,825
5/27/2026,SARI,6/29/2024,Pediatrics,548
5/27/2026,SARI,7/6/2024,Adults,317
5/27/2026,SARI,7/6/2024,Overall,891
5/27/2026,SARI,7/6/2024,Pediatrics,574
5/27/2026,SARI,7/13/2024,Adults,251
5/27/2026,SARI,7/13/2024,Overall,830
5/27/2026,SARI,7/13/2024,Pediatrics,579
5/27/2026,SARI,7/20/2024,Adults,299
5/27/2026,SARI,7/20/2024,Overall,877
5/27/2026,SARI,7/20/2024,Pediatrics,578
5/27/2026,SARI,7/27/2024,Adults,229
5/27/2026,SARI,7/27/2024,Overall,707
5/27/2026,SARI,7/27/2024,Pediatrics,478
5/27/2026,SARI,8/3/2024,Adults,209
5/27/2026,SARI,8/3/2024,Overall,662
5/27/2026,SARI,8/3/2024,Pediatrics,453
5/27/2026,SARI,8/10/2024,Adults,184
5/27/2026,SARI,8/10/2024,Overall,668
5/27/2026,SARI,8/10/2024,Pediatrics,484
5/27/2026,SARI,8/17/2024,Adults,172
5/27/2026,SARI,8/17/2024,Overall,645
5/27/2026,SARI,8/17/2024,Pediatrics,473
5/27/2026,SARI,8/24/2024,Adults,175
5/27/2026,SARI,8/24/2024,Overall,642
5/27/2026,SARI,8/24/2024,Pediatrics,467
5/27/2026,SARI,8/31/2024,Adults,174
5/27/2026,SARI,8/31/2024,Overall,596
5/27/2026,SARI,8/31/2024,Pediatrics,422
5/27/2026,SARI,9/7/2024,Adults,210
5/27/2026,SARI,9/7/2024,Overall,718
5/27/2026,SARI,9/7/2024,Pediatrics,508
5/27/2026,SARI,9/14/2024,Adults,194
5/27/2026,SARI,9/14/2024,Overall,616
5/27/2026,SARI,9/14/2024,Pediatrics,422
5/27/2026,SARI,9/21/2024,Adults,178
5/27/2026,SARI,9/21/2024,Overall,598
5/27/2026,SARI,9/21/2024,Pediatrics,420
5/27/2026,SARI,9/28/2024,Adults,159
5/27/2026,SARI,9/28/2024,Overall,492
5/27/2026,SARI,9/28/2024,Pediatrics,333
5/27/2026,SARI,10/5/2024,Adults,199
5/27/2026,SARI,10/5/2024,Overall,511
5/27/2026,SARI,10/5/2024,Pediatrics,312
5/27/2026,SARI,10/12/2024,Adults,151
5/27/2026,SARI,10/12/2024,Overall,401
5/27/2026,SARI,10/12/2024,Pediatrics,250
5/27/2026,SARI,10/19/2024,Adults,165
5/27/2026,SARI,10/19/2024,Overall,424
5/27/2026,SARI,10/19/2024,Pediatrics,259
5/27/2026,SARI,10/26/2024,Adults,131
5/27/2026,SARI,10/26/2024,Overall,394
5/27/2026,SARI,10/26/2024,Pediatrics,263
5/27/2026,SARI,11/2/2024,Adults,116
5/27/2026,SARI,11/2/2024,Overall,353
5/27/2026,SARI,11/2/2024,Pediatrics,237
5/27/2026,SARI,11/9/2024,Adults,102
5/27/2026,SARI,11/9/2024,Overall,259
5/27/2026,SARI,11/9/2024,Pediatrics,157
5/27/2026,SARI,11/16/2024,Adults,112
5/27/2026,SARI,11/16/2024,Overall,284
5/27/2026,SARI,11/16/2024,Pediatrics,172
5/27/2026,SARI,11/23/2024,Adults,84
5/27/2026,SARI,11/23/2024,Overall,242
5/27/2026,SARI,11/23/2024,Pediatrics,158
5/27/2026,SARI,11/30/2024,Adults,73
5/27/2026,SARI,11/30/2024,Overall,221
5/27/2026,SARI,11/30/2024,Pediatrics,148
5/27/2026,SARI,12/7/2024,Adults,86
5/27/2026,SARI,12/7/2024,Overall,197
5/27/2026,SARI,12/7/2024,Pediatrics,111
5/27/2026,SARI,12/14/2024,Adults,90
5/27/2026,SARI,12/14/2024,Overall,202
5/27/2026,SARI,12/14/2024,Pediatrics,112
5/27/2026,SARI,12/21/2024,Adults,88
5/27/2026,SARI,12/21/2024,Overall,151
5/27/2026,SARI,12/21/2024,Pediatrics,63
5/27/2026,SARI,12/28/2024,Adults,60
5/27/2026,SARI,12/28/2024,Overall,113
5/27/2026,SARI,12/28/2024,Pediatrics,53
5/27/2026,SARI,1/4/2025,Adults,99
5/27/2026,SARI,1/4/2025,Overall,197
5/27/2026,SARI,1/4/2025,Pediatrics,98
5/27/2026,SARI,1/11/2025,Adults,97
5/27/2026,SARI,1/11/2025,Overall,175
5/27/2026,SARI,1/11/2025,Pediatrics,78
5/27/2026,SARI,1/18/2025,Adults,78
5/27/2026,SARI,1/18/2025,Overall,150
5/27/2026,SARI,1/18/2025,Pediatrics,72
5/27/2026,SARI,1/25/2025,Adults,81
5/27/2026,SARI,1/25/2025,Overall,163
5/27/2026,SARI,1/25/2025,Pediatrics,82
5/27/2026,SARI,2/1/2025,Adults,92
5/27/2026,SARI,2/1/2025,Overall,153
5/27/2026,SARI,2/1/2025,Pediatrics,61
5/27/2026,SARI,2/8/2025,Adults,86
5/27/2026,SARI,2/8/2025,Overall,172
5/27/2026,SARI,2/8/2025,Pediatrics,86
5/27/2026,SARI,2/15/2025,Adults,90
5/27/2026,SARI,2/15/2025,Overall,170
5/27/2026,SARI,2/15/2025,Pediatrics,80
5/27/2026,SARI,2/22/2025,Adults,86
5/27/2026,SARI,2/22/2025,Overall,164
5/27/2026,SARI,2/22/2025,Pediatrics,78
5/27/2026,SARI,3/1/2025,Adults,102
5/27/2026,SARI,3/1/2025,Overall,175
5/27/2026,SARI,3/1/2025,Pediatrics,73
5/27/2026,SARI,3/8/2025,Adults,101
5/27/2026,SARI,3/8/2025,Overall,181
5/27/2026,SARI,3/8/2025,Pediatrics,80
5/27/2026,SARI,3/15/2025,Adults,117
5/27/2026,SARI,3/15/2025,Overall,227
5/27/2026,SARI,3/15/2025,Pediatrics,110
5/27/2026,SARI,3/22/2025,Adults,158
5/27/2026,SARI,3/22/2025,Overall,320
5/27/2026,SARI,3/22/2025,Pediatrics,162
5/27/2026,SARI,3/29/2025,Adults,156
5/27/2026,SARI,3/29/2025,Overall,326
5/27/2026,SARI,3/29/2025,Pediatrics,170
5/27/2026,SARI,4/5/2025,Adults,150
5/27/2026,SARI,4/5/2025,Overall,292
5/27/2026,SARI,4/5/2025,Pediatrics,142
5/27/2026,SARI,4/12/2025,Adults,153
5/27/2026,SARI,4/12/2025,Overall,307
5/27/2026,SARI,4/12/2025,Pediatrics,154
5/27/2026,SARI,4/19/2025,Adults,153
5/27/2026,SARI,4/19/2025,Overall,334
5/27/2026,SARI,4/19/2025,Pediatrics,181
5/27/2026,SARI,4/26/2025,Adults,207
5/27/2026,SARI,4/26/2025,Overall,378
5/27/2026,SARI,4/26/2025,Pediatrics,171
5/27/2026,SARI,5/3/2025,Adults,190
5/27/2026,SARI,5/3/2025,Overall,402
5/27/2026,SARI,5/3/2025,Pediatrics,212
5/27/2026,SARI,5/10/2025,Adults,202
5/27/2026,SARI,5/10/2025,Overall,408
5/27/2026,SARI,5/10/2025,Pediatrics,206
5/27/2026,SARI,5/17/2025,Adults,235
5/27/2026,SARI,5/17/2025,Overall,486
5/27/2026,SARI,5/17/2025,Pediatrics,251
5/27/2026,SARI,5/24/2025,Adults,292
5/27/2026,SARI,5/24/2025,Overall,608
5/27/2026,SARI,5/24/2025,Pediatrics,316
5/27/2026,SARI,5/31/2025,Adults,347
5/27/2026,SARI,5/31/2025,Overall,710
5/27/2026,SARI,5/31/2025,Pediatrics,363
5/27/2026,SARI,6/7/2025,Adults,515
5/27/2026,SARI,6/7/2025,Overall,1046
5/27/2026,SARI,6/7/2025,Pediatrics,531
5/27/2026,SARI,6/14/2025,Adults,582
5/27/2026,SARI,6/14/2025,Overall,1092
5/27/2026,SARI,6/14/2025,Pediatrics,510
5/27/2026,SARI,6/21/2025,Adults,503
5/27/2026,SARI,6/21/2025,Overall,1009
5/27/2026,SARI,6/21/2025,Pediatrics,506
5/27/2026,SARI,6/28/2025,Adults,458
5/27/2026,SARI,6/28/2025,Overall,915
5/27/2026,SARI,6/28/2025,Pediatrics,457
5/27/2026,SARI,7/5/2025,Adults,422
5/27/2026,SARI,7/5/2025,Overall,971
5/27/2026,SARI,7/5/2025,Pediatrics,549
5/27/2026,SARI,7/12/2025,Adults,320
5/27/2026,SARI,7/12/2025,Overall,838
5/27/2026,SARI,7/12/2025,Pediatrics,518
5/27/2026,SARI,7/19/2025,Adults,224
5/27/2026,SARI,7/19/2025,Overall,798
5/27/2026,SARI,7/19/2025,Pediatrics,574
5/27/2026,SARI,7/26/2025,Adults,172
5/27/2026,SARI,7/26/2025,Overall,665
5/27/2026,SARI,7/26/2025,Pediatrics,493
5/27/2026,SARI,8/2/2025,Adults,177
5/27/2026,SARI,8/2/2025,Overall,726
5/27/2026,SARI,8/2/2025,Pediatrics,549
5/27/2026,SARI,8/9/2025,Adults,187
5/27/2026,SARI,8/9/2025,Overall,695
5/27/2026,SARI,8/9/2025,Pediatrics,508
5/27/2026,SARI,8/16/2025,Adults,161
5/27/2026,SARI,8/16/2025,Overall,701
5/27/2026,SARI,8/16/2025,Pediatrics,540
5/27/2026,SARI,8/23/2025,Adults,168
5/27/2026,SARI,8/23/2025,Overall,708
5/27/2026,SARI,8/23/2025,Pediatrics,540
5/27/2026,SARI,8/30/2025,Adults,146
5/27/2026,SARI,8/30/2025,Overall,600
5/27/2026,SARI,8/30/2025,Pediatrics,454
5/27/2026,SARI,9/6/2025,Adults,164
5/27/2026,SARI,9/6/2025,Overall,591
5/27/2026,SARI,9/6/2025,Pediatrics,427
5/27/2026,SARI,9/13/2025,Adults,164
5/27/2026,SARI,9/13/2025,Overall,571
5/27/2026,SARI,9/13/2025,Pediatrics,407
5/27/2026,SARI,9/20/2025,Adults,158
5/27/2026,SARI,9/20/2025,Overall,520
5/27/2026,SARI,9/20/2025,Pediatrics,362
5/27/2026,SARI,9/27/2025,Adults,132
5/27/2026,SARI,9/27/2025,Overall,430
5/27/2026,SARI,9/27/2025,Pediatrics,298
5/27/2026,SARI,10/4/2025,Adults,126
5/27/2026,SARI,10/4/2025,Overall,425
5/27/2026,SARI,10/4/2025,Pediatrics,299
5/27/2026,SARI,10/11/2025,Adults,110
5/27/2026,SARI,10/11/2025,Overall,383
5/27/2026,SARI,10/11/2025,Pediatrics,273
5/27/2026,SARI,10/18/2025,Adults,121
5/27/2026,SARI,10/18/2025,Overall,346
5/27/2026,SARI,10/18/2025,Pediatrics,225
5/27/2026,SARI,10/25/2025,Adults,116
5/27/2026,SARI,10/25/2025,Overall,338
5/27/2026,SARI,10/25/2025,Pediatrics,222
5/27/2026,SARI,11/1/2025,Adults,100
5/27/2026,SARI,11/1/2025,Overall,259
5/27/2026,SARI,11/1/2025,Pediatrics,159
5/27/2026,SARI,11/8/2025,Adults,91
5/27/2026,SARI,11/8/2025,Overall,309
5/27/2026,SARI,11/8/2025,Pediatrics,218
5/27/2026,SARI,11/15/2025,Adults,116
5/27/2026,SARI,11/15/2025,Overall,276
5/27/2026,SARI,11/15/2025,Pediatrics,160
5/27/2026,SARI,11/22/2025,Adults,77
5/27/2026,SARI,11/22/2025,Overall,214
5/27/2026,SARI,11/22/2025,Pediatrics,137
5/27/2026,SARI,11/29/2025,Adults,61
5/27/2026,SARI,11/29/2025,Overall,174
5/27/2026,SARI,11/29/2025,Pediatrics,113
5/27/2026,SARI,12/6/2025,Adults,83
5/27/2026,SARI,12/6/2025,Overall,187
5/27/2026,SARI,12/6/2025,Pediatrics,104
5/27/2026,SARI,12/13/2025,Adults,89
5/27/2026,SARI,12/13/2025,Overall,191
5/27/2026,SARI,12/13/2025,Pediatrics,102
5/27/2026,SARI,12/20/2025,Adults,65
5/27/2026,SARI,12/20/2025,Overall,137
5/27/2026,SARI,12/20/2025,Pediatrics,72
5/27/2026,SARI,12/27/2025,Adults,93
5/27/2026,SARI,12/27/2025,Overall,145
5/27/2026,SARI,12/27/2025,Pediatrics,52
5/27/2026,SARI,1/3/2026,Adults,52
5/27/2026,SARI,1/3/2026,Overall,99
5/27/2026,SARI,1/3/2026,Pediatrics,47
5/27/2026,SARI,1/10/2026,Adults,101
5/27/2026,SARI,1/10/2026,Overall,192
5/27/2026,SARI,1/10/2026,Pediatrics,91
5/27/2026,SARI,1/17/2026,Adults,84
5/27/2026,SARI,1/17/2026,Overall,155
5/27/2026,SARI,1/17/2026,Pediatrics,71
5/27/2026,SARI,1/24/2026,Adults,97
5/27/2026,SARI,1/24/2026,Overall,168
5/27/2026,SARI,1/24/2026,Pediatrics,71
5/27/2026,SARI,1/31/2026,Adults,70
5/27/2026,SARI,1/31/2026,Overall,132
5/27/2026,SARI,1/31/2026,Pediatrics,62
5/27/2026,SARI,2/7/2026,Adults,97
5/27/2026,SARI,2/7/2026,Overall,151
5/27/2026,SARI,2/7/2026,Pediatrics,54
5/27/2026,SARI,2/14/2026,Adults,66
5/27/2026,SARI,2/14/2026,Overall,115
5/27/2026,SARI,2/14/2026,Pediatrics,49
5/27/2026,SARI,2/21/2026,Adults,67
5/27/2026,SARI,2/21/2026,Overall,118
5/27/2026,SARI,2/21/2026,Pediatrics,51
5/27/2026,SARI,2/28/2026,Adults,70
5/27/2026,SARI,2/28/2026,Overall,138
5/27/2026,SARI,2/28/2026,Pediatrics,68
5/27/2026,SARI,3/7/2026,Adults,89
5/27/2026,SARI,3/7/2026,Overall,192
5/27/2026,SARI,3/7/2026,Pediatrics,103
5/27/2026,SARI,3/14/2026,Adults,79
5/27/2026,SARI,3/14/2026,Overall,278
5/27/2026,SARI,3/14/2026,Pediatrics,199
5/27/2026,SARI,3/21/2026,Adults,93
5/27/2026,SARI,3/21/2026,Overall,293
5/27/2026,SARI,3/21/2026,Pediatrics,200
5/27/2026,SARI,3/28/2026,Adults,98
5/27/2026,SARI,3/28/2026,Overall,266
5/27/2026,SARI,3/28/2026,Pediatrics,168
5/27/2026,SARI,4/4/2026,Adults,114
5/27/2026,SARI,4/4/2026,Overall,243
5/27/2026,SARI,4/4/2026,Pediatrics,129
5/27/2026,SARI,4/11/2026,Adults,129
5/27/2026,SARI,4/11/2026,Overall,265
5/27/2026,SARI,4/11/2026,Pediatrics,136
5/27/2026,SARI,4/18/2026,Adults,102
5/27/2026,SARI,4/18/2026,Overall,282
5/27/2026,SARI,4/18/2026,Pediatrics,180
5/27/2026,SARI,4/25/2026,Adults,110
5/27/2026,SARI,4/25/2026,Overall,284
5/27/2026,SARI,4/25/2026,Pediatrics,174
5/27/2026,SARI,5/2/2026,Adults,106
5/27/2026,SARI,5/2/2026,Overall,292
5/27/2026,SARI,5/2/2026,Pediatrics,186
6/3/2026,SARI,1/8/2022,Adults,1023
6/3/2026,SARI,1/8/2022,Overall,1186
6/3/2026,SARI,1/8/2022,Pediatrics,163
6/3/2026,SARI,1/15/2022,Adults,1251
6/3/2026,SARI,1/15/2022,Overall,1423
6/3/2026,SARI,1/15/2022,Pediatrics,172
6/3/2026,SARI,1/22/2022,Adults,1113
6/3/2026,SARI,1/22/2022,Overall,1303
6/3/2026,SARI,1/22/2022,Pediatrics,190
6/3/2026,SARI,1/29/2022,Adults,769
6/3/2026,SARI,1/29/2022,Overall,907
6/3/2026,SARI,1/29/2022,Pediatrics,138
6/3/2026,SARI,2/5/2022,Adults,587
6/3/2026,SARI,2/5/2022,Overall,698
6/3/2026,SARI,2/5/2022,Pediatrics,111
6/3/2026,SARI,2/12/2022,Adults,420
6/3/2026,SARI,2/12/2022,Overall,537
6/3/2026,SARI,2/12/2022,Pediatrics,117
6/3/2026,SARI,2/19/2022,Adults,473
6/3/2026,SARI,2/19/2022,Overall,604
6/3/2026,SARI,2/19/2022,Pediatrics,131
6/3/2026,SARI,2/26/2022,Adults,430
6/3/2026,SARI,2/26/2022,Overall,551
6/3/2026,SARI,2/26/2022,Pediatrics,121
6/3/2026,SARI,3/5/2022,Adults,533
6/3/2026,SARI,3/5/2022,Overall,702
6/3/2026,SARI,3/5/2022,Pediatrics,169
6/3/2026,SARI,3/12/2022,Adults,502
6/3/2026,SARI,3/12/2022,Overall,730
6/3/2026,SARI,3/12/2022,Pediatrics,228
6/3/2026,SARI,3/19/2022,Adults,518
6/3/2026,SARI,3/19/2022,Overall,772
6/3/2026,SARI,3/19/2022,Pediatrics,254
6/3/2026,SARI,3/26/2022,Adults,437
6/3/2026,SARI,3/26/2022,Overall,633
6/3/2026,SARI,3/26/2022,Pediatrics,196
6/3/2026,SARI,4/2/2022,Adults,377
6/3/2026,SARI,4/2/2022,Overall,567
6/3/2026,SARI,4/2/2022,Pediatrics,190
6/3/2026,SARI,4/9/2022,Adults,349
6/3/2026,SARI,4/9/2022,Overall,573
6/3/2026,SARI,4/9/2022,Pediatrics,224
6/3/2026,SARI,4/16/2022,Adults,302
6/3/2026,SARI,4/16/2022,Overall,511
6/3/2026,SARI,4/16/2022,Pediatrics,209
6/3/2026,SARI,4/23/2022,Adults,271
6/3/2026,SARI,4/23/2022,Overall,496
6/3/2026,SARI,4/23/2022,Pediatrics,225
6/3/2026,SARI,4/30/2022,Adults,267
6/3/2026,SARI,4/30/2022,Overall,547
6/3/2026,SARI,4/30/2022,Pediatrics,280
6/3/2026,SARI,5/7/2022,Adults,312
6/3/2026,SARI,5/7/2022,Overall,613
6/3/2026,SARI,5/7/2022,Pediatrics,301
6/3/2026,SARI,5/14/2022,Adults,343
6/3/2026,SARI,5/14/2022,Overall,761
6/3/2026,SARI,5/14/2022,Pediatrics,418
6/3/2026,SARI,5/21/2022,Adults,394
6/3/2026,SARI,5/21/2022,Overall,898
6/3/2026,SARI,5/21/2022,Pediatrics,504
6/3/2026,SARI,5/28/2022,Adults,419
6/3/2026,SARI,5/28/2022,Overall,846
6/3/2026,SARI,5/28/2022,Pediatrics,427
6/3/2026,SARI,6/4/2022,Adults,457
6/3/2026,SARI,6/4/2022,Overall,925
6/3/2026,SARI,6/4/2022,Pediatrics,468
6/3/2026,SARI,6/11/2022,Adults,482
6/3/2026,SARI,6/11/2022,Overall,1042
6/3/2026,SARI,6/11/2022,Pediatrics,560
6/3/2026,SARI,6/18/2022,Adults,429
6/3/2026,SARI,6/18/2022,Overall,918
6/3/2026,SARI,6/18/2022,Pediatrics,489
6/3/2026,SARI,6/25/2022,Adults,416
6/3/2026,SARI,6/25/2022,Overall,824
6/3/2026,SARI,6/25/2022,Pediatrics,408
6/3/2026,SARI,7/2/2022,Adults,483
6/3/2026,SARI,7/2/2022,Overall,871
6/3/2026,SARI,7/2/2022,Pediatrics,388
6/3/2026,SARI,7/9/2022,Adults,440
6/3/2026,SARI,7/9/2022,Overall,868
6/3/2026,SARI,7/9/2022,Pediatrics,428
6/3/2026,SARI,7/16/2022,Adults,462
6/3/2026,SARI,7/16/2022,Overall,821
6/3/2026,SARI,7/16/2022,Pediatrics,359
6/3/2026,SARI,7/23/2022,Adults,490
6/3/2026,SARI,7/23/2022,Overall,833
6/3/2026,SARI,7/23/2022,Pediatrics,343
6/3/2026,SARI,7/30/2022,Adults,422
6/3/2026,SARI,7/30/2022,Overall,701
6/3/2026,SARI,7/30/2022,Pediatrics,279
6/3/2026,SARI,8/6/2022,Adults,403
6/3/2026,SARI,8/6/2022,Overall,675
6/3/2026,SARI,8/6/2022,Pediatrics,272
6/3/2026,SARI,8/13/2022,Adults,348
6/3/2026,SARI,8/13/2022,Overall,652
6/3/2026,SARI,8/13/2022,Pediatrics,304
6/3/2026,SARI,8/20/2022,Adults,307
6/3/2026,SARI,8/20/2022,Overall,655
6/3/2026,SARI,8/20/2022,Pediatrics,348
6/3/2026,SARI,8/27/2022,Adults,286
6/3/2026,SARI,8/27/2022,Overall,595
6/3/2026,SARI,8/27/2022,Pediatrics,309
6/3/2026,SARI,9/3/2022,Adults,282
6/3/2026,SARI,9/3/2022,Overall,611
6/3/2026,SARI,9/3/2022,Pediatrics,329
6/3/2026,SARI,9/10/2022,Adults,305
6/3/2026,SARI,9/10/2022,Overall,616
6/3/2026,SARI,9/10/2022,Pediatrics,311
6/3/2026,SARI,9/17/2022,Adults,235
6/3/2026,SARI,9/17/2022,Overall,525
6/3/2026,SARI,9/17/2022,Pediatrics,290
6/3/2026,SARI,9/24/2022,Adults,242
6/3/2026,SARI,9/24/2022,Overall,502
6/3/2026,SARI,9/24/2022,Pediatrics,260
6/3/2026,SARI,10/1/2022,Adults,255
6/3/2026,SARI,10/1/2022,Overall,561
6/3/2026,SARI,10/1/2022,Pediatrics,306
6/3/2026,SARI,10/8/2022,Adults,208
6/3/2026,SARI,10/8/2022,Overall,480
6/3/2026,SARI,10/8/2022,Pediatrics,272
6/3/2026,SARI,10/15/2022,Adults,272
6/3/2026,SARI,10/15/2022,Overall,545
6/3/2026,SARI,10/15/2022,Pediatrics,273
6/3/2026,SARI,10/22/2022,Adults,267
6/3/2026,SARI,10/22/2022,Overall,591
6/3/2026,SARI,10/22/2022,Pediatrics,324
6/3/2026,SARI,10/29/2022,Adults,223
6/3/2026,SARI,10/29/2022,Overall,501
6/3/2026,SARI,10/29/2022,Pediatrics,278
6/3/2026,SARI,11/5/2022,Adults,230
6/3/2026,SARI,11/5/2022,Overall,481
6/3/2026,SARI,11/5/2022,Pediatrics,251
6/3/2026,SARI,11/12/2022,Adults,194
6/3/2026,SARI,11/12/2022,Overall,433
6/3/2026,SARI,11/12/2022,Pediatrics,239
6/3/2026,SARI,11/19/2022,Adults,161
6/3/2026,SARI,11/19/2022,Overall,329
6/3/2026,SARI,11/19/2022,Pediatrics,168
6/3/2026,SARI,11/26/2022,Adults,152
6/3/2026,SARI,11/26/2022,Overall,282
6/3/2026,SARI,11/26/2022,Pediatrics,130
6/3/2026,SARI,12/3/2022,Adults,189
6/3/2026,SARI,12/3/2022,Overall,323
6/3/2026,SARI,12/3/2022,Pediatrics,134
6/3/2026,SARI,12/10/2022,Adults,285
6/3/2026,SARI,12/10/2022,Overall,408
6/3/2026,SARI,12/10/2022,Pediatrics,123
6/3/2026,SARI,12/17/2022,Adults,309
6/3/2026,SARI,12/17/2022,Overall,457
6/3/2026,SARI,12/17/2022,Pediatrics,148
6/3/2026,SARI,12/24/2022,Adults,357
6/3/2026,SARI,12/24/2022,Overall,465
6/3/2026,SARI,12/24/2022,Pediatrics,108
6/3/2026,SARI,12/31/2022,Adults,324
6/3/2026,SARI,12/31/2022,Overall,407
6/3/2026,SARI,12/31/2022,Pediatrics,83
6/3/2026,SARI,1/7/2023,Adults,330
6/3/2026,SARI,1/7/2023,Overall,448
6/3/2026,SARI,1/7/2023,Pediatrics,118
6/3/2026,SARI,1/14/2023,Adults,237
6/3/2026,SARI,1/14/2023,Overall,359
6/3/2026,SARI,1/14/2023,Pediatrics,122
6/3/2026,SARI,1/21/2023,Adults,195
6/3/2026,SARI,1/21/2023,Overall,304
6/3/2026,SARI,1/21/2023,Pediatrics,109
6/3/2026,SARI,1/28/2023,Adults,135
6/3/2026,SARI,1/28/2023,Overall,226
6/3/2026,SARI,1/28/2023,Pediatrics,91
6/3/2026,SARI,2/4/2023,Adults,133
6/3/2026,SARI,2/4/2023,Overall,254
6/3/2026,SARI,2/4/2023,Pediatrics,121
6/3/2026,SARI,2/11/2023,Adults,100
6/3/2026,SARI,2/11/2023,Overall,222
6/3/2026,SARI,2/11/2023,Pediatrics,122
6/3/2026,SARI,2/18/2023,Adults,107
6/3/2026,SARI,2/18/2023,Overall,204
6/3/2026,SARI,2/18/2023,Pediatrics,97
6/3/2026,SARI,2/25/2023,Adults,100
6/3/2026,SARI,2/25/2023,Overall,200
6/3/2026,SARI,2/25/2023,Pediatrics,100
6/3/2026,SARI,3/4/2023,Adults,137
6/3/2026,SARI,3/4/2023,Overall,289
6/3/2026,SARI,3/4/2023,Pediatrics,152
6/3/2026,SARI,3/11/2023,Adults,104
6/3/2026,SARI,3/11/2023,Overall,300
6/3/2026,SARI,3/11/2023,Pediatrics,196
6/3/2026,SARI,3/18/2023,Adults,92
6/3/2026,SARI,3/18/2023,Overall,249
6/3/2026,SARI,3/18/2023,Pediatrics,157
6/3/2026,SARI,3/25/2023,Adults,83
6/3/2026,SARI,3/25/2023,Overall,238
6/3/2026,SARI,3/25/2023,Pediatrics,155
6/3/2026,SARI,4/1/2023,Adults,78
6/3/2026,SARI,4/1/2023,Overall,251
6/3/2026,SARI,4/1/2023,Pediatrics,173
6/3/2026,SARI,4/8/2023,Adults,90
6/3/2026,SARI,4/8/2023,Overall,275
6/3/2026,SARI,4/8/2023,Pediatrics,185
6/3/2026,SARI,4/15/2023,Adults,102
6/3/2026,SARI,4/15/2023,Overall,297
6/3/2026,SARI,4/15/2023,Pediatrics,195
6/3/2026,SARI,4/22/2023,Adults,91
6/3/2026,SARI,4/22/2023,Overall,320
6/3/2026,SARI,4/22/2023,Pediatrics,229
6/3/2026,SARI,4/29/2023,Adults,92
6/3/2026,SARI,4/29/2023,Overall,415
6/3/2026,SARI,4/29/2023,Pediatrics,323
6/3/2026,SARI,5/6/2023,Adults,102
6/3/2026,SARI,5/6/2023,Overall,484
6/3/2026,SARI,5/6/2023,Pediatrics,382
6/3/2026,SARI,5/13/2023,Adults,118
6/3/2026,SARI,5/13/2023,Overall,544
6/3/2026,SARI,5/13/2023,Pediatrics,426
6/3/2026,SARI,5/20/2023,Adults,113
6/3/2026,SARI,5/20/2023,Overall,596
6/3/2026,SARI,5/20/2023,Pediatrics,483
6/3/2026,SARI,5/27/2023,Adults,119
6/3/2026,SARI,5/27/2023,Overall,680
6/3/2026,SARI,5/27/2023,Pediatrics,561
6/3/2026,SARI,6/3/2023,Adults,182
6/3/2026,SARI,6/3/2023,Overall,706
6/3/2026,SARI,6/3/2023,Pediatrics,524
6/3/2026,SARI,6/10/2023,Adults,190
6/3/2026,SARI,6/10/2023,Overall,742
6/3/2026,SARI,6/10/2023,Pediatrics,552
6/3/2026,SARI,6/17/2023,Adults,196
6/3/2026,SARI,6/17/2023,Overall,633
6/3/2026,SARI,6/17/2023,Pediatrics,437
6/3/2026,SARI,6/24/2023,Adults,264
6/3/2026,SARI,6/24/2023,Overall,703
6/3/2026,SARI,6/24/2023,Pediatrics,439
6/3/2026,SARI,7/1/2023,Adults,257
6/3/2026,SARI,7/1/2023,Overall,675
6/3/2026,SARI,7/1/2023,Pediatrics,418
6/3/2026,SARI,7/8/2023,Adults,229
6/3/2026,SARI,7/8/2023,Overall,582
6/3/2026,SARI,7/8/2023,Pediatrics,353
6/3/2026,SARI,7/15/2023,Adults,191
6/3/2026,SARI,7/15/2023,Overall,524
6/3/2026,SARI,7/15/2023,Pediatrics,333
6/3/2026,SARI,7/22/2023,Adults,188
6/3/2026,SARI,7/22/2023,Overall,451
6/3/2026,SARI,7/22/2023,Pediatrics,263
6/3/2026,SARI,7/29/2023,Adults,153
6/3/2026,SARI,7/29/2023,Overall,379
6/3/2026,SARI,7/29/2023,Pediatrics,226
6/3/2026,SARI,8/5/2023,Adults,176
6/3/2026,SARI,8/5/2023,Overall,391
6/3/2026,SARI,8/5/2023,Pediatrics,215
6/3/2026,SARI,8/12/2023,Adults,147
6/3/2026,SARI,8/12/2023,Overall,409
6/3/2026,SARI,8/12/2023,Pediatrics,262
6/3/2026,SARI,8/19/2023,Adults,164
6/3/2026,SARI,8/19/2023,Overall,404
6/3/2026,SARI,8/19/2023,Pediatrics,240
6/3/2026,SARI,8/26/2023,Adults,178
6/3/2026,SARI,8/26/2023,Overall,408
6/3/2026,SARI,8/26/2023,Pediatrics,230
6/3/2026,SARI,9/2/2023,Adults,191
6/3/2026,SARI,9/2/2023,Overall,443
6/3/2026,SARI,9/2/2023,Pediatrics,252
6/3/2026,SARI,9/9/2023,Adults,184
6/3/2026,SARI,9/9/2023,Overall,417
6/3/2026,SARI,9/9/2023,Pediatrics,233
6/3/2026,SARI,9/16/2023,Adults,175
6/3/2026,SARI,9/16/2023,Overall,434
6/3/2026,SARI,9/16/2023,Pediatrics,259
6/3/2026,SARI,9/23/2023,Adults,170
6/3/2026,SARI,9/23/2023,Overall,396
6/3/2026,SARI,9/23/2023,Pediatrics,226
6/3/2026,SARI,9/30/2023,Adults,109
6/3/2026,SARI,9/30/2023,Overall,290
6/3/2026,SARI,9/30/2023,Pediatrics,181
6/3/2026,SARI,10/7/2023,Adults,111
6/3/2026,SARI,10/7/2023,Overall,301
6/3/2026,SARI,10/7/2023,Pediatrics,190
6/3/2026,SARI,10/14/2023,Adults,114
6/3/2026,SARI,10/14/2023,Overall,305
6/3/2026,SARI,10/14/2023,Pediatrics,191
6/3/2026,SARI,10/21/2023,Adults,114
6/3/2026,SARI,10/21/2023,Overall,278
6/3/2026,SARI,10/21/2023,Pediatrics,164
6/3/2026,SARI,10/28/2023,Adults,75
6/3/2026,SARI,10/28/2023,Overall,191
6/3/2026,SARI,10/28/2023,Pediatrics,116
6/3/2026,SARI,11/4/2023,Adults,81
6/3/2026,SARI,11/4/2023,Overall,210
6/3/2026,SARI,11/4/2023,Pediatrics,129
6/3/2026,SARI,11/11/2023,Adults,85
6/3/2026,SARI,11/11/2023,Overall,201
6/3/2026,SARI,11/11/2023,Pediatrics,116
6/3/2026,SARI,11/18/2023,Adults,79
6/3/2026,SARI,11/18/2023,Overall,192
6/3/2026,SARI,11/18/2023,Pediatrics,113
6/3/2026,SARI,11/25/2023,Adults,74
6/3/2026,SARI,11/25/2023,Overall,168
6/3/2026,SARI,11/25/2023,Pediatrics,94
6/3/2026,SARI,12/2/2023,Adults,70
6/3/2026,SARI,12/2/2023,Overall,168
6/3/2026,SARI,12/2/2023,Pediatrics,98
6/3/2026,SARI,12/9/2023,Adults,64
6/3/2026,SARI,12/9/2023,Overall,130
6/3/2026,SARI,12/9/2023,Pediatrics,66
6/3/2026,SARI,12/16/2023,Adults,66
6/3/2026,SARI,12/16/2023,Overall,135
6/3/2026,SARI,12/16/2023,Pediatrics,69
6/3/2026,SARI,12/23/2023,Adults,56
6/3/2026,SARI,12/23/2023,Overall,102
6/3/2026,SARI,12/23/2023,Pediatrics,46
6/3/2026,SARI,12/30/2023,Adults,46
6/3/2026,SARI,12/30/2023,Overall,87
6/3/2026,SARI,12/30/2023,Pediatrics,41
6/3/2026,SARI,1/6/2024,Adults,95
6/3/2026,SARI,1/6/2024,Overall,160
6/3/2026,SARI,1/6/2024,Pediatrics,65
6/3/2026,SARI,1/13/2024,Adults,126
6/3/2026,SARI,1/13/2024,Overall,197
6/3/2026,SARI,1/13/2024,Pediatrics,71
6/3/2026,SARI,1/20/2024,Adults,165
6/3/2026,SARI,1/20/2024,Overall,247
6/3/2026,SARI,1/20/2024,Pediatrics,82
6/3/2026,SARI,1/27/2024,Adults,160
6/3/2026,SARI,1/27/2024,Overall,253
6/3/2026,SARI,1/27/2024,Pediatrics,93
6/3/2026,SARI,2/3/2024,Adults,165
6/3/2026,SARI,2/3/2024,Overall,252
6/3/2026,SARI,2/3/2024,Pediatrics,87
6/3/2026,SARI,2/10/2024,Adults,131
6/3/2026,SARI,2/10/2024,Overall,205
6/3/2026,SARI,2/10/2024,Pediatrics,74
6/3/2026,SARI,2/17/2024,Adults,114
6/3/2026,SARI,2/17/2024,Overall,176
6/3/2026,SARI,2/17/2024,Pediatrics,62
6/3/2026,SARI,2/24/2024,Adults,120
6/3/2026,SARI,2/24/2024,Overall,176
6/3/2026,SARI,2/24/2024,Pediatrics,56
6/3/2026,SARI,3/2/2024,Adults,92
6/3/2026,SARI,3/2/2024,Overall,155
6/3/2026,SARI,3/2/2024,Pediatrics,63
6/3/2026,SARI,3/9/2024,Adults,93
6/3/2026,SARI,3/9/2024,Overall,164
6/3/2026,SARI,3/9/2024,Pediatrics,71
6/3/2026,SARI,3/16/2024,Adults,94
6/3/2026,SARI,3/16/2024,Overall,213
6/3/2026,SARI,3/16/2024,Pediatrics,119
6/3/2026,SARI,3/23/2024,Adults,92
6/3/2026,SARI,3/23/2024,Overall,209
6/3/2026,SARI,3/23/2024,Pediatrics,117
6/3/2026,SARI,3/30/2024,Adults,96
6/3/2026,SARI,3/30/2024,Overall,207
6/3/2026,SARI,3/30/2024,Pediatrics,111
6/3/2026,SARI,4/6/2024,Adults,111
6/3/2026,SARI,4/6/2024,Overall,223
6/3/2026,SARI,4/6/2024,Pediatrics,112
6/3/2026,SARI,4/13/2024,Adults,95
6/3/2026,SARI,4/13/2024,Overall,198
6/3/2026,SARI,4/13/2024,Pediatrics,103
6/3/2026,SARI,4/20/2024,Adults,107
6/3/2026,SARI,4/20/2024,Overall,212
6/3/2026,SARI,4/20/2024,Pediatrics,105
6/3/2026,SARI,4/27/2024,Adults,97
6/3/2026,SARI,4/27/2024,Overall,241
6/3/2026,SARI,4/27/2024,Pediatrics,144
6/3/2026,SARI,5/4/2024,Adults,129
6/3/2026,SARI,5/4/2024,Overall,287
6/3/2026,SARI,5/4/2024,Pediatrics,158
6/3/2026,SARI,5/11/2024,Adults,151
6/3/2026,SARI,5/11/2024,Overall,338
6/3/2026,SARI,5/11/2024,Pediatrics,187
6/3/2026,SARI,5/18/2024,Adults,230
6/3/2026,SARI,5/18/2024,Overall,557
6/3/2026,SARI,5/18/2024,Pediatrics,327
6/3/2026,SARI,5/25/2024,Adults,333
6/3/2026,SARI,5/25/2024,Overall,746
6/3/2026,SARI,5/25/2024,Pediatrics,413
6/3/2026,SARI,6/1/2024,Adults,524
6/3/2026,SARI,6/1/2024,Overall,1053
6/3/2026,SARI,6/1/2024,Pediatrics,529
6/3/2026,SARI,6/8/2024,Adults,553
6/3/2026,SARI,6/8/2024,Overall,1270
6/3/2026,SARI,6/8/2024,Pediatrics,717
6/3/2026,SARI,6/15/2024,Adults,454
6/3/2026,SARI,6/15/2024,Overall,1031
6/3/2026,SARI,6/15/2024,Pediatrics,577
6/3/2026,SARI,6/22/2024,Adults,315
6/3/2026,SARI,6/22/2024,Overall,832
6/3/2026,SARI,6/22/2024,Pediatrics,517
6/3/2026,SARI,6/29/2024,Adults,277
6/3/2026,SARI,6/29/2024,Overall,825
6/3/2026,SARI,6/29/2024,Pediatrics,548
6/3/2026,SARI,7/6/2024,Adults,317
6/3/2026,SARI,7/6/2024,Overall,891
6/3/2026,SARI,7/6/2024,Pediatrics,574
6/3/2026,SARI,7/13/2024,Adults,251
6/3/2026,SARI,7/13/2024,Overall,830
6/3/2026,SARI,7/13/2024,Pediatrics,579
6/3/2026,SARI,7/20/2024,Adults,299
6/3/2026,SARI,7/20/2024,Overall,877
6/3/2026,SARI,7/20/2024,Pediatrics,578
6/3/2026,SARI,7/27/2024,Adults,229
6/3/2026,SARI,7/27/2024,Overall,707
6/3/2026,SARI,7/27/2024,Pediatrics,478
6/3/2026,SARI,8/3/2024,Adults,209
6/3/2026,SARI,8/3/2024,Overall,662
6/3/2026,SARI,8/3/2024,Pediatrics,453
6/3/2026,SARI,8/10/2024,Adults,184
6/3/2026,SARI,8/10/2024,Overall,668
6/3/2026,SARI,8/10/2024,Pediatrics,484
6/3/2026,SARI,8/17/2024,Adults,172
6/3/2026,SARI,8/17/2024,Overall,645
6/3/2026,SARI,8/17/2024,Pediatrics,473
6/3/2026,SARI,8/24/2024,Adults,175
6/3/2026,SARI,8/24/2024,Overall,642
6/3/2026,SARI,8/24/2024,Pediatrics,467
6/3/2026,SARI,8/31/2024,Adults,174
6/3/2026,SARI,8/31/2024,Overall,596
6/3/2026,SARI,8/31/2024,Pediatrics,422
6/3/2026,SARI,9/7/2024,Adults,210
6/3/2026,SARI,9/7/2024,Overall,718
6/3/2026,SARI,9/7/2024,Pediatrics,508
6/3/2026,SARI,9/14/2024,Adults,194
6/3/2026,SARI,9/14/2024,Overall,616
6/3/2026,SARI,9/14/2024,Pediatrics,422
6/3/2026,SARI,9/21/2024,Adults,178
6/3/2026,SARI,9/21/2024,Overall,598
6/3/2026,SARI,9/21/2024,Pediatrics,420
6/3/2026,SARI,9/28/2024,Adults,159
6/3/2026,SARI,9/28/2024,Overall,492
6/3/2026,SARI,9/28/2024,Pediatrics,333
6/3/2026,SARI,10/5/2024,Adults,199
6/3/2026,SARI,10/5/2024,Overall,511
6/3/2026,SARI,10/5/2024,Pediatrics,312
6/3/2026,SARI,10/12/2024,Adults,151
6/3/2026,SARI,10/12/2024,Overall,401
6/3/2026,SARI,10/12/2024,Pediatrics,250
6/3/2026,SARI,10/19/2024,Adults,165
6/3/2026,SARI,10/19/2024,Overall,424
6/3/2026,SARI,10/19/2024,Pediatrics,259
6/3/2026,SARI,10/26/2024,Adults,131
6/3/2026,SARI,10/26/2024,Overall,394
6/3/2026,SARI,10/26/2024,Pediatrics,263
6/3/2026,SARI,11/2/2024,Adults,116
6/3/2026,SARI,11/2/2024,Overall,353
6/3/2026,SARI,11/2/2024,Pediatrics,237
6/3/2026,SARI,11/9/2024,Adults,102
6/3/2026,SARI,11/9/2024,Overall,259
6/3/2026,SARI,11/9/2024,Pediatrics,157
6/3/2026,SARI,11/16/2024,Adults,112
6/3/2026,SARI,11/16/2024,Overall,284
6/3/2026,SARI,11/16/2024,Pediatrics,172
6/3/2026,SARI,11/23/2024,Adults,84
6/3/2026,SARI,11/23/2024,Overall,242
6/3/2026,SARI,11/23/2024,Pediatrics,158
6/3/2026,SARI,11/30/2024,Adults,73
6/3/2026,SARI,11/30/2024,Overall,221
6/3/2026,SARI,11/30/2024,Pediatrics,148
6/3/2026,SARI,12/7/2024,Adults,86
6/3/2026,SARI,12/7/2024,Overall,197
6/3/2026,SARI,12/7/2024,Pediatrics,111
6/3/2026,SARI,12/14/2024,Adults,90
6/3/2026,SARI,12/14/2024,Overall,202
6/3/2026,SARI,12/14/2024,Pediatrics,112
6/3/2026,SARI,12/21/2024,Adults,88
6/3/2026,SARI,12/21/2024,Overall,151
6/3/2026,SARI,12/21/2024,Pediatrics,63
6/3/2026,SARI,12/28/2024,Adults,60
6/3/2026,SARI,12/28/2024,Overall,113
6/3/2026,SARI,12/28/2024,Pediatrics,53
6/3/2026,SARI,1/4/2025,Adults,99
6/3/2026,SARI,1/4/2025,Overall,197
6/3/2026,SARI,1/4/2025,Pediatrics,98
6/3/2026,SARI,1/11/2025,Adults,97
6/3/2026,SARI,1/11/2025,Overall,175
6/3/2026,SARI,1/11/2025,Pediatrics,78
6/3/2026,SARI,1/18/2025,Adults,78
6/3/2026,SARI,1/18/2025,Overall,150
6/3/2026,SARI,1/18/2025,Pediatrics,72
6/3/2026,SARI,1/25/2025,Adults,81
6/3/2026,SARI,1/25/2025,Overall,163
6/3/2026,SARI,1/25/2025,Pediatrics,82
6/3/2026,SARI,2/1/2025,Adults,92
6/3/2026,SARI,2/1/2025,Overall,153
6/3/2026,SARI,2/1/2025,Pediatrics,61
6/3/2026,SARI,2/8/2025,Adults,86
6/3/2026,SARI,2/8/2025,Overall,172
6/3/2026,SARI,2/8/2025,Pediatrics,86
6/3/2026,SARI,2/15/2025,Adults,90
6/3/2026,SARI,2/15/2025,Overall,170
6/3/2026,SARI,2/15/2025,Pediatrics,80
6/3/2026,SARI,2/22/2025,Adults,86
6/3/2026,SARI,2/22/2025,Overall,164
6/3/2026,SARI,2/22/2025,Pediatrics,78
6/3/2026,SARI,3/1/2025,Adults,102
6/3/2026,SARI,3/1/2025,Overall,175
6/3/2026,SARI,3/1/2025,Pediatrics,73
6/3/2026,SARI,3/8/2025,Adults,101
6/3/2026,SARI,3/8/2025,Overall,181
6/3/2026,SARI,3/8/2025,Pediatrics,80
6/3/2026,SARI,3/15/2025,Adults,117
6/3/2026,SARI,3/15/2025,Overall,227
6/3/2026,SARI,3/15/2025,Pediatrics,110
6/3/2026,SARI,3/22/2025,Adults,158
6/3/2026,SARI,3/22/2025,Overall,320
6/3/2026,SARI,3/22/2025,Pediatrics,162
6/3/2026,SARI,3/29/2025,Adults,156
6/3/2026,SARI,3/29/2025,Overall,326
6/3/2026,SARI,3/29/2025,Pediatrics,170
6/3/2026,SARI,4/5/2025,Adults,150
6/3/2026,SARI,4/5/2025,Overall,292
6/3/2026,SARI,4/5/2025,Pediatrics,142
6/3/2026,SARI,4/12/2025,Adults,153
6/3/2026,SARI,4/12/2025,Overall,307
6/3/2026,SARI,4/12/2025,Pediatrics,154
6/3/2026,SARI,4/19/2025,Adults,153
6/3/2026,SARI,4/19/2025,Overall,334
6/3/2026,SARI,4/19/2025,Pediatrics,181
6/3/2026,SARI,4/26/2025,Adults,207
6/3/2026,SARI,4/26/2025,Overall,378
6/3/2026,SARI,4/26/2025,Pediatrics,171
6/3/2026,SARI,5/3/2025,Adults,190
6/3/2026,SARI,5/3/2025,Overall,402
6/3/2026,SARI,5/3/2025,Pediatrics,212
6/3/2026,SARI,5/10/2025,Adults,202
6/3/2026,SARI,5/10/2025,Overall,408
6/3/2026,SARI,5/10/2025,Pediatrics,206
6/3/2026,SARI,5/17/2025,Adults,235
6/3/2026,SARI,5/17/2025,Overall,486
6/3/2026,SARI,5/17/2025,Pediatrics,251
6/3/2026,SARI,5/24/2025,Adults,292
6/3/2026,SARI,5/24/2025,Overall,608
6/3/2026,SARI,5/24/2025,Pediatrics,316
6/3/2026,SARI,5/31/2025,Adults,347
6/3/2026,SARI,5/31/2025,Overall,710
6/3/2026,SARI,5/31/2025,Pediatrics,363
6/3/2026,SARI,6/7/2025,Adults,515
6/3/2026,SARI,6/7/2025,Overall,1046
6/3/2026,SARI,6/7/2025,Pediatrics,531
6/3/2026,SARI,6/14/2025,Adults,582
6/3/2026,SARI,6/14/2025,Overall,1092
6/3/2026,SARI,6/14/2025,Pediatrics,510
6/3/2026,SARI,6/21/2025,Adults,503
6/3/2026,SARI,6/21/2025,Overall,1009
6/3/2026,SARI,6/21/2025,Pediatrics,506
6/3/2026,SARI,6/28/2025,Adults,458
6/3/2026,SARI,6/28/2025,Overall,915
6/3/2026,SARI,6/28/2025,Pediatrics,457
6/3/2026,SARI,7/5/2025,Adults,422
6/3/2026,SARI,7/5/2025,Overall,971
6/3/2026,SARI,7/5/2025,Pediatrics,549
6/3/2026,SARI,7/12/2025,Adults,320
6/3/2026,SARI,7/12/2025,Overall,838
6/3/2026,SARI,7/12/2025,Pediatrics,518
6/3/2026,SARI,7/19/2025,Adults,224
6/3/2026,SARI,7/19/2025,Overall,798
6/3/2026,SARI,7/19/2025,Pediatrics,574
6/3/2026,SARI,7/26/2025,Adults,172
6/3/2026,SARI,7/26/2025,Overall,665
6/3/2026,SARI,7/26/2025,Pediatrics,493
6/3/2026,SARI,8/2/2025,Adults,177
6/3/2026,SARI,8/2/2025,Overall,726
6/3/2026,SARI,8/2/2025,Pediatrics,549
6/3/2026,SARI,8/9/2025,Adults,187
6/3/2026,SARI,8/9/2025,Overall,695
6/3/2026,SARI,8/9/2025,Pediatrics,508
6/3/2026,SARI,8/16/2025,Adults,161
6/3/2026,SARI,8/16/2025,Overall,701
6/3/2026,SARI,8/16/2025,Pediatrics,540
6/3/2026,SARI,8/23/2025,Adults,168
6/3/2026,SARI,8/23/2025,Overall,708
6/3/2026,SARI,8/23/2025,Pediatrics,540
6/3/2026,SARI,8/30/2025,Adults,146
6/3/2026,SARI,8/30/2025,Overall,600
6/3/2026,SARI,8/30/2025,Pediatrics,454
6/3/2026,SARI,9/6/2025,Adults,164
6/3/2026,SARI,9/6/2025,Overall,591
6/3/2026,SARI,9/6/2025,Pediatrics,427
6/3/2026,SARI,9/13/2025,Adults,164
6/3/2026,SARI,9/13/2025,Overall,571
6/3/2026,SARI,9/13/2025,Pediatrics,407
6/3/2026,SARI,9/20/2025,Adults,158
6/3/2026,SARI,9/20/2025,Overall,520
6/3/2026,SARI,9/20/2025,Pediatrics,362
6/3/2026,SARI,9/27/2025,Adults,132
6/3/2026,SARI,9/27/2025,Overall,430
6/3/2026,SARI,9/27/2025,Pediatrics,298
6/3/2026,SARI,10/4/2025,Adults,126
6/3/2026,SARI,10/4/2025,Overall,425
6/3/2026,SARI,10/4/2025,Pediatrics,299
6/3/2026,SARI,10/11/2025,Adults,110
6/3/2026,SARI,10/11/2025,Overall,383
6/3/2026,SARI,10/11/2025,Pediatrics,273
6/3/2026,SARI,10/18/2025,Adults,121
6/3/2026,SARI,10/18/2025,Overall,346
6/3/2026,SARI,10/18/2025,Pediatrics,225
6/3/2026,SARI,10/25/2025,Adults,116
6/3/2026,SARI,10/25/2025,Overall,338
6/3/2026,SARI,10/25/2025,Pediatrics,222
6/3/2026,SARI,11/1/2025,Adults,100
6/3/2026,SARI,11/1/2025,Overall,259
6/3/2026,SARI,11/1/2025,Pediatrics,159
6/3/2026,SARI,11/8/2025,Adults,91
6/3/2026,SARI,11/8/2025,Overall,309
6/3/2026,SARI,11/8/2025,Pediatrics,218
6/3/2026,SARI,11/15/2025,Adults,116
6/3/2026,SARI,11/15/2025,Overall,276
6/3/2026,SARI,11/15/2025,Pediatrics,160
6/3/2026,SARI,11/22/2025,Adults,77
6/3/2026,SARI,11/22/2025,Overall,214
6/3/2026,SARI,11/22/2025,Pediatrics,137
6/3/2026,SARI,11/29/2025,Adults,61
6/3/2026,SARI,11/29/2025,Overall,174
6/3/2026,SARI,11/29/2025,Pediatrics,113
6/3/2026,SARI,12/6/2025,Adults,83
6/3/2026,SARI,12/6/2025,Overall,187
6/3/2026,SARI,12/6/2025,Pediatrics,104
6/3/2026,SARI,12/13/2025,Adults,89
6/3/2026,SARI,12/13/2025,Overall,191
6/3/2026,SARI,12/13/2025,Pediatrics,102
6/3/2026,SARI,12/20/2025,Adults,65
6/3/2026,SARI,12/20/2025,Overall,137
6/3/2026,SARI,12/20/2025,Pediatrics,72
6/3/2026,SARI,12/27/2025,Adults,93
6/3/2026,SARI,12/27/2025,Overall,145
6/3/2026,SARI,12/27/2025,Pediatrics,52
6/3/2026,SARI,1/3/2026,Adults,52
6/3/2026,SARI,1/3/2026,Overall,99
6/3/2026,SARI,1/3/2026,Pediatrics,47
6/3/2026,SARI,1/10/2026,Adults,101
6/3/2026,SARI,1/10/2026,Overall,192
6/3/2026,SARI,1/10/2026,Pediatrics,91
6/3/2026,SARI,1/17/2026,Adults,84
6/3/2026,SARI,1/17/2026,Overall,155
6/3/2026,SARI,1/17/2026,Pediatrics,71
6/3/2026,SARI,1/24/2026,Adults,97
6/3/2026,SARI,1/24/2026,Overall,168
6/3/2026,SARI,1/24/2026,Pediatrics,71
6/3/2026,SARI,1/31/2026,Adults,70
6/3/2026,SARI,1/31/2026,Overall,132
6/3/2026,SARI,1/31/2026,Pediatrics,62
6/3/2026,SARI,2/7/2026,Adults,97
6/3/2026,SARI,2/7/2026,Overall,151
6/3/2026,SARI,2/7/2026,Pediatrics,54
6/3/2026,SARI,2/14/2026,Adults,66
6/3/2026,SARI,2/14/2026,Overall,115
6/3/2026,SARI,2/14/2026,Pediatrics,49
6/3/2026,SARI,2/21/2026,Adults,67
6/3/2026,SARI,2/21/2026,Overall,118
6/3/2026,SARI,2/21/2026,Pediatrics,51
6/3/2026,SARI,2/28/2026,Adults,70
6/3/2026,SARI,2/28/2026,Overall,138
6/3/2026,SARI,2/28/2026,Pediatrics,68
6/3/2026,SARI,3/7/2026,Adults,89
6/3/2026,SARI,3/7/2026,Overall,192
6/3/2026,SARI,3/7/2026,Pediatrics,103
6/3/2026,SARI,3/14/2026,Adults,79
6/3/2026,SARI,3/14/2026,Overall,278
6/3/2026,SARI,3/14/2026,Pediatrics,199
6/3/2026,SARI,3/21/2026,Adults,93
6/3/2026,SARI,3/21/2026,Overall,293
6/3/2026,SARI,3/21/2026,Pediatrics,200
6/3/2026,SARI,3/28/2026,Adults,98
6/3/2026,SARI,3/28/2026,Overall,266
6/3/2026,SARI,3/28/2026,Pediatrics,168
6/3/2026,SARI,4/4/2026,Adults,114
6/3/2026,SARI,4/4/2026,Overall,243
6/3/2026,SARI,4/4/2026,Pediatrics,129
6/3/2026,SARI,4/11/2026,Adults,129
6/3/2026,SARI,4/11/2026,Overall,265
6/3/2026,SARI,4/11/2026,Pediatrics,136
6/3/2026,SARI,4/18/2026,Adults,102
6/3/2026,SARI,4/18/2026,Overall,282
6/3/2026,SARI,4/18/2026,Pediatrics,180
6/3/2026,SARI,4/25/2026,Adults,110
6/3/2026,SARI,4/25/2026,Overall,284
6/3/2026,SARI,4/25/2026,Pediatrics,174
6/3/2026,SARI,5/2/2026,Adults,106
6/3/2026,SARI,5/2/2026,Overall,292
6/3/2026,SARI,5/2/2026,Pediatrics,186
6/10/2026,SARI,1/8/2022,Adults,1023
6/10/2026,SARI,1/8/2022,Overall,1186
6/10/2026,SARI,1/8/2022,Pediatrics,163
6/10/2026,SARI,1/15/2022,Adults,1251
6/10/2026,SARI,1/15/2022,Overall,1423
6/10/2026,SARI,1/15/2022,Pediatrics,172
6/10/2026,SARI,1/22/2022,Adults,1113
6/10/2026,SARI,1/22/2022,Overall,1303
6/10/2026,SARI,1/22/2022,Pediatrics,190
6/10/2026,SARI,1/29/2022,Adults,769
6/10/2026,SARI,1/29/2022,Overall,907
6/10/2026,SARI,1/29/2022,Pediatrics,138
6/10/2026,SARI,2/5/2022,Adults,587
6/10/2026,SARI,2/5/2022,Overall,698
6/10/2026,SARI,2/5/2022,Pediatrics,111
6/10/2026,SARI,2/12/2022,Adults,420
6/10/2026,SARI,2/12/2022,Overall,537
6/10/2026,SARI,2/12/2022,Pediatrics,117
6/10/2026,SARI,2/19/2022,Adults,473
6/10/2026,SARI,2/19/2022,Overall,604
6/10/2026,SARI,2/19/2022,Pediatrics,131
6/10/2026,SARI,2/26/2022,Adults,430
6/10/2026,SARI,2/26/2022,Overall,551
6/10/2026,SARI,2/26/2022,Pediatrics,121
6/10/2026,SARI,3/5/2022,Adults,533
6/10/2026,SARI,3/5/2022,Overall,702
6/10/2026,SARI,3/5/2022,Pediatrics,169
6/10/2026,SARI,3/12/2022,Adults,502
6/10/2026,SARI,3/12/2022,Overall,730
6/10/2026,SARI,3/12/2022,Pediatrics,228
6/10/2026,SARI,3/19/2022,Adults,518
6/10/2026,SARI,3/19/2022,Overall,772
6/10/2026,SARI,3/19/2022,Pediatrics,254
6/10/2026,SARI,3/26/2022,Adults,437
6/10/2026,SARI,3/26/2022,Overall,633
6/10/2026,SARI,3/26/2022,Pediatrics,196
6/10/2026,SARI,4/2/2022,Adults,377
6/10/2026,SARI,4/2/2022,Overall,567
6/10/2026,SARI,4/2/2022,Pediatrics,190
6/10/2026,SARI,4/9/2022,Adults,349
6/10/2026,SARI,4/9/2022,Overall,573
6/10/2026,SARI,4/9/2022,Pediatrics,224
6/10/2026,SARI,4/16/2022,Adults,302
6/10/2026,SARI,4/16/2022,Overall,511
6/10/2026,SARI,4/16/2022,Pediatrics,209
6/10/2026,SARI,4/23/2022,Adults,271
6/10/2026,SARI,4/23/2022,Overall,496
6/10/2026,SARI,4/23/2022,Pediatrics,225
6/10/2026,SARI,4/30/2022,Adults,267
6/10/2026,SARI,4/30/2022,Overall,547
6/10/2026,SARI,4/30/2022,Pediatrics,280
6/10/2026,SARI,5/7/2022,Adults,312
6/10/2026,SARI,5/7/2022,Overall,613
6/10/2026,SARI,5/7/2022,Pediatrics,301
6/10/2026,SARI,5/14/2022,Adults,343
6/10/2026,SARI,5/14/2022,Overall,761
6/10/2026,SARI,5/14/2022,Pediatrics,418
6/10/2026,SARI,5/21/2022,Adults,394
6/10/2026,SARI,5/21/2022,Overall,898
6/10/2026,SARI,5/21/2022,Pediatrics,504
6/10/2026,SARI,5/28/2022,Adults,419
6/10/2026,SARI,5/28/2022,Overall,846
6/10/2026,SARI,5/28/2022,Pediatrics,427
6/10/2026,SARI,6/4/2022,Adults,457
6/10/2026,SARI,6/4/2022,Overall,925
6/10/2026,SARI,6/4/2022,Pediatrics,468
6/10/2026,SARI,6/11/2022,Adults,482
6/10/2026,SARI,6/11/2022,Overall,1042
6/10/2026,SARI,6/11/2022,Pediatrics,560
6/10/2026,SARI,6/18/2022,Adults,429
6/10/2026,SARI,6/18/2022,Overall,918
6/10/2026,SARI,6/18/2022,Pediatrics,489
6/10/2026,SARI,6/25/2022,Adults,416
6/10/2026,SARI,6/25/2022,Overall,824
6/10/2026,SARI,6/25/2022,Pediatrics,408
6/10/2026,SARI,7/2/2022,Adults,483
6/10/2026,SARI,7/2/2022,Overall,871
6/10/2026,SARI,7/2/2022,Pediatrics,388
6/10/2026,SARI,7/9/2022,Adults,440
6/10/2026,SARI,7/9/2022,Overall,868
6/10/2026,SARI,7/9/2022,Pediatrics,428
6/10/2026,SARI,7/16/2022,Adults,462
6/10/2026,SARI,7/16/2022,Overall,821
6/10/2026,SARI,7/16/2022,Pediatrics,359
6/10/2026,SARI,7/23/2022,Adults,490
6/10/2026,SARI,7/23/2022,Overall,833
6/10/2026,SARI,7/23/2022,Pediatrics,343
6/10/2026,SARI,7/30/2022,Adults,422
6/10/2026,SARI,7/30/2022,Overall,701
6/10/2026,SARI,7/30/2022,Pediatrics,279
6/10/2026,SARI,8/6/2022,Adults,403
6/10/2026,SARI,8/6/2022,Overall,675
6/10/2026,SARI,8/6/2022,Pediatrics,272
6/10/2026,SARI,8/13/2022,Adults,348
6/10/2026,SARI,8/13/2022,Overall,652
6/10/2026,SARI,8/13/2022,Pediatrics,304
6/10/2026,SARI,8/20/2022,Adults,307
6/10/2026,SARI,8/20/2022,Overall,655
6/10/2026,SARI,8/20/2022,Pediatrics,348
6/10/2026,SARI,8/27/2022,Adults,286
6/10/2026,SARI,8/27/2022,Overall,595
6/10/2026,SARI,8/27/2022,Pediatrics,309
6/10/2026,SARI,9/3/2022,Adults,282
6/10/2026,SARI,9/3/2022,Overall,611
6/10/2026,SARI,9/3/2022,Pediatrics,329
6/10/2026,SARI,9/10/2022,Adults,305
6/10/2026,SARI,9/10/2022,Overall,616
6/10/2026,SARI,9/10/2022,Pediatrics,311
6/10/2026,SARI,9/17/2022,Adults,235
6/10/2026,SARI,9/17/2022,Overall,525
6/10/2026,SARI,9/17/2022,Pediatrics,290
6/10/2026,SARI,9/24/2022,Adults,242
6/10/2026,SARI,9/24/2022,Overall,502
6/10/2026,SARI,9/24/2022,Pediatrics,260
6/10/2026,SARI,10/1/2022,Adults,255
6/10/2026,SARI,10/1/2022,Overall,561
6/10/2026,SARI,10/1/2022,Pediatrics,306
6/10/2026,SARI,10/8/2022,Adults,208
6/10/2026,SARI,10/8/2022,Overall,480
6/10/2026,SARI,10/8/2022,Pediatrics,272
6/10/2026,SARI,10/15/2022,Adults,272
6/10/2026,SARI,10/15/2022,Overall,545
6/10/2026,SARI,10/15/2022,Pediatrics,273
6/10/2026,SARI,10/22/2022,Adults,267
6/10/2026,SARI,10/22/2022,Overall,591
6/10/2026,SARI,10/22/2022,Pediatrics,324
6/10/2026,SARI,10/29/2022,Adults,223
6/10/2026,SARI,10/29/2022,Overall,501
6/10/2026,SARI,10/29/2022,Pediatrics,278
6/10/2026,SARI,11/5/2022,Adults,230
6/10/2026,SARI,11/5/2022,Overall,481
6/10/2026,SARI,11/5/2022,Pediatrics,251
6/10/2026,SARI,11/12/2022,Adults,194
6/10/2026,SARI,11/12/2022,Overall,433
6/10/2026,SARI,11/12/2022,Pediatrics,239
6/10/2026,SARI,11/19/2022,Adults,161
6/10/2026,SARI,11/19/2022,Overall,329
6/10/2026,SARI,11/19/2022,Pediatrics,168
6/10/2026,SARI,11/26/2022,Adults,152
6/10/2026,SARI,11/26/2022,Overall,282
6/10/2026,SARI,11/26/2022,Pediatrics,130
6/10/2026,SARI,12/3/2022,Adults,189
6/10/2026,SARI,12/3/2022,Overall,323
6/10/2026,SARI,12/3/2022,Pediatrics,134
6/10/2026,SARI,12/10/2022,Adults,285
6/10/2026,SARI,12/10/2022,Overall,408
6/10/2026,SARI,12/10/2022,Pediatrics,123
6/10/2026,SARI,12/17/2022,Adults,309
6/10/2026,SARI,12/17/2022,Overall,457
6/10/2026,SARI,12/17/2022,Pediatrics,148
6/10/2026,SARI,12/24/2022,Adults,357
6/10/2026,SARI,12/24/2022,Overall,465
6/10/2026,SARI,12/24/2022,Pediatrics,108
6/10/2026,SARI,12/31/2022,Adults,324
6/10/2026,SARI,12/31/2022,Overall,407
6/10/2026,SARI,12/31/2022,Pediatrics,83
6/10/2026,SARI,1/7/2023,Adults,330
6/10/2026,SARI,1/7/2023,Overall,448
6/10/2026,SARI,1/7/2023,Pediatrics,118
6/10/2026,SARI,1/14/2023,Adults,237
6/10/2026,SARI,1/14/2023,Overall,359
6/10/2026,SARI,1/14/2023,Pediatrics,122
6/10/2026,SARI,1/21/2023,Adults,195
6/10/2026,SARI,1/21/2023,Overall,304
6/10/2026,SARI,1/21/2023,Pediatrics,109
6/10/2026,SARI,1/28/2023,Adults,135
6/10/2026,SARI,1/28/2023,Overall,226
6/10/2026,SARI,1/28/2023,Pediatrics,91
6/10/2026,SARI,2/4/2023,Adults,133
6/10/2026,SARI,2/4/2023,Overall,254
6/10/2026,SARI,2/4/2023,Pediatrics,121
6/10/2026,SARI,2/11/2023,Adults,100
6/10/2026,SARI,2/11/2023,Overall,222
6/10/2026,SARI,2/11/2023,Pediatrics,122
6/10/2026,SARI,2/18/2023,Adults,107
6/10/2026,SARI,2/18/2023,Overall,204
6/10/2026,SARI,2/18/2023,Pediatrics,97
6/10/2026,SARI,2/25/2023,Adults,100
6/10/2026,SARI,2/25/2023,Overall,200
6/10/2026,SARI,2/25/2023,Pediatrics,100
6/10/2026,SARI,3/4/2023,Adults,137
6/10/2026,SARI,3/4/2023,Overall,289
6/10/2026,SARI,3/4/2023,Pediatrics,152
6/10/2026,SARI,3/11/2023,Adults,104
6/10/2026,SARI,3/11/2023,Overall,300
6/10/2026,SARI,3/11/2023,Pediatrics,196
6/10/2026,SARI,3/18/2023,Adults,92
6/10/2026,SARI,3/18/2023,Overall,249
6/10/2026,SARI,3/18/2023,Pediatrics,157
6/10/2026,SARI,3/25/2023,Adults,83
6/10/2026,SARI,3/25/2023,Overall,238
6/10/2026,SARI,3/25/2023,Pediatrics,155
6/10/2026,SARI,4/1/2023,Adults,78
6/10/2026,SARI,4/1/2023,Overall,251
6/10/2026,SARI,4/1/2023,Pediatrics,173
6/10/2026,SARI,4/8/2023,Adults,90
6/10/2026,SARI,4/8/2023,Overall,275
6/10/2026,SARI,4/8/2023,Pediatrics,185
6/10/2026,SARI,4/15/2023,Adults,102
6/10/2026,SARI,4/15/2023,Overall,297
6/10/2026,SARI,4/15/2023,Pediatrics,195
6/10/2026,SARI,4/22/2023,Adults,91
6/10/2026,SARI,4/22/2023,Overall,320
6/10/2026,SARI,4/22/2023,Pediatrics,229
6/10/2026,SARI,4/29/2023,Adults,92
6/10/2026,SARI,4/29/2023,Overall,415
6/10/2026,SARI,4/29/2023,Pediatrics,323
6/10/2026,SARI,5/6/2023,Adults,102
6/10/2026,SARI,5/6/2023,Overall,484
6/10/2026,SARI,5/6/2023,Pediatrics,382
6/10/2026,SARI,5/13/2023,Adults,118
6/10/2026,SARI,5/13/2023,Overall,544
6/10/2026,SARI,5/13/2023,Pediatrics,426
6/10/2026,SARI,5/20/2023,Adults,113
6/10/2026,SARI,5/20/2023,Overall,596
6/10/2026,SARI,5/20/2023,Pediatrics,483
6/10/2026,SARI,5/27/2023,Adults,119
6/10/2026,SARI,5/27/2023,Overall,680
6/10/2026,SARI,5/27/2023,Pediatrics,561
6/10/2026,SARI,6/3/2023,Adults,182
6/10/2026,SARI,6/3/2023,Overall,706
6/10/2026,SARI,6/3/2023,Pediatrics,524
6/10/2026,SARI,6/10/2023,Adults,190
6/10/2026,SARI,6/10/2023,Overall,742
6/10/2026,SARI,6/10/2023,Pediatrics,552
6/10/2026,SARI,6/17/2023,Adults,196
6/10/2026,SARI,6/17/2023,Overall,633
6/10/2026,SARI,6/17/2023,Pediatrics,437
6/10/2026,SARI,6/24/2023,Adults,264
6/10/2026,SARI,6/24/2023,Overall,703
6/10/2026,SARI,6/24/2023,Pediatrics,439
6/10/2026,SARI,7/1/2023,Adults,257
6/10/2026,SARI,7/1/2023,Overall,675
6/10/2026,SARI,7/1/2023,Pediatrics,418
6/10/2026,SARI,7/8/2023,Adults,229
6/10/2026,SARI,7/8/2023,Overall,582
6/10/2026,SARI,7/8/2023,Pediatrics,353
6/10/2026,SARI,7/15/2023,Adults,191
6/10/2026,SARI,7/15/2023,Overall,524
6/10/2026,SARI,7/15/2023,Pediatrics,333
6/10/2026,SARI,7/22/2023,Adults,188
6/10/2026,SARI,7/22/2023,Overall,451
6/10/2026,SARI,7/22/2023,Pediatrics,263
6/10/2026,SARI,7/29/2023,Adults,153
6/10/2026,SARI,7/29/2023,Overall,379
6/10/2026,SARI,7/29/2023,Pediatrics,226
6/10/2026,SARI,8/5/2023,Adults,176
6/10/2026,SARI,8/5/2023,Overall,391
6/10/2026,SARI,8/5/2023,Pediatrics,215
6/10/2026,SARI,8/12/2023,Adults,147
6/10/2026,SARI,8/12/2023,Overall,409
6/10/2026,SARI,8/12/2023,Pediatrics,262
6/10/2026,SARI,8/19/2023,Adults,164
6/10/2026,SARI,8/19/2023,Overall,404
6/10/2026,SARI,8/19/2023,Pediatrics,240
6/10/2026,SARI,8/26/2023,Adults,178
6/10/2026,SARI,8/26/2023,Overall,408
6/10/2026,SARI,8/26/2023,Pediatrics,230
6/10/2026,SARI,9/2/2023,Adults,191
6/10/2026,SARI,9/2/2023,Overall,443
6/10/2026,SARI,9/2/2023,Pediatrics,252
6/10/2026,SARI,9/9/2023,Adults,184
6/10/2026,SARI,9/9/2023,Overall,417
6/10/2026,SARI,9/9/2023,Pediatrics,233
6/10/2026,SARI,9/16/2023,Adults,175
6/10/2026,SARI,9/16/2023,Overall,434
6/10/2026,SARI,9/16/2023,Pediatrics,259
6/10/2026,SARI,9/23/2023,Adults,170
6/10/2026,SARI,9/23/2023,Overall,396
6/10/2026,SARI,9/23/2023,Pediatrics,226
6/10/2026,SARI,9/30/2023,Adults,109
6/10/2026,SARI,9/30/2023,Overall,290
6/10/2026,SARI,9/30/2023,Pediatrics,181
6/10/2026,SARI,10/7/2023,Adults,111
6/10/2026,SARI,10/7/2023,Overall,301
6/10/2026,SARI,10/7/2023,Pediatrics,190
6/10/2026,SARI,10/14/2023,Adults,114
6/10/2026,SARI,10/14/2023,Overall,305
6/10/2026,SARI,10/14/2023,Pediatrics,191
6/10/2026,SARI,10/21/2023,Adults,114
6/10/2026,SARI,10/21/2023,Overall,278
6/10/2026,SARI,10/21/2023,Pediatrics,164
6/10/2026,SARI,10/28/2023,Adults,75
6/10/2026,SARI,10/28/2023,Overall,191
6/10/2026,SARI,10/28/2023,Pediatrics,116
6/10/2026,SARI,11/4/2023,Adults,81
6/10/2026,SARI,11/4/2023,Overall,210
6/10/2026,SARI,11/4/2023,Pediatrics,129
6/10/2026,SARI,11/11/2023,Adults,85
6/10/2026,SARI,11/11/2023,Overall,201
6/10/2026,SARI,11/11/2023,Pediatrics,116
6/10/2026,SARI,11/18/2023,Adults,79
6/10/2026,SARI,11/18/2023,Overall,192
6/10/2026,SARI,11/18/2023,Pediatrics,113
6/10/2026,SARI,11/25/2023,Adults,74
6/10/2026,SARI,11/25/2023,Overall,168
6/10/2026,SARI,11/25/2023,Pediatrics,94
6/10/2026,SARI,12/2/2023,Adults,70
6/10/2026,SARI,12/2/2023,Overall,168
6/10/2026,SARI,12/2/2023,Pediatrics,98
6/10/2026,SARI,12/9/2023,Adults,64
6/10/2026,SARI,12/9/2023,Overall,130
6/10/2026,SARI,12/9/2023,Pediatrics,66
6/10/2026,SARI,12/16/2023,Adults,66
6/10/2026,SARI,12/16/2023,Overall,135
6/10/2026,SARI,12/16/2023,Pediatrics,69
6/10/2026,SARI,12/23/2023,Adults,56
6/10/2026,SARI,12/23/2023,Overall,102
6/10/2026,SARI,12/23/2023,Pediatrics,46
6/10/2026,SARI,12/30/2023,Adults,46
6/10/2026,SARI,12/30/2023,Overall,87
6/10/2026,SARI,12/30/2023,Pediatrics,41
6/10/2026,SARI,1/6/2024,Adults,95
6/10/2026,SARI,1/6/2024,Overall,160
6/10/2026,SARI,1/6/2024,Pediatrics,65
6/10/2026,SARI,1/13/2024,Adults,126
6/10/2026,SARI,1/13/2024,Overall,197
6/10/2026,SARI,1/13/2024,Pediatrics,71
6/10/2026,SARI,1/20/2024,Adults,165
6/10/2026,SARI,1/20/2024,Overall,247
6/10/2026,SARI,1/20/2024,Pediatrics,82
6/10/2026,SARI,1/27/2024,Adults,160
6/10/2026,SARI,1/27/2024,Overall,253
6/10/2026,SARI,1/27/2024,Pediatrics,93
6/10/2026,SARI,2/3/2024,Adults,165
6/10/2026,SARI,2/3/2024,Overall,252
6/10/2026,SARI,2/3/2024,Pediatrics,87
6/10/2026,SARI,2/10/2024,Adults,131
6/10/2026,SARI,2/10/2024,Overall,205
6/10/2026,SARI,2/10/2024,Pediatrics,74
6/10/2026,SARI,2/17/2024,Adults,114
6/10/2026,SARI,2/17/2024,Overall,176
6/10/2026,SARI,2/17/2024,Pediatrics,62
6/10/2026,SARI,2/24/2024,Adults,120
6/10/2026,SARI,2/24/2024,Overall,176
6/10/2026,SARI,2/24/2024,Pediatrics,56
6/10/2026,SARI,3/2/2024,Adults,92
6/10/2026,SARI,3/2/2024,Overall,155
6/10/2026,SARI,3/2/2024,Pediatrics,63
6/10/2026,SARI,3/9/2024,Adults,93
6/10/2026,SARI,3/9/2024,Overall,164
6/10/2026,SARI,3/9/2024,Pediatrics,71
6/10/2026,SARI,3/16/2024,Adults,94
6/10/2026,SARI,3/16/2024,Overall,213
6/10/2026,SARI,3/16/2024,Pediatrics,119
6/10/2026,SARI,3/23/2024,Adults,92
6/10/2026,SARI,3/23/2024,Overall,209
6/10/2026,SARI,3/23/2024,Pediatrics,117
6/10/2026,SARI,3/30/2024,Adults,96
6/10/2026,SARI,3/30/2024,Overall,207
6/10/2026,SARI,3/30/2024,Pediatrics,111
6/10/2026,SARI,4/6/2024,Adults,111
6/10/2026,SARI,4/6/2024,Overall,223
6/10/2026,SARI,4/6/2024,Pediatrics,112
6/10/2026,SARI,4/13/2024,Adults,95
6/10/2026,SARI,4/13/2024,Overall,198
6/10/2026,SARI,4/13/2024,Pediatrics,103
6/10/2026,SARI,4/20/2024,Adults,107
6/10/2026,SARI,4/20/2024,Overall,212
6/10/2026,SARI,4/20/2024,Pediatrics,105
6/10/2026,SARI,4/27/2024,Adults,97
6/10/2026,SARI,4/27/2024,Overall,241
6/10/2026,SARI,4/27/2024,Pediatrics,144
6/10/2026,SARI,5/4/2024,Adults,129
6/10/2026,SARI,5/4/2024,Overall,287
6/10/2026,SARI,5/4/2024,Pediatrics,158
6/10/2026,SARI,5/11/2024,Adults,151
6/10/2026,SARI,5/11/2024,Overall,338
6/10/2026,SARI,5/11/2024,Pediatrics,187
6/10/2026,SARI,5/18/2024,Adults,230
6/10/2026,SARI,5/18/2024,Overall,557
6/10/2026,SARI,5/18/2024,Pediatrics,327
6/10/2026,SARI,5/25/2024,Adults,333
6/10/2026,SARI,5/25/2024,Overall,746
6/10/2026,SARI,5/25/2024,Pediatrics,413
6/10/2026,SARI,6/1/2024,Adults,524
6/10/2026,SARI,6/1/2024,Overall,1053
6/10/2026,SARI,6/1/2024,Pediatrics,529
6/10/2026,SARI,6/8/2024,Adults,553
6/10/2026,SARI,6/8/2024,Overall,1270
6/10/2026,SARI,6/8/2024,Pediatrics,717
6/10/2026,SARI,6/15/2024,Adults,454
6/10/2026,SARI,6/15/2024,Overall,1031
6/10/2026,SARI,6/15/2024,Pediatrics,577
6/10/2026,SARI,6/22/2024,Adults,315
6/10/2026,SARI,6/22/2024,Overall,832
6/10/2026,SARI,6/22/2024,Pediatrics,517
6/10/2026,SARI,6/29/2024,Adults,277
6/10/2026,SARI,6/29/2024,Overall,825
6/10/2026,SARI,6/29/2024,Pediatrics,548
6/10/2026,SARI,7/6/2024,Adults,317
6/10/2026,SARI,7/6/2024,Overall,891
6/10/2026,SARI,7/6/2024,Pediatrics,574
6/10/2026,SARI,7/13/2024,Adults,251
6/10/2026,SARI,7/13/2024,Overall,830
6/10/2026,SARI,7/13/2024,Pediatrics,579
6/10/2026,SARI,7/20/2024,Adults,299
6/10/2026,SARI,7/20/2024,Overall,877
6/10/2026,SARI,7/20/2024,Pediatrics,578
6/10/2026,SARI,7/27/2024,Adults,229
6/10/2026,SARI,7/27/2024,Overall,707
6/10/2026,SARI,7/27/2024,Pediatrics,478
6/10/2026,SARI,8/3/2024,Adults,209
6/10/2026,SARI,8/3/2024,Overall,662
6/10/2026,SARI,8/3/2024,Pediatrics,453
6/10/2026,SARI,8/10/2024,Adults,184
6/10/2026,SARI,8/10/2024,Overall,668
6/10/2026,SARI,8/10/2024,Pediatrics,484
6/10/2026,SARI,8/17/2024,Adults,172
6/10/2026,SARI,8/17/2024,Overall,645
6/10/2026,SARI,8/17/2024,Pediatrics,473
6/10/2026,SARI,8/24/2024,Adults,175
6/10/2026,SARI,8/24/2024,Overall,642
6/10/2026,SARI,8/24/2024,Pediatrics,467
6/10/2026,SARI,8/31/2024,Adults,174
6/10/2026,SARI,8/31/2024,Overall,596
6/10/2026,SARI,8/31/2024,Pediatrics,422
6/10/2026,SARI,9/7/2024,Adults,210
6/10/2026,SARI,9/7/2024,Overall,718
6/10/2026,SARI,9/7/2024,Pediatrics,508
6/10/2026,SARI,9/14/2024,Adults,194
6/10/2026,SARI,9/14/2024,Overall,616
6/10/2026,SARI,9/14/2024,Pediatrics,422
6/10/2026,SARI,9/21/2024,Adults,178
6/10/2026,SARI,9/21/2024,Overall,598
6/10/2026,SARI,9/21/2024,Pediatrics,420
6/10/2026,SARI,9/28/2024,Adults,159
6/10/2026,SARI,9/28/2024,Overall,492
6/10/2026,SARI,9/28/2024,Pediatrics,333
6/10/2026,SARI,10/5/2024,Adults,199
6/10/2026,SARI,10/5/2024,Overall,511
6/10/2026,SARI,10/5/2024,Pediatrics,312
6/10/2026,SARI,10/12/2024,Adults,151
6/10/2026,SARI,10/12/2024,Overall,401
6/10/2026,SARI,10/12/2024,Pediatrics,250
6/10/2026,SARI,10/19/2024,Adults,165
6/10/2026,SARI,10/19/2024,Overall,424
6/10/2026,SARI,10/19/2024,Pediatrics,259
6/10/2026,SARI,10/26/2024,Adults,131
6/10/2026,SARI,10/26/2024,Overall,394
6/10/2026,SARI,10/26/2024,Pediatrics,263
6/10/2026,SARI,11/2/2024,Adults,116
6/10/2026,SARI,11/2/2024,Overall,353
6/10/2026,SARI,11/2/2024,Pediatrics,237
6/10/2026,SARI,11/9/2024,Adults,102
6/10/2026,SARI,11/9/2024,Overall,259
6/10/2026,SARI,11/9/2024,Pediatrics,157
6/10/2026,SARI,11/16/2024,Adults,112
6/10/2026,SARI,11/16/2024,Overall,284
6/10/2026,SARI,11/16/2024,Pediatrics,172
6/10/2026,SARI,11/23/2024,Adults,84
6/10/2026,SARI,11/23/2024,Overall,242
6/10/2026,SARI,11/23/2024,Pediatrics,158
6/10/2026,SARI,11/30/2024,Adults,73
6/10/2026,SARI,11/30/2024,Overall,221
6/10/2026,SARI,11/30/2024,Pediatrics,148
6/10/2026,SARI,12/7/2024,Adults,86
6/10/2026,SARI,12/7/2024,Overall,197
6/10/2026,SARI,12/7/2024,Pediatrics,111
6/10/2026,SARI,12/14/2024,Adults,90
6/10/2026,SARI,12/14/2024,Overall,202
6/10/2026,SARI,12/14/2024,Pediatrics,112
6/10/2026,SARI,12/21/2024,Adults,88
6/10/2026,SARI,12/21/2024,Overall,151
6/10/2026,SARI,12/21/2024,Pediatrics,63
6/10/2026,SARI,12/28/2024,Adults,60
6/10/2026,SARI,12/28/2024,Overall,113
6/10/2026,SARI,12/28/2024,Pediatrics,53
6/10/2026,SARI,1/4/2025,Adults,99
6/10/2026,SARI,1/4/2025,Overall,197
6/10/2026,SARI,1/4/2025,Pediatrics,98
6/10/2026,SARI,1/11/2025,Adults,97
6/10/2026,SARI,1/11/2025,Overall,175
6/10/2026,SARI,1/11/2025,Pediatrics,78
6/10/2026,SARI,1/18/2025,Adults,78
6/10/2026,SARI,1/18/2025,Overall,150
6/10/2026,SARI,1/18/2025,Pediatrics,72
6/10/2026,SARI,1/25/2025,Adults,81
6/10/2026,SARI,1/25/2025,Overall,163
6/10/2026,SARI,1/25/2025,Pediatrics,82
6/10/2026,SARI,2/1/2025,Adults,92
6/10/2026,SARI,2/1/2025,Overall,153
6/10/2026,SARI,2/1/2025,Pediatrics,61
6/10/2026,SARI,2/8/2025,Adults,86
6/10/2026,SARI,2/8/2025,Overall,172
6/10/2026,SARI,2/8/2025,Pediatrics,86
6/10/2026,SARI,2/15/2025,Adults,90
6/10/2026,SARI,2/15/2025,Overall,170
6/10/2026,SARI,2/15/2025,Pediatrics,80
6/10/2026,SARI,2/22/2025,Adults,86
6/10/2026,SARI,2/22/2025,Overall,164
6/10/2026,SARI,2/22/2025,Pediatrics,78
6/10/2026,SARI,3/1/2025,Adults,102
6/10/2026,SARI,3/1/2025,Overall,175
6/10/2026,SARI,3/1/2025,Pediatrics,73
6/10/2026,SARI,3/8/2025,Adults,101
6/10/2026,SARI,3/8/2025,Overall,181
6/10/2026,SARI,3/8/2025,Pediatrics,80
6/10/2026,SARI,3/15/2025,Adults,117
6/10/2026,SARI,3/15/2025,Overall,227
6/10/2026,SARI,3/15/2025,Pediatrics,110
6/10/2026,SARI,3/22/2025,Adults,158
6/10/2026,SARI,3/22/2025,Overall,320
6/10/2026,SARI,3/22/2025,Pediatrics,162
6/10/2026,SARI,3/29/2025,Adults,156
6/10/2026,SARI,3/29/2025,Overall,326
6/10/2026,SARI,3/29/2025,Pediatrics,170
6/10/2026,SARI,4/5/2025,Adults,150
6/10/2026,SARI,4/5/2025,Overall,292
6/10/2026,SARI,4/5/2025,Pediatrics,142
6/10/2026,SARI,4/12/2025,Adults,153
6/10/2026,SARI,4/12/2025,Overall,307
6/10/2026,SARI,4/12/2025,Pediatrics,154
6/10/2026,SARI,4/19/2025,Adults,153
6/10/2026,SARI,4/19/2025,Overall,334
6/10/2026,SARI,4/19/2025,Pediatrics,181
6/10/2026,SARI,4/26/2025,Adults,207
6/10/2026,SARI,4/26/2025,Overall,378
6/10/2026,SARI,4/26/2025,Pediatrics,171
6/10/2026,SARI,5/3/2025,Adults,190
6/10/2026,SARI,5/3/2025,Overall,402
6/10/2026,SARI,5/3/2025,Pediatrics,212
6/10/2026,SARI,5/10/2025,Adults,202
6/10/2026,SARI,5/10/2025,Overall,408
6/10/2026,SARI,5/10/2025,Pediatrics,206
6/10/2026,SARI,5/17/2025,Adults,235
6/10/2026,SARI,5/17/2025,Overall,486
6/10/2026,SARI,5/17/2025,Pediatrics,251
6/10/2026,SARI,5/24/2025,Adults,292
6/10/2026,SARI,5/24/2025,Overall,608
6/10/2026,SARI,5/24/2025,Pediatrics,316
6/10/2026,SARI,5/31/2025,Adults,347
6/10/2026,SARI,5/31/2025,Overall,710
6/10/2026,SARI,5/31/2025,Pediatrics,363
6/10/2026,SARI,6/7/2025,Adults,515
6/10/2026,SARI,6/7/2025,Overall,1046
6/10/2026,SARI,6/7/2025,Pediatrics,531
6/10/2026,SARI,6/14/2025,Adults,582
6/10/2026,SARI,6/14/2025,Overall,1092
6/10/2026,SARI,6/14/2025,Pediatrics,510
6/10/2026,SARI,6/21/2025,Adults,503
6/10/2026,SARI,6/21/2025,Overall,1009
6/10/2026,SARI,6/21/2025,Pediatrics,506
6/10/2026,SARI,6/28/2025,Adults,458
6/10/2026,SARI,6/28/2025,Overall,915
6/10/2026,SARI,6/28/2025,Pediatrics,457
6/10/2026,SARI,7/5/2025,Adults,422
6/10/2026,SARI,7/5/2025,Overall,971
6/10/2026,SARI,7/5/2025,Pediatrics,549
6/10/2026,SARI,7/12/2025,Adults,320
6/10/2026,SARI,7/12/2025,Overall,838
6/10/2026,SARI,7/12/2025,Pediatrics,518
6/10/2026,SARI,7/19/2025,Adults,224
6/10/2026,SARI,7/19/2025,Overall,798
6/10/2026,SARI,7/19/2025,Pediatrics,574
6/10/2026,SARI,7/26/2025,Adults,172
6/10/2026,SARI,7/26/2025,Overall,665
6/10/2026,SARI,7/26/2025,Pediatrics,493
6/10/2026,SARI,8/2/2025,Adults,177
6/10/2026,SARI,8/2/2025,Overall,726
6/10/2026,SARI,8/2/2025,Pediatrics,549
6/10/2026,SARI,8/9/2025,Adults,187
6/10/2026,SARI,8/9/2025,Overall,695
6/10/2026,SARI,8/9/2025,Pediatrics,508
6/10/2026,SARI,8/16/2025,Adults,161
6/10/2026,SARI,8/16/2025,Overall,701
6/10/2026,SARI,8/16/2025,Pediatrics,540
6/10/2026,SARI,8/23/2025,Adults,168
6/10/2026,SARI,8/23/2025,Overall,708
6/10/2026,SARI,8/23/2025,Pediatrics,540
6/10/2026,SARI,8/30/2025,Adults,146
6/10/2026,SARI,8/30/2025,Overall,600
6/10/2026,SARI,8/30/2025,Pediatrics,454
6/10/2026,SARI,9/6/2025,Adults,164
6/10/2026,SARI,9/6/2025,Overall,591
6/10/2026,SARI,9/6/2025,Pediatrics,427
6/10/2026,SARI,9/13/2025,Adults,164
6/10/2026,SARI,9/13/2025,Overall,571
6/10/2026,SARI,9/13/2025,Pediatrics,407
6/10/2026,SARI,9/20/2025,Adults,158
6/10/2026,SARI,9/20/2025,Overall,520
6/10/2026,SARI,9/20/2025,Pediatrics,362
6/10/2026,SARI,9/27/2025,Adults,132
6/10/2026,SARI,9/27/2025,Overall,430
6/10/2026,SARI,9/27/2025,Pediatrics,298
6/10/2026,SARI,10/4/2025,Adults,126
6/10/2026,SARI,10/4/2025,Overall,425
6/10/2026,SARI,10/4/2025,Pediatrics,299
6/10/2026,SARI,10/11/2025,Adults,110
6/10/2026,SARI,10/11/2025,Overall,383
6/10/2026,SARI,10/11/2025,Pediatrics,273
6/10/2026,SARI,10/18/2025,Adults,121
6/10/2026,SARI,10/18/2025,Overall,346
6/10/2026,SARI,10/18/2025,Pediatrics,225
6/10/2026,SARI,10/25/2025,Adults,116
6/10/2026,SARI,10/25/2025,Overall,338
6/10/2026,SARI,10/25/2025,Pediatrics,222
6/10/2026,SARI,11/1/2025,Adults,100
6/10/2026,SARI,11/1/2025,Overall,259
6/10/2026,SARI,11/1/2025,Pediatrics,159
6/10/2026,SARI,11/8/2025,Adults,91
6/10/2026,SARI,11/8/2025,Overall,309
6/10/2026,SARI,11/8/2025,Pediatrics,218
6/10/2026,SARI,11/15/2025,Adults,116
6/10/2026,SARI,11/15/2025,Overall,276
6/10/2026,SARI,11/15/2025,Pediatrics,160
6/10/2026,SARI,11/22/2025,Adults,77
6/10/2026,SARI,11/22/2025,Overall,214
6/10/2026,SARI,11/22/2025,Pediatrics,137
6/10/2026,SARI,11/29/2025,Adults,61
6/10/2026,SARI,11/29/2025,Overall,174
6/10/2026,SARI,11/29/2025,Pediatrics,113
6/10/2026,SARI,12/6/2025,Adults,83
6/10/2026,SARI,12/6/2025,Overall,187
6/10/2026,SARI,12/6/2025,Pediatrics,104
6/10/2026,SARI,12/13/2025,Adults,89
6/10/2026,SARI,12/13/2025,Overall,191
6/10/2026,SARI,12/13/2025,Pediatrics,102
6/10/2026,SARI,12/20/2025,Adults,65
6/10/2026,SARI,12/20/2025,Overall,137
6/10/2026,SARI,12/20/2025,Pediatrics,72
6/10/2026,SARI,12/27/2025,Adults,93
6/10/2026,SARI,12/27/2025,Overall,145
6/10/2026,SARI,12/27/2025,Pediatrics,52
6/10/2026,SARI,1/3/2026,Adults,52
6/10/2026,SARI,1/3/2026,Overall,99
6/10/2026,SARI,1/3/2026,Pediatrics,47
6/10/2026,SARI,1/10/2026,Adults,101
6/10/2026,SARI,1/10/2026,Overall,192
6/10/2026,SARI,1/10/2026,Pediatrics,91
6/10/2026,SARI,1/17/2026,Adults,84
6/10/2026,SARI,1/17/2026,Overall,155
6/10/2026,SARI,1/17/2026,Pediatrics,71
6/10/2026,SARI,1/24/2026,Adults,97
6/10/2026,SARI,1/24/2026,Overall,168
6/10/2026,SARI,1/24/2026,Pediatrics,71
6/10/2026,SARI,1/31/2026,Adults,70
6/10/2026,SARI,1/31/2026,Overall,132
6/10/2026,SARI,1/31/2026,Pediatrics,62
6/10/2026,SARI,2/7/2026,Adults,97
6/10/2026,SARI,2/7/2026,Overall,151
6/10/2026,SARI,2/7/2026,Pediatrics,54
6/10/2026,SARI,2/14/2026,Adults,66
6/10/2026,SARI,2/14/2026,Overall,115
6/10/2026,SARI,2/14/2026,Pediatrics,49
6/10/2026,SARI,2/21/2026,Adults,67
6/10/2026,SARI,2/21/2026,Overall,118
6/10/2026,SARI,2/21/2026,Pediatrics,51
6/10/2026,SARI,2/28/2026,Adults,70
6/10/2026,SARI,2/28/2026,Overall,138
6/10/2026,SARI,2/28/2026,Pediatrics,68
6/10/2026,SARI,3/7/2026,Adults,89
6/10/2026,SARI,3/7/2026,Overall,192
6/10/2026,SARI,3/7/2026,Pediatrics,103
6/10/2026,SARI,3/14/2026,Adults,79
6/10/2026,SARI,3/14/2026,Overall,278
6/10/2026,SARI,3/14/2026,Pediatrics,199
6/10/2026,SARI,3/21/2026,Adults,93
6/10/2026,SARI,3/21/2026,Overall,293
6/10/2026,SARI,3/21/2026,Pediatrics,200
6/10/2026,SARI,3/28/2026,Adults,98
6/10/2026,SARI,3/28/2026,Overall,266
6/10/2026,SARI,3/28/2026,Pediatrics,168
6/10/2026,SARI,4/4/2026,Adults,114
6/10/2026,SARI,4/4/2026,Overall,243
6/10/2026,SARI,4/4/2026,Pediatrics,129
6/10/2026,SARI,4/11/2026,Adults,129
6/10/2026,SARI,4/11/2026,Overall,265
6/10/2026,SARI,4/11/2026,Pediatrics,136
6/10/2026,SARI,4/18/2026,Adults,102
6/10/2026,SARI,4/18/2026,Overall,282
6/10/2026,SARI,4/18/2026,Pediatrics,180
6/10/2026,SARI,4/25/2026,Adults,110
6/10/2026,SARI,4/25/2026,Overall,284
6/10/2026,SARI,4/25/2026,Pediatrics,174
6/10/2026,SARI,5/2/2026,Adults,106
6/10/2026,SARI,5/2/2026,Overall,292
6/10/2026,SARI,5/2/2026,Pediatrics,186
6/17/2026,SARI,1/8/2022,Adults,1023
6/17/2026,SARI,1/8/2022,Overall,1186
6/17/2026,SARI,1/8/2022,Pediatrics,163
6/17/2026,SARI,1/15/2022,Adults,1251
6/17/2026,SARI,1/15/2022,Overall,1423
6/17/2026,SARI,1/15/2022,Pediatrics,172
6/17/2026,SARI,1/22/2022,Adults,1113
6/17/2026,SARI,1/22/2022,Overall,1303
6/17/2026,SARI,1/22/2022,Pediatrics,190
6/17/2026,SARI,1/29/2022,Adults,769
6/17/2026,SARI,1/29/2022,Overall,907
6/17/2026,SARI,1/29/2022,Pediatrics,138
6/17/2026,SARI,2/5/2022,Adults,587
6/17/2026,SARI,2/5/2022,Overall,698
6/17/2026,SARI,2/5/2022,Pediatrics,111
6/17/2026,SARI,2/12/2022,Adults,420
6/17/2026,SARI,2/12/2022,Overall,537
6/17/2026,SARI,2/12/2022,Pediatrics,117
6/17/2026,SARI,2/19/2022,Adults,473
6/17/2026,SARI,2/19/2022,Overall,604
6/17/2026,SARI,2/19/2022,Pediatrics,131
6/17/2026,SARI,2/26/2022,Adults,430
6/17/2026,SARI,2/26/2022,Overall,551
6/17/2026,SARI,2/26/2022,Pediatrics,121
6/17/2026,SARI,3/5/2022,Adults,533
6/17/2026,SARI,3/5/2022,Overall,702
6/17/2026,SARI,3/5/2022,Pediatrics,169
6/17/2026,SARI,3/12/2022,Adults,502
6/17/2026,SARI,3/12/2022,Overall,730
6/17/2026,SARI,3/12/2022,Pediatrics,228
6/17/2026,SARI,3/19/2022,Adults,518
6/17/2026,SARI,3/19/2022,Overall,772
6/17/2026,SARI,3/19/2022,Pediatrics,254
6/17/2026,SARI,3/26/2022,Adults,437
6/17/2026,SARI,3/26/2022,Overall,633
6/17/2026,SARI,3/26/2022,Pediatrics,196
6/17/2026,SARI,4/2/2022,Adults,377
6/17/2026,SARI,4/2/2022,Overall,567
6/17/2026,SARI,4/2/2022,Pediatrics,190
6/17/2026,SARI,4/9/2022,Adults,349
6/17/2026,SARI,4/9/2022,Overall,573
6/17/2026,SARI,4/9/2022,Pediatrics,224
6/17/2026,SARI,4/16/2022,Adults,302
6/17/2026,SARI,4/16/2022,Overall,511
6/17/2026,SARI,4/16/2022,Pediatrics,209
6/17/2026,SARI,4/23/2022,Adults,271
6/17/2026,SARI,4/23/2022,Overall,496
6/17/2026,SARI,4/23/2022,Pediatrics,225
6/17/2026,SARI,4/30/2022,Adults,267
6/17/2026,SARI,4/30/2022,Overall,547
6/17/2026,SARI,4/30/2022,Pediatrics,280
6/17/2026,SARI,5/7/2022,Adults,312
6/17/2026,SARI,5/7/2022,Overall,613
6/17/2026,SARI,5/7/2022,Pediatrics,301
6/17/2026,SARI,5/14/2022,Adults,343
6/17/2026,SARI,5/14/2022,Overall,761
6/17/2026,SARI,5/14/2022,Pediatrics,418
6/17/2026,SARI,5/21/2022,Adults,394
6/17/2026,SARI,5/21/2022,Overall,898
6/17/2026,SARI,5/21/2022,Pediatrics,504
6/17/2026,SARI,5/28/2022,Adults,419
6/17/2026,SARI,5/28/2022,Overall,846
6/17/2026,SARI,5/28/2022,Pediatrics,427
6/17/2026,SARI,6/4/2022,Adults,457
6/17/2026,SARI,6/4/2022,Overall,925
6/17/2026,SARI,6/4/2022,Pediatrics,468
6/17/2026,SARI,6/11/2022,Adults,482
6/17/2026,SARI,6/11/2022,Overall,1042
6/17/2026,SARI,6/11/2022,Pediatrics,560
6/17/2026,SARI,6/18/2022,Adults,429
6/17/2026,SARI,6/18/2022,Overall,918
6/17/2026,SARI,6/18/2022,Pediatrics,489
6/17/2026,SARI,6/25/2022,Adults,416
6/17/2026,SARI,6/25/2022,Overall,824
6/17/2026,SARI,6/25/2022,Pediatrics,408
6/17/2026,SARI,7/2/2022,Adults,483
6/17/2026,SARI,7/2/2022,Overall,871
6/17/2026,SARI,7/2/2022,Pediatrics,388
6/17/2026,SARI,7/9/2022,Adults,440
6/17/2026,SARI,7/9/2022,Overall,868
6/17/2026,SARI,7/9/2022,Pediatrics,428
6/17/2026,SARI,7/16/2022,Adults,462
6/17/2026,SARI,7/16/2022,Overall,821
6/17/2026,SARI,7/16/2022,Pediatrics,359
6/17/2026,SARI,7/23/2022,Adults,490
6/17/2026,SARI,7/23/2022,Overall,833
6/17/2026,SARI,7/23/2022,Pediatrics,343
6/17/2026,SARI,7/30/2022,Adults,422
6/17/2026,SARI,7/30/2022,Overall,701
6/17/2026,SARI,7/30/2022,Pediatrics,279
6/17/2026,SARI,8/6/2022,Adults,403
6/17/2026,SARI,8/6/2022,Overall,675
6/17/2026,SARI,8/6/2022,Pediatrics,272
6/17/2026,SARI,8/13/2022,Adults,348
6/17/2026,SARI,8/13/2022,Overall,652
6/17/2026,SARI,8/13/2022,Pediatrics,304
6/17/2026,SARI,8/20/2022,Adults,307
6/17/2026,SARI,8/20/2022,Overall,655
6/17/2026,SARI,8/20/2022,Pediatrics,348
6/17/2026,SARI,8/27/2022,Adults,286
6/17/2026,SARI,8/27/2022,Overall,595
6/17/2026,SARI,8/27/2022,Pediatrics,309
6/17/2026,SARI,9/3/2022,Adults,282
6/17/2026,SARI,9/3/2022,Overall,611
6/17/2026,SARI,9/3/2022,Pediatrics,329
6/17/2026,SARI,9/10/2022,Adults,305
6/17/2026,SARI,9/10/2022,Overall,616
6/17/2026,SARI,9/10/2022,Pediatrics,311
6/17/2026,SARI,9/17/2022,Adults,235
6/17/2026,SARI,9/17/2022,Overall,525
6/17/2026,SARI,9/17/2022,Pediatrics,290
6/17/2026,SARI,9/24/2022,Adults,242
6/17/2026,SARI,9/24/2022,Overall,502
6/17/2026,SARI,9/24/2022,Pediatrics,260
6/17/2026,SARI,10/1/2022,Adults,255
6/17/2026,SARI,10/1/2022,Overall,561
6/17/2026,SARI,10/1/2022,Pediatrics,306
6/17/2026,SARI,10/8/2022,Adults,208
6/17/2026,SARI,10/8/2022,Overall,480
6/17/2026,SARI,10/8/2022,Pediatrics,272
6/17/2026,SARI,10/15/2022,Adults,272
6/17/2026,SARI,10/15/2022,Overall,545
6/17/2026,SARI,10/15/2022,Pediatrics,273
6/17/2026,SARI,10/22/2022,Adults,267
6/17/2026,SARI,10/22/2022,Overall,591
6/17/2026,SARI,10/22/2022,Pediatrics,324
6/17/2026,SARI,10/29/2022,Adults,223
6/17/2026,SARI,10/29/2022,Overall,501
6/17/2026,SARI,10/29/2022,Pediatrics,278
6/17/2026,SARI,11/5/2022,Adults,230
6/17/2026,SARI,11/5/2022,Overall,481
6/17/2026,SARI,11/5/2022,Pediatrics,251
6/17/2026,SARI,11/12/2022,Adults,194
6/17/2026,SARI,11/12/2022,Overall,433
6/17/2026,SARI,11/12/2022,Pediatrics,239
6/17/2026,SARI,11/19/2022,Adults,161
6/17/2026,SARI,11/19/2022,Overall,329
6/17/2026,SARI,11/19/2022,Pediatrics,168
6/17/2026,SARI,11/26/2022,Adults,152
6/17/2026,SARI,11/26/2022,Overall,282
6/17/2026,SARI,11/26/2022,Pediatrics,130
6/17/2026,SARI,12/3/2022,Adults,189
6/17/2026,SARI,12/3/2022,Overall,323
6/17/2026,SARI,12/3/2022,Pediatrics,134
6/17/2026,SARI,12/10/2022,Adults,285
6/17/2026,SARI,12/10/2022,Overall,408
6/17/2026,SARI,12/10/2022,Pediatrics,123
6/17/2026,SARI,12/17/2022,Adults,309
6/17/2026,SARI,12/17/2022,Overall,457
6/17/2026,SARI,12/17/2022,Pediatrics,148
6/17/2026,SARI,12/24/2022,Adults,357
6/17/2026,SARI,12/24/2022,Overall,465
6/17/2026,SARI,12/24/2022,Pediatrics,108
6/17/2026,SARI,12/31/2022,Adults,324
6/17/2026,SARI,12/31/2022,Overall,407
6/17/2026,SARI,12/31/2022,Pediatrics,83
6/17/2026,SARI,1/7/2023,Adults,330
6/17/2026,SARI,1/7/2023,Overall,448
6/17/2026,SARI,1/7/2023,Pediatrics,118
6/17/2026,SARI,1/14/2023,Adults,237
6/17/2026,SARI,1/14/2023,Overall,359
6/17/2026,SARI,1/14/2023,Pediatrics,122
6/17/2026,SARI,1/21/2023,Adults,195
6/17/2026,SARI,1/21/2023,Overall,304
6/17/2026,SARI,1/21/2023,Pediatrics,109
6/17/2026,SARI,1/28/2023,Adults,135
6/17/2026,SARI,1/28/2023,Overall,226
6/17/2026,SARI,1/28/2023,Pediatrics,91
6/17/2026,SARI,2/4/2023,Adults,133
6/17/2026,SARI,2/4/2023,Overall,254
6/17/2026,SARI,2/4/2023,Pediatrics,121
6/17/2026,SARI,2/11/2023,Adults,100
6/17/2026,SARI,2/11/2023,Overall,222
6/17/2026,SARI,2/11/2023,Pediatrics,122
6/17/2026,SARI,2/18/2023,Adults,107
6/17/2026,SARI,2/18/2023,Overall,204
6/17/2026,SARI,2/18/2023,Pediatrics,97
6/17/2026,SARI,2/25/2023,Adults,100
6/17/2026,SARI,2/25/2023,Overall,200
6/17/2026,SARI,2/25/2023,Pediatrics,100
6/17/2026,SARI,3/4/2023,Adults,137
6/17/2026,SARI,3/4/2023,Overall,289
6/17/2026,SARI,3/4/2023,Pediatrics,152
6/17/2026,SARI,3/11/2023,Adults,104
6/17/2026,SARI,3/11/2023,Overall,300
6/17/2026,SARI,3/11/2023,Pediatrics,196
6/17/2026,SARI,3/18/2023,Adults,92
6/17/2026,SARI,3/18/2023,Overall,249
6/17/2026,SARI,3/18/2023,Pediatrics,157
6/17/2026,SARI,3/25/2023,Adults,83
6/17/2026,SARI,3/25/2023,Overall,238
6/17/2026,SARI,3/25/2023,Pediatrics,155
6/17/2026,SARI,4/1/2023,Adults,78
6/17/2026,SARI,4/1/2023,Overall,251
6/17/2026,SARI,4/1/2023,Pediatrics,173
6/17/2026,SARI,4/8/2023,Adults,90
6/17/2026,SARI,4/8/2023,Overall,275
6/17/2026,SARI,4/8/2023,Pediatrics,185
6/17/2026,SARI,4/15/2023,Adults,102
6/17/2026,SARI,4/15/2023,Overall,297
6/17/2026,SARI,4/15/2023,Pediatrics,195
6/17/2026,SARI,4/22/2023,Adults,91
6/17/2026,SARI,4/22/2023,Overall,320
6/17/2026,SARI,4/22/2023,Pediatrics,229
6/17/2026,SARI,4/29/2023,Adults,92
6/17/2026,SARI,4/29/2023,Overall,415
6/17/2026,SARI,4/29/2023,Pediatrics,323
6/17/2026,SARI,5/6/2023,Adults,102
6/17/2026,SARI,5/6/2023,Overall,484
6/17/2026,SARI,5/6/2023,Pediatrics,382
6/17/2026,SARI,5/13/2023,Adults,118
6/17/2026,SARI,5/13/2023,Overall,544
6/17/2026,SARI,5/13/2023,Pediatrics,426
6/17/2026,SARI,5/20/2023,Adults,113
6/17/2026,SARI,5/20/2023,Overall,596
6/17/2026,SARI,5/20/2023,Pediatrics,483
6/17/2026,SARI,5/27/2023,Adults,119
6/17/2026,SARI,5/27/2023,Overall,680
6/17/2026,SARI,5/27/2023,Pediatrics,561
6/17/2026,SARI,6/3/2023,Adults,182
6/17/2026,SARI,6/3/2023,Overall,706
6/17/2026,SARI,6/3/2023,Pediatrics,524
6/17/2026,SARI,6/10/2023,Adults,190
6/17/2026,SARI,6/10/2023,Overall,742
6/17/2026,SARI,6/10/2023,Pediatrics,552
6/17/2026,SARI,6/17/2023,Adults,196
6/17/2026,SARI,6/17/2023,Overall,633
6/17/2026,SARI,6/17/2023,Pediatrics,437
6/17/2026,SARI,6/24/2023,Adults,264
6/17/2026,SARI,6/24/2023,Overall,703
6/17/2026,SARI,6/24/2023,Pediatrics,439
6/17/2026,SARI,7/1/2023,Adults,257
6/17/2026,SARI,7/1/2023,Overall,675
6/17/2026,SARI,7/1/2023,Pediatrics,418
6/17/2026,SARI,7/8/2023,Adults,229
6/17/2026,SARI,7/8/2023,Overall,582
6/17/2026,SARI,7/8/2023,Pediatrics,353
6/17/2026,SARI,7/15/2023,Adults,191
6/17/2026,SARI,7/15/2023,Overall,524
6/17/2026,SARI,7/15/2023,Pediatrics,333
6/17/2026,SARI,7/22/2023,Adults,188
6/17/2026,SARI,7/22/2023,Overall,451
6/17/2026,SARI,7/22/2023,Pediatrics,263
6/17/2026,SARI,7/29/2023,Adults,153
6/17/2026,SARI,7/29/2023,Overall,379
6/17/2026,SARI,7/29/2023,Pediatrics,226
6/17/2026,SARI,8/5/2023,Adults,176
6/17/2026,SARI,8/5/2023,Overall,391
6/17/2026,SARI,8/5/2023,Pediatrics,215
6/17/2026,SARI,8/12/2023,Adults,147
6/17/2026,SARI,8/12/2023,Overall,409
6/17/2026,SARI,8/12/2023,Pediatrics,262
6/17/2026,SARI,8/19/2023,Adults,164
6/17/2026,SARI,8/19/2023,Overall,404
6/17/2026,SARI,8/19/2023,Pediatrics,240
6/17/2026,SARI,8/26/2023,Adults,178
6/17/2026,SARI,8/26/2023,Overall,408
6/17/2026,SARI,8/26/2023,Pediatrics,230
6/17/2026,SARI,9/2/2023,Adults,191
6/17/2026,SARI,9/2/2023,Overall,443
6/17/2026,SARI,9/2/2023,Pediatrics,252
6/17/2026,SARI,9/9/2023,Adults,184
6/17/2026,SARI,9/9/2023,Overall,417
6/17/2026,SARI,9/9/2023,Pediatrics,233
6/17/2026,SARI,9/16/2023,Adults,175
6/17/2026,SARI,9/16/2023,Overall,434
6/17/2026,SARI,9/16/2023,Pediatrics,259
6/17/2026,SARI,9/23/2023,Adults,170
6/17/2026,SARI,9/23/2023,Overall,396
6/17/2026,SARI,9/23/2023,Pediatrics,226
6/17/2026,SARI,9/30/2023,Adults,109
6/17/2026,SARI,9/30/2023,Overall,290
6/17/2026,SARI,9/30/2023,Pediatrics,181
6/17/2026,SARI,10/7/2023,Adults,111
6/17/2026,SARI,10/7/2023,Overall,301
6/17/2026,SARI,10/7/2023,Pediatrics,190
6/17/2026,SARI,10/14/2023,Adults,114
6/17/2026,SARI,10/14/2023,Overall,305
6/17/2026,SARI,10/14/2023,Pediatrics,191
6/17/2026,SARI,10/21/2023,Adults,114
6/17/2026,SARI,10/21/2023,Overall,278
6/17/2026,SARI,10/21/2023,Pediatrics,164
6/17/2026,SARI,10/28/2023,Adults,75
6/17/2026,SARI,10/28/2023,Overall,191
6/17/2026,SARI,10/28/2023,Pediatrics,116
6/17/2026,SARI,11/4/2023,Adults,81
6/17/2026,SARI,11/4/2023,Overall,210
6/17/2026,SARI,11/4/2023,Pediatrics,129
6/17/2026,SARI,11/11/2023,Adults,85
6/17/2026,SARI,11/11/2023,Overall,201
6/17/2026,SARI,11/11/2023,Pediatrics,116
6/17/2026,SARI,11/18/2023,Adults,79
6/17/2026,SARI,11/18/2023,Overall,192
6/17/2026,SARI,11/18/2023,Pediatrics,113
6/17/2026,SARI,11/25/2023,Adults,74
6/17/2026,SARI,11/25/2023,Overall,168
6/17/2026,SARI,11/25/2023,Pediatrics,94
6/17/2026,SARI,12/2/2023,Adults,70
6/17/2026,SARI,12/2/2023,Overall,168
6/17/2026,SARI,12/2/2023,Pediatrics,98
6/17/2026,SARI,12/9/2023,Adults,64
6/17/2026,SARI,12/9/2023,Overall,130
6/17/2026,SARI,12/9/2023,Pediatrics,66
6/17/2026,SARI,12/16/2023,Adults,66
6/17/2026,SARI,12/16/2023,Overall,135
6/17/2026,SARI,12/16/2023,Pediatrics,69
6/17/2026,SARI,12/23/2023,Adults,56
6/17/2026,SARI,12/23/2023,Overall,102
6/17/2026,SARI,12/23/2023,Pediatrics,46
6/17/2026,SARI,12/30/2023,Adults,46
6/17/2026,SARI,12/30/2023,Overall,87
6/17/2026,SARI,12/30/2023,Pediatrics,41
6/17/2026,SARI,1/6/2024,Adults,95
6/17/2026,SARI,1/6/2024,Overall,160
6/17/2026,SARI,1/6/2024,Pediatrics,65
6/17/2026,SARI,1/13/2024,Adults,126
6/17/2026,SARI,1/13/2024,Overall,197
6/17/2026,SARI,1/13/2024,Pediatrics,71
6/17/2026,SARI,1/20/2024,Adults,165
6/17/2026,SARI,1/20/2024,Overall,247
6/17/2026,SARI,1/20/2024,Pediatrics,82
6/17/2026,SARI,1/27/2024,Adults,160
6/17/2026,SARI,1/27/2024,Overall,253
6/17/2026,SARI,1/27/2024,Pediatrics,93
6/17/2026,SARI,2/3/2024,Adults,165
6/17/2026,SARI,2/3/2024,Overall,252
6/17/2026,SARI,2/3/2024,Pediatrics,87
6/17/2026,SARI,2/10/2024,Adults,131
6/17/2026,SARI,2/10/2024,Overall,205
6/17/2026,SARI,2/10/2024,Pediatrics,74
6/17/2026,SARI,2/17/2024,Adults,114
6/17/2026,SARI,2/17/2024,Overall,176
6/17/2026,SARI,2/17/2024,Pediatrics,62
6/17/2026,SARI,2/24/2024,Adults,120
6/17/2026,SARI,2/24/2024,Overall,176
6/17/2026,SARI,2/24/2024,Pediatrics,56
6/17/2026,SARI,3/2/2024,Adults,92
6/17/2026,SARI,3/2/2024,Overall,155
6/17/2026,SARI,3/2/2024,Pediatrics,63
6/17/2026,SARI,3/9/2024,Adults,93
6/17/2026,SARI,3/9/2024,Overall,164
6/17/2026,SARI,3/9/2024,Pediatrics,71
6/17/2026,SARI,3/16/2024,Adults,94
6/17/2026,SARI,3/16/2024,Overall,213
6/17/2026,SARI,3/16/2024,Pediatrics,119
6/17/2026,SARI,3/23/2024,Adults,92
6/17/2026,SARI,3/23/2024,Overall,209
6/17/2026,SARI,3/23/2024,Pediatrics,117
6/17/2026,SARI,3/30/2024,Adults,96
6/17/2026,SARI,3/30/2024,Overall,207
6/17/2026,SARI,3/30/2024,Pediatrics,111
6/17/2026,SARI,4/6/2024,Adults,111
6/17/2026,SARI,4/6/2024,Overall,223
6/17/2026,SARI,4/6/2024,Pediatrics,112
6/17/2026,SARI,4/13/2024,Adults,95
6/17/2026,SARI,4/13/2024,Overall,198
6/17/2026,SARI,4/13/2024,Pediatrics,103
6/17/2026,SARI,4/20/2024,Adults,107
6/17/2026,SARI,4/20/2024,Overall,212
6/17/2026,SARI,4/20/2024,Pediatrics,105
6/17/2026,SARI,4/27/2024,Adults,97
6/17/2026,SARI,4/27/2024,Overall,241
6/17/2026,SARI,4/27/2024,Pediatrics,144
6/17/2026,SARI,5/4/2024,Adults,129
6/17/2026,SARI,5/4/2024,Overall,287
6/17/2026,SARI,5/4/2024,Pediatrics,158
6/17/2026,SARI,5/11/2024,Adults,151
6/17/2026,SARI,5/11/2024,Overall,338
6/17/2026,SARI,5/11/2024,Pediatrics,187
6/17/2026,SARI,5/18/2024,Adults,230
6/17/2026,SARI,5/18/2024,Overall,557
6/17/2026,SARI,5/18/2024,Pediatrics,327
6/17/2026,SARI,5/25/2024,Adults,333
6/17/2026,SARI,5/25/2024,Overall,746
6/17/2026,SARI,5/25/2024,Pediatrics,413
6/17/2026,SARI,6/1/2024,Adults,524
6/17/2026,SARI,6/1/2024,Overall,1053
6/17/2026,SARI,6/1/2024,Pediatrics,529
6/17/2026,SARI,6/8/2024,Adults,553
6/17/2026,SARI,6/8/2024,Overall,1270
6/17/2026,SARI,6/8/2024,Pediatrics,717
6/17/2026,SARI,6/15/2024,Adults,454
6/17/2026,SARI,6/15/2024,Overall,1031
6/17/2026,SARI,6/15/2024,Pediatrics,577
6/17/2026,SARI,6/22/2024,Adults,315
6/17/2026,SARI,6/22/2024,Overall,832
6/17/2026,SARI,6/22/2024,Pediatrics,517
6/17/2026,SARI,6/29/2024,Adults,277
6/17/2026,SARI,6/29/2024,Overall,825
6/17/2026,SARI,6/29/2024,Pediatrics,548
6/17/2026,SARI,7/6/2024,Adults,317
6/17/2026,SARI,7/6/2024,Overall,891
6/17/2026,SARI,7/6/2024,Pediatrics,574
6/17/2026,SARI,7/13/2024,Adults,251
6/17/2026,SARI,7/13/2024,Overall,830
6/17/2026,SARI,7/13/2024,Pediatrics,579
6/17/2026,SARI,7/20/2024,Adults,299
6/17/2026,SARI,7/20/2024,Overall,877
6/17/2026,SARI,7/20/2024,Pediatrics,578
6/17/2026,SARI,7/27/2024,Adults,229
6/17/2026,SARI,7/27/2024,Overall,707
6/17/2026,SARI,7/27/2024,Pediatrics,478
6/17/2026,SARI,8/3/2024,Adults,209
6/17/2026,SARI,8/3/2024,Overall,662
6/17/2026,SARI,8/3/2024,Pediatrics,453
6/17/2026,SARI,8/10/2024,Adults,184
6/17/2026,SARI,8/10/2024,Overall,668
6/17/2026,SARI,8/10/2024,Pediatrics,484
6/17/2026,SARI,8/17/2024,Adults,172
6/17/2026,SARI,8/17/2024,Overall,645
6/17/2026,SARI,8/17/2024,Pediatrics,473
6/17/2026,SARI,8/24/2024,Adults,175
6/17/2026,SARI,8/24/2024,Overall,642
6/17/2026,SARI,8/24/2024,Pediatrics,467
6/17/2026,SARI,8/31/2024,Adults,174
6/17/2026,SARI,8/31/2024,Overall,596
6/17/2026,SARI,8/31/2024,Pediatrics,422
6/17/2026,SARI,9/7/2024,Adults,210
6/17/2026,SARI,9/7/2024,Overall,718
6/17/2026,SARI,9/7/2024,Pediatrics,508
6/17/2026,SARI,9/14/2024,Adults,194
6/17/2026,SARI,9/14/2024,Overall,616
6/17/2026,SARI,9/14/2024,Pediatrics,422
6/17/2026,SARI,9/21/2024,Adults,178
6/17/2026,SARI,9/21/2024,Overall,598
6/17/2026,SARI,9/21/2024,Pediatrics,420
6/17/2026,SARI,9/28/2024,Adults,159
6/17/2026,SARI,9/28/2024,Overall,492
6/17/2026,SARI,9/28/2024,Pediatrics,333
6/17/2026,SARI,10/5/2024,Adults,199
6/17/2026,SARI,10/5/2024,Overall,511
6/17/2026,SARI,10/5/2024,Pediatrics,312
6/17/2026,SARI,10/12/2024,Adults,151
6/17/2026,SARI,10/12/2024,Overall,401
6/17/2026,SARI,10/12/2024,Pediatrics,250
6/17/2026,SARI,10/19/2024,Adults,165
6/17/2026,SARI,10/19/2024,Overall,424
6/17/2026,SARI,10/19/2024,Pediatrics,259
6/17/2026,SARI,10/26/2024,Adults,131
6/17/2026,SARI,10/26/2024,Overall,394
6/17/2026,SARI,10/26/2024,Pediatrics,263
6/17/2026,SARI,11/2/2024,Adults,116
6/17/2026,SARI,11/2/2024,Overall,353
6/17/2026,SARI,11/2/2024,Pediatrics,237
6/17/2026,SARI,11/9/2024,Adults,102
6/17/2026,SARI,11/9/2024,Overall,259
6/17/2026,SARI,11/9/2024,Pediatrics,157
6/17/2026,SARI,11/16/2024,Adults,112
6/17/2026,SARI,11/16/2024,Overall,284
6/17/2026,SARI,11/16/2024,Pediatrics,172
6/17/2026,SARI,11/23/2024,Adults,84
6/17/2026,SARI,11/23/2024,Overall,242
6/17/2026,SARI,11/23/2024,Pediatrics,158
6/17/2026,SARI,11/30/2024,Adults,73
6/17/2026,SARI,11/30/2024,Overall,221
6/17/2026,SARI,11/30/2024,Pediatrics,148
6/17/2026,SARI,12/7/2024,Adults,86
6/17/2026,SARI,12/7/2024,Overall,197
6/17/2026,SARI,12/7/2024,Pediatrics,111
6/17/2026,SARI,12/14/2024,Adults,90
6/17/2026,SARI,12/14/2024,Overall,202
6/17/2026,SARI,12/14/2024,Pediatrics,112
6/17/2026,SARI,12/21/2024,Adults,88
6/17/2026,SARI,12/21/2024,Overall,151
6/17/2026,SARI,12/21/2024,Pediatrics,63
6/17/2026,SARI,12/28/2024,Adults,60
6/17/2026,SARI,12/28/2024,Overall,113
6/17/2026,SARI,12/28/2024,Pediatrics,53
6/17/2026,SARI,1/4/2025,Adults,99
6/17/2026,SARI,1/4/2025,Overall,197
6/17/2026,SARI,1/4/2025,Pediatrics,98
6/17/2026,SARI,1/11/2025,Adults,97
6/17/2026,SARI,1/11/2025,Overall,175
6/17/2026,SARI,1/11/2025,Pediatrics,78
6/17/2026,SARI,1/18/2025,Adults,78
6/17/2026,SARI,1/18/2025,Overall,150
6/17/2026,SARI,1/18/2025,Pediatrics,72
6/17/2026,SARI,1/25/2025,Adults,81
6/17/2026,SARI,1/25/2025,Overall,163
6/17/2026,SARI,1/25/2025,Pediatrics,82
6/17/2026,SARI,2/1/2025,Adults,92
6/17/2026,SARI,2/1/2025,Overall,153
6/17/2026,SARI,2/1/2025,Pediatrics,61
6/17/2026,SARI,2/8/2025,Adults,86
6/17/2026,SARI,2/8/2025,Overall,172
6/17/2026,SARI,2/8/2025,Pediatrics,86
6/17/2026,SARI,2/15/2025,Adults,90
6/17/2026,SARI,2/15/2025,Overall,170
6/17/2026,SARI,2/15/2025,Pediatrics,80
6/17/2026,SARI,2/22/2025,Adults,86
6/17/2026,SARI,2/22/2025,Overall,164
6/17/2026,SARI,2/22/2025,Pediatrics,78
6/17/2026,SARI,3/1/2025,Adults,102
6/17/2026,SARI,3/1/2025,Overall,175
6/17/2026,SARI,3/1/2025,Pediatrics,73
6/17/2026,SARI,3/8/2025,Adults,101
6/17/2026,SARI,3/8/2025,Overall,181
6/17/2026,SARI,3/8/2025,Pediatrics,80
6/17/2026,SARI,3/15/2025,Adults,117
6/17/2026,SARI,3/15/2025,Overall,227
6/17/2026,SARI,3/15/2025,Pediatrics,110
6/17/2026,SARI,3/22/2025,Adults,158
6/17/2026,SARI,3/22/2025,Overall,320
6/17/2026,SARI,3/22/2025,Pediatrics,162
6/17/2026,SARI,3/29/2025,Adults,156
6/17/2026,SARI,3/29/2025,Overall,326
6/17/2026,SARI,3/29/2025,Pediatrics,170
6/17/2026,SARI,4/5/2025,Adults,150
6/17/2026,SARI,4/5/2025,Overall,292
6/17/2026,SARI,4/5/2025,Pediatrics,142
6/17/2026,SARI,4/12/2025,Adults,153
6/17/2026,SARI,4/12/2025,Overall,307
6/17/2026,SARI,4/12/2025,Pediatrics,154
6/17/2026,SARI,4/19/2025,Adults,153
6/17/2026,SARI,4/19/2025,Overall,334
6/17/2026,SARI,4/19/2025,Pediatrics,181
6/17/2026,SARI,4/26/2025,Adults,207
6/17/2026,SARI,4/26/2025,Overall,378
6/17/2026,SARI,4/26/2025,Pediatrics,171
6/17/2026,SARI,5/3/2025,Adults,190
6/17/2026,SARI,5/3/2025,Overall,402
6/17/2026,SARI,5/3/2025,Pediatrics,212
6/17/2026,SARI,5/10/2025,Adults,202
6/17/2026,SARI,5/10/2025,Overall,408
6/17/2026,SARI,5/10/2025,Pediatrics,206
6/17/2026,SARI,5/17/2025,Adults,235
6/17/2026,SARI,5/17/2025,Overall,486
6/17/2026,SARI,5/17/2025,Pediatrics,251
6/17/2026,SARI,5/24/2025,Adults,292
6/17/2026,SARI,5/24/2025,Overall,608
6/17/2026,SARI,5/24/2025,Pediatrics,316
6/17/2026,SARI,5/31/2025,Adults,347
6/17/2026,SARI,5/31/2025,Overall,710
6/17/2026,SARI,5/31/2025,Pediatrics,363
6/17/2026,SARI,6/7/2025,Adults,515
6/17/2026,SARI,6/7/2025,Overall,1046
6/17/2026,SARI,6/7/2025,Pediatrics,531
6/17/2026,SARI,6/14/2025,Adults,582
6/17/2026,SARI,6/14/2025,Overall,1092
6/17/2026,SARI,6/14/2025,Pediatrics,510
6/17/2026,SARI,6/21/2025,Adults,503
6/17/2026,SARI,6/21/2025,Overall,1009
6/17/2026,SARI,6/21/2025,Pediatrics,506
6/17/2026,SARI,6/28/2025,Adults,458
6/17/2026,SARI,6/28/2025,Overall,915
6/17/2026,SARI,6/28/2025,Pediatrics,457
6/17/2026,SARI,7/5/2025,Adults,422
6/17/2026,SARI,7/5/2025,Overall,971
6/17/2026,SARI,7/5/2025,Pediatrics,549
6/17/2026,SARI,7/12/2025,Adults,320
6/17/2026,SARI,7/12/2025,Overall,838
6/17/2026,SARI,7/12/2025,Pediatrics,518
6/17/2026,SARI,7/19/2025,Adults,224
6/17/2026,SARI,7/19/2025,Overall,798
6/17/2026,SARI,7/19/2025,Pediatrics,574
6/17/2026,SARI,7/26/2025,Adults,172
6/17/2026,SARI,7/26/2025,Overall,665
6/17/2026,SARI,7/26/2025,Pediatrics,493
6/17/2026,SARI,8/2/2025,Adults,177
6/17/2026,SARI,8/2/2025,Overall,726
6/17/2026,SARI,8/2/2025,Pediatrics,549
6/17/2026,SARI,8/9/2025,Adults,187
6/17/2026,SARI,8/9/2025,Overall,695
6/17/2026,SARI,8/9/2025,Pediatrics,508
6/17/2026,SARI,8/16/2025,Adults,161
6/17/2026,SARI,8/16/2025,Overall,701
6/17/2026,SARI,8/16/2025,Pediatrics,540
6/17/2026,SARI,8/23/2025,Adults,168
6/17/2026,SARI,8/23/2025,Overall,708
6/17/2026,SARI,8/23/2025,Pediatrics,540
6/17/2026,SARI,8/30/2025,Adults,146
6/17/2026,SARI,8/30/2025,Overall,600
6/17/2026,SARI,8/30/2025,Pediatrics,454
6/17/2026,SARI,9/6/2025,Adults,164
6/17/2026,SARI,9/6/2025,Overall,591
6/17/2026,SARI,9/6/2025,Pediatrics,427
6/17/2026,SARI,9/13/2025,Adults,164
6/17/2026,SARI,9/13/2025,Overall,571
6/17/2026,SARI,9/13/2025,Pediatrics,407
6/17/2026,SARI,9/20/2025,Adults,158
6/17/2026,SARI,9/20/2025,Overall,520
6/17/2026,SARI,9/20/2025,Pediatrics,362
6/17/2026,SARI,9/27/2025,Adults,132
6/17/2026,SARI,9/27/2025,Overall,430
6/17/2026,SARI,9/27/2025,Pediatrics,298
6/17/2026,SARI,10/4/2025,Adults,126
6/17/2026,SARI,10/4/2025,Overall,425
6/17/2026,SARI,10/4/2025,Pediatrics,299
6/17/2026,SARI,10/11/2025,Adults,110
6/17/2026,SARI,10/11/2025,Overall,383
6/17/2026,SARI,10/11/2025,Pediatrics,273
6/17/2026,SARI,10/18/2025,Adults,121
6/17/2026,SARI,10/18/2025,Overall,346
6/17/2026,SARI,10/18/2025,Pediatrics,225
6/17/2026,SARI,10/25/2025,Adults,116
6/17/2026,SARI,10/25/2025,Overall,338
6/17/2026,SARI,10/25/2025,Pediatrics,222
6/17/2026,SARI,11/1/2025,Adults,100
6/17/2026,SARI,11/1/2025,Overall,259
6/17/2026,SARI,11/1/2025,Pediatrics,159
6/17/2026,SARI,11/8/2025,Adults,91
6/17/2026,SARI,11/8/2025,Overall,309
6/17/2026,SARI,11/8/2025,Pediatrics,218
6/17/2026,SARI,11/15/2025,Adults,116
6/17/2026,SARI,11/15/2025,Overall,276
6/17/2026,SARI,11/15/2025,Pediatrics,160
6/17/2026,SARI,11/22/2025,Adults,77
6/17/2026,SARI,11/22/2025,Overall,214
6/17/2026,SARI,11/22/2025,Pediatrics,137
6/17/2026,SARI,11/29/2025,Adults,61
6/17/2026,SARI,11/29/2025,Overall,174
6/17/2026,SARI,11/29/2025,Pediatrics,113
6/17/2026,SARI,12/6/2025,Adults,83
6/17/2026,SARI,12/6/2025,Overall,187
6/17/2026,SARI,12/6/2025,Pediatrics,104
6/17/2026,SARI,12/13/2025,Adults,89
6/17/2026,SARI,12/13/2025,Overall,191
6/17/2026,SARI,12/13/2025,Pediatrics,102
6/17/2026,SARI,12/20/2025,Adults,65
6/17/2026,SARI,12/20/2025,Overall,137
6/17/2026,SARI,12/20/2025,Pediatrics,72
6/17/2026,SARI,12/27/2025,Adults,93
6/17/2026,SARI,12/27/2025,Overall,145
6/17/2026,SARI,12/27/2025,Pediatrics,52
6/17/2026,SARI,1/3/2026,Adults,52
6/17/2026,SARI,1/3/2026,Overall,99
6/17/2026,SARI,1/3/2026,Pediatrics,47
6/17/2026,SARI,1/10/2026,Adults,107
6/17/2026,SARI,1/10/2026,Overall,204
6/17/2026,SARI,1/10/2026,Pediatrics,97
6/17/2026,SARI,1/17/2026,Adults,93
6/17/2026,SARI,1/17/2026,Overall,164
6/17/2026,SARI,1/17/2026,Pediatrics,71
6/17/2026,SARI,1/24/2026,Adults,110
6/17/2026,SARI,1/24/2026,Overall,182
6/17/2026,SARI,1/24/2026,Pediatrics,72
6/17/2026,SARI,1/31/2026,Adults,74
6/17/2026,SARI,1/31/2026,Overall,138
6/17/2026,SARI,1/31/2026,Pediatrics,64
6/17/2026,SARI,2/7/2026,Adults,105
6/17/2026,SARI,2/7/2026,Overall,164
6/17/2026,SARI,2/7/2026,Pediatrics,59
6/17/2026,SARI,2/14/2026,Adults,69
6/17/2026,SARI,2/14/2026,Overall,121
6/17/2026,SARI,2/14/2026,Pediatrics,52
6/17/2026,SARI,2/21/2026,Adults,72
6/17/2026,SARI,2/21/2026,Overall,123
6/17/2026,SARI,2/21/2026,Pediatrics,51
6/17/2026,SARI,2/28/2026,Adults,80
6/17/2026,SARI,2/28/2026,Overall,150
6/17/2026,SARI,2/28/2026,Pediatrics,70
6/17/2026,SARI,3/7/2026,Adults,93
6/17/2026,SARI,3/7/2026,Overall,198
6/17/2026,SARI,3/7/2026,Pediatrics,105
6/17/2026,SARI,3/14/2026,Adults,82
6/17/2026,SARI,3/14/2026,Overall,281
6/17/2026,SARI,3/14/2026,Pediatrics,199
6/17/2026,SARI,3/21/2026,Adults,95
6/17/2026,SARI,3/21/2026,Overall,298
6/17/2026,SARI,3/21/2026,Pediatrics,203
6/17/2026,SARI,3/28/2026,Adults,106
6/17/2026,SARI,3/28/2026,Overall,279
6/17/2026,SARI,3/28/2026,Pediatrics,173
6/17/2026,SARI,4/4/2026,Adults,130
6/17/2026,SARI,4/4/2026,Overall,274
6/17/2026,SARI,4/4/2026,Pediatrics,144
6/17/2026,SARI,4/11/2026,Adults,147
6/17/2026,SARI,4/11/2026,Overall,303
6/17/2026,SARI,4/11/2026,Pediatrics,156
6/17/2026,SARI,4/18/2026,Adults,110
6/17/2026,SARI,4/18/2026,Overall,309
6/17/2026,SARI,4/18/2026,Pediatrics,199
6/17/2026,SARI,4/25/2026,Adults,142
6/17/2026,SARI,4/25/2026,Overall,352
6/17/2026,SARI,4/25/2026,Pediatrics,210
6/17/2026,SARI,5/2/2026,Adults,174
6/17/2026,SARI,5/2/2026,Overall,433
6/17/2026,SARI,5/2/2026,Pediatrics,259
6/17/2026,SARI,5/9/2026,Adults,193
6/17/2026,SARI,5/9/2026,Overall,459
6/17/2026,SARI,5/9/2026,Pediatrics,266
6/17/2026,SARI,5/16/2026,Adults,239
6/17/2026,SARI,5/16/2026,Overall,527
6/17/2026,SARI,5/16/2026,Pediatrics,288
6/17/2026,SARI,5/23/2026,Adults,282
6/17/2026,SARI,5/23/2026,Overall,609
6/17/2026,SARI,5/23/2026,Pediatrics,327
6/17/2026,SARI,5/30/2026,Adults,265
6/17/2026,SARI,5/30/2026,Overall,615
6/17/2026,SARI,5/30/2026,Pediatrics,350
6/17/2026,SARI,6/6/2026,Adults,86
6/17/2026,SARI,6/6/2026,Overall,226
6/17/2026,SARI,6/6/2026,Pediatrics,140
