"model","reference_date","horizon","target_end_date","target_group","output_type","output_type_id","value"
"Regular Baseline","2026-06-06",-2,"2026-05-23","Adults","quantile","0.01",93
"Regular Baseline","2026-06-06",-2,"2026-05-23","Adults","quantile","0.025",101
"Regular Baseline","2026-06-06",-2,"2026-05-23","Adults","quantile","0.05",107
"Regular Baseline","2026-06-06",-2,"2026-05-23","Adults","quantile","0.1",115
"Regular Baseline","2026-06-06",-2,"2026-05-23","Adults","quantile","0.15",121
"Regular Baseline","2026-06-06",-2,"2026-05-23","Adults","quantile","0.2",124
"Regular Baseline","2026-06-06",-2,"2026-05-23","Adults","quantile","0.25",127
"Regular Baseline","2026-06-06",-2,"2026-05-23","Adults","quantile","0.3",129
"Regular Baseline","2026-06-06",-2,"2026-05-23","Adults","quantile","0.35",131
"Regular Baseline","2026-06-06",-2,"2026-05-23","Adults","quantile","0.4",134
"Regular Baseline","2026-06-06",-2,"2026-05-23","Adults","quantile","0.45",136
"Regular Baseline","2026-06-06",-2,"2026-05-23","Adults","quantile","0.5",138
"Regular Baseline","2026-06-06",-2,"2026-05-23","Adults","quantile","0.55",140
"Regular Baseline","2026-06-06",-2,"2026-05-23","Adults","quantile","0.6",142
"Regular Baseline","2026-06-06",-2,"2026-05-23","Adults","quantile","0.65",145
"Regular Baseline","2026-06-06",-2,"2026-05-23","Adults","quantile","0.7",148
"Regular Baseline","2026-06-06",-2,"2026-05-23","Adults","quantile","0.75",150
"Regular Baseline","2026-06-06",-2,"2026-05-23","Adults","quantile","0.8",153
"Regular Baseline","2026-06-06",-2,"2026-05-23","Adults","quantile","0.85",157
"Regular Baseline","2026-06-06",-2,"2026-05-23","Adults","quantile","0.9",164
"Regular Baseline","2026-06-06",-2,"2026-05-23","Adults","quantile","0.95",173
"Regular Baseline","2026-06-06",-2,"2026-05-23","Adults","quantile","0.975",181
"Regular Baseline","2026-06-06",-2,"2026-05-23","Adults","quantile","0.99",191
"Regular Baseline","2026-06-06",-1,"2026-05-30","Adults","quantile","0.01",80
"Regular Baseline","2026-06-06",-1,"2026-05-30","Adults","quantile","0.025",89
"Regular Baseline","2026-06-06",-1,"2026-05-30","Adults","quantile","0.05",96
"Regular Baseline","2026-06-06",-1,"2026-05-30","Adults","quantile","0.1",106
"Regular Baseline","2026-06-06",-1,"2026-05-30","Adults","quantile","0.15",112
"Regular Baseline","2026-06-06",-1,"2026-05-30","Adults","quantile","0.2",117
"Regular Baseline","2026-06-06",-1,"2026-05-30","Adults","quantile","0.25",121
"Regular Baseline","2026-06-06",-1,"2026-05-30","Adults","quantile","0.3",125
"Regular Baseline","2026-06-06",-1,"2026-05-30","Adults","quantile","0.35",128
"Regular Baseline","2026-06-06",-1,"2026-05-30","Adults","quantile","0.4",132
"Regular Baseline","2026-06-06",-1,"2026-05-30","Adults","quantile","0.45",135
"Regular Baseline","2026-06-06",-1,"2026-05-30","Adults","quantile","0.5",138
"Regular Baseline","2026-06-06",-1,"2026-05-30","Adults","quantile","0.55",141
"Regular Baseline","2026-06-06",-1,"2026-05-30","Adults","quantile","0.6",145
"Regular Baseline","2026-06-06",-1,"2026-05-30","Adults","quantile","0.65",148
"Regular Baseline","2026-06-06",-1,"2026-05-30","Adults","quantile","0.7",152
"Regular Baseline","2026-06-06",-1,"2026-05-30","Adults","quantile","0.75",156
"Regular Baseline","2026-06-06",-1,"2026-05-30","Adults","quantile","0.8",161
"Regular Baseline","2026-06-06",-1,"2026-05-30","Adults","quantile","0.85",167
"Regular Baseline","2026-06-06",-1,"2026-05-30","Adults","quantile","0.9",175
"Regular Baseline","2026-06-06",-1,"2026-05-30","Adults","quantile","0.95",187
"Regular Baseline","2026-06-06",-1,"2026-05-30","Adults","quantile","0.975",198
"Regular Baseline","2026-06-06",-1,"2026-05-30","Adults","quantile","0.99",212
"Regular Baseline","2026-06-06",0,"2026-06-06","Adults","quantile","0.01",70
"Regular Baseline","2026-06-06",0,"2026-06-06","Adults","quantile","0.025",81
"Regular Baseline","2026-06-06",0,"2026-06-06","Adults","quantile","0.05",89
"Regular Baseline","2026-06-06",0,"2026-06-06","Adults","quantile","0.1",99
"Regular Baseline","2026-06-06",0,"2026-06-06","Adults","quantile","0.15",107
"Regular Baseline","2026-06-06",0,"2026-06-06","Adults","quantile","0.2",112
"Regular Baseline","2026-06-06",0,"2026-06-06","Adults","quantile","0.25",117
"Regular Baseline","2026-06-06",0,"2026-06-06","Adults","quantile","0.3",122
"Regular Baseline","2026-06-06",0,"2026-06-06","Adults","quantile","0.35",126
"Regular Baseline","2026-06-06",0,"2026-06-06","Adults","quantile","0.4",130
"Regular Baseline","2026-06-06",0,"2026-06-06","Adults","quantile","0.45",134
"Regular Baseline","2026-06-06",0,"2026-06-06","Adults","quantile","0.5",138
"Regular Baseline","2026-06-06",0,"2026-06-06","Adults","quantile","0.55",142
"Regular Baseline","2026-06-06",0,"2026-06-06","Adults","quantile","0.6",146
"Regular Baseline","2026-06-06",0,"2026-06-06","Adults","quantile","0.65",150
"Regular Baseline","2026-06-06",0,"2026-06-06","Adults","quantile","0.7",156
"Regular Baseline","2026-06-06",0,"2026-06-06","Adults","quantile","0.75",161
"Regular Baseline","2026-06-06",0,"2026-06-06","Adults","quantile","0.8",167
"Regular Baseline","2026-06-06",0,"2026-06-06","Adults","quantile","0.85",175
"Regular Baseline","2026-06-06",0,"2026-06-06","Adults","quantile","0.9",183
"Regular Baseline","2026-06-06",0,"2026-06-06","Adults","quantile","0.95",198
"Regular Baseline","2026-06-06",0,"2026-06-06","Adults","quantile","0.975",212
"Regular Baseline","2026-06-06",0,"2026-06-06","Adults","quantile","0.99",228
"Regular Baseline","2026-06-06",1,"2026-06-13","Adults","quantile","0.01",62
"Regular Baseline","2026-06-06",1,"2026-06-13","Adults","quantile","0.025",73
"Regular Baseline","2026-06-06",1,"2026-06-13","Adults","quantile","0.05",83
"Regular Baseline","2026-06-06",1,"2026-06-13","Adults","quantile","0.1",94
"Regular Baseline","2026-06-06",1,"2026-06-13","Adults","quantile","0.15",102
"Regular Baseline","2026-06-06",1,"2026-06-13","Adults","quantile","0.2",108
"Regular Baseline","2026-06-06",1,"2026-06-13","Adults","quantile","0.25",114
"Regular Baseline","2026-06-06",1,"2026-06-13","Adults","quantile","0.3",119
"Regular Baseline","2026-06-06",1,"2026-06-13","Adults","quantile","0.35",124
"Regular Baseline","2026-06-06",1,"2026-06-13","Adults","quantile","0.4",129
"Regular Baseline","2026-06-06",1,"2026-06-13","Adults","quantile","0.45",133
"Regular Baseline","2026-06-06",1,"2026-06-13","Adults","quantile","0.5",138
"Regular Baseline","2026-06-06",1,"2026-06-13","Adults","quantile","0.55",143
"Regular Baseline","2026-06-06",1,"2026-06-13","Adults","quantile","0.6",148
"Regular Baseline","2026-06-06",1,"2026-06-13","Adults","quantile","0.65",153
"Regular Baseline","2026-06-06",1,"2026-06-13","Adults","quantile","0.7",159
"Regular Baseline","2026-06-06",1,"2026-06-13","Adults","quantile","0.75",165
"Regular Baseline","2026-06-06",1,"2026-06-13","Adults","quantile","0.8",172
"Regular Baseline","2026-06-06",1,"2026-06-13","Adults","quantile","0.85",180
"Regular Baseline","2026-06-06",1,"2026-06-13","Adults","quantile","0.9",191
"Regular Baseline","2026-06-06",1,"2026-06-13","Adults","quantile","0.95",208
"Regular Baseline","2026-06-06",1,"2026-06-13","Adults","quantile","0.975",224
"Regular Baseline","2026-06-06",1,"2026-06-13","Adults","quantile","0.99",244
"Regular Baseline","2026-06-06",2,"2026-06-20","Adults","quantile","0.01",54
"Regular Baseline","2026-06-06",2,"2026-06-20","Adults","quantile","0.025",65
"Regular Baseline","2026-06-06",2,"2026-06-20","Adults","quantile","0.05",76
"Regular Baseline","2026-06-06",2,"2026-06-20","Adults","quantile","0.1",88
"Regular Baseline","2026-06-06",2,"2026-06-20","Adults","quantile","0.15",97
"Regular Baseline","2026-06-06",2,"2026-06-20","Adults","quantile","0.2",105
"Regular Baseline","2026-06-06",2,"2026-06-20","Adults","quantile","0.25",111
"Regular Baseline","2026-06-06",2,"2026-06-20","Adults","quantile","0.3",117
"Regular Baseline","2026-06-06",2,"2026-06-20","Adults","quantile","0.35",122
"Regular Baseline","2026-06-06",2,"2026-06-20","Adults","quantile","0.4",128
"Regular Baseline","2026-06-06",2,"2026-06-20","Adults","quantile","0.45",133
"Regular Baseline","2026-06-06",2,"2026-06-20","Adults","quantile","0.5",138
"Regular Baseline","2026-06-06",2,"2026-06-20","Adults","quantile","0.55",144
"Regular Baseline","2026-06-06",2,"2026-06-20","Adults","quantile","0.6",149
"Regular Baseline","2026-06-06",2,"2026-06-20","Adults","quantile","0.65",155
"Regular Baseline","2026-06-06",2,"2026-06-20","Adults","quantile","0.7",161
"Regular Baseline","2026-06-06",2,"2026-06-20","Adults","quantile","0.75",168
"Regular Baseline","2026-06-06",2,"2026-06-20","Adults","quantile","0.8",176
"Regular Baseline","2026-06-06",2,"2026-06-20","Adults","quantile","0.85",186
"Regular Baseline","2026-06-06",2,"2026-06-20","Adults","quantile","0.9",197
"Regular Baseline","2026-06-06",2,"2026-06-20","Adults","quantile","0.95",216
"Regular Baseline","2026-06-06",2,"2026-06-20","Adults","quantile","0.975",235
"Regular Baseline","2026-06-06",2,"2026-06-20","Adults","quantile","0.99",258
"Regular Baseline","2026-06-06",3,"2026-06-27","Adults","quantile","0.01",48
"Regular Baseline","2026-06-06",3,"2026-06-27","Adults","quantile","0.025",60
"Regular Baseline","2026-06-06",3,"2026-06-27","Adults","quantile","0.05",71
"Regular Baseline","2026-06-06",3,"2026-06-27","Adults","quantile","0.1",84
"Regular Baseline","2026-06-06",3,"2026-06-27","Adults","quantile","0.15",94
"Regular Baseline","2026-06-06",3,"2026-06-27","Adults","quantile","0.2",101
"Regular Baseline","2026-06-06",3,"2026-06-27","Adults","quantile","0.25",109
"Regular Baseline","2026-06-06",3,"2026-06-27","Adults","quantile","0.3",115
"Regular Baseline","2026-06-06",3,"2026-06-27","Adults","quantile","0.35",121
"Regular Baseline","2026-06-06",3,"2026-06-27","Adults","quantile","0.4",127
"Regular Baseline","2026-06-06",3,"2026-06-27","Adults","quantile","0.45",133
"Regular Baseline","2026-06-06",3,"2026-06-27","Adults","quantile","0.5",138
"Regular Baseline","2026-06-06",3,"2026-06-27","Adults","quantile","0.55",144
"Regular Baseline","2026-06-06",3,"2026-06-27","Adults","quantile","0.6",150
"Regular Baseline","2026-06-06",3,"2026-06-27","Adults","quantile","0.65",157
"Regular Baseline","2026-06-06",3,"2026-06-27","Adults","quantile","0.7",164
"Regular Baseline","2026-06-06",3,"2026-06-27","Adults","quantile","0.75",171
"Regular Baseline","2026-06-06",3,"2026-06-27","Adults","quantile","0.8",180
"Regular Baseline","2026-06-06",3,"2026-06-27","Adults","quantile","0.85",191
"Regular Baseline","2026-06-06",3,"2026-06-27","Adults","quantile","0.9",205
"Regular Baseline","2026-06-06",3,"2026-06-27","Adults","quantile","0.95",224
"Regular Baseline","2026-06-06",3,"2026-06-27","Adults","quantile","0.975",244
"Regular Baseline","2026-06-06",3,"2026-06-27","Adults","quantile","0.99",271
"Regular Baseline","2026-06-06",-2,"2026-05-23","Overall","quantile","0.01",167
"Regular Baseline","2026-06-06",-2,"2026-05-23","Overall","quantile","0.025",177
"Regular Baseline","2026-06-06",-2,"2026-05-23","Overall","quantile","0.05",189
"Regular Baseline","2026-06-06",-2,"2026-05-23","Overall","quantile","0.1",201
"Regular Baseline","2026-06-06",-2,"2026-05-23","Overall","quantile","0.15",210
"Regular Baseline","2026-06-06",-2,"2026-05-23","Overall","quantile","0.2",213
"Regular Baseline","2026-06-06",-2,"2026-05-23","Overall","quantile","0.25",219
"Regular Baseline","2026-06-06",-2,"2026-05-23","Overall","quantile","0.3",223
"Regular Baseline","2026-06-06",-2,"2026-05-23","Overall","quantile","0.35",227
"Regular Baseline","2026-06-06",-2,"2026-05-23","Overall","quantile","0.4",232
"Regular Baseline","2026-06-06",-2,"2026-05-23","Overall","quantile","0.45",237
"Regular Baseline","2026-06-06",-2,"2026-05-23","Overall","quantile","0.5",240
"Regular Baseline","2026-06-06",-2,"2026-05-23","Overall","quantile","0.55",243
"Regular Baseline","2026-06-06",-2,"2026-05-23","Overall","quantile","0.6",248
"Regular Baseline","2026-06-06",-2,"2026-05-23","Overall","quantile","0.65",253
"Regular Baseline","2026-06-06",-2,"2026-05-23","Overall","quantile","0.7",257
"Regular Baseline","2026-06-06",-2,"2026-05-23","Overall","quantile","0.75",262
"Regular Baseline","2026-06-06",-2,"2026-05-23","Overall","quantile","0.8",268
"Regular Baseline","2026-06-06",-2,"2026-05-23","Overall","quantile","0.85",272
"Regular Baseline","2026-06-06",-2,"2026-05-23","Overall","quantile","0.9",283
"Regular Baseline","2026-06-06",-2,"2026-05-23","Overall","quantile","0.95",297
"Regular Baseline","2026-06-06",-2,"2026-05-23","Overall","quantile","0.975",312
"Regular Baseline","2026-06-06",-2,"2026-05-23","Overall","quantile","0.99",327
"Regular Baseline","2026-06-06",-1,"2026-05-30","Overall","quantile","0.01",140
"Regular Baseline","2026-06-06",-1,"2026-05-30","Overall","quantile","0.025",156
"Regular Baseline","2026-06-06",-1,"2026-05-30","Overall","quantile","0.05",170
"Regular Baseline","2026-06-06",-1,"2026-05-30","Overall","quantile","0.1",184
"Regular Baseline","2026-06-06",-1,"2026-05-30","Overall","quantile","0.15",195
"Regular Baseline","2026-06-06",-1,"2026-05-30","Overall","quantile","0.2",203
"Regular Baseline","2026-06-06",-1,"2026-05-30","Overall","quantile","0.25",210
"Regular Baseline","2026-06-06",-1,"2026-05-30","Overall","quantile","0.3",217
"Regular Baseline","2026-06-06",-1,"2026-05-30","Overall","quantile","0.35",223
"Regular Baseline","2026-06-06",-1,"2026-05-30","Overall","quantile","0.4",229
"Regular Baseline","2026-06-06",-1,"2026-05-30","Overall","quantile","0.45",234
"Regular Baseline","2026-06-06",-1,"2026-05-30","Overall","quantile","0.5",240
"Regular Baseline","2026-06-06",-1,"2026-05-30","Overall","quantile","0.55",245
"Regular Baseline","2026-06-06",-1,"2026-05-30","Overall","quantile","0.6",251
"Regular Baseline","2026-06-06",-1,"2026-05-30","Overall","quantile","0.65",257
"Regular Baseline","2026-06-06",-1,"2026-05-30","Overall","quantile","0.7",264
"Regular Baseline","2026-06-06",-1,"2026-05-30","Overall","quantile","0.75",271
"Regular Baseline","2026-06-06",-1,"2026-05-30","Overall","quantile","0.8",281
"Regular Baseline","2026-06-06",-1,"2026-05-30","Overall","quantile","0.85",291
"Regular Baseline","2026-06-06",-1,"2026-05-30","Overall","quantile","0.9",303
"Regular Baseline","2026-06-06",-1,"2026-05-30","Overall","quantile","0.95",321
"Regular Baseline","2026-06-06",-1,"2026-05-30","Overall","quantile","0.975",340
"Regular Baseline","2026-06-06",-1,"2026-05-30","Overall","quantile","0.99",362
"Regular Baseline","2026-06-06",0,"2026-06-06","Overall","quantile","0.01",124
"Regular Baseline","2026-06-06",0,"2026-06-06","Overall","quantile","0.025",140
"Regular Baseline","2026-06-06",0,"2026-06-06","Overall","quantile","0.05",154
"Regular Baseline","2026-06-06",0,"2026-06-06","Overall","quantile","0.1",171
"Regular Baseline","2026-06-06",0,"2026-06-06","Overall","quantile","0.15",184
"Regular Baseline","2026-06-06",0,"2026-06-06","Overall","quantile","0.2",194
"Regular Baseline","2026-06-06",0,"2026-06-06","Overall","quantile","0.25",203
"Regular Baseline","2026-06-06",0,"2026-06-06","Overall","quantile","0.3",211
"Regular Baseline","2026-06-06",0,"2026-06-06","Overall","quantile","0.35",218
"Regular Baseline","2026-06-06",0,"2026-06-06","Overall","quantile","0.4",226
"Regular Baseline","2026-06-06",0,"2026-06-06","Overall","quantile","0.45",233
"Regular Baseline","2026-06-06",0,"2026-06-06","Overall","quantile","0.5",240
"Regular Baseline","2026-06-06",0,"2026-06-06","Overall","quantile","0.55",247
"Regular Baseline","2026-06-06",0,"2026-06-06","Overall","quantile","0.6",254
"Regular Baseline","2026-06-06",0,"2026-06-06","Overall","quantile","0.65",261
"Regular Baseline","2026-06-06",0,"2026-06-06","Overall","quantile","0.7",269
"Regular Baseline","2026-06-06",0,"2026-06-06","Overall","quantile","0.75",279
"Regular Baseline","2026-06-06",0,"2026-06-06","Overall","quantile","0.8",289
"Regular Baseline","2026-06-06",0,"2026-06-06","Overall","quantile","0.85",302
"Regular Baseline","2026-06-06",0,"2026-06-06","Overall","quantile","0.9",318
"Regular Baseline","2026-06-06",0,"2026-06-06","Overall","quantile","0.95",344
"Regular Baseline","2026-06-06",0,"2026-06-06","Overall","quantile","0.975",366
"Regular Baseline","2026-06-06",0,"2026-06-06","Overall","quantile","0.99",395
"Regular Baseline","2026-06-06",1,"2026-06-13","Overall","quantile","0.01",110
"Regular Baseline","2026-06-06",1,"2026-06-13","Overall","quantile","0.025",127
"Regular Baseline","2026-06-06",1,"2026-06-13","Overall","quantile","0.05",143
"Regular Baseline","2026-06-06",1,"2026-06-13","Overall","quantile","0.1",163
"Regular Baseline","2026-06-06",1,"2026-06-13","Overall","quantile","0.15",176
"Regular Baseline","2026-06-06",1,"2026-06-13","Overall","quantile","0.2",188
"Regular Baseline","2026-06-06",1,"2026-06-13","Overall","quantile","0.25",198
"Regular Baseline","2026-06-06",1,"2026-06-13","Overall","quantile","0.3",207
"Regular Baseline","2026-06-06",1,"2026-06-13","Overall","quantile","0.35",216
"Regular Baseline","2026-06-06",1,"2026-06-13","Overall","quantile","0.4",224
"Regular Baseline","2026-06-06",1,"2026-06-13","Overall","quantile","0.45",232
"Regular Baseline","2026-06-06",1,"2026-06-13","Overall","quantile","0.5",240
"Regular Baseline","2026-06-06",1,"2026-06-13","Overall","quantile","0.55",249
"Regular Baseline","2026-06-06",1,"2026-06-13","Overall","quantile","0.6",257
"Regular Baseline","2026-06-06",1,"2026-06-13","Overall","quantile","0.65",265
"Regular Baseline","2026-06-06",1,"2026-06-13","Overall","quantile","0.7",275
"Regular Baseline","2026-06-06",1,"2026-06-13","Overall","quantile","0.75",286
"Regular Baseline","2026-06-06",1,"2026-06-13","Overall","quantile","0.8",298
"Regular Baseline","2026-06-06",1,"2026-06-13","Overall","quantile","0.85",313
"Regular Baseline","2026-06-06",1,"2026-06-13","Overall","quantile","0.9",332
"Regular Baseline","2026-06-06",1,"2026-06-13","Overall","quantile","0.95",360
"Regular Baseline","2026-06-06",1,"2026-06-13","Overall","quantile","0.975",385
"Regular Baseline","2026-06-06",1,"2026-06-13","Overall","quantile","0.99",421
"Regular Baseline","2026-06-06",2,"2026-06-20","Overall","quantile","0.01",96
"Regular Baseline","2026-06-06",2,"2026-06-20","Overall","quantile","0.025",115
"Regular Baseline","2026-06-06",2,"2026-06-20","Overall","quantile","0.05",132
"Regular Baseline","2026-06-06",2,"2026-06-20","Overall","quantile","0.1",153
"Regular Baseline","2026-06-06",2,"2026-06-20","Overall","quantile","0.15",168
"Regular Baseline","2026-06-06",2,"2026-06-20","Overall","quantile","0.2",180
"Regular Baseline","2026-06-06",2,"2026-06-20","Overall","quantile","0.25",191
"Regular Baseline","2026-06-06",2,"2026-06-20","Overall","quantile","0.3",201
"Regular Baseline","2026-06-06",2,"2026-06-20","Overall","quantile","0.35",211
"Regular Baseline","2026-06-06",2,"2026-06-20","Overall","quantile","0.4",221
"Regular Baseline","2026-06-06",2,"2026-06-20","Overall","quantile","0.45",231
"Regular Baseline","2026-06-06",2,"2026-06-20","Overall","quantile","0.5",240
"Regular Baseline","2026-06-06",2,"2026-06-20","Overall","quantile","0.55",249
"Regular Baseline","2026-06-06",2,"2026-06-20","Overall","quantile","0.6",260
"Regular Baseline","2026-06-06",2,"2026-06-20","Overall","quantile","0.65",269
"Regular Baseline","2026-06-06",2,"2026-06-20","Overall","quantile","0.7",280
"Regular Baseline","2026-06-06",2,"2026-06-20","Overall","quantile","0.75",292
"Regular Baseline","2026-06-06",2,"2026-06-20","Overall","quantile","0.8",306
"Regular Baseline","2026-06-06",2,"2026-06-20","Overall","quantile","0.85",322
"Regular Baseline","2026-06-06",2,"2026-06-20","Overall","quantile","0.9",343
"Regular Baseline","2026-06-06",2,"2026-06-20","Overall","quantile","0.95",376
"Regular Baseline","2026-06-06",2,"2026-06-20","Overall","quantile","0.975",402
"Regular Baseline","2026-06-06",2,"2026-06-20","Overall","quantile","0.99",446
"Regular Baseline","2026-06-06",3,"2026-06-27","Overall","quantile","0.01",87
"Regular Baseline","2026-06-06",3,"2026-06-27","Overall","quantile","0.025",107
"Regular Baseline","2026-06-06",3,"2026-06-27","Overall","quantile","0.05",123
"Regular Baseline","2026-06-06",3,"2026-06-27","Overall","quantile","0.1",145
"Regular Baseline","2026-06-06",3,"2026-06-27","Overall","quantile","0.15",161
"Regular Baseline","2026-06-06",3,"2026-06-27","Overall","quantile","0.2",175
"Regular Baseline","2026-06-06",3,"2026-06-27","Overall","quantile","0.25",187
"Regular Baseline","2026-06-06",3,"2026-06-27","Overall","quantile","0.3",198
"Regular Baseline","2026-06-06",3,"2026-06-27","Overall","quantile","0.35",209
"Regular Baseline","2026-06-06",3,"2026-06-27","Overall","quantile","0.4",219
"Regular Baseline","2026-06-06",3,"2026-06-27","Overall","quantile","0.45",230
"Regular Baseline","2026-06-06",3,"2026-06-27","Overall","quantile","0.5",240
"Regular Baseline","2026-06-06",3,"2026-06-27","Overall","quantile","0.55",250
"Regular Baseline","2026-06-06",3,"2026-06-27","Overall","quantile","0.6",260
"Regular Baseline","2026-06-06",3,"2026-06-27","Overall","quantile","0.65",271
"Regular Baseline","2026-06-06",3,"2026-06-27","Overall","quantile","0.7",283
"Regular Baseline","2026-06-06",3,"2026-06-27","Overall","quantile","0.75",296
"Regular Baseline","2026-06-06",3,"2026-06-27","Overall","quantile","0.8",311
"Regular Baseline","2026-06-06",3,"2026-06-27","Overall","quantile","0.85",329
"Regular Baseline","2026-06-06",3,"2026-06-27","Overall","quantile","0.9",354
"Regular Baseline","2026-06-06",3,"2026-06-27","Overall","quantile","0.95",392
"Regular Baseline","2026-06-06",3,"2026-06-27","Overall","quantile","0.975",424
"Regular Baseline","2026-06-06",3,"2026-06-27","Overall","quantile","0.99",463
"Regular Baseline","2026-06-06",-2,"2026-05-23","Pediatrics","quantile","0.01",54
"Regular Baseline","2026-06-06",-2,"2026-05-23","Pediatrics","quantile","0.025",64
"Regular Baseline","2026-06-06",-2,"2026-05-23","Pediatrics","quantile","0.05",70
"Regular Baseline","2026-06-06",-2,"2026-05-23","Pediatrics","quantile","0.1",77
"Regular Baseline","2026-06-06",-2,"2026-05-23","Pediatrics","quantile","0.15",81
"Regular Baseline","2026-06-06",-2,"2026-05-23","Pediatrics","quantile","0.2",86
"Regular Baseline","2026-06-06",-2,"2026-05-23","Pediatrics","quantile","0.25",88
"Regular Baseline","2026-06-06",-2,"2026-05-23","Pediatrics","quantile","0.3",91
"Regular Baseline","2026-06-06",-2,"2026-05-23","Pediatrics","quantile","0.35",94
"Regular Baseline","2026-06-06",-2,"2026-05-23","Pediatrics","quantile","0.4",96
"Regular Baseline","2026-06-06",-2,"2026-05-23","Pediatrics","quantile","0.45",99
"Regular Baseline","2026-06-06",-2,"2026-05-23","Pediatrics","quantile","0.5",102
"Regular Baseline","2026-06-06",-2,"2026-05-23","Pediatrics","quantile","0.55",106
"Regular Baseline","2026-06-06",-2,"2026-05-23","Pediatrics","quantile","0.6",108
"Regular Baseline","2026-06-06",-2,"2026-05-23","Pediatrics","quantile","0.65",111
"Regular Baseline","2026-06-06",-2,"2026-05-23","Pediatrics","quantile","0.7",114
"Regular Baseline","2026-06-06",-2,"2026-05-23","Pediatrics","quantile","0.75",116
"Regular Baseline","2026-06-06",-2,"2026-05-23","Pediatrics","quantile","0.8",119
"Regular Baseline","2026-06-06",-2,"2026-05-23","Pediatrics","quantile","0.85",125
"Regular Baseline","2026-06-06",-2,"2026-05-23","Pediatrics","quantile","0.9",131
"Regular Baseline","2026-06-06",-2,"2026-05-23","Pediatrics","quantile","0.95",140
"Regular Baseline","2026-06-06",-2,"2026-05-23","Pediatrics","quantile","0.975",148
"Regular Baseline","2026-06-06",-2,"2026-05-23","Pediatrics","quantile","0.99",166
"Regular Baseline","2026-06-06",-1,"2026-05-30","Pediatrics","quantile","0.01",40
"Regular Baseline","2026-06-06",-1,"2026-05-30","Pediatrics","quantile","0.025",49
"Regular Baseline","2026-06-06",-1,"2026-05-30","Pediatrics","quantile","0.05",58
"Regular Baseline","2026-06-06",-1,"2026-05-30","Pediatrics","quantile","0.1",67
"Regular Baseline","2026-06-06",-1,"2026-05-30","Pediatrics","quantile","0.15",73
"Regular Baseline","2026-06-06",-1,"2026-05-30","Pediatrics","quantile","0.2",79
"Regular Baseline","2026-06-06",-1,"2026-05-30","Pediatrics","quantile","0.25",83
"Regular Baseline","2026-06-06",-1,"2026-05-30","Pediatrics","quantile","0.3",87
"Regular Baseline","2026-06-06",-1,"2026-05-30","Pediatrics","quantile","0.35",91
"Regular Baseline","2026-06-06",-1,"2026-05-30","Pediatrics","quantile","0.4",95
"Regular Baseline","2026-06-06",-1,"2026-05-30","Pediatrics","quantile","0.45",99
"Regular Baseline","2026-06-06",-1,"2026-05-30","Pediatrics","quantile","0.5",102
"Regular Baseline","2026-06-06",-1,"2026-05-30","Pediatrics","quantile","0.55",106
"Regular Baseline","2026-06-06",-1,"2026-05-30","Pediatrics","quantile","0.6",109
"Regular Baseline","2026-06-06",-1,"2026-05-30","Pediatrics","quantile","0.65",114
"Regular Baseline","2026-06-06",-1,"2026-05-30","Pediatrics","quantile","0.7",119
"Regular Baseline","2026-06-06",-1,"2026-05-30","Pediatrics","quantile","0.75",124
"Regular Baseline","2026-06-06",-1,"2026-05-30","Pediatrics","quantile","0.8",129
"Regular Baseline","2026-06-06",-1,"2026-05-30","Pediatrics","quantile","0.85",136
"Regular Baseline","2026-06-06",-1,"2026-05-30","Pediatrics","quantile","0.9",144
"Regular Baseline","2026-06-06",-1,"2026-05-30","Pediatrics","quantile","0.95",159
"Regular Baseline","2026-06-06",-1,"2026-05-30","Pediatrics","quantile","0.975",173
"Regular Baseline","2026-06-06",-1,"2026-05-30","Pediatrics","quantile","0.99",192
"Regular Baseline","2026-06-06",0,"2026-06-06","Pediatrics","quantile","0.01",30
"Regular Baseline","2026-06-06",0,"2026-06-06","Pediatrics","quantile","0.025",41
"Regular Baseline","2026-06-06",0,"2026-06-06","Pediatrics","quantile","0.05",49
"Regular Baseline","2026-06-06",0,"2026-06-06","Pediatrics","quantile","0.1",59
"Regular Baseline","2026-06-06",0,"2026-06-06","Pediatrics","quantile","0.15",67
"Regular Baseline","2026-06-06",0,"2026-06-06","Pediatrics","quantile","0.2",73
"Regular Baseline","2026-06-06",0,"2026-06-06","Pediatrics","quantile","0.25",78
"Regular Baseline","2026-06-06",0,"2026-06-06","Pediatrics","quantile","0.3",84
"Regular Baseline","2026-06-06",0,"2026-06-06","Pediatrics","quantile","0.35",88
"Regular Baseline","2026-06-06",0,"2026-06-06","Pediatrics","quantile","0.4",93
"Regular Baseline","2026-06-06",0,"2026-06-06","Pediatrics","quantile","0.45",97
"Regular Baseline","2026-06-06",0,"2026-06-06","Pediatrics","quantile","0.5",102
"Regular Baseline","2026-06-06",0,"2026-06-06","Pediatrics","quantile","0.55",107
"Regular Baseline","2026-06-06",0,"2026-06-06","Pediatrics","quantile","0.6",112
"Regular Baseline","2026-06-06",0,"2026-06-06","Pediatrics","quantile","0.65",117
"Regular Baseline","2026-06-06",0,"2026-06-06","Pediatrics","quantile","0.7",123
"Regular Baseline","2026-06-06",0,"2026-06-06","Pediatrics","quantile","0.75",129
"Regular Baseline","2026-06-06",0,"2026-06-06","Pediatrics","quantile","0.8",135
"Regular Baseline","2026-06-06",0,"2026-06-06","Pediatrics","quantile","0.85",144
"Regular Baseline","2026-06-06",0,"2026-06-06","Pediatrics","quantile","0.9",156
"Regular Baseline","2026-06-06",0,"2026-06-06","Pediatrics","quantile","0.95",175
"Regular Baseline","2026-06-06",0,"2026-06-06","Pediatrics","quantile","0.975",192
"Regular Baseline","2026-06-06",0,"2026-06-06","Pediatrics","quantile","0.99",214
"Regular Baseline","2026-06-06",1,"2026-06-13","Pediatrics","quantile","0.01",23
"Regular Baseline","2026-06-06",1,"2026-06-13","Pediatrics","quantile","0.025",33
"Regular Baseline","2026-06-06",1,"2026-06-13","Pediatrics","quantile","0.05",43
"Regular Baseline","2026-06-06",1,"2026-06-13","Pediatrics","quantile","0.1",55
"Regular Baseline","2026-06-06",1,"2026-06-13","Pediatrics","quantile","0.15",63
"Regular Baseline","2026-06-06",1,"2026-06-13","Pediatrics","quantile","0.2",69
"Regular Baseline","2026-06-06",1,"2026-06-13","Pediatrics","quantile","0.25",75
"Regular Baseline","2026-06-06",1,"2026-06-13","Pediatrics","quantile","0.3",81
"Regular Baseline","2026-06-06",1,"2026-06-13","Pediatrics","quantile","0.35",86
"Regular Baseline","2026-06-06",1,"2026-06-13","Pediatrics","quantile","0.4",92
"Regular Baseline","2026-06-06",1,"2026-06-13","Pediatrics","quantile","0.45",97
"Regular Baseline","2026-06-06",1,"2026-06-13","Pediatrics","quantile","0.5",102
"Regular Baseline","2026-06-06",1,"2026-06-13","Pediatrics","quantile","0.55",107
"Regular Baseline","2026-06-06",1,"2026-06-13","Pediatrics","quantile","0.6",113
"Regular Baseline","2026-06-06",1,"2026-06-13","Pediatrics","quantile","0.65",119
"Regular Baseline","2026-06-06",1,"2026-06-13","Pediatrics","quantile","0.7",125
"Regular Baseline","2026-06-06",1,"2026-06-13","Pediatrics","quantile","0.75",133
"Regular Baseline","2026-06-06",1,"2026-06-13","Pediatrics","quantile","0.8",141
"Regular Baseline","2026-06-06",1,"2026-06-13","Pediatrics","quantile","0.85",151
"Regular Baseline","2026-06-06",1,"2026-06-13","Pediatrics","quantile","0.9",165
"Regular Baseline","2026-06-06",1,"2026-06-13","Pediatrics","quantile","0.95",188
"Regular Baseline","2026-06-06",1,"2026-06-13","Pediatrics","quantile","0.975",209
"Regular Baseline","2026-06-06",1,"2026-06-13","Pediatrics","quantile","0.99",233
"Regular Baseline","2026-06-06",2,"2026-06-20","Pediatrics","quantile","0.01",18
"Regular Baseline","2026-06-06",2,"2026-06-20","Pediatrics","quantile","0.025",28
"Regular Baseline","2026-06-06",2,"2026-06-20","Pediatrics","quantile","0.05",37
"Regular Baseline","2026-06-06",2,"2026-06-20","Pediatrics","quantile","0.1",49
"Regular Baseline","2026-06-06",2,"2026-06-20","Pediatrics","quantile","0.15",58
"Regular Baseline","2026-06-06",2,"2026-06-20","Pediatrics","quantile","0.2",65
"Regular Baseline","2026-06-06",2,"2026-06-20","Pediatrics","quantile","0.25",72
"Regular Baseline","2026-06-06",2,"2026-06-20","Pediatrics","quantile","0.3",78
"Regular Baseline","2026-06-06",2,"2026-06-20","Pediatrics","quantile","0.35",84
"Regular Baseline","2026-06-06",2,"2026-06-20","Pediatrics","quantile","0.4",90
"Regular Baseline","2026-06-06",2,"2026-06-20","Pediatrics","quantile","0.45",96
"Regular Baseline","2026-06-06",2,"2026-06-20","Pediatrics","quantile","0.5",102
"Regular Baseline","2026-06-06",2,"2026-06-20","Pediatrics","quantile","0.55",108
"Regular Baseline","2026-06-06",2,"2026-06-20","Pediatrics","quantile","0.6",114
"Regular Baseline","2026-06-06",2,"2026-06-20","Pediatrics","quantile","0.65",121
"Regular Baseline","2026-06-06",2,"2026-06-20","Pediatrics","quantile","0.7",128
"Regular Baseline","2026-06-06",2,"2026-06-20","Pediatrics","quantile","0.75",136
"Regular Baseline","2026-06-06",2,"2026-06-20","Pediatrics","quantile","0.8",146
"Regular Baseline","2026-06-06",2,"2026-06-20","Pediatrics","quantile","0.85",157
"Regular Baseline","2026-06-06",2,"2026-06-20","Pediatrics","quantile","0.9",173
"Regular Baseline","2026-06-06",2,"2026-06-20","Pediatrics","quantile","0.95",199
"Regular Baseline","2026-06-06",2,"2026-06-20","Pediatrics","quantile","0.975",223
"Regular Baseline","2026-06-06",2,"2026-06-20","Pediatrics","quantile","0.99",253
"Regular Baseline","2026-06-06",3,"2026-06-27","Pediatrics","quantile","0.01",14
"Regular Baseline","2026-06-06",3,"2026-06-27","Pediatrics","quantile","0.025",24
"Regular Baseline","2026-06-06",3,"2026-06-27","Pediatrics","quantile","0.05",33
"Regular Baseline","2026-06-06",3,"2026-06-27","Pediatrics","quantile","0.1",45
"Regular Baseline","2026-06-06",3,"2026-06-27","Pediatrics","quantile","0.15",54
"Regular Baseline","2026-06-06",3,"2026-06-27","Pediatrics","quantile","0.2",63
"Regular Baseline","2026-06-06",3,"2026-06-27","Pediatrics","quantile","0.25",70
"Regular Baseline","2026-06-06",3,"2026-06-27","Pediatrics","quantile","0.3",76
"Regular Baseline","2026-06-06",3,"2026-06-27","Pediatrics","quantile","0.35",83
"Regular Baseline","2026-06-06",3,"2026-06-27","Pediatrics","quantile","0.4",89
"Regular Baseline","2026-06-06",3,"2026-06-27","Pediatrics","quantile","0.45",95
"Regular Baseline","2026-06-06",3,"2026-06-27","Pediatrics","quantile","0.5",102
"Regular Baseline","2026-06-06",3,"2026-06-27","Pediatrics","quantile","0.55",109
"Regular Baseline","2026-06-06",3,"2026-06-27","Pediatrics","quantile","0.6",116
"Regular Baseline","2026-06-06",3,"2026-06-27","Pediatrics","quantile","0.65",124
"Regular Baseline","2026-06-06",3,"2026-06-27","Pediatrics","quantile","0.7",132
"Regular Baseline","2026-06-06",3,"2026-06-27","Pediatrics","quantile","0.75",140
"Regular Baseline","2026-06-06",3,"2026-06-27","Pediatrics","quantile","0.8",151
"Regular Baseline","2026-06-06",3,"2026-06-27","Pediatrics","quantile","0.85",164
"Regular Baseline","2026-06-06",3,"2026-06-27","Pediatrics","quantile","0.9",181
"Regular Baseline","2026-06-06",3,"2026-06-27","Pediatrics","quantile","0.95",210
"Regular Baseline","2026-06-06",3,"2026-06-27","Pediatrics","quantile","0.975",235
"Regular Baseline","2026-06-06",3,"2026-06-27","Pediatrics","quantile","0.99",270
"Seasonal Baseline","2026-06-06",-2,"2026-05-23","Adults","quantile","0.01",77
"Seasonal Baseline","2026-06-06",-2,"2026-05-23","Adults","quantile","0.025",87
"Seasonal Baseline","2026-06-06",-2,"2026-05-23","Adults","quantile","0.05",93
"Seasonal Baseline","2026-06-06",-2,"2026-05-23","Adults","quantile","0.1",103
"Seasonal Baseline","2026-06-06",-2,"2026-05-23","Adults","quantile","0.15",110
"Seasonal Baseline","2026-06-06",-2,"2026-05-23","Adults","quantile","0.2",116
"Seasonal Baseline","2026-06-06",-2,"2026-05-23","Adults","quantile","0.25",122
"Seasonal Baseline","2026-06-06",-2,"2026-05-23","Adults","quantile","0.3",127
"Seasonal Baseline","2026-06-06",-2,"2026-05-23","Adults","quantile","0.35",132
"Seasonal Baseline","2026-06-06",-2,"2026-05-23","Adults","quantile","0.4",136
"Seasonal Baseline","2026-06-06",-2,"2026-05-23","Adults","quantile","0.45",142
"Seasonal Baseline","2026-06-06",-2,"2026-05-23","Adults","quantile","0.5",147
"Seasonal Baseline","2026-06-06",-2,"2026-05-23","Adults","quantile","0.55",152
"Seasonal Baseline","2026-06-06",-2,"2026-05-23","Adults","quantile","0.6",157
"Seasonal Baseline","2026-06-06",-2,"2026-05-23","Adults","quantile","0.65",162
"Seasonal Baseline","2026-06-06",-2,"2026-05-23","Adults","quantile","0.7",169
"Seasonal Baseline","2026-06-06",-2,"2026-05-23","Adults","quantile","0.75",176
"Seasonal Baseline","2026-06-06",-2,"2026-05-23","Adults","quantile","0.8",184
"Seasonal Baseline","2026-06-06",-2,"2026-05-23","Adults","quantile","0.85",194
"Seasonal Baseline","2026-06-06",-2,"2026-05-23","Adults","quantile","0.9",207
"Seasonal Baseline","2026-06-06",-2,"2026-05-23","Adults","quantile","0.95",230
"Seasonal Baseline","2026-06-06",-2,"2026-05-23","Adults","quantile","0.975",249
"Seasonal Baseline","2026-06-06",-2,"2026-05-23","Adults","quantile","0.99",276
"Seasonal Baseline","2026-06-06",-1,"2026-05-30","Adults","quantile","0.01",80
"Seasonal Baseline","2026-06-06",-1,"2026-05-30","Adults","quantile","0.025",88
"Seasonal Baseline","2026-06-06",-1,"2026-05-30","Adults","quantile","0.05",96
"Seasonal Baseline","2026-06-06",-1,"2026-05-30","Adults","quantile","0.1",106
"Seasonal Baseline","2026-06-06",-1,"2026-05-30","Adults","quantile","0.15",113
"Seasonal Baseline","2026-06-06",-1,"2026-05-30","Adults","quantile","0.2",120
"Seasonal Baseline","2026-06-06",-1,"2026-05-30","Adults","quantile","0.25",125
"Seasonal Baseline","2026-06-06",-1,"2026-05-30","Adults","quantile","0.3",130
"Seasonal Baseline","2026-06-06",-1,"2026-05-30","Adults","quantile","0.35",135
"Seasonal Baseline","2026-06-06",-1,"2026-05-30","Adults","quantile","0.4",140
"Seasonal Baseline","2026-06-06",-1,"2026-05-30","Adults","quantile","0.45",145
"Seasonal Baseline","2026-06-06",-1,"2026-05-30","Adults","quantile","0.5",150
"Seasonal Baseline","2026-06-06",-1,"2026-05-30","Adults","quantile","0.55",155
"Seasonal Baseline","2026-06-06",-1,"2026-05-30","Adults","quantile","0.6",161
"Seasonal Baseline","2026-06-06",-1,"2026-05-30","Adults","quantile","0.65",167
"Seasonal Baseline","2026-06-06",-1,"2026-05-30","Adults","quantile","0.7",173
"Seasonal Baseline","2026-06-06",-1,"2026-05-30","Adults","quantile","0.75",181
"Seasonal Baseline","2026-06-06",-1,"2026-05-30","Adults","quantile","0.8",190
"Seasonal Baseline","2026-06-06",-1,"2026-05-30","Adults","quantile","0.85",199
"Seasonal Baseline","2026-06-06",-1,"2026-05-30","Adults","quantile","0.9",214
"Seasonal Baseline","2026-06-06",-1,"2026-05-30","Adults","quantile","0.95",235
"Seasonal Baseline","2026-06-06",-1,"2026-05-30","Adults","quantile","0.975",257
"Seasonal Baseline","2026-06-06",-1,"2026-05-30","Adults","quantile","0.99",283
"Seasonal Baseline","2026-06-06",0,"2026-06-06","Adults","quantile","0.01",80
"Seasonal Baseline","2026-06-06",0,"2026-06-06","Adults","quantile","0.025",88
"Seasonal Baseline","2026-06-06",0,"2026-06-06","Adults","quantile","0.05",96
"Seasonal Baseline","2026-06-06",0,"2026-06-06","Adults","quantile","0.1",106
"Seasonal Baseline","2026-06-06",0,"2026-06-06","Adults","quantile","0.15",113
"Seasonal Baseline","2026-06-06",0,"2026-06-06","Adults","quantile","0.2",120
"Seasonal Baseline","2026-06-06",0,"2026-06-06","Adults","quantile","0.25",126
"Seasonal Baseline","2026-06-06",0,"2026-06-06","Adults","quantile","0.3",131
"Seasonal Baseline","2026-06-06",0,"2026-06-06","Adults","quantile","0.35",136
"Seasonal Baseline","2026-06-06",0,"2026-06-06","Adults","quantile","0.4",141
"Seasonal Baseline","2026-06-06",0,"2026-06-06","Adults","quantile","0.45",146
"Seasonal Baseline","2026-06-06",0,"2026-06-06","Adults","quantile","0.5",152
"Seasonal Baseline","2026-06-06",0,"2026-06-06","Adults","quantile","0.55",157
"Seasonal Baseline","2026-06-06",0,"2026-06-06","Adults","quantile","0.6",162
"Seasonal Baseline","2026-06-06",0,"2026-06-06","Adults","quantile","0.65",168
"Seasonal Baseline","2026-06-06",0,"2026-06-06","Adults","quantile","0.7",175
"Seasonal Baseline","2026-06-06",0,"2026-06-06","Adults","quantile","0.75",183
"Seasonal Baseline","2026-06-06",0,"2026-06-06","Adults","quantile","0.8",191
"Seasonal Baseline","2026-06-06",0,"2026-06-06","Adults","quantile","0.85",202
"Seasonal Baseline","2026-06-06",0,"2026-06-06","Adults","quantile","0.9",216
"Seasonal Baseline","2026-06-06",0,"2026-06-06","Adults","quantile","0.95",239
"Seasonal Baseline","2026-06-06",0,"2026-06-06","Adults","quantile","0.975",259
"Seasonal Baseline","2026-06-06",0,"2026-06-06","Adults","quantile","0.99",282
"Seasonal Baseline","2026-06-06",1,"2026-06-13","Adults","quantile","0.01",81
"Seasonal Baseline","2026-06-06",1,"2026-06-13","Adults","quantile","0.025",90
"Seasonal Baseline","2026-06-06",1,"2026-06-13","Adults","quantile","0.05",97
"Seasonal Baseline","2026-06-06",1,"2026-06-13","Adults","quantile","0.1",107
"Seasonal Baseline","2026-06-06",1,"2026-06-13","Adults","quantile","0.15",114
"Seasonal Baseline","2026-06-06",1,"2026-06-13","Adults","quantile","0.2",121
"Seasonal Baseline","2026-06-06",1,"2026-06-13","Adults","quantile","0.25",127
"Seasonal Baseline","2026-06-06",1,"2026-06-13","Adults","quantile","0.3",132
"Seasonal Baseline","2026-06-06",1,"2026-06-13","Adults","quantile","0.35",137
"Seasonal Baseline","2026-06-06",1,"2026-06-13","Adults","quantile","0.4",142
"Seasonal Baseline","2026-06-06",1,"2026-06-13","Adults","quantile","0.45",147
"Seasonal Baseline","2026-06-06",1,"2026-06-13","Adults","quantile","0.5",152
"Seasonal Baseline","2026-06-06",1,"2026-06-13","Adults","quantile","0.55",157
"Seasonal Baseline","2026-06-06",1,"2026-06-13","Adults","quantile","0.6",162
"Seasonal Baseline","2026-06-06",1,"2026-06-13","Adults","quantile","0.65",168
"Seasonal Baseline","2026-06-06",1,"2026-06-13","Adults","quantile","0.7",175
"Seasonal Baseline","2026-06-06",1,"2026-06-13","Adults","quantile","0.75",182
"Seasonal Baseline","2026-06-06",1,"2026-06-13","Adults","quantile","0.8",191
"Seasonal Baseline","2026-06-06",1,"2026-06-13","Adults","quantile","0.85",202
"Seasonal Baseline","2026-06-06",1,"2026-06-13","Adults","quantile","0.9",216
"Seasonal Baseline","2026-06-06",1,"2026-06-13","Adults","quantile","0.95",238
"Seasonal Baseline","2026-06-06",1,"2026-06-13","Adults","quantile","0.975",259
"Seasonal Baseline","2026-06-06",1,"2026-06-13","Adults","quantile","0.99",284
"Seasonal Baseline","2026-06-06",2,"2026-06-20","Adults","quantile","0.01",79
"Seasonal Baseline","2026-06-06",2,"2026-06-20","Adults","quantile","0.025",87
"Seasonal Baseline","2026-06-06",2,"2026-06-20","Adults","quantile","0.05",95
"Seasonal Baseline","2026-06-06",2,"2026-06-20","Adults","quantile","0.1",106
"Seasonal Baseline","2026-06-06",2,"2026-06-20","Adults","quantile","0.15",113
"Seasonal Baseline","2026-06-06",2,"2026-06-20","Adults","quantile","0.2",119
"Seasonal Baseline","2026-06-06",2,"2026-06-20","Adults","quantile","0.25",125
"Seasonal Baseline","2026-06-06",2,"2026-06-20","Adults","quantile","0.3",130
"Seasonal Baseline","2026-06-06",2,"2026-06-20","Adults","quantile","0.35",135
"Seasonal Baseline","2026-06-06",2,"2026-06-20","Adults","quantile","0.4",140
"Seasonal Baseline","2026-06-06",2,"2026-06-20","Adults","quantile","0.45",145
"Seasonal Baseline","2026-06-06",2,"2026-06-20","Adults","quantile","0.5",150
"Seasonal Baseline","2026-06-06",2,"2026-06-20","Adults","quantile","0.55",155
"Seasonal Baseline","2026-06-06",2,"2026-06-20","Adults","quantile","0.6",161
"Seasonal Baseline","2026-06-06",2,"2026-06-20","Adults","quantile","0.65",167
"Seasonal Baseline","2026-06-06",2,"2026-06-20","Adults","quantile","0.7",173
"Seasonal Baseline","2026-06-06",2,"2026-06-20","Adults","quantile","0.75",180
"Seasonal Baseline","2026-06-06",2,"2026-06-20","Adults","quantile","0.8",189
"Seasonal Baseline","2026-06-06",2,"2026-06-20","Adults","quantile","0.85",199
"Seasonal Baseline","2026-06-06",2,"2026-06-20","Adults","quantile","0.9",213
"Seasonal Baseline","2026-06-06",2,"2026-06-20","Adults","quantile","0.95",235
"Seasonal Baseline","2026-06-06",2,"2026-06-20","Adults","quantile","0.975",256
"Seasonal Baseline","2026-06-06",2,"2026-06-20","Adults","quantile","0.99",284
"Seasonal Baseline","2026-06-06",3,"2026-06-27","Adults","quantile","0.01",77
"Seasonal Baseline","2026-06-06",3,"2026-06-27","Adults","quantile","0.025",86
"Seasonal Baseline","2026-06-06",3,"2026-06-27","Adults","quantile","0.05",93
"Seasonal Baseline","2026-06-06",3,"2026-06-27","Adults","quantile","0.1",103
"Seasonal Baseline","2026-06-06",3,"2026-06-27","Adults","quantile","0.15",110
"Seasonal Baseline","2026-06-06",3,"2026-06-27","Adults","quantile","0.2",117
"Seasonal Baseline","2026-06-06",3,"2026-06-27","Adults","quantile","0.25",122
"Seasonal Baseline","2026-06-06",3,"2026-06-27","Adults","quantile","0.3",127
"Seasonal Baseline","2026-06-06",3,"2026-06-27","Adults","quantile","0.35",132
"Seasonal Baseline","2026-06-06",3,"2026-06-27","Adults","quantile","0.4",137
"Seasonal Baseline","2026-06-06",3,"2026-06-27","Adults","quantile","0.45",142
"Seasonal Baseline","2026-06-06",3,"2026-06-27","Adults","quantile","0.5",148
"Seasonal Baseline","2026-06-06",3,"2026-06-27","Adults","quantile","0.55",153
"Seasonal Baseline","2026-06-06",3,"2026-06-27","Adults","quantile","0.6",158
"Seasonal Baseline","2026-06-06",3,"2026-06-27","Adults","quantile","0.65",164
"Seasonal Baseline","2026-06-06",3,"2026-06-27","Adults","quantile","0.7",171
"Seasonal Baseline","2026-06-06",3,"2026-06-27","Adults","quantile","0.75",177
"Seasonal Baseline","2026-06-06",3,"2026-06-27","Adults","quantile","0.8",185
"Seasonal Baseline","2026-06-06",3,"2026-06-27","Adults","quantile","0.85",195
"Seasonal Baseline","2026-06-06",3,"2026-06-27","Adults","quantile","0.9",208
"Seasonal Baseline","2026-06-06",3,"2026-06-27","Adults","quantile","0.95",229
"Seasonal Baseline","2026-06-06",3,"2026-06-27","Adults","quantile","0.975",250
"Seasonal Baseline","2026-06-06",3,"2026-06-27","Adults","quantile","0.99",277
"Seasonal Baseline","2026-06-06",-2,"2026-05-23","Overall","quantile","0.01",170
"Seasonal Baseline","2026-06-06",-2,"2026-05-23","Overall","quantile","0.025",186
"Seasonal Baseline","2026-06-06",-2,"2026-05-23","Overall","quantile","0.05",201
"Seasonal Baseline","2026-06-06",-2,"2026-05-23","Overall","quantile","0.1",220
"Seasonal Baseline","2026-06-06",-2,"2026-05-23","Overall","quantile","0.15",234
"Seasonal Baseline","2026-06-06",-2,"2026-05-23","Overall","quantile","0.2",245
"Seasonal Baseline","2026-06-06",-2,"2026-05-23","Overall","quantile","0.25",255
"Seasonal Baseline","2026-06-06",-2,"2026-05-23","Overall","quantile","0.3",264
"Seasonal Baseline","2026-06-06",-2,"2026-05-23","Overall","quantile","0.35",274
"Seasonal Baseline","2026-06-06",-2,"2026-05-23","Overall","quantile","0.4",282
"Seasonal Baseline","2026-06-06",-2,"2026-05-23","Overall","quantile","0.45",290
"Seasonal Baseline","2026-06-06",-2,"2026-05-23","Overall","quantile","0.5",300
"Seasonal Baseline","2026-06-06",-2,"2026-05-23","Overall","quantile","0.55",309
"Seasonal Baseline","2026-06-06",-2,"2026-05-23","Overall","quantile","0.6",319
"Seasonal Baseline","2026-06-06",-2,"2026-05-23","Overall","quantile","0.65",329
"Seasonal Baseline","2026-06-06",-2,"2026-05-23","Overall","quantile","0.7",341
"Seasonal Baseline","2026-06-06",-2,"2026-05-23","Overall","quantile","0.75",354
"Seasonal Baseline","2026-06-06",-2,"2026-05-23","Overall","quantile","0.8",370
"Seasonal Baseline","2026-06-06",-2,"2026-05-23","Overall","quantile","0.85",387
"Seasonal Baseline","2026-06-06",-2,"2026-05-23","Overall","quantile","0.9",412
"Seasonal Baseline","2026-06-06",-2,"2026-05-23","Overall","quantile","0.95",451
"Seasonal Baseline","2026-06-06",-2,"2026-05-23","Overall","quantile","0.975",489
"Seasonal Baseline","2026-06-06",-2,"2026-05-23","Overall","quantile","0.99",536
"Seasonal Baseline","2026-06-06",-1,"2026-05-30","Overall","quantile","0.01",177
"Seasonal Baseline","2026-06-06",-1,"2026-05-30","Overall","quantile","0.025",192
"Seasonal Baseline","2026-06-06",-1,"2026-05-30","Overall","quantile","0.05",209
"Seasonal Baseline","2026-06-06",-1,"2026-05-30","Overall","quantile","0.1",229
"Seasonal Baseline","2026-06-06",-1,"2026-05-30","Overall","quantile","0.15",242
"Seasonal Baseline","2026-06-06",-1,"2026-05-30","Overall","quantile","0.2",255
"Seasonal Baseline","2026-06-06",-1,"2026-05-30","Overall","quantile","0.25",267
"Seasonal Baseline","2026-06-06",-1,"2026-05-30","Overall","quantile","0.3",276
"Seasonal Baseline","2026-06-06",-1,"2026-05-30","Overall","quantile","0.35",285
"Seasonal Baseline","2026-06-06",-1,"2026-05-30","Overall","quantile","0.4",295
"Seasonal Baseline","2026-06-06",-1,"2026-05-30","Overall","quantile","0.45",304
"Seasonal Baseline","2026-06-06",-1,"2026-05-30","Overall","quantile","0.5",313
"Seasonal Baseline","2026-06-06",-1,"2026-05-30","Overall","quantile","0.55",323
"Seasonal Baseline","2026-06-06",-1,"2026-05-30","Overall","quantile","0.6",334
"Seasonal Baseline","2026-06-06",-1,"2026-05-30","Overall","quantile","0.65",344
"Seasonal Baseline","2026-06-06",-1,"2026-05-30","Overall","quantile","0.7",355
"Seasonal Baseline","2026-06-06",-1,"2026-05-30","Overall","quantile","0.75",368
"Seasonal Baseline","2026-06-06",-1,"2026-05-30","Overall","quantile","0.8",384
"Seasonal Baseline","2026-06-06",-1,"2026-05-30","Overall","quantile","0.85",402
"Seasonal Baseline","2026-06-06",-1,"2026-05-30","Overall","quantile","0.9",428
"Seasonal Baseline","2026-06-06",-1,"2026-05-30","Overall","quantile","0.95",466
"Seasonal Baseline","2026-06-06",-1,"2026-05-30","Overall","quantile","0.975",502
"Seasonal Baseline","2026-06-06",-1,"2026-05-30","Overall","quantile","0.99",552
"Seasonal Baseline","2026-06-06",0,"2026-06-06","Overall","quantile","0.01",183
"Seasonal Baseline","2026-06-06",0,"2026-06-06","Overall","quantile","0.025",199
"Seasonal Baseline","2026-06-06",0,"2026-06-06","Overall","quantile","0.05",215
"Seasonal Baseline","2026-06-06",0,"2026-06-06","Overall","quantile","0.1",235
"Seasonal Baseline","2026-06-06",0,"2026-06-06","Overall","quantile","0.15",250
"Seasonal Baseline","2026-06-06",0,"2026-06-06","Overall","quantile","0.2",262
"Seasonal Baseline","2026-06-06",0,"2026-06-06","Overall","quantile","0.25",272
"Seasonal Baseline","2026-06-06",0,"2026-06-06","Overall","quantile","0.3",283
"Seasonal Baseline","2026-06-06",0,"2026-06-06","Overall","quantile","0.35",292
"Seasonal Baseline","2026-06-06",0,"2026-06-06","Overall","quantile","0.4",301
"Seasonal Baseline","2026-06-06",0,"2026-06-06","Overall","quantile","0.45",310
"Seasonal Baseline","2026-06-06",0,"2026-06-06","Overall","quantile","0.5",320
"Seasonal Baseline","2026-06-06",0,"2026-06-06","Overall","quantile","0.55",330
"Seasonal Baseline","2026-06-06",0,"2026-06-06","Overall","quantile","0.6",340
"Seasonal Baseline","2026-06-06",0,"2026-06-06","Overall","quantile","0.65",352
"Seasonal Baseline","2026-06-06",0,"2026-06-06","Overall","quantile","0.7",364
"Seasonal Baseline","2026-06-06",0,"2026-06-06","Overall","quantile","0.75",378
"Seasonal Baseline","2026-06-06",0,"2026-06-06","Overall","quantile","0.8",392
"Seasonal Baseline","2026-06-06",0,"2026-06-06","Overall","quantile","0.85",411
"Seasonal Baseline","2026-06-06",0,"2026-06-06","Overall","quantile","0.9",435
"Seasonal Baseline","2026-06-06",0,"2026-06-06","Overall","quantile","0.95",476
"Seasonal Baseline","2026-06-06",0,"2026-06-06","Overall","quantile","0.975",515
"Seasonal Baseline","2026-06-06",0,"2026-06-06","Overall","quantile","0.99",563
"Seasonal Baseline","2026-06-06",1,"2026-06-13","Overall","quantile","0.01",178
"Seasonal Baseline","2026-06-06",1,"2026-06-13","Overall","quantile","0.025",193
"Seasonal Baseline","2026-06-06",1,"2026-06-13","Overall","quantile","0.05",208
"Seasonal Baseline","2026-06-06",1,"2026-06-13","Overall","quantile","0.1",228
"Seasonal Baseline","2026-06-06",1,"2026-06-13","Overall","quantile","0.15",242
"Seasonal Baseline","2026-06-06",1,"2026-06-13","Overall","quantile","0.2",254
"Seasonal Baseline","2026-06-06",1,"2026-06-13","Overall","quantile","0.25",265
"Seasonal Baseline","2026-06-06",1,"2026-06-13","Overall","quantile","0.3",275
"Seasonal Baseline","2026-06-06",1,"2026-06-13","Overall","quantile","0.35",285
"Seasonal Baseline","2026-06-06",1,"2026-06-13","Overall","quantile","0.4",295
"Seasonal Baseline","2026-06-06",1,"2026-06-13","Overall","quantile","0.45",304
"Seasonal Baseline","2026-06-06",1,"2026-06-13","Overall","quantile","0.5",314
"Seasonal Baseline","2026-06-06",1,"2026-06-13","Overall","quantile","0.55",323
"Seasonal Baseline","2026-06-06",1,"2026-06-13","Overall","quantile","0.6",333
"Seasonal Baseline","2026-06-06",1,"2026-06-13","Overall","quantile","0.65",345
"Seasonal Baseline","2026-06-06",1,"2026-06-13","Overall","quantile","0.7",357
"Seasonal Baseline","2026-06-06",1,"2026-06-13","Overall","quantile","0.75",371
"Seasonal Baseline","2026-06-06",1,"2026-06-13","Overall","quantile","0.8",386
"Seasonal Baseline","2026-06-06",1,"2026-06-13","Overall","quantile","0.85",405
"Seasonal Baseline","2026-06-06",1,"2026-06-13","Overall","quantile","0.9",430
"Seasonal Baseline","2026-06-06",1,"2026-06-13","Overall","quantile","0.95",467
"Seasonal Baseline","2026-06-06",1,"2026-06-13","Overall","quantile","0.975",505
"Seasonal Baseline","2026-06-06",1,"2026-06-13","Overall","quantile","0.99",551
"Seasonal Baseline","2026-06-06",2,"2026-06-20","Overall","quantile","0.01",171
"Seasonal Baseline","2026-06-06",2,"2026-06-20","Overall","quantile","0.025",186
"Seasonal Baseline","2026-06-06",2,"2026-06-20","Overall","quantile","0.05",200
"Seasonal Baseline","2026-06-06",2,"2026-06-20","Overall","quantile","0.1",218
"Seasonal Baseline","2026-06-06",2,"2026-06-20","Overall","quantile","0.15",232
"Seasonal Baseline","2026-06-06",2,"2026-06-20","Overall","quantile","0.2",244
"Seasonal Baseline","2026-06-06",2,"2026-06-20","Overall","quantile","0.25",255
"Seasonal Baseline","2026-06-06",2,"2026-06-20","Overall","quantile","0.3",264
"Seasonal Baseline","2026-06-06",2,"2026-06-20","Overall","quantile","0.35",273
"Seasonal Baseline","2026-06-06",2,"2026-06-20","Overall","quantile","0.4",283
"Seasonal Baseline","2026-06-06",2,"2026-06-20","Overall","quantile","0.45",292
"Seasonal Baseline","2026-06-06",2,"2026-06-20","Overall","quantile","0.5",302
"Seasonal Baseline","2026-06-06",2,"2026-06-20","Overall","quantile","0.55",311
"Seasonal Baseline","2026-06-06",2,"2026-06-20","Overall","quantile","0.6",322
"Seasonal Baseline","2026-06-06",2,"2026-06-20","Overall","quantile","0.65",333
"Seasonal Baseline","2026-06-06",2,"2026-06-20","Overall","quantile","0.7",344
"Seasonal Baseline","2026-06-06",2,"2026-06-20","Overall","quantile","0.75",356
"Seasonal Baseline","2026-06-06",2,"2026-06-20","Overall","quantile","0.8",371
"Seasonal Baseline","2026-06-06",2,"2026-06-20","Overall","quantile","0.85",390
"Seasonal Baseline","2026-06-06",2,"2026-06-20","Overall","quantile","0.9",415
"Seasonal Baseline","2026-06-06",2,"2026-06-20","Overall","quantile","0.95",455
"Seasonal Baseline","2026-06-06",2,"2026-06-20","Overall","quantile","0.975",494
"Seasonal Baseline","2026-06-06",2,"2026-06-20","Overall","quantile","0.99",536
"Seasonal Baseline","2026-06-06",3,"2026-06-27","Overall","quantile","0.01",158
"Seasonal Baseline","2026-06-06",3,"2026-06-27","Overall","quantile","0.025",175
"Seasonal Baseline","2026-06-06",3,"2026-06-27","Overall","quantile","0.05",189
"Seasonal Baseline","2026-06-06",3,"2026-06-27","Overall","quantile","0.1",207
"Seasonal Baseline","2026-06-06",3,"2026-06-27","Overall","quantile","0.15",220
"Seasonal Baseline","2026-06-06",3,"2026-06-27","Overall","quantile","0.2",230
"Seasonal Baseline","2026-06-06",3,"2026-06-27","Overall","quantile","0.25",240
"Seasonal Baseline","2026-06-06",3,"2026-06-27","Overall","quantile","0.3",249
"Seasonal Baseline","2026-06-06",3,"2026-06-27","Overall","quantile","0.35",257
"Seasonal Baseline","2026-06-06",3,"2026-06-27","Overall","quantile","0.4",266
"Seasonal Baseline","2026-06-06",3,"2026-06-27","Overall","quantile","0.45",274
"Seasonal Baseline","2026-06-06",3,"2026-06-27","Overall","quantile","0.5",283
"Seasonal Baseline","2026-06-06",3,"2026-06-27","Overall","quantile","0.55",292
"Seasonal Baseline","2026-06-06",3,"2026-06-27","Overall","quantile","0.6",301
"Seasonal Baseline","2026-06-06",3,"2026-06-27","Overall","quantile","0.65",311
"Seasonal Baseline","2026-06-06",3,"2026-06-27","Overall","quantile","0.7",322
"Seasonal Baseline","2026-06-06",3,"2026-06-27","Overall","quantile","0.75",335
"Seasonal Baseline","2026-06-06",3,"2026-06-27","Overall","quantile","0.8",349
"Seasonal Baseline","2026-06-06",3,"2026-06-27","Overall","quantile","0.85",366
"Seasonal Baseline","2026-06-06",3,"2026-06-27","Overall","quantile","0.9",388
"Seasonal Baseline","2026-06-06",3,"2026-06-27","Overall","quantile","0.95",426
"Seasonal Baseline","2026-06-06",3,"2026-06-27","Overall","quantile","0.975",460
"Seasonal Baseline","2026-06-06",3,"2026-06-27","Overall","quantile","0.99",498
"Seasonal Baseline","2026-06-06",-2,"2026-05-23","Pediatrics","quantile","0.01",55
"Seasonal Baseline","2026-06-06",-2,"2026-05-23","Pediatrics","quantile","0.025",64
"Seasonal Baseline","2026-06-06",-2,"2026-05-23","Pediatrics","quantile","0.05",71
"Seasonal Baseline","2026-06-06",-2,"2026-05-23","Pediatrics","quantile","0.1",82
"Seasonal Baseline","2026-06-06",-2,"2026-05-23","Pediatrics","quantile","0.15",90
"Seasonal Baseline","2026-06-06",-2,"2026-05-23","Pediatrics","quantile","0.2",97
"Seasonal Baseline","2026-06-06",-2,"2026-05-23","Pediatrics","quantile","0.25",103
"Seasonal Baseline","2026-06-06",-2,"2026-05-23","Pediatrics","quantile","0.3",109
"Seasonal Baseline","2026-06-06",-2,"2026-05-23","Pediatrics","quantile","0.35",116
"Seasonal Baseline","2026-06-06",-2,"2026-05-23","Pediatrics","quantile","0.4",122
"Seasonal Baseline","2026-06-06",-2,"2026-05-23","Pediatrics","quantile","0.45",128
"Seasonal Baseline","2026-06-06",-2,"2026-05-23","Pediatrics","quantile","0.5",134
"Seasonal Baseline","2026-06-06",-2,"2026-05-23","Pediatrics","quantile","0.55",141
"Seasonal Baseline","2026-06-06",-2,"2026-05-23","Pediatrics","quantile","0.6",148
"Seasonal Baseline","2026-06-06",-2,"2026-05-23","Pediatrics","quantile","0.65",155
"Seasonal Baseline","2026-06-06",-2,"2026-05-23","Pediatrics","quantile","0.7",163
"Seasonal Baseline","2026-06-06",-2,"2026-05-23","Pediatrics","quantile","0.75",173
"Seasonal Baseline","2026-06-06",-2,"2026-05-23","Pediatrics","quantile","0.8",183
"Seasonal Baseline","2026-06-06",-2,"2026-05-23","Pediatrics","quantile","0.85",197
"Seasonal Baseline","2026-06-06",-2,"2026-05-23","Pediatrics","quantile","0.9",217
"Seasonal Baseline","2026-06-06",-2,"2026-05-23","Pediatrics","quantile","0.95",251
"Seasonal Baseline","2026-06-06",-2,"2026-05-23","Pediatrics","quantile","0.975",283
"Seasonal Baseline","2026-06-06",-2,"2026-05-23","Pediatrics","quantile","0.99",328
"Seasonal Baseline","2026-06-06",-1,"2026-05-30","Pediatrics","quantile","0.01",58
"Seasonal Baseline","2026-06-06",-1,"2026-05-30","Pediatrics","quantile","0.025",67
"Seasonal Baseline","2026-06-06",-1,"2026-05-30","Pediatrics","quantile","0.05",76
"Seasonal Baseline","2026-06-06",-1,"2026-05-30","Pediatrics","quantile","0.1",89
"Seasonal Baseline","2026-06-06",-1,"2026-05-30","Pediatrics","quantile","0.15",97
"Seasonal Baseline","2026-06-06",-1,"2026-05-30","Pediatrics","quantile","0.2",104
"Seasonal Baseline","2026-06-06",-1,"2026-05-30","Pediatrics","quantile","0.25",110
"Seasonal Baseline","2026-06-06",-1,"2026-05-30","Pediatrics","quantile","0.3",117
"Seasonal Baseline","2026-06-06",-1,"2026-05-30","Pediatrics","quantile","0.35",124
"Seasonal Baseline","2026-06-06",-1,"2026-05-30","Pediatrics","quantile","0.4",130
"Seasonal Baseline","2026-06-06",-1,"2026-05-30","Pediatrics","quantile","0.45",137
"Seasonal Baseline","2026-06-06",-1,"2026-05-30","Pediatrics","quantile","0.5",143
"Seasonal Baseline","2026-06-06",-1,"2026-05-30","Pediatrics","quantile","0.55",150
"Seasonal Baseline","2026-06-06",-1,"2026-05-30","Pediatrics","quantile","0.6",158
"Seasonal Baseline","2026-06-06",-1,"2026-05-30","Pediatrics","quantile","0.65",166
"Seasonal Baseline","2026-06-06",-1,"2026-05-30","Pediatrics","quantile","0.7",175
"Seasonal Baseline","2026-06-06",-1,"2026-05-30","Pediatrics","quantile","0.75",184
"Seasonal Baseline","2026-06-06",-1,"2026-05-30","Pediatrics","quantile","0.8",196
"Seasonal Baseline","2026-06-06",-1,"2026-05-30","Pediatrics","quantile","0.85",211
"Seasonal Baseline","2026-06-06",-1,"2026-05-30","Pediatrics","quantile","0.9",231
"Seasonal Baseline","2026-06-06",-1,"2026-05-30","Pediatrics","quantile","0.95",266
"Seasonal Baseline","2026-06-06",-1,"2026-05-30","Pediatrics","quantile","0.975",299
"Seasonal Baseline","2026-06-06",-1,"2026-05-30","Pediatrics","quantile","0.99",345
"Seasonal Baseline","2026-06-06",0,"2026-06-06","Pediatrics","quantile","0.01",63
"Seasonal Baseline","2026-06-06",0,"2026-06-06","Pediatrics","quantile","0.025",72
"Seasonal Baseline","2026-06-06",0,"2026-06-06","Pediatrics","quantile","0.05",81
"Seasonal Baseline","2026-06-06",0,"2026-06-06","Pediatrics","quantile","0.1",93
"Seasonal Baseline","2026-06-06",0,"2026-06-06","Pediatrics","quantile","0.15",101
"Seasonal Baseline","2026-06-06",0,"2026-06-06","Pediatrics","quantile","0.2",109
"Seasonal Baseline","2026-06-06",0,"2026-06-06","Pediatrics","quantile","0.25",116
"Seasonal Baseline","2026-06-06",0,"2026-06-06","Pediatrics","quantile","0.3",122
"Seasonal Baseline","2026-06-06",0,"2026-06-06","Pediatrics","quantile","0.35",129
"Seasonal Baseline","2026-06-06",0,"2026-06-06","Pediatrics","quantile","0.4",135
"Seasonal Baseline","2026-06-06",0,"2026-06-06","Pediatrics","quantile","0.45",142
"Seasonal Baseline","2026-06-06",0,"2026-06-06","Pediatrics","quantile","0.5",149
"Seasonal Baseline","2026-06-06",0,"2026-06-06","Pediatrics","quantile","0.55",156
"Seasonal Baseline","2026-06-06",0,"2026-06-06","Pediatrics","quantile","0.6",165
"Seasonal Baseline","2026-06-06",0,"2026-06-06","Pediatrics","quantile","0.65",173
"Seasonal Baseline","2026-06-06",0,"2026-06-06","Pediatrics","quantile","0.7",182
"Seasonal Baseline","2026-06-06",0,"2026-06-06","Pediatrics","quantile","0.75",193
"Seasonal Baseline","2026-06-06",0,"2026-06-06","Pediatrics","quantile","0.8",205
"Seasonal Baseline","2026-06-06",0,"2026-06-06","Pediatrics","quantile","0.85",222
"Seasonal Baseline","2026-06-06",0,"2026-06-06","Pediatrics","quantile","0.9",242
"Seasonal Baseline","2026-06-06",0,"2026-06-06","Pediatrics","quantile","0.95",276
"Seasonal Baseline","2026-06-06",0,"2026-06-06","Pediatrics","quantile","0.975",310
"Seasonal Baseline","2026-06-06",0,"2026-06-06","Pediatrics","quantile","0.99",352
"Seasonal Baseline","2026-06-06",1,"2026-06-13","Pediatrics","quantile","0.01",62
"Seasonal Baseline","2026-06-06",1,"2026-06-13","Pediatrics","quantile","0.025",70
"Seasonal Baseline","2026-06-06",1,"2026-06-13","Pediatrics","quantile","0.05",79
"Seasonal Baseline","2026-06-06",1,"2026-06-13","Pediatrics","quantile","0.1",91
"Seasonal Baseline","2026-06-06",1,"2026-06-13","Pediatrics","quantile","0.15",99
"Seasonal Baseline","2026-06-06",1,"2026-06-13","Pediatrics","quantile","0.2",107
"Seasonal Baseline","2026-06-06",1,"2026-06-13","Pediatrics","quantile","0.25",114
"Seasonal Baseline","2026-06-06",1,"2026-06-13","Pediatrics","quantile","0.3",122
"Seasonal Baseline","2026-06-06",1,"2026-06-13","Pediatrics","quantile","0.35",128
"Seasonal Baseline","2026-06-06",1,"2026-06-13","Pediatrics","quantile","0.4",135
"Seasonal Baseline","2026-06-06",1,"2026-06-13","Pediatrics","quantile","0.45",141
"Seasonal Baseline","2026-06-06",1,"2026-06-13","Pediatrics","quantile","0.5",148
"Seasonal Baseline","2026-06-06",1,"2026-06-13","Pediatrics","quantile","0.55",155
"Seasonal Baseline","2026-06-06",1,"2026-06-13","Pediatrics","quantile","0.6",164
"Seasonal Baseline","2026-06-06",1,"2026-06-13","Pediatrics","quantile","0.65",172
"Seasonal Baseline","2026-06-06",1,"2026-06-13","Pediatrics","quantile","0.7",182
"Seasonal Baseline","2026-06-06",1,"2026-06-13","Pediatrics","quantile","0.75",192
"Seasonal Baseline","2026-06-06",1,"2026-06-13","Pediatrics","quantile","0.8",205
"Seasonal Baseline","2026-06-06",1,"2026-06-13","Pediatrics","quantile","0.85",221
"Seasonal Baseline","2026-06-06",1,"2026-06-13","Pediatrics","quantile","0.9",244
"Seasonal Baseline","2026-06-06",1,"2026-06-13","Pediatrics","quantile","0.95",281
"Seasonal Baseline","2026-06-06",1,"2026-06-13","Pediatrics","quantile","0.975",314
"Seasonal Baseline","2026-06-06",1,"2026-06-13","Pediatrics","quantile","0.99",362
"Seasonal Baseline","2026-06-06",2,"2026-06-20","Pediatrics","quantile","0.01",56
"Seasonal Baseline","2026-06-06",2,"2026-06-20","Pediatrics","quantile","0.025",66
"Seasonal Baseline","2026-06-06",2,"2026-06-20","Pediatrics","quantile","0.05",74
"Seasonal Baseline","2026-06-06",2,"2026-06-20","Pediatrics","quantile","0.1",84
"Seasonal Baseline","2026-06-06",2,"2026-06-20","Pediatrics","quantile","0.15",92
"Seasonal Baseline","2026-06-06",2,"2026-06-20","Pediatrics","quantile","0.2",100
"Seasonal Baseline","2026-06-06",2,"2026-06-20","Pediatrics","quantile","0.25",106
"Seasonal Baseline","2026-06-06",2,"2026-06-20","Pediatrics","quantile","0.3",112
"Seasonal Baseline","2026-06-06",2,"2026-06-20","Pediatrics","quantile","0.35",118
"Seasonal Baseline","2026-06-06",2,"2026-06-20","Pediatrics","quantile","0.4",124
"Seasonal Baseline","2026-06-06",2,"2026-06-20","Pediatrics","quantile","0.45",131
"Seasonal Baseline","2026-06-06",2,"2026-06-20","Pediatrics","quantile","0.5",138
"Seasonal Baseline","2026-06-06",2,"2026-06-20","Pediatrics","quantile","0.55",144
"Seasonal Baseline","2026-06-06",2,"2026-06-20","Pediatrics","quantile","0.6",152
"Seasonal Baseline","2026-06-06",2,"2026-06-20","Pediatrics","quantile","0.65",160
"Seasonal Baseline","2026-06-06",2,"2026-06-20","Pediatrics","quantile","0.7",168
"Seasonal Baseline","2026-06-06",2,"2026-06-20","Pediatrics","quantile","0.75",178
"Seasonal Baseline","2026-06-06",2,"2026-06-20","Pediatrics","quantile","0.8",190
"Seasonal Baseline","2026-06-06",2,"2026-06-20","Pediatrics","quantile","0.85",205
"Seasonal Baseline","2026-06-06",2,"2026-06-20","Pediatrics","quantile","0.9",225
"Seasonal Baseline","2026-06-06",2,"2026-06-20","Pediatrics","quantile","0.95",258
"Seasonal Baseline","2026-06-06",2,"2026-06-20","Pediatrics","quantile","0.975",290
"Seasonal Baseline","2026-06-06",2,"2026-06-20","Pediatrics","quantile","0.99",333
"Seasonal Baseline","2026-06-06",3,"2026-06-27","Pediatrics","quantile","0.01",52
"Seasonal Baseline","2026-06-06",3,"2026-06-27","Pediatrics","quantile","0.025",60
"Seasonal Baseline","2026-06-06",3,"2026-06-27","Pediatrics","quantile","0.05",67
"Seasonal Baseline","2026-06-06",3,"2026-06-27","Pediatrics","quantile","0.1",78
"Seasonal Baseline","2026-06-06",3,"2026-06-27","Pediatrics","quantile","0.15",86
"Seasonal Baseline","2026-06-06",3,"2026-06-27","Pediatrics","quantile","0.2",92
"Seasonal Baseline","2026-06-06",3,"2026-06-27","Pediatrics","quantile","0.25",98
"Seasonal Baseline","2026-06-06",3,"2026-06-27","Pediatrics","quantile","0.3",104
"Seasonal Baseline","2026-06-06",3,"2026-06-27","Pediatrics","quantile","0.35",109
"Seasonal Baseline","2026-06-06",3,"2026-06-27","Pediatrics","quantile","0.4",114
"Seasonal Baseline","2026-06-06",3,"2026-06-27","Pediatrics","quantile","0.45",120
"Seasonal Baseline","2026-06-06",3,"2026-06-27","Pediatrics","quantile","0.5",126
"Seasonal Baseline","2026-06-06",3,"2026-06-27","Pediatrics","quantile","0.55",132
"Seasonal Baseline","2026-06-06",3,"2026-06-27","Pediatrics","quantile","0.6",138
"Seasonal Baseline","2026-06-06",3,"2026-06-27","Pediatrics","quantile","0.65",145
"Seasonal Baseline","2026-06-06",3,"2026-06-27","Pediatrics","quantile","0.7",153
"Seasonal Baseline","2026-06-06",3,"2026-06-27","Pediatrics","quantile","0.75",162
"Seasonal Baseline","2026-06-06",3,"2026-06-27","Pediatrics","quantile","0.8",172
"Seasonal Baseline","2026-06-06",3,"2026-06-27","Pediatrics","quantile","0.85",185
"Seasonal Baseline","2026-06-06",3,"2026-06-27","Pediatrics","quantile","0.9",203
"Seasonal Baseline","2026-06-06",3,"2026-06-27","Pediatrics","quantile","0.95",231
"Seasonal Baseline","2026-06-06",3,"2026-06-27","Pediatrics","quantile","0.975",257
"Seasonal Baseline","2026-06-06",3,"2026-06-27","Pediatrics","quantile","0.99",297
"Opt Baseline","2026-06-06",-2,"2026-05-23","Adults","quantile","0.01",96
"Opt Baseline","2026-06-06",-2,"2026-05-23","Adults","quantile","0.025",96
"Opt Baseline","2026-06-06",-2,"2026-05-23","Adults","quantile","0.05",97
"Opt Baseline","2026-06-06",-2,"2026-05-23","Adults","quantile","0.1",105
"Opt Baseline","2026-06-06",-2,"2026-05-23","Adults","quantile","0.15",115
"Opt Baseline","2026-06-06",-2,"2026-05-23","Adults","quantile","0.2",123
"Opt Baseline","2026-06-06",-2,"2026-05-23","Adults","quantile","0.25",124
"Opt Baseline","2026-06-06",-2,"2026-05-23","Adults","quantile","0.3",126
"Opt Baseline","2026-06-06",-2,"2026-05-23","Adults","quantile","0.35",128
"Opt Baseline","2026-06-06",-2,"2026-05-23","Adults","quantile","0.4",131
"Opt Baseline","2026-06-06",-2,"2026-05-23","Adults","quantile","0.45",135
"Opt Baseline","2026-06-06",-2,"2026-05-23","Adults","quantile","0.5",138
"Opt Baseline","2026-06-06",-2,"2026-05-23","Adults","quantile","0.55",141
"Opt Baseline","2026-06-06",-2,"2026-05-23","Adults","quantile","0.6",145
"Opt Baseline","2026-06-06",-2,"2026-05-23","Adults","quantile","0.65",148
"Opt Baseline","2026-06-06",-2,"2026-05-23","Adults","quantile","0.7",151
"Opt Baseline","2026-06-06",-2,"2026-05-23","Adults","quantile","0.75",153
"Opt Baseline","2026-06-06",-2,"2026-05-23","Adults","quantile","0.8",154
"Opt Baseline","2026-06-06",-2,"2026-05-23","Adults","quantile","0.85",163
"Opt Baseline","2026-06-06",-2,"2026-05-23","Adults","quantile","0.9",176
"Opt Baseline","2026-06-06",-2,"2026-05-23","Adults","quantile","0.95",186
"Opt Baseline","2026-06-06",-2,"2026-05-23","Adults","quantile","0.975",187
"Opt Baseline","2026-06-06",-2,"2026-05-23","Adults","quantile","0.99",188
"Opt Baseline","2026-06-06",-1,"2026-05-30","Adults","quantile","0.01",69
"Opt Baseline","2026-06-06",-1,"2026-05-30","Adults","quantile","0.025",82
"Opt Baseline","2026-06-06",-1,"2026-05-30","Adults","quantile","0.05",88
"Opt Baseline","2026-06-06",-1,"2026-05-30","Adults","quantile","0.1",97
"Opt Baseline","2026-06-06",-1,"2026-05-30","Adults","quantile","0.15",106
"Opt Baseline","2026-06-06",-1,"2026-05-30","Adults","quantile","0.2",111
"Opt Baseline","2026-06-06",-1,"2026-05-30","Adults","quantile","0.25",116
"Opt Baseline","2026-06-06",-1,"2026-05-30","Adults","quantile","0.3",121
"Opt Baseline","2026-06-06",-1,"2026-05-30","Adults","quantile","0.35",126
"Opt Baseline","2026-06-06",-1,"2026-05-30","Adults","quantile","0.4",130
"Opt Baseline","2026-06-06",-1,"2026-05-30","Adults","quantile","0.45",135
"Opt Baseline","2026-06-06",-1,"2026-05-30","Adults","quantile","0.5",138
"Opt Baseline","2026-06-06",-1,"2026-05-30","Adults","quantile","0.55",141
"Opt Baseline","2026-06-06",-1,"2026-05-30","Adults","quantile","0.6",146
"Opt Baseline","2026-06-06",-1,"2026-05-30","Adults","quantile","0.65",151
"Opt Baseline","2026-06-06",-1,"2026-05-30","Adults","quantile","0.7",157
"Opt Baseline","2026-06-06",-1,"2026-05-30","Adults","quantile","0.75",163
"Opt Baseline","2026-06-06",-1,"2026-05-30","Adults","quantile","0.8",169
"Opt Baseline","2026-06-06",-1,"2026-05-30","Adults","quantile","0.85",175
"Opt Baseline","2026-06-06",-1,"2026-05-30","Adults","quantile","0.9",185
"Opt Baseline","2026-06-06",-1,"2026-05-30","Adults","quantile","0.95",200
"Opt Baseline","2026-06-06",-1,"2026-05-30","Adults","quantile","0.975",208
"Opt Baseline","2026-06-06",-1,"2026-05-30","Adults","quantile","0.99",228
"Opt Baseline","2026-06-06",0,"2026-06-06","Adults","quantile","0.01",59
"Opt Baseline","2026-06-06",0,"2026-06-06","Adults","quantile","0.025",70
"Opt Baseline","2026-06-06",0,"2026-06-06","Adults","quantile","0.05",78
"Opt Baseline","2026-06-06",0,"2026-06-06","Adults","quantile","0.1",91
"Opt Baseline","2026-06-06",0,"2026-06-06","Adults","quantile","0.15",98
"Opt Baseline","2026-06-06",0,"2026-06-06","Adults","quantile","0.2",105
"Opt Baseline","2026-06-06",0,"2026-06-06","Adults","quantile","0.25",111
"Opt Baseline","2026-06-06",0,"2026-06-06","Adults","quantile","0.3",117
"Opt Baseline","2026-06-06",0,"2026-06-06","Adults","quantile","0.35",122
"Opt Baseline","2026-06-06",0,"2026-06-06","Adults","quantile","0.4",127
"Opt Baseline","2026-06-06",0,"2026-06-06","Adults","quantile","0.45",133
"Opt Baseline","2026-06-06",0,"2026-06-06","Adults","quantile","0.5",138
"Opt Baseline","2026-06-06",0,"2026-06-06","Adults","quantile","0.55",143
"Opt Baseline","2026-06-06",0,"2026-06-06","Adults","quantile","0.6",149
"Opt Baseline","2026-06-06",0,"2026-06-06","Adults","quantile","0.65",155
"Opt Baseline","2026-06-06",0,"2026-06-06","Adults","quantile","0.7",161
"Opt Baseline","2026-06-06",0,"2026-06-06","Adults","quantile","0.75",168
"Opt Baseline","2026-06-06",0,"2026-06-06","Adults","quantile","0.8",176
"Opt Baseline","2026-06-06",0,"2026-06-06","Adults","quantile","0.85",185
"Opt Baseline","2026-06-06",0,"2026-06-06","Adults","quantile","0.9",197
"Opt Baseline","2026-06-06",0,"2026-06-06","Adults","quantile","0.95",216
"Opt Baseline","2026-06-06",0,"2026-06-06","Adults","quantile","0.975",231
"Opt Baseline","2026-06-06",0,"2026-06-06","Adults","quantile","0.99",250
"Opt Baseline","2026-06-06",1,"2026-06-13","Adults","quantile","0.01",48
"Opt Baseline","2026-06-06",1,"2026-06-13","Adults","quantile","0.025",59
"Opt Baseline","2026-06-06",1,"2026-06-13","Adults","quantile","0.05",70
"Opt Baseline","2026-06-06",1,"2026-06-13","Adults","quantile","0.1",83
"Opt Baseline","2026-06-06",1,"2026-06-13","Adults","quantile","0.15",92
"Opt Baseline","2026-06-06",1,"2026-06-13","Adults","quantile","0.2",100
"Opt Baseline","2026-06-06",1,"2026-06-13","Adults","quantile","0.25",107
"Opt Baseline","2026-06-06",1,"2026-06-13","Adults","quantile","0.3",113
"Opt Baseline","2026-06-06",1,"2026-06-13","Adults","quantile","0.35",120
"Opt Baseline","2026-06-06",1,"2026-06-13","Adults","quantile","0.4",126
"Opt Baseline","2026-06-06",1,"2026-06-13","Adults","quantile","0.45",132
"Opt Baseline","2026-06-06",1,"2026-06-13","Adults","quantile","0.5",138
"Opt Baseline","2026-06-06",1,"2026-06-13","Adults","quantile","0.55",144
"Opt Baseline","2026-06-06",1,"2026-06-13","Adults","quantile","0.6",151
"Opt Baseline","2026-06-06",1,"2026-06-13","Adults","quantile","0.65",158
"Opt Baseline","2026-06-06",1,"2026-06-13","Adults","quantile","0.7",165
"Opt Baseline","2026-06-06",1,"2026-06-13","Adults","quantile","0.75",173
"Opt Baseline","2026-06-06",1,"2026-06-13","Adults","quantile","0.8",182
"Opt Baseline","2026-06-06",1,"2026-06-13","Adults","quantile","0.85",193
"Opt Baseline","2026-06-06",1,"2026-06-13","Adults","quantile","0.9",207
"Opt Baseline","2026-06-06",1,"2026-06-13","Adults","quantile","0.95",229
"Opt Baseline","2026-06-06",1,"2026-06-13","Adults","quantile","0.975",246
"Opt Baseline","2026-06-06",1,"2026-06-13","Adults","quantile","0.99",272
"Opt Baseline","2026-06-06",2,"2026-06-20","Adults","quantile","0.01",42
"Opt Baseline","2026-06-06",2,"2026-06-20","Adults","quantile","0.025",54
"Opt Baseline","2026-06-06",2,"2026-06-20","Adults","quantile","0.05",63
"Opt Baseline","2026-06-06",2,"2026-06-20","Adults","quantile","0.1",77
"Opt Baseline","2026-06-06",2,"2026-06-20","Adults","quantile","0.15",87
"Opt Baseline","2026-06-06",2,"2026-06-20","Adults","quantile","0.2",96
"Opt Baseline","2026-06-06",2,"2026-06-20","Adults","quantile","0.25",103
"Opt Baseline","2026-06-06",2,"2026-06-20","Adults","quantile","0.3",110
"Opt Baseline","2026-06-06",2,"2026-06-20","Adults","quantile","0.35",117
"Opt Baseline","2026-06-06",2,"2026-06-20","Adults","quantile","0.4",124
"Opt Baseline","2026-06-06",2,"2026-06-20","Adults","quantile","0.45",131
"Opt Baseline","2026-06-06",2,"2026-06-20","Adults","quantile","0.5",138
"Opt Baseline","2026-06-06",2,"2026-06-20","Adults","quantile","0.55",145
"Opt Baseline","2026-06-06",2,"2026-06-20","Adults","quantile","0.6",152
"Opt Baseline","2026-06-06",2,"2026-06-20","Adults","quantile","0.65",160
"Opt Baseline","2026-06-06",2,"2026-06-20","Adults","quantile","0.7",168
"Opt Baseline","2026-06-06",2,"2026-06-20","Adults","quantile","0.75",177
"Opt Baseline","2026-06-06",2,"2026-06-20","Adults","quantile","0.8",187
"Opt Baseline","2026-06-06",2,"2026-06-20","Adults","quantile","0.85",200
"Opt Baseline","2026-06-06",2,"2026-06-20","Adults","quantile","0.9",216
"Opt Baseline","2026-06-06",2,"2026-06-20","Adults","quantile","0.95",241
"Opt Baseline","2026-06-06",2,"2026-06-20","Adults","quantile","0.975",263
"Opt Baseline","2026-06-06",2,"2026-06-20","Adults","quantile","0.99",290
"Opt Baseline","2026-06-06",3,"2026-06-27","Adults","quantile","0.01",37
"Opt Baseline","2026-06-06",3,"2026-06-27","Adults","quantile","0.025",48
"Opt Baseline","2026-06-06",3,"2026-06-27","Adults","quantile","0.05",59
"Opt Baseline","2026-06-06",3,"2026-06-27","Adults","quantile","0.1",73
"Opt Baseline","2026-06-06",3,"2026-06-27","Adults","quantile","0.15",85
"Opt Baseline","2026-06-06",3,"2026-06-27","Adults","quantile","0.2",93
"Opt Baseline","2026-06-06",3,"2026-06-27","Adults","quantile","0.25",101
"Opt Baseline","2026-06-06",3,"2026-06-27","Adults","quantile","0.3",109
"Opt Baseline","2026-06-06",3,"2026-06-27","Adults","quantile","0.35",116
"Opt Baseline","2026-06-06",3,"2026-06-27","Adults","quantile","0.4",123
"Opt Baseline","2026-06-06",3,"2026-06-27","Adults","quantile","0.45",131
"Opt Baseline","2026-06-06",3,"2026-06-27","Adults","quantile","0.5",138
"Opt Baseline","2026-06-06",3,"2026-06-27","Adults","quantile","0.55",145
"Opt Baseline","2026-06-06",3,"2026-06-27","Adults","quantile","0.6",154
"Opt Baseline","2026-06-06",3,"2026-06-27","Adults","quantile","0.65",162
"Opt Baseline","2026-06-06",3,"2026-06-27","Adults","quantile","0.7",172
"Opt Baseline","2026-06-06",3,"2026-06-27","Adults","quantile","0.75",182
"Opt Baseline","2026-06-06",3,"2026-06-27","Adults","quantile","0.8",193
"Opt Baseline","2026-06-06",3,"2026-06-27","Adults","quantile","0.85",208
"Opt Baseline","2026-06-06",3,"2026-06-27","Adults","quantile","0.9",225
"Opt Baseline","2026-06-06",3,"2026-06-27","Adults","quantile","0.95",253
"Opt Baseline","2026-06-06",3,"2026-06-27","Adults","quantile","0.975",277
"Opt Baseline","2026-06-06",3,"2026-06-27","Adults","quantile","0.99",310
"Opt Baseline","2026-06-06",-2,"2026-05-23","Overall","quantile","0.01",182
"Opt Baseline","2026-06-06",-2,"2026-05-23","Overall","quantile","0.025",183
"Opt Baseline","2026-06-06",-2,"2026-05-23","Overall","quantile","0.05",183
"Opt Baseline","2026-06-06",-2,"2026-05-23","Overall","quantile","0.1",189
"Opt Baseline","2026-06-06",-2,"2026-05-23","Overall","quantile","0.15",195
"Opt Baseline","2026-06-06",-2,"2026-05-23","Overall","quantile","0.2",198
"Opt Baseline","2026-06-06",-2,"2026-05-23","Overall","quantile","0.25",205
"Opt Baseline","2026-06-06",-2,"2026-05-23","Overall","quantile","0.3",210
"Opt Baseline","2026-06-06",-2,"2026-05-23","Overall","quantile","0.35",218
"Opt Baseline","2026-06-06",-2,"2026-05-23","Overall","quantile","0.4",235
"Opt Baseline","2026-06-06",-2,"2026-05-23","Overall","quantile","0.45",236
"Opt Baseline","2026-06-06",-2,"2026-05-23","Overall","quantile","0.5",240
"Opt Baseline","2026-06-06",-2,"2026-05-23","Overall","quantile","0.55",244
"Opt Baseline","2026-06-06",-2,"2026-05-23","Overall","quantile","0.6",246
"Opt Baseline","2026-06-06",-2,"2026-05-23","Overall","quantile","0.65",263
"Opt Baseline","2026-06-06",-2,"2026-05-23","Overall","quantile","0.7",272
"Opt Baseline","2026-06-06",-2,"2026-05-23","Overall","quantile","0.75",278
"Opt Baseline","2026-06-06",-2,"2026-05-23","Overall","quantile","0.8",287
"Opt Baseline","2026-06-06",-2,"2026-05-23","Overall","quantile","0.85",289
"Opt Baseline","2026-06-06",-2,"2026-05-23","Overall","quantile","0.9",297
"Opt Baseline","2026-06-06",-2,"2026-05-23","Overall","quantile","0.95",304
"Opt Baseline","2026-06-06",-2,"2026-05-23","Overall","quantile","0.975",305
"Opt Baseline","2026-06-06",-2,"2026-05-23","Overall","quantile","0.99",306
"Opt Baseline","2026-06-06",-1,"2026-05-30","Overall","quantile","0.01",141
"Opt Baseline","2026-06-06",-1,"2026-05-30","Overall","quantile","0.025",148
"Opt Baseline","2026-06-06",-1,"2026-05-30","Overall","quantile","0.05",156
"Opt Baseline","2026-06-06",-1,"2026-05-30","Overall","quantile","0.1",171
"Opt Baseline","2026-06-06",-1,"2026-05-30","Overall","quantile","0.15",184
"Opt Baseline","2026-06-06",-1,"2026-05-30","Overall","quantile","0.2",193
"Opt Baseline","2026-06-06",-1,"2026-05-30","Overall","quantile","0.25",201
"Opt Baseline","2026-06-06",-1,"2026-05-30","Overall","quantile","0.3",210
"Opt Baseline","2026-06-06",-1,"2026-05-30","Overall","quantile","0.35",219
"Opt Baseline","2026-06-06",-1,"2026-05-30","Overall","quantile","0.4",227
"Opt Baseline","2026-06-06",-1,"2026-05-30","Overall","quantile","0.45",234
"Opt Baseline","2026-06-06",-1,"2026-05-30","Overall","quantile","0.5",240
"Opt Baseline","2026-06-06",-1,"2026-05-30","Overall","quantile","0.55",245
"Opt Baseline","2026-06-06",-1,"2026-05-30","Overall","quantile","0.6",253
"Opt Baseline","2026-06-06",-1,"2026-05-30","Overall","quantile","0.65",261
"Opt Baseline","2026-06-06",-1,"2026-05-30","Overall","quantile","0.7",271
"Opt Baseline","2026-06-06",-1,"2026-05-30","Overall","quantile","0.75",282
"Opt Baseline","2026-06-06",-1,"2026-05-30","Overall","quantile","0.8",293
"Opt Baseline","2026-06-06",-1,"2026-05-30","Overall","quantile","0.85",304
"Opt Baseline","2026-06-06",-1,"2026-05-30","Overall","quantile","0.9",323
"Opt Baseline","2026-06-06",-1,"2026-05-30","Overall","quantile","0.95",343
"Opt Baseline","2026-06-06",-1,"2026-05-30","Overall","quantile","0.975",358
"Opt Baseline","2026-06-06",-1,"2026-05-30","Overall","quantile","0.99",370
"Opt Baseline","2026-06-06",0,"2026-06-06","Overall","quantile","0.01",114
"Opt Baseline","2026-06-06",0,"2026-06-06","Overall","quantile","0.025",129
"Opt Baseline","2026-06-06",0,"2026-06-06","Overall","quantile","0.05",142
"Opt Baseline","2026-06-06",0,"2026-06-06","Overall","quantile","0.1",160
"Opt Baseline","2026-06-06",0,"2026-06-06","Overall","quantile","0.15",175
"Opt Baseline","2026-06-06",0,"2026-06-06","Overall","quantile","0.2",186
"Opt Baseline","2026-06-06",0,"2026-06-06","Overall","quantile","0.25",196
"Opt Baseline","2026-06-06",0,"2026-06-06","Overall","quantile","0.3",205
"Opt Baseline","2026-06-06",0,"2026-06-06","Overall","quantile","0.35",214
"Opt Baseline","2026-06-06",0,"2026-06-06","Overall","quantile","0.4",223
"Opt Baseline","2026-06-06",0,"2026-06-06","Overall","quantile","0.45",232
"Opt Baseline","2026-06-06",0,"2026-06-06","Overall","quantile","0.5",240
"Opt Baseline","2026-06-06",0,"2026-06-06","Overall","quantile","0.55",249
"Opt Baseline","2026-06-06",0,"2026-06-06","Overall","quantile","0.6",259
"Opt Baseline","2026-06-06",0,"2026-06-06","Overall","quantile","0.65",270
"Opt Baseline","2026-06-06",0,"2026-06-06","Overall","quantile","0.7",280
"Opt Baseline","2026-06-06",0,"2026-06-06","Overall","quantile","0.75",292
"Opt Baseline","2026-06-06",0,"2026-06-06","Overall","quantile","0.8",304
"Opt Baseline","2026-06-06",0,"2026-06-06","Overall","quantile","0.85",319
"Opt Baseline","2026-06-06",0,"2026-06-06","Overall","quantile","0.9",340
"Opt Baseline","2026-06-06",0,"2026-06-06","Overall","quantile","0.95",367
"Opt Baseline","2026-06-06",0,"2026-06-06","Overall","quantile","0.975",391
"Opt Baseline","2026-06-06",0,"2026-06-06","Overall","quantile","0.99",414
"Opt Baseline","2026-06-06",1,"2026-06-13","Overall","quantile","0.01",97
"Opt Baseline","2026-06-06",1,"2026-06-13","Overall","quantile","0.025",114
"Opt Baseline","2026-06-06",1,"2026-06-13","Overall","quantile","0.05",129
"Opt Baseline","2026-06-06",1,"2026-06-13","Overall","quantile","0.1",149
"Opt Baseline","2026-06-06",1,"2026-06-13","Overall","quantile","0.15",165
"Opt Baseline","2026-06-06",1,"2026-06-13","Overall","quantile","0.2",178
"Opt Baseline","2026-06-06",1,"2026-06-13","Overall","quantile","0.25",190
"Opt Baseline","2026-06-06",1,"2026-06-13","Overall","quantile","0.3",201
"Opt Baseline","2026-06-06",1,"2026-06-13","Overall","quantile","0.35",210
"Opt Baseline","2026-06-06",1,"2026-06-13","Overall","quantile","0.4",220
"Opt Baseline","2026-06-06",1,"2026-06-13","Overall","quantile","0.45",231
"Opt Baseline","2026-06-06",1,"2026-06-13","Overall","quantile","0.5",240
"Opt Baseline","2026-06-06",1,"2026-06-13","Overall","quantile","0.55",251
"Opt Baseline","2026-06-06",1,"2026-06-13","Overall","quantile","0.6",262
"Opt Baseline","2026-06-06",1,"2026-06-13","Overall","quantile","0.65",273
"Opt Baseline","2026-06-06",1,"2026-06-13","Overall","quantile","0.7",286
"Opt Baseline","2026-06-06",1,"2026-06-13","Overall","quantile","0.75",298
"Opt Baseline","2026-06-06",1,"2026-06-13","Overall","quantile","0.8",313
"Opt Baseline","2026-06-06",1,"2026-06-13","Overall","quantile","0.85",332
"Opt Baseline","2026-06-06",1,"2026-06-13","Overall","quantile","0.9",355
"Opt Baseline","2026-06-06",1,"2026-06-13","Overall","quantile","0.95",388
"Opt Baseline","2026-06-06",1,"2026-06-13","Overall","quantile","0.975",414
"Opt Baseline","2026-06-06",1,"2026-06-13","Overall","quantile","0.99",446
"Opt Baseline","2026-06-06",2,"2026-06-20","Overall","quantile","0.01",82
"Opt Baseline","2026-06-06",2,"2026-06-20","Overall","quantile","0.025",100
"Opt Baseline","2026-06-06",2,"2026-06-20","Overall","quantile","0.05",116
"Opt Baseline","2026-06-06",2,"2026-06-20","Overall","quantile","0.1",139
"Opt Baseline","2026-06-06",2,"2026-06-20","Overall","quantile","0.15",156
"Opt Baseline","2026-06-06",2,"2026-06-20","Overall","quantile","0.2",170
"Opt Baseline","2026-06-06",2,"2026-06-20","Overall","quantile","0.25",182
"Opt Baseline","2026-06-06",2,"2026-06-20","Overall","quantile","0.3",194
"Opt Baseline","2026-06-06",2,"2026-06-20","Overall","quantile","0.35",205
"Opt Baseline","2026-06-06",2,"2026-06-20","Overall","quantile","0.4",217
"Opt Baseline","2026-06-06",2,"2026-06-20","Overall","quantile","0.45",228
"Opt Baseline","2026-06-06",2,"2026-06-20","Overall","quantile","0.5",240
"Opt Baseline","2026-06-06",2,"2026-06-20","Overall","quantile","0.55",251
"Opt Baseline","2026-06-06",2,"2026-06-20","Overall","quantile","0.6",263
"Opt Baseline","2026-06-06",2,"2026-06-20","Overall","quantile","0.65",277
"Opt Baseline","2026-06-06",2,"2026-06-20","Overall","quantile","0.7",291
"Opt Baseline","2026-06-06",2,"2026-06-20","Overall","quantile","0.75",306
"Opt Baseline","2026-06-06",2,"2026-06-20","Overall","quantile","0.8",322
"Opt Baseline","2026-06-06",2,"2026-06-20","Overall","quantile","0.85",342
"Opt Baseline","2026-06-06",2,"2026-06-20","Overall","quantile","0.9",367
"Opt Baseline","2026-06-06",2,"2026-06-20","Overall","quantile","0.95",405
"Opt Baseline","2026-06-06",2,"2026-06-20","Overall","quantile","0.975",436
"Opt Baseline","2026-06-06",2,"2026-06-20","Overall","quantile","0.99",474
"Opt Baseline","2026-06-06",3,"2026-06-27","Overall","quantile","0.01",71
"Opt Baseline","2026-06-06",3,"2026-06-27","Overall","quantile","0.025",90
"Opt Baseline","2026-06-06",3,"2026-06-27","Overall","quantile","0.05",107
"Opt Baseline","2026-06-06",3,"2026-06-27","Overall","quantile","0.1",132
"Opt Baseline","2026-06-06",3,"2026-06-27","Overall","quantile","0.15",149
"Opt Baseline","2026-06-06",3,"2026-06-27","Overall","quantile","0.2",164
"Opt Baseline","2026-06-06",3,"2026-06-27","Overall","quantile","0.25",178
"Opt Baseline","2026-06-06",3,"2026-06-27","Overall","quantile","0.3",191
"Opt Baseline","2026-06-06",3,"2026-06-27","Overall","quantile","0.35",203
"Opt Baseline","2026-06-06",3,"2026-06-27","Overall","quantile","0.4",215
"Opt Baseline","2026-06-06",3,"2026-06-27","Overall","quantile","0.45",227
"Opt Baseline","2026-06-06",3,"2026-06-27","Overall","quantile","0.5",240
"Opt Baseline","2026-06-06",3,"2026-06-27","Overall","quantile","0.55",252
"Opt Baseline","2026-06-06",3,"2026-06-27","Overall","quantile","0.6",266
"Opt Baseline","2026-06-06",3,"2026-06-27","Overall","quantile","0.65",280
"Opt Baseline","2026-06-06",3,"2026-06-27","Overall","quantile","0.7",295
"Opt Baseline","2026-06-06",3,"2026-06-27","Overall","quantile","0.75",313
"Opt Baseline","2026-06-06",3,"2026-06-27","Overall","quantile","0.8",332
"Opt Baseline","2026-06-06",3,"2026-06-27","Overall","quantile","0.85",354
"Opt Baseline","2026-06-06",3,"2026-06-27","Overall","quantile","0.9",382
"Opt Baseline","2026-06-06",3,"2026-06-27","Overall","quantile","0.95",427
"Opt Baseline","2026-06-06",3,"2026-06-27","Overall","quantile","0.975",462
"Opt Baseline","2026-06-06",3,"2026-06-27","Overall","quantile","0.99",500
"Opt Baseline","2026-06-06",-2,"2026-05-23","Pediatrics","quantile","0.01",65
"Opt Baseline","2026-06-06",-2,"2026-05-23","Pediatrics","quantile","0.025",67
"Opt Baseline","2026-06-06",-2,"2026-05-23","Pediatrics","quantile","0.05",70
"Opt Baseline","2026-06-06",-2,"2026-05-23","Pediatrics","quantile","0.1",73
"Opt Baseline","2026-06-06",-2,"2026-05-23","Pediatrics","quantile","0.15",77
"Opt Baseline","2026-06-06",-2,"2026-05-23","Pediatrics","quantile","0.2",88
"Opt Baseline","2026-06-06",-2,"2026-05-23","Pediatrics","quantile","0.25",89
"Opt Baseline","2026-06-06",-2,"2026-05-23","Pediatrics","quantile","0.3",94
"Opt Baseline","2026-06-06",-2,"2026-05-23","Pediatrics","quantile","0.35",99
"Opt Baseline","2026-06-06",-2,"2026-05-23","Pediatrics","quantile","0.4",101
"Opt Baseline","2026-06-06",-2,"2026-05-23","Pediatrics","quantile","0.45",101
"Opt Baseline","2026-06-06",-2,"2026-05-23","Pediatrics","quantile","0.5",102
"Opt Baseline","2026-06-06",-2,"2026-05-23","Pediatrics","quantile","0.55",103
"Opt Baseline","2026-06-06",-2,"2026-05-23","Pediatrics","quantile","0.6",103
"Opt Baseline","2026-06-06",-2,"2026-05-23","Pediatrics","quantile","0.65",105
"Opt Baseline","2026-06-06",-2,"2026-05-23","Pediatrics","quantile","0.7",111
"Opt Baseline","2026-06-06",-2,"2026-05-23","Pediatrics","quantile","0.75",116
"Opt Baseline","2026-06-06",-2,"2026-05-23","Pediatrics","quantile","0.8",117
"Opt Baseline","2026-06-06",-2,"2026-05-23","Pediatrics","quantile","0.85",130
"Opt Baseline","2026-06-06",-2,"2026-05-23","Pediatrics","quantile","0.9",136
"Opt Baseline","2026-06-06",-2,"2026-05-23","Pediatrics","quantile","0.95",140
"Opt Baseline","2026-06-06",-2,"2026-05-23","Pediatrics","quantile","0.975",145
"Opt Baseline","2026-06-06",-2,"2026-05-23","Pediatrics","quantile","0.99",147
"Opt Baseline","2026-06-06",-1,"2026-05-30","Pediatrics","quantile","0.01",45
"Opt Baseline","2026-06-06",-1,"2026-05-30","Pediatrics","quantile","0.025",51
"Opt Baseline","2026-06-06",-1,"2026-05-30","Pediatrics","quantile","0.05",60
"Opt Baseline","2026-06-06",-1,"2026-05-30","Pediatrics","quantile","0.1",68
"Opt Baseline","2026-06-06",-1,"2026-05-30","Pediatrics","quantile","0.15",72
"Opt Baseline","2026-06-06",-1,"2026-05-30","Pediatrics","quantile","0.2",76
"Opt Baseline","2026-06-06",-1,"2026-05-30","Pediatrics","quantile","0.25",83
"Opt Baseline","2026-06-06",-1,"2026-05-30","Pediatrics","quantile","0.3",87
"Opt Baseline","2026-06-06",-1,"2026-05-30","Pediatrics","quantile","0.35",91
"Opt Baseline","2026-06-06",-1,"2026-05-30","Pediatrics","quantile","0.4",96
"Opt Baseline","2026-06-06",-1,"2026-05-30","Pediatrics","quantile","0.45",100
"Opt Baseline","2026-06-06",-1,"2026-05-30","Pediatrics","quantile","0.5",102
"Opt Baseline","2026-06-06",-1,"2026-05-30","Pediatrics","quantile","0.55",104
"Opt Baseline","2026-06-06",-1,"2026-05-30","Pediatrics","quantile","0.6",107
"Opt Baseline","2026-06-06",-1,"2026-05-30","Pediatrics","quantile","0.65",114
"Opt Baseline","2026-06-06",-1,"2026-05-30","Pediatrics","quantile","0.7",118
"Opt Baseline","2026-06-06",-1,"2026-05-30","Pediatrics","quantile","0.75",123
"Opt Baseline","2026-06-06",-1,"2026-05-30","Pediatrics","quantile","0.8",132
"Opt Baseline","2026-06-06",-1,"2026-05-30","Pediatrics","quantile","0.85",137
"Opt Baseline","2026-06-06",-1,"2026-05-30","Pediatrics","quantile","0.9",144
"Opt Baseline","2026-06-06",-1,"2026-05-30","Pediatrics","quantile","0.95",155
"Opt Baseline","2026-06-06",-1,"2026-05-30","Pediatrics","quantile","0.975",172
"Opt Baseline","2026-06-06",-1,"2026-05-30","Pediatrics","quantile","0.99",182
"Opt Baseline","2026-06-06",0,"2026-06-06","Pediatrics","quantile","0.01",37
"Opt Baseline","2026-06-06",0,"2026-06-06","Pediatrics","quantile","0.025",43
"Opt Baseline","2026-06-06",0,"2026-06-06","Pediatrics","quantile","0.05",50
"Opt Baseline","2026-06-06",0,"2026-06-06","Pediatrics","quantile","0.1",60
"Opt Baseline","2026-06-06",0,"2026-06-06","Pediatrics","quantile","0.15",67
"Opt Baseline","2026-06-06",0,"2026-06-06","Pediatrics","quantile","0.2",73
"Opt Baseline","2026-06-06",0,"2026-06-06","Pediatrics","quantile","0.25",78
"Opt Baseline","2026-06-06",0,"2026-06-06","Pediatrics","quantile","0.3",83
"Opt Baseline","2026-06-06",0,"2026-06-06","Pediatrics","quantile","0.35",88
"Opt Baseline","2026-06-06",0,"2026-06-06","Pediatrics","quantile","0.4",93
"Opt Baseline","2026-06-06",0,"2026-06-06","Pediatrics","quantile","0.45",98
"Opt Baseline","2026-06-06",0,"2026-06-06","Pediatrics","quantile","0.5",102
"Opt Baseline","2026-06-06",0,"2026-06-06","Pediatrics","quantile","0.55",106
"Opt Baseline","2026-06-06",0,"2026-06-06","Pediatrics","quantile","0.6",112
"Opt Baseline","2026-06-06",0,"2026-06-06","Pediatrics","quantile","0.65",116
"Opt Baseline","2026-06-06",0,"2026-06-06","Pediatrics","quantile","0.7",122
"Opt Baseline","2026-06-06",0,"2026-06-06","Pediatrics","quantile","0.75",129
"Opt Baseline","2026-06-06",0,"2026-06-06","Pediatrics","quantile","0.8",135
"Opt Baseline","2026-06-06",0,"2026-06-06","Pediatrics","quantile","0.85",142
"Opt Baseline","2026-06-06",0,"2026-06-06","Pediatrics","quantile","0.9",153
"Opt Baseline","2026-06-06",0,"2026-06-06","Pediatrics","quantile","0.95",171
"Opt Baseline","2026-06-06",0,"2026-06-06","Pediatrics","quantile","0.975",184
"Opt Baseline","2026-06-06",0,"2026-06-06","Pediatrics","quantile","0.99",196
"Opt Baseline","2026-06-06",1,"2026-06-13","Pediatrics","quantile","0.01",29
"Opt Baseline","2026-06-06",1,"2026-06-13","Pediatrics","quantile","0.025",37
"Opt Baseline","2026-06-06",1,"2026-06-13","Pediatrics","quantile","0.05",45
"Opt Baseline","2026-06-06",1,"2026-06-13","Pediatrics","quantile","0.1",55
"Opt Baseline","2026-06-06",1,"2026-06-13","Pediatrics","quantile","0.15",63
"Opt Baseline","2026-06-06",1,"2026-06-13","Pediatrics","quantile","0.2",70
"Opt Baseline","2026-06-06",1,"2026-06-13","Pediatrics","quantile","0.25",75
"Opt Baseline","2026-06-06",1,"2026-06-13","Pediatrics","quantile","0.3",81
"Opt Baseline","2026-06-06",1,"2026-06-13","Pediatrics","quantile","0.35",86
"Opt Baseline","2026-06-06",1,"2026-06-13","Pediatrics","quantile","0.4",92
"Opt Baseline","2026-06-06",1,"2026-06-13","Pediatrics","quantile","0.45",97
"Opt Baseline","2026-06-06",1,"2026-06-13","Pediatrics","quantile","0.5",102
"Opt Baseline","2026-06-06",1,"2026-06-13","Pediatrics","quantile","0.55",107
"Opt Baseline","2026-06-06",1,"2026-06-13","Pediatrics","quantile","0.6",113
"Opt Baseline","2026-06-06",1,"2026-06-13","Pediatrics","quantile","0.65",119
"Opt Baseline","2026-06-06",1,"2026-06-13","Pediatrics","quantile","0.7",126
"Opt Baseline","2026-06-06",1,"2026-06-13","Pediatrics","quantile","0.75",134
"Opt Baseline","2026-06-06",1,"2026-06-13","Pediatrics","quantile","0.8",141
"Opt Baseline","2026-06-06",1,"2026-06-13","Pediatrics","quantile","0.85",151
"Opt Baseline","2026-06-06",1,"2026-06-13","Pediatrics","quantile","0.9",162
"Opt Baseline","2026-06-06",1,"2026-06-13","Pediatrics","quantile","0.95",182
"Opt Baseline","2026-06-06",1,"2026-06-13","Pediatrics","quantile","0.975",199
"Opt Baseline","2026-06-06",1,"2026-06-13","Pediatrics","quantile","0.99",219
"Opt Baseline","2026-06-06",2,"2026-06-20","Pediatrics","quantile","0.01",23
"Opt Baseline","2026-06-06",2,"2026-06-20","Pediatrics","quantile","0.025",31
"Opt Baseline","2026-06-06",2,"2026-06-20","Pediatrics","quantile","0.05",40
"Opt Baseline","2026-06-06",2,"2026-06-20","Pediatrics","quantile","0.1",52
"Opt Baseline","2026-06-06",2,"2026-06-20","Pediatrics","quantile","0.15",59
"Opt Baseline","2026-06-06",2,"2026-06-20","Pediatrics","quantile","0.2",66
"Opt Baseline","2026-06-06",2,"2026-06-20","Pediatrics","quantile","0.25",72
"Opt Baseline","2026-06-06",2,"2026-06-20","Pediatrics","quantile","0.3",78
"Opt Baseline","2026-06-06",2,"2026-06-20","Pediatrics","quantile","0.35",85
"Opt Baseline","2026-06-06",2,"2026-06-20","Pediatrics","quantile","0.4",91
"Opt Baseline","2026-06-06",2,"2026-06-20","Pediatrics","quantile","0.45",97
"Opt Baseline","2026-06-06",2,"2026-06-20","Pediatrics","quantile","0.5",102
"Opt Baseline","2026-06-06",2,"2026-06-20","Pediatrics","quantile","0.55",108
"Opt Baseline","2026-06-06",2,"2026-06-20","Pediatrics","quantile","0.6",115
"Opt Baseline","2026-06-06",2,"2026-06-20","Pediatrics","quantile","0.65",121
"Opt Baseline","2026-06-06",2,"2026-06-20","Pediatrics","quantile","0.7",128
"Opt Baseline","2026-06-06",2,"2026-06-20","Pediatrics","quantile","0.75",137
"Opt Baseline","2026-06-06",2,"2026-06-20","Pediatrics","quantile","0.8",145
"Opt Baseline","2026-06-06",2,"2026-06-20","Pediatrics","quantile","0.85",156
"Opt Baseline","2026-06-06",2,"2026-06-20","Pediatrics","quantile","0.9",170
"Opt Baseline","2026-06-06",2,"2026-06-20","Pediatrics","quantile","0.95",192
"Opt Baseline","2026-06-06",2,"2026-06-20","Pediatrics","quantile","0.975",212
"Opt Baseline","2026-06-06",2,"2026-06-20","Pediatrics","quantile","0.99",234
"Opt Baseline","2026-06-06",3,"2026-06-27","Pediatrics","quantile","0.01",18
"Opt Baseline","2026-06-06",3,"2026-06-27","Pediatrics","quantile","0.025",27
"Opt Baseline","2026-06-06",3,"2026-06-27","Pediatrics","quantile","0.05",35
"Opt Baseline","2026-06-06",3,"2026-06-27","Pediatrics","quantile","0.1",47
"Opt Baseline","2026-06-06",3,"2026-06-27","Pediatrics","quantile","0.15",56
"Opt Baseline","2026-06-06",3,"2026-06-27","Pediatrics","quantile","0.2",64
"Opt Baseline","2026-06-06",3,"2026-06-27","Pediatrics","quantile","0.25",70
"Opt Baseline","2026-06-06",3,"2026-06-27","Pediatrics","quantile","0.3",76
"Opt Baseline","2026-06-06",3,"2026-06-27","Pediatrics","quantile","0.35",83
"Opt Baseline","2026-06-06",3,"2026-06-27","Pediatrics","quantile","0.4",90
"Opt Baseline","2026-06-06",3,"2026-06-27","Pediatrics","quantile","0.45",96
"Opt Baseline","2026-06-06",3,"2026-06-27","Pediatrics","quantile","0.5",102
"Opt Baseline","2026-06-06",3,"2026-06-27","Pediatrics","quantile","0.55",108
"Opt Baseline","2026-06-06",3,"2026-06-27","Pediatrics","quantile","0.6",115
"Opt Baseline","2026-06-06",3,"2026-06-27","Pediatrics","quantile","0.65",122
"Opt Baseline","2026-06-06",3,"2026-06-27","Pediatrics","quantile","0.7",130
"Opt Baseline","2026-06-06",3,"2026-06-27","Pediatrics","quantile","0.75",139
"Opt Baseline","2026-06-06",3,"2026-06-27","Pediatrics","quantile","0.8",150
"Opt Baseline","2026-06-06",3,"2026-06-27","Pediatrics","quantile","0.85",162
"Opt Baseline","2026-06-06",3,"2026-06-27","Pediatrics","quantile","0.9",177
"Opt Baseline","2026-06-06",3,"2026-06-27","Pediatrics","quantile","0.95",201
"Opt Baseline","2026-06-06",3,"2026-06-27","Pediatrics","quantile","0.975",225
"Opt Baseline","2026-06-06",3,"2026-06-27","Pediatrics","quantile","0.99",248
"INFLAenza","2026-06-06",-2,"2026-05-23","Adults","quantile","0.01",94
"INFLAenza","2026-06-06",-2,"2026-05-23","Adults","quantile","0.025",102
"INFLAenza","2026-06-06",-2,"2026-05-23","Adults","quantile","0.05",108
"INFLAenza","2026-06-06",-2,"2026-05-23","Adults","quantile","0.1",115
"INFLAenza","2026-06-06",-2,"2026-05-23","Adults","quantile","0.15",121
"INFLAenza","2026-06-06",-2,"2026-05-23","Adults","quantile","0.2",126
"INFLAenza","2026-06-06",-2,"2026-05-23","Adults","quantile","0.25",130
"INFLAenza","2026-06-06",-2,"2026-05-23","Adults","quantile","0.3",134
"INFLAenza","2026-06-06",-2,"2026-05-23","Adults","quantile","0.35",138
"INFLAenza","2026-06-06",-2,"2026-05-23","Adults","quantile","0.4",141
"INFLAenza","2026-06-06",-2,"2026-05-23","Adults","quantile","0.45",145
"INFLAenza","2026-06-06",-2,"2026-05-23","Adults","quantile","0.5",148
"INFLAenza","2026-06-06",-2,"2026-05-23","Adults","quantile","0.55",152
"INFLAenza","2026-06-06",-2,"2026-05-23","Adults","quantile","0.6",155
"INFLAenza","2026-06-06",-2,"2026-05-23","Adults","quantile","0.65",159
"INFLAenza","2026-06-06",-2,"2026-05-23","Adults","quantile","0.7",163
"INFLAenza","2026-06-06",-2,"2026-05-23","Adults","quantile","0.75",167
"INFLAenza","2026-06-06",-2,"2026-05-23","Adults","quantile","0.8",172
"INFLAenza","2026-06-06",-2,"2026-05-23","Adults","quantile","0.85",178
"INFLAenza","2026-06-06",-2,"2026-05-23","Adults","quantile","0.9",185
"INFLAenza","2026-06-06",-2,"2026-05-23","Adults","quantile","0.95",198
"INFLAenza","2026-06-06",-2,"2026-05-23","Adults","quantile","0.975",209
"INFLAenza","2026-06-06",-2,"2026-05-23","Adults","quantile","0.99",221
"INFLAenza","2026-06-06",-2,"2026-05-23","Overall","quantile","0.01",186
"INFLAenza","2026-06-06",-2,"2026-05-23","Overall","quantile","0.025",195
"INFLAenza","2026-06-06",-2,"2026-05-23","Overall","quantile","0.05",203
"INFLAenza","2026-06-06",-2,"2026-05-23","Overall","quantile","0.1",215
"INFLAenza","2026-06-06",-2,"2026-05-23","Overall","quantile","0.15",222
"INFLAenza","2026-06-06",-2,"2026-05-23","Overall","quantile","0.2",228
"INFLAenza","2026-06-06",-2,"2026-05-23","Overall","quantile","0.25",233
"INFLAenza","2026-06-06",-2,"2026-05-23","Overall","quantile","0.3",238
"INFLAenza","2026-06-06",-2,"2026-05-23","Overall","quantile","0.35",242
"INFLAenza","2026-06-06",-2,"2026-05-23","Overall","quantile","0.4",247
"INFLAenza","2026-06-06",-2,"2026-05-23","Overall","quantile","0.45",251
"INFLAenza","2026-06-06",-2,"2026-05-23","Overall","quantile","0.5",256
"INFLAenza","2026-06-06",-2,"2026-05-23","Overall","quantile","0.55",260
"INFLAenza","2026-06-06",-2,"2026-05-23","Overall","quantile","0.6",264
"INFLAenza","2026-06-06",-2,"2026-05-23","Overall","quantile","0.65",269
"INFLAenza","2026-06-06",-2,"2026-05-23","Overall","quantile","0.7",274
"INFLAenza","2026-06-06",-2,"2026-05-23","Overall","quantile","0.75",279
"INFLAenza","2026-06-06",-2,"2026-05-23","Overall","quantile","0.8",285
"INFLAenza","2026-06-06",-2,"2026-05-23","Overall","quantile","0.85",292
"INFLAenza","2026-06-06",-2,"2026-05-23","Overall","quantile","0.9",300
"INFLAenza","2026-06-06",-2,"2026-05-23","Overall","quantile","0.95",314
"INFLAenza","2026-06-06",-2,"2026-05-23","Overall","quantile","0.975",328
"INFLAenza","2026-06-06",-2,"2026-05-23","Overall","quantile","0.99",344
"INFLAenza","2026-06-06",-2,"2026-05-23","Pediatrics","quantile","0.01",63
"INFLAenza","2026-06-06",-2,"2026-05-23","Pediatrics","quantile","0.025",70
"INFLAenza","2026-06-06",-2,"2026-05-23","Pediatrics","quantile","0.05",75
"INFLAenza","2026-06-06",-2,"2026-05-23","Pediatrics","quantile","0.1",81
"INFLAenza","2026-06-06",-2,"2026-05-23","Pediatrics","quantile","0.15",86
"INFLAenza","2026-06-06",-2,"2026-05-23","Pediatrics","quantile","0.2",89
"INFLAenza","2026-06-06",-2,"2026-05-23","Pediatrics","quantile","0.25",92
"INFLAenza","2026-06-06",-2,"2026-05-23","Pediatrics","quantile","0.3",95
"INFLAenza","2026-06-06",-2,"2026-05-23","Pediatrics","quantile","0.35",97
"INFLAenza","2026-06-06",-2,"2026-05-23","Pediatrics","quantile","0.4",100
"INFLAenza","2026-06-06",-2,"2026-05-23","Pediatrics","quantile","0.45",103
"INFLAenza","2026-06-06",-2,"2026-05-23","Pediatrics","quantile","0.5",106
"INFLAenza","2026-06-06",-2,"2026-05-23","Pediatrics","quantile","0.55",108
"INFLAenza","2026-06-06",-2,"2026-05-23","Pediatrics","quantile","0.6",111
"INFLAenza","2026-06-06",-2,"2026-05-23","Pediatrics","quantile","0.65",114
"INFLAenza","2026-06-06",-2,"2026-05-23","Pediatrics","quantile","0.7",117
"INFLAenza","2026-06-06",-2,"2026-05-23","Pediatrics","quantile","0.75",121
"INFLAenza","2026-06-06",-2,"2026-05-23","Pediatrics","quantile","0.8",125
"INFLAenza","2026-06-06",-2,"2026-05-23","Pediatrics","quantile","0.85",130
"INFLAenza","2026-06-06",-2,"2026-05-23","Pediatrics","quantile","0.9",135
"INFLAenza","2026-06-06",-2,"2026-05-23","Pediatrics","quantile","0.95",144
"INFLAenza","2026-06-06",-2,"2026-05-23","Pediatrics","quantile","0.975",152
"INFLAenza","2026-06-06",-2,"2026-05-23","Pediatrics","quantile","0.99",163
"INFLAenza","2026-06-06",-1,"2026-05-30","Adults","quantile","0.01",87
"INFLAenza","2026-06-06",-1,"2026-05-30","Adults","quantile","0.025",96
"INFLAenza","2026-06-06",-1,"2026-05-30","Adults","quantile","0.05",105
"INFLAenza","2026-06-06",-1,"2026-05-30","Adults","quantile","0.1",114
"INFLAenza","2026-06-06",-1,"2026-05-30","Adults","quantile","0.15",121
"INFLAenza","2026-06-06",-1,"2026-05-30","Adults","quantile","0.2",126
"INFLAenza","2026-06-06",-1,"2026-05-30","Adults","quantile","0.25",132
"INFLAenza","2026-06-06",-1,"2026-05-30","Adults","quantile","0.3",136
"INFLAenza","2026-06-06",-1,"2026-05-30","Adults","quantile","0.35",141
"INFLAenza","2026-06-06",-1,"2026-05-30","Adults","quantile","0.4",145
"INFLAenza","2026-06-06",-1,"2026-05-30","Adults","quantile","0.45",150
"INFLAenza","2026-06-06",-1,"2026-05-30","Adults","quantile","0.5",154
"INFLAenza","2026-06-06",-1,"2026-05-30","Adults","quantile","0.55",159
"INFLAenza","2026-06-06",-1,"2026-05-30","Adults","quantile","0.6",164
"INFLAenza","2026-06-06",-1,"2026-05-30","Adults","quantile","0.65",169
"INFLAenza","2026-06-06",-1,"2026-05-30","Adults","quantile","0.7",175
"INFLAenza","2026-06-06",-1,"2026-05-30","Adults","quantile","0.75",181
"INFLAenza","2026-06-06",-1,"2026-05-30","Adults","quantile","0.8",188
"INFLAenza","2026-06-06",-1,"2026-05-30","Adults","quantile","0.85",196
"INFLAenza","2026-06-06",-1,"2026-05-30","Adults","quantile","0.9",209
"INFLAenza","2026-06-06",-1,"2026-05-30","Adults","quantile","0.95",227
"INFLAenza","2026-06-06",-1,"2026-05-30","Adults","quantile","0.975",247
"INFLAenza","2026-06-06",-1,"2026-05-30","Adults","quantile","0.99",266
"INFLAenza","2026-06-06",-1,"2026-05-30","Overall","quantile","0.01",179
"INFLAenza","2026-06-06",-1,"2026-05-30","Overall","quantile","0.025",192
"INFLAenza","2026-06-06",-1,"2026-05-30","Overall","quantile","0.05",201
"INFLAenza","2026-06-06",-1,"2026-05-30","Overall","quantile","0.1",215
"INFLAenza","2026-06-06",-1,"2026-05-30","Overall","quantile","0.15",225
"INFLAenza","2026-06-06",-1,"2026-05-30","Overall","quantile","0.2",232
"INFLAenza","2026-06-06",-1,"2026-05-30","Overall","quantile","0.25",239
"INFLAenza","2026-06-06",-1,"2026-05-30","Overall","quantile","0.3",245
"INFLAenza","2026-06-06",-1,"2026-05-30","Overall","quantile","0.35",251
"INFLAenza","2026-06-06",-1,"2026-05-30","Overall","quantile","0.4",256
"INFLAenza","2026-06-06",-1,"2026-05-30","Overall","quantile","0.45",262
"INFLAenza","2026-06-06",-1,"2026-05-30","Overall","quantile","0.5",267
"INFLAenza","2026-06-06",-1,"2026-05-30","Overall","quantile","0.55",273
"INFLAenza","2026-06-06",-1,"2026-05-30","Overall","quantile","0.6",279
"INFLAenza","2026-06-06",-1,"2026-05-30","Overall","quantile","0.65",284
"INFLAenza","2026-06-06",-1,"2026-05-30","Overall","quantile","0.7",291
"INFLAenza","2026-06-06",-1,"2026-05-30","Overall","quantile","0.75",299
"INFLAenza","2026-06-06",-1,"2026-05-30","Overall","quantile","0.8",308
"INFLAenza","2026-06-06",-1,"2026-05-30","Overall","quantile","0.85",318
"INFLAenza","2026-06-06",-1,"2026-05-30","Overall","quantile","0.9",332
"INFLAenza","2026-06-06",-1,"2026-05-30","Overall","quantile","0.95",353
"INFLAenza","2026-06-06",-1,"2026-05-30","Overall","quantile","0.975",372
"INFLAenza","2026-06-06",-1,"2026-05-30","Overall","quantile","0.99",394
"INFLAenza","2026-06-06",-1,"2026-05-30","Pediatrics","quantile","0.01",62
"INFLAenza","2026-06-06",-1,"2026-05-30","Pediatrics","quantile","0.025",68
"INFLAenza","2026-06-06",-1,"2026-05-30","Pediatrics","quantile","0.05",73
"INFLAenza","2026-06-06",-1,"2026-05-30","Pediatrics","quantile","0.1",80
"INFLAenza","2026-06-06",-1,"2026-05-30","Pediatrics","quantile","0.15",84
"INFLAenza","2026-06-06",-1,"2026-05-30","Pediatrics","quantile","0.2",89
"INFLAenza","2026-06-06",-1,"2026-05-30","Pediatrics","quantile","0.25",93
"INFLAenza","2026-06-06",-1,"2026-05-30","Pediatrics","quantile","0.3",97
"INFLAenza","2026-06-06",-1,"2026-05-30","Pediatrics","quantile","0.35",100
"INFLAenza","2026-06-06",-1,"2026-05-30","Pediatrics","quantile","0.4",103
"INFLAenza","2026-06-06",-1,"2026-05-30","Pediatrics","quantile","0.45",107
"INFLAenza","2026-06-06",-1,"2026-05-30","Pediatrics","quantile","0.5",110
"INFLAenza","2026-06-06",-1,"2026-05-30","Pediatrics","quantile","0.55",113
"INFLAenza","2026-06-06",-1,"2026-05-30","Pediatrics","quantile","0.6",117
"INFLAenza","2026-06-06",-1,"2026-05-30","Pediatrics","quantile","0.65",120
"INFLAenza","2026-06-06",-1,"2026-05-30","Pediatrics","quantile","0.7",124
"INFLAenza","2026-06-06",-1,"2026-05-30","Pediatrics","quantile","0.75",128
"INFLAenza","2026-06-06",-1,"2026-05-30","Pediatrics","quantile","0.8",134
"INFLAenza","2026-06-06",-1,"2026-05-30","Pediatrics","quantile","0.85",140
"INFLAenza","2026-06-06",-1,"2026-05-30","Pediatrics","quantile","0.9",148
"INFLAenza","2026-06-06",-1,"2026-05-30","Pediatrics","quantile","0.95",160
"INFLAenza","2026-06-06",-1,"2026-05-30","Pediatrics","quantile","0.975",173
"INFLAenza","2026-06-06",-1,"2026-05-30","Pediatrics","quantile","0.99",187
"INFLAenza","2026-06-06",0,"2026-06-06","Adults","quantile","0.01",83
"INFLAenza","2026-06-06",0,"2026-06-06","Adults","quantile","0.025",92
"INFLAenza","2026-06-06",0,"2026-06-06","Adults","quantile","0.05",101
"INFLAenza","2026-06-06",0,"2026-06-06","Adults","quantile","0.1",112
"INFLAenza","2026-06-06",0,"2026-06-06","Adults","quantile","0.15",120
"INFLAenza","2026-06-06",0,"2026-06-06","Adults","quantile","0.2",126
"INFLAenza","2026-06-06",0,"2026-06-06","Adults","quantile","0.25",133
"INFLAenza","2026-06-06",0,"2026-06-06","Adults","quantile","0.3",138
"INFLAenza","2026-06-06",0,"2026-06-06","Adults","quantile","0.35",144
"INFLAenza","2026-06-06",0,"2026-06-06","Adults","quantile","0.4",149
"INFLAenza","2026-06-06",0,"2026-06-06","Adults","quantile","0.45",154
"INFLAenza","2026-06-06",0,"2026-06-06","Adults","quantile","0.5",159
"INFLAenza","2026-06-06",0,"2026-06-06","Adults","quantile","0.55",164
"INFLAenza","2026-06-06",0,"2026-06-06","Adults","quantile","0.6",169
"INFLAenza","2026-06-06",0,"2026-06-06","Adults","quantile","0.65",176
"INFLAenza","2026-06-06",0,"2026-06-06","Adults","quantile","0.7",183
"INFLAenza","2026-06-06",0,"2026-06-06","Adults","quantile","0.75",189
"INFLAenza","2026-06-06",0,"2026-06-06","Adults","quantile","0.8",198
"INFLAenza","2026-06-06",0,"2026-06-06","Adults","quantile","0.85",209
"INFLAenza","2026-06-06",0,"2026-06-06","Adults","quantile","0.9",222
"INFLAenza","2026-06-06",0,"2026-06-06","Adults","quantile","0.95",246
"INFLAenza","2026-06-06",0,"2026-06-06","Adults","quantile","0.975",267
"INFLAenza","2026-06-06",0,"2026-06-06","Adults","quantile","0.99",299
"INFLAenza","2026-06-06",0,"2026-06-06","Overall","quantile","0.01",170
"INFLAenza","2026-06-06",0,"2026-06-06","Overall","quantile","0.025",187
"INFLAenza","2026-06-06",0,"2026-06-06","Overall","quantile","0.05",200
"INFLAenza","2026-06-06",0,"2026-06-06","Overall","quantile","0.1",215
"INFLAenza","2026-06-06",0,"2026-06-06","Overall","quantile","0.15",224
"INFLAenza","2026-06-06",0,"2026-06-06","Overall","quantile","0.2",234
"INFLAenza","2026-06-06",0,"2026-06-06","Overall","quantile","0.25",241
"INFLAenza","2026-06-06",0,"2026-06-06","Overall","quantile","0.3",249
"INFLAenza","2026-06-06",0,"2026-06-06","Overall","quantile","0.35",255
"INFLAenza","2026-06-06",0,"2026-06-06","Overall","quantile","0.4",262
"INFLAenza","2026-06-06",0,"2026-06-06","Overall","quantile","0.45",268
"INFLAenza","2026-06-06",0,"2026-06-06","Overall","quantile","0.5",274
"INFLAenza","2026-06-06",0,"2026-06-06","Overall","quantile","0.55",281
"INFLAenza","2026-06-06",0,"2026-06-06","Overall","quantile","0.6",288
"INFLAenza","2026-06-06",0,"2026-06-06","Overall","quantile","0.65",295
"INFLAenza","2026-06-06",0,"2026-06-06","Overall","quantile","0.7",302
"INFLAenza","2026-06-06",0,"2026-06-06","Overall","quantile","0.75",311
"INFLAenza","2026-06-06",0,"2026-06-06","Overall","quantile","0.8",321
"INFLAenza","2026-06-06",0,"2026-06-06","Overall","quantile","0.85",333
"INFLAenza","2026-06-06",0,"2026-06-06","Overall","quantile","0.9",349
"INFLAenza","2026-06-06",0,"2026-06-06","Overall","quantile","0.95",376
"INFLAenza","2026-06-06",0,"2026-06-06","Overall","quantile","0.975",398
"INFLAenza","2026-06-06",0,"2026-06-06","Overall","quantile","0.99",435
"INFLAenza","2026-06-06",0,"2026-06-06","Pediatrics","quantile","0.01",60
"INFLAenza","2026-06-06",0,"2026-06-06","Pediatrics","quantile","0.025",65
"INFLAenza","2026-06-06",0,"2026-06-06","Pediatrics","quantile","0.05",70
"INFLAenza","2026-06-06",0,"2026-06-06","Pediatrics","quantile","0.1",78
"INFLAenza","2026-06-06",0,"2026-06-06","Pediatrics","quantile","0.15",83
"INFLAenza","2026-06-06",0,"2026-06-06","Pediatrics","quantile","0.2",88
"INFLAenza","2026-06-06",0,"2026-06-06","Pediatrics","quantile","0.25",93
"INFLAenza","2026-06-06",0,"2026-06-06","Pediatrics","quantile","0.3",97
"INFLAenza","2026-06-06",0,"2026-06-06","Pediatrics","quantile","0.35",100
"INFLAenza","2026-06-06",0,"2026-06-06","Pediatrics","quantile","0.4",104
"INFLAenza","2026-06-06",0,"2026-06-06","Pediatrics","quantile","0.45",108
"INFLAenza","2026-06-06",0,"2026-06-06","Pediatrics","quantile","0.5",112
"INFLAenza","2026-06-06",0,"2026-06-06","Pediatrics","quantile","0.55",116
"INFLAenza","2026-06-06",0,"2026-06-06","Pediatrics","quantile","0.6",120
"INFLAenza","2026-06-06",0,"2026-06-06","Pediatrics","quantile","0.65",124
"INFLAenza","2026-06-06",0,"2026-06-06","Pediatrics","quantile","0.7",128
"INFLAenza","2026-06-06",0,"2026-06-06","Pediatrics","quantile","0.75",133
"INFLAenza","2026-06-06",0,"2026-06-06","Pediatrics","quantile","0.8",139
"INFLAenza","2026-06-06",0,"2026-06-06","Pediatrics","quantile","0.85",146
"INFLAenza","2026-06-06",0,"2026-06-06","Pediatrics","quantile","0.9",156
"INFLAenza","2026-06-06",0,"2026-06-06","Pediatrics","quantile","0.95",169
"INFLAenza","2026-06-06",0,"2026-06-06","Pediatrics","quantile","0.975",186
"INFLAenza","2026-06-06",0,"2026-06-06","Pediatrics","quantile","0.99",204
"INFLAenza","2026-06-06",1,"2026-06-13","Adults","quantile","0.01",76
"INFLAenza","2026-06-06",1,"2026-06-13","Adults","quantile","0.025",87
"INFLAenza","2026-06-06",1,"2026-06-13","Adults","quantile","0.05",97
"INFLAenza","2026-06-06",1,"2026-06-13","Adults","quantile","0.1",110
"INFLAenza","2026-06-06",1,"2026-06-13","Adults","quantile","0.15",119
"INFLAenza","2026-06-06",1,"2026-06-13","Adults","quantile","0.2",126
"INFLAenza","2026-06-06",1,"2026-06-13","Adults","quantile","0.25",132
"INFLAenza","2026-06-06",1,"2026-06-13","Adults","quantile","0.3",138
"INFLAenza","2026-06-06",1,"2026-06-13","Adults","quantile","0.35",144
"INFLAenza","2026-06-06",1,"2026-06-13","Adults","quantile","0.4",149
"INFLAenza","2026-06-06",1,"2026-06-13","Adults","quantile","0.45",155
"INFLAenza","2026-06-06",1,"2026-06-13","Adults","quantile","0.5",161
"INFLAenza","2026-06-06",1,"2026-06-13","Adults","quantile","0.55",166
"INFLAenza","2026-06-06",1,"2026-06-13","Adults","quantile","0.6",172
"INFLAenza","2026-06-06",1,"2026-06-13","Adults","quantile","0.65",178
"INFLAenza","2026-06-06",1,"2026-06-13","Adults","quantile","0.7",186
"INFLAenza","2026-06-06",1,"2026-06-13","Adults","quantile","0.75",194
"INFLAenza","2026-06-06",1,"2026-06-13","Adults","quantile","0.8",205
"INFLAenza","2026-06-06",1,"2026-06-13","Adults","quantile","0.85",216
"INFLAenza","2026-06-06",1,"2026-06-13","Adults","quantile","0.9",232
"INFLAenza","2026-06-06",1,"2026-06-13","Adults","quantile","0.95",260
"INFLAenza","2026-06-06",1,"2026-06-13","Adults","quantile","0.975",287
"INFLAenza","2026-06-06",1,"2026-06-13","Adults","quantile","0.99",322
"INFLAenza","2026-06-06",1,"2026-06-13","Overall","quantile","0.01",163
"INFLAenza","2026-06-06",1,"2026-06-13","Overall","quantile","0.025",180
"INFLAenza","2026-06-06",1,"2026-06-13","Overall","quantile","0.05",195
"INFLAenza","2026-06-06",1,"2026-06-13","Overall","quantile","0.1",212
"INFLAenza","2026-06-06",1,"2026-06-13","Overall","quantile","0.15",223
"INFLAenza","2026-06-06",1,"2026-06-13","Overall","quantile","0.2",233
"INFLAenza","2026-06-06",1,"2026-06-13","Overall","quantile","0.25",241
"INFLAenza","2026-06-06",1,"2026-06-13","Overall","quantile","0.3",248
"INFLAenza","2026-06-06",1,"2026-06-13","Overall","quantile","0.35",256
"INFLAenza","2026-06-06",1,"2026-06-13","Overall","quantile","0.4",263
"INFLAenza","2026-06-06",1,"2026-06-13","Overall","quantile","0.45",270
"INFLAenza","2026-06-06",1,"2026-06-13","Overall","quantile","0.5",277
"INFLAenza","2026-06-06",1,"2026-06-13","Overall","quantile","0.55",284
"INFLAenza","2026-06-06",1,"2026-06-13","Overall","quantile","0.6",291
"INFLAenza","2026-06-06",1,"2026-06-13","Overall","quantile","0.65",299
"INFLAenza","2026-06-06",1,"2026-06-13","Overall","quantile","0.7",307
"INFLAenza","2026-06-06",1,"2026-06-13","Overall","quantile","0.75",316
"INFLAenza","2026-06-06",1,"2026-06-13","Overall","quantile","0.8",328
"INFLAenza","2026-06-06",1,"2026-06-13","Overall","quantile","0.85",342
"INFLAenza","2026-06-06",1,"2026-06-13","Overall","quantile","0.9",361
"INFLAenza","2026-06-06",1,"2026-06-13","Overall","quantile","0.95",393
"INFLAenza","2026-06-06",1,"2026-06-13","Overall","quantile","0.975",421
"INFLAenza","2026-06-06",1,"2026-06-13","Overall","quantile","0.99",457
"INFLAenza","2026-06-06",1,"2026-06-13","Pediatrics","quantile","0.01",54
"INFLAenza","2026-06-06",1,"2026-06-13","Pediatrics","quantile","0.025",62
"INFLAenza","2026-06-06",1,"2026-06-13","Pediatrics","quantile","0.05",68
"INFLAenza","2026-06-06",1,"2026-06-13","Pediatrics","quantile","0.1",76
"INFLAenza","2026-06-06",1,"2026-06-13","Pediatrics","quantile","0.15",81
"INFLAenza","2026-06-06",1,"2026-06-13","Pediatrics","quantile","0.2",87
"INFLAenza","2026-06-06",1,"2026-06-13","Pediatrics","quantile","0.25",91
"INFLAenza","2026-06-06",1,"2026-06-13","Pediatrics","quantile","0.3",95
"INFLAenza","2026-06-06",1,"2026-06-13","Pediatrics","quantile","0.35",99
"INFLAenza","2026-06-06",1,"2026-06-13","Pediatrics","quantile","0.4",103
"INFLAenza","2026-06-06",1,"2026-06-13","Pediatrics","quantile","0.45",108
"INFLAenza","2026-06-06",1,"2026-06-13","Pediatrics","quantile","0.5",112
"INFLAenza","2026-06-06",1,"2026-06-13","Pediatrics","quantile","0.55",116
"INFLAenza","2026-06-06",1,"2026-06-13","Pediatrics","quantile","0.6",120
"INFLAenza","2026-06-06",1,"2026-06-13","Pediatrics","quantile","0.65",125
"INFLAenza","2026-06-06",1,"2026-06-13","Pediatrics","quantile","0.7",130
"INFLAenza","2026-06-06",1,"2026-06-13","Pediatrics","quantile","0.75",136
"INFLAenza","2026-06-06",1,"2026-06-13","Pediatrics","quantile","0.8",142
"INFLAenza","2026-06-06",1,"2026-06-13","Pediatrics","quantile","0.85",150
"INFLAenza","2026-06-06",1,"2026-06-13","Pediatrics","quantile","0.9",160
"INFLAenza","2026-06-06",1,"2026-06-13","Pediatrics","quantile","0.95",177
"INFLAenza","2026-06-06",1,"2026-06-13","Pediatrics","quantile","0.975",192
"INFLAenza","2026-06-06",1,"2026-06-13","Pediatrics","quantile","0.99",215
"INFLAenza","2026-06-06",2,"2026-06-20","Adults","quantile","0.01",73
"INFLAenza","2026-06-06",2,"2026-06-20","Adults","quantile","0.025",84
"INFLAenza","2026-06-06",2,"2026-06-20","Adults","quantile","0.05",92
"INFLAenza","2026-06-06",2,"2026-06-20","Adults","quantile","0.1",104
"INFLAenza","2026-06-06",2,"2026-06-20","Adults","quantile","0.15",113
"INFLAenza","2026-06-06",2,"2026-06-20","Adults","quantile","0.2",120
"INFLAenza","2026-06-06",2,"2026-06-20","Adults","quantile","0.25",127
"INFLAenza","2026-06-06",2,"2026-06-20","Adults","quantile","0.3",133
"INFLAenza","2026-06-06",2,"2026-06-20","Adults","quantile","0.35",139
"INFLAenza","2026-06-06",2,"2026-06-20","Adults","quantile","0.4",145
"INFLAenza","2026-06-06",2,"2026-06-20","Adults","quantile","0.45",150
"INFLAenza","2026-06-06",2,"2026-06-20","Adults","quantile","0.5",156
"INFLAenza","2026-06-06",2,"2026-06-20","Adults","quantile","0.55",162
"INFLAenza","2026-06-06",2,"2026-06-20","Adults","quantile","0.6",170
"INFLAenza","2026-06-06",2,"2026-06-20","Adults","quantile","0.65",176
"INFLAenza","2026-06-06",2,"2026-06-20","Adults","quantile","0.7",184
"INFLAenza","2026-06-06",2,"2026-06-20","Adults","quantile","0.75",193
"INFLAenza","2026-06-06",2,"2026-06-20","Adults","quantile","0.8",203
"INFLAenza","2026-06-06",2,"2026-06-20","Adults","quantile","0.85",216
"INFLAenza","2026-06-06",2,"2026-06-20","Adults","quantile","0.9",232
"INFLAenza","2026-06-06",2,"2026-06-20","Adults","quantile","0.95",259
"INFLAenza","2026-06-06",2,"2026-06-20","Adults","quantile","0.975",290
"INFLAenza","2026-06-06",2,"2026-06-20","Adults","quantile","0.99",325
"INFLAenza","2026-06-06",2,"2026-06-20","Overall","quantile","0.01",155
"INFLAenza","2026-06-06",2,"2026-06-20","Overall","quantile","0.025",175
"INFLAenza","2026-06-06",2,"2026-06-20","Overall","quantile","0.05",186
"INFLAenza","2026-06-06",2,"2026-06-20","Overall","quantile","0.1",202
"INFLAenza","2026-06-06",2,"2026-06-20","Overall","quantile","0.15",214
"INFLAenza","2026-06-06",2,"2026-06-20","Overall","quantile","0.2",224
"INFLAenza","2026-06-06",2,"2026-06-20","Overall","quantile","0.25",232
"INFLAenza","2026-06-06",2,"2026-06-20","Overall","quantile","0.3",241
"INFLAenza","2026-06-06",2,"2026-06-20","Overall","quantile","0.35",249
"INFLAenza","2026-06-06",2,"2026-06-20","Overall","quantile","0.4",256
"INFLAenza","2026-06-06",2,"2026-06-20","Overall","quantile","0.45",263
"INFLAenza","2026-06-06",2,"2026-06-20","Overall","quantile","0.5",270
"INFLAenza","2026-06-06",2,"2026-06-20","Overall","quantile","0.55",277
"INFLAenza","2026-06-06",2,"2026-06-20","Overall","quantile","0.6",286
"INFLAenza","2026-06-06",2,"2026-06-20","Overall","quantile","0.65",294
"INFLAenza","2026-06-06",2,"2026-06-20","Overall","quantile","0.7",305
"INFLAenza","2026-06-06",2,"2026-06-20","Overall","quantile","0.75",315
"INFLAenza","2026-06-06",2,"2026-06-20","Overall","quantile","0.8",327
"INFLAenza","2026-06-06",2,"2026-06-20","Overall","quantile","0.85",341
"INFLAenza","2026-06-06",2,"2026-06-20","Overall","quantile","0.9",359
"INFLAenza","2026-06-06",2,"2026-06-20","Overall","quantile","0.95",390
"INFLAenza","2026-06-06",2,"2026-06-20","Overall","quantile","0.975",421
"INFLAenza","2026-06-06",2,"2026-06-20","Overall","quantile","0.99",458
"INFLAenza","2026-06-06",2,"2026-06-20","Pediatrics","quantile","0.01",50
"INFLAenza","2026-06-06",2,"2026-06-20","Pediatrics","quantile","0.025",58
"INFLAenza","2026-06-06",2,"2026-06-20","Pediatrics","quantile","0.05",63
"INFLAenza","2026-06-06",2,"2026-06-20","Pediatrics","quantile","0.1",72
"INFLAenza","2026-06-06",2,"2026-06-20","Pediatrics","quantile","0.15",78
"INFLAenza","2026-06-06",2,"2026-06-20","Pediatrics","quantile","0.2",83
"INFLAenza","2026-06-06",2,"2026-06-20","Pediatrics","quantile","0.25",88
"INFLAenza","2026-06-06",2,"2026-06-20","Pediatrics","quantile","0.3",92
"INFLAenza","2026-06-06",2,"2026-06-20","Pediatrics","quantile","0.35",96
"INFLAenza","2026-06-06",2,"2026-06-20","Pediatrics","quantile","0.4",100
"INFLAenza","2026-06-06",2,"2026-06-20","Pediatrics","quantile","0.45",104
"INFLAenza","2026-06-06",2,"2026-06-20","Pediatrics","quantile","0.5",109
"INFLAenza","2026-06-06",2,"2026-06-20","Pediatrics","quantile","0.55",113
"INFLAenza","2026-06-06",2,"2026-06-20","Pediatrics","quantile","0.6",117
"INFLAenza","2026-06-06",2,"2026-06-20","Pediatrics","quantile","0.65",122
"INFLAenza","2026-06-06",2,"2026-06-20","Pediatrics","quantile","0.7",127
"INFLAenza","2026-06-06",2,"2026-06-20","Pediatrics","quantile","0.75",134
"INFLAenza","2026-06-06",2,"2026-06-20","Pediatrics","quantile","0.8",141
"INFLAenza","2026-06-06",2,"2026-06-20","Pediatrics","quantile","0.85",150
"INFLAenza","2026-06-06",2,"2026-06-20","Pediatrics","quantile","0.9",160
"INFLAenza","2026-06-06",2,"2026-06-20","Pediatrics","quantile","0.95",180
"INFLAenza","2026-06-06",2,"2026-06-20","Pediatrics","quantile","0.975",197
"INFLAenza","2026-06-06",2,"2026-06-20","Pediatrics","quantile","0.99",219
"INFLAenza","2026-06-06",3,"2026-06-27","Adults","quantile","0.01",65
"INFLAenza","2026-06-06",3,"2026-06-27","Adults","quantile","0.025",77
"INFLAenza","2026-06-06",3,"2026-06-27","Adults","quantile","0.05",86
"INFLAenza","2026-06-06",3,"2026-06-27","Adults","quantile","0.1",98
"INFLAenza","2026-06-06",3,"2026-06-27","Adults","quantile","0.15",106
"INFLAenza","2026-06-06",3,"2026-06-27","Adults","quantile","0.2",113
"INFLAenza","2026-06-06",3,"2026-06-27","Adults","quantile","0.25",119
"INFLAenza","2026-06-06",3,"2026-06-27","Adults","quantile","0.3",125
"INFLAenza","2026-06-06",3,"2026-06-27","Adults","quantile","0.35",130
"INFLAenza","2026-06-06",3,"2026-06-27","Adults","quantile","0.4",136
"INFLAenza","2026-06-06",3,"2026-06-27","Adults","quantile","0.45",142
"INFLAenza","2026-06-06",3,"2026-06-27","Adults","quantile","0.5",149
"INFLAenza","2026-06-06",3,"2026-06-27","Adults","quantile","0.55",155
"INFLAenza","2026-06-06",3,"2026-06-27","Adults","quantile","0.6",162
"INFLAenza","2026-06-06",3,"2026-06-27","Adults","quantile","0.65",169
"INFLAenza","2026-06-06",3,"2026-06-27","Adults","quantile","0.7",177
"INFLAenza","2026-06-06",3,"2026-06-27","Adults","quantile","0.75",186
"INFLAenza","2026-06-06",3,"2026-06-27","Adults","quantile","0.8",195
"INFLAenza","2026-06-06",3,"2026-06-27","Adults","quantile","0.85",208
"INFLAenza","2026-06-06",3,"2026-06-27","Adults","quantile","0.9",224
"INFLAenza","2026-06-06",3,"2026-06-27","Adults","quantile","0.95",253
"INFLAenza","2026-06-06",3,"2026-06-27","Adults","quantile","0.975",277
"INFLAenza","2026-06-06",3,"2026-06-27","Adults","quantile","0.99",315
"INFLAenza","2026-06-06",3,"2026-06-27","Overall","quantile","0.01",143
"INFLAenza","2026-06-06",3,"2026-06-27","Overall","quantile","0.025",159
"INFLAenza","2026-06-06",3,"2026-06-27","Overall","quantile","0.05",173
"INFLAenza","2026-06-06",3,"2026-06-27","Overall","quantile","0.1",190
"INFLAenza","2026-06-06",3,"2026-06-27","Overall","quantile","0.15",201
"INFLAenza","2026-06-06",3,"2026-06-27","Overall","quantile","0.2",210
"INFLAenza","2026-06-06",3,"2026-06-27","Overall","quantile","0.25",220
"INFLAenza","2026-06-06",3,"2026-06-27","Overall","quantile","0.3",228
"INFLAenza","2026-06-06",3,"2026-06-27","Overall","quantile","0.35",236
"INFLAenza","2026-06-06",3,"2026-06-27","Overall","quantile","0.4",242
"INFLAenza","2026-06-06",3,"2026-06-27","Overall","quantile","0.45",250
"INFLAenza","2026-06-06",3,"2026-06-27","Overall","quantile","0.5",257
"INFLAenza","2026-06-06",3,"2026-06-27","Overall","quantile","0.55",266
"INFLAenza","2026-06-06",3,"2026-06-27","Overall","quantile","0.6",273
"INFLAenza","2026-06-06",3,"2026-06-27","Overall","quantile","0.65",281
"INFLAenza","2026-06-06",3,"2026-06-27","Overall","quantile","0.7",290
"INFLAenza","2026-06-06",3,"2026-06-27","Overall","quantile","0.75",301
"INFLAenza","2026-06-06",3,"2026-06-27","Overall","quantile","0.8",314
"INFLAenza","2026-06-06",3,"2026-06-27","Overall","quantile","0.85",329
"INFLAenza","2026-06-06",3,"2026-06-27","Overall","quantile","0.9",348
"INFLAenza","2026-06-06",3,"2026-06-27","Overall","quantile","0.95",379
"INFLAenza","2026-06-06",3,"2026-06-27","Overall","quantile","0.975",409
"INFLAenza","2026-06-06",3,"2026-06-27","Overall","quantile","0.99",449
"INFLAenza","2026-06-06",3,"2026-06-27","Pediatrics","quantile","0.01",45
"INFLAenza","2026-06-06",3,"2026-06-27","Pediatrics","quantile","0.025",53
"INFLAenza","2026-06-06",3,"2026-06-27","Pediatrics","quantile","0.05",58
"INFLAenza","2026-06-06",3,"2026-06-27","Pediatrics","quantile","0.1",66
"INFLAenza","2026-06-06",3,"2026-06-27","Pediatrics","quantile","0.15",72
"INFLAenza","2026-06-06",3,"2026-06-27","Pediatrics","quantile","0.2",77
"INFLAenza","2026-06-06",3,"2026-06-27","Pediatrics","quantile","0.25",81
"INFLAenza","2026-06-06",3,"2026-06-27","Pediatrics","quantile","0.3",86
"INFLAenza","2026-06-06",3,"2026-06-27","Pediatrics","quantile","0.35",90
"INFLAenza","2026-06-06",3,"2026-06-27","Pediatrics","quantile","0.4",95
"INFLAenza","2026-06-06",3,"2026-06-27","Pediatrics","quantile","0.45",99
"INFLAenza","2026-06-06",3,"2026-06-27","Pediatrics","quantile","0.5",103
"INFLAenza","2026-06-06",3,"2026-06-27","Pediatrics","quantile","0.55",107
"INFLAenza","2026-06-06",3,"2026-06-27","Pediatrics","quantile","0.6",112
"INFLAenza","2026-06-06",3,"2026-06-27","Pediatrics","quantile","0.65",117
"INFLAenza","2026-06-06",3,"2026-06-27","Pediatrics","quantile","0.7",122
"INFLAenza","2026-06-06",3,"2026-06-27","Pediatrics","quantile","0.75",128
"INFLAenza","2026-06-06",3,"2026-06-27","Pediatrics","quantile","0.8",136
"INFLAenza","2026-06-06",3,"2026-06-27","Pediatrics","quantile","0.85",145
"INFLAenza","2026-06-06",3,"2026-06-27","Pediatrics","quantile","0.9",156
"INFLAenza","2026-06-06",3,"2026-06-27","Pediatrics","quantile","0.95",175
"INFLAenza","2026-06-06",3,"2026-06-27","Pediatrics","quantile","0.975",194
"INFLAenza","2026-06-06",3,"2026-06-27","Pediatrics","quantile","0.99",221
"Copycat","2026-06-06",-2,"2026-05-23","Adults","quantile","0.01",107
"Copycat","2026-06-06",-2,"2026-05-23","Adults","quantile","0.025",114
"Copycat","2026-06-06",-2,"2026-05-23","Adults","quantile","0.05",118
"Copycat","2026-06-06",-2,"2026-05-23","Adults","quantile","0.1",125
"Copycat","2026-06-06",-2,"2026-05-23","Adults","quantile","0.15",128
"Copycat","2026-06-06",-2,"2026-05-23","Adults","quantile","0.2",131
"Copycat","2026-06-06",-2,"2026-05-23","Adults","quantile","0.25",133
"Copycat","2026-06-06",-2,"2026-05-23","Adults","quantile","0.3",136
"Copycat","2026-06-06",-2,"2026-05-23","Adults","quantile","0.35",138
"Copycat","2026-06-06",-2,"2026-05-23","Adults","quantile","0.4",140
"Copycat","2026-06-06",-2,"2026-05-23","Adults","quantile","0.45",143
"Copycat","2026-06-06",-2,"2026-05-23","Adults","quantile","0.5",145
"Copycat","2026-06-06",-2,"2026-05-23","Adults","quantile","0.55",147
"Copycat","2026-06-06",-2,"2026-05-23","Adults","quantile","0.6",150
"Copycat","2026-06-06",-2,"2026-05-23","Adults","quantile","0.65",151
"Copycat","2026-06-06",-2,"2026-05-23","Adults","quantile","0.7",154
"Copycat","2026-06-06",-2,"2026-05-23","Adults","quantile","0.75",157
"Copycat","2026-06-06",-2,"2026-05-23","Adults","quantile","0.8",160
"Copycat","2026-06-06",-2,"2026-05-23","Adults","quantile","0.85",162
"Copycat","2026-06-06",-2,"2026-05-23","Adults","quantile","0.9",167
"Copycat","2026-06-06",-2,"2026-05-23","Adults","quantile","0.95",175
"Copycat","2026-06-06",-2,"2026-05-23","Adults","quantile","0.975",181
"Copycat","2026-06-06",-2,"2026-05-23","Adults","quantile","0.99",192
"Copycat","2026-06-06",-1,"2026-05-30","Adults","quantile","0.01",101
"Copycat","2026-06-06",-1,"2026-05-30","Adults","quantile","0.025",108
"Copycat","2026-06-06",-1,"2026-05-30","Adults","quantile","0.05",116
"Copycat","2026-06-06",-1,"2026-05-30","Adults","quantile","0.1",123
"Copycat","2026-06-06",-1,"2026-05-30","Adults","quantile","0.15",128
"Copycat","2026-06-06",-1,"2026-05-30","Adults","quantile","0.2",132
"Copycat","2026-06-06",-1,"2026-05-30","Adults","quantile","0.25",135
"Copycat","2026-06-06",-1,"2026-05-30","Adults","quantile","0.3",139
"Copycat","2026-06-06",-1,"2026-05-30","Adults","quantile","0.35",142
"Copycat","2026-06-06",-1,"2026-05-30","Adults","quantile","0.4",145
"Copycat","2026-06-06",-1,"2026-05-30","Adults","quantile","0.45",147
"Copycat","2026-06-06",-1,"2026-05-30","Adults","quantile","0.5",150
"Copycat","2026-06-06",-1,"2026-05-30","Adults","quantile","0.55",153
"Copycat","2026-06-06",-1,"2026-05-30","Adults","quantile","0.6",157
"Copycat","2026-06-06",-1,"2026-05-30","Adults","quantile","0.65",160
"Copycat","2026-06-06",-1,"2026-05-30","Adults","quantile","0.7",163
"Copycat","2026-06-06",-1,"2026-05-30","Adults","quantile","0.75",166
"Copycat","2026-06-06",-1,"2026-05-30","Adults","quantile","0.8",170
"Copycat","2026-06-06",-1,"2026-05-30","Adults","quantile","0.85",175
"Copycat","2026-06-06",-1,"2026-05-30","Adults","quantile","0.9",180
"Copycat","2026-06-06",-1,"2026-05-30","Adults","quantile","0.95",190
"Copycat","2026-06-06",-1,"2026-05-30","Adults","quantile","0.975",203
"Copycat","2026-06-06",-1,"2026-05-30","Adults","quantile","0.99",215
"Copycat","2026-06-06",0,"2026-06-06","Adults","quantile","0.01",90
"Copycat","2026-06-06",0,"2026-06-06","Adults","quantile","0.025",102
"Copycat","2026-06-06",0,"2026-06-06","Adults","quantile","0.05",108
"Copycat","2026-06-06",0,"2026-06-06","Adults","quantile","0.1",116
"Copycat","2026-06-06",0,"2026-06-06","Adults","quantile","0.15",123
"Copycat","2026-06-06",0,"2026-06-06","Adults","quantile","0.2",127
"Copycat","2026-06-06",0,"2026-06-06","Adults","quantile","0.25",132
"Copycat","2026-06-06",0,"2026-06-06","Adults","quantile","0.3",135
"Copycat","2026-06-06",0,"2026-06-06","Adults","quantile","0.35",139
"Copycat","2026-06-06",0,"2026-06-06","Adults","quantile","0.4",143
"Copycat","2026-06-06",0,"2026-06-06","Adults","quantile","0.45",146
"Copycat","2026-06-06",0,"2026-06-06","Adults","quantile","0.5",149
"Copycat","2026-06-06",0,"2026-06-06","Adults","quantile","0.55",153
"Copycat","2026-06-06",0,"2026-06-06","Adults","quantile","0.6",158
"Copycat","2026-06-06",0,"2026-06-06","Adults","quantile","0.65",163
"Copycat","2026-06-06",0,"2026-06-06","Adults","quantile","0.7",168
"Copycat","2026-06-06",0,"2026-06-06","Adults","quantile","0.75",172
"Copycat","2026-06-06",0,"2026-06-06","Adults","quantile","0.8",178
"Copycat","2026-06-06",0,"2026-06-06","Adults","quantile","0.85",185
"Copycat","2026-06-06",0,"2026-06-06","Adults","quantile","0.9",194
"Copycat","2026-06-06",0,"2026-06-06","Adults","quantile","0.95",210
"Copycat","2026-06-06",0,"2026-06-06","Adults","quantile","0.975",226
"Copycat","2026-06-06",0,"2026-06-06","Adults","quantile","0.99",250
"Copycat","2026-06-06",1,"2026-06-13","Adults","quantile","0.01",86
"Copycat","2026-06-06",1,"2026-06-13","Adults","quantile","0.025",94
"Copycat","2026-06-06",1,"2026-06-13","Adults","quantile","0.05",103
"Copycat","2026-06-06",1,"2026-06-13","Adults","quantile","0.1",109
"Copycat","2026-06-06",1,"2026-06-13","Adults","quantile","0.15",116
"Copycat","2026-06-06",1,"2026-06-13","Adults","quantile","0.2",121
"Copycat","2026-06-06",1,"2026-06-13","Adults","quantile","0.25",126
"Copycat","2026-06-06",1,"2026-06-13","Adults","quantile","0.3",132
"Copycat","2026-06-06",1,"2026-06-13","Adults","quantile","0.35",135
"Copycat","2026-06-06",1,"2026-06-13","Adults","quantile","0.4",140
"Copycat","2026-06-06",1,"2026-06-13","Adults","quantile","0.45",144
"Copycat","2026-06-06",1,"2026-06-13","Adults","quantile","0.5",149
"Copycat","2026-06-06",1,"2026-06-13","Adults","quantile","0.55",154
"Copycat","2026-06-06",1,"2026-06-13","Adults","quantile","0.6",158
"Copycat","2026-06-06",1,"2026-06-13","Adults","quantile","0.65",164
"Copycat","2026-06-06",1,"2026-06-13","Adults","quantile","0.7",168
"Copycat","2026-06-06",1,"2026-06-13","Adults","quantile","0.75",173
"Copycat","2026-06-06",1,"2026-06-13","Adults","quantile","0.8",181
"Copycat","2026-06-06",1,"2026-06-13","Adults","quantile","0.85",189
"Copycat","2026-06-06",1,"2026-06-13","Adults","quantile","0.9",200
"Copycat","2026-06-06",1,"2026-06-13","Adults","quantile","0.95",219
"Copycat","2026-06-06",1,"2026-06-13","Adults","quantile","0.975",238
"Copycat","2026-06-06",1,"2026-06-13","Adults","quantile","0.99",262
"Copycat","2026-06-06",2,"2026-06-20","Adults","quantile","0.01",76
"Copycat","2026-06-06",2,"2026-06-20","Adults","quantile","0.025",83
"Copycat","2026-06-06",2,"2026-06-20","Adults","quantile","0.05",94
"Copycat","2026-06-06",2,"2026-06-20","Adults","quantile","0.1",104
"Copycat","2026-06-06",2,"2026-06-20","Adults","quantile","0.15",111
"Copycat","2026-06-06",2,"2026-06-20","Adults","quantile","0.2",117
"Copycat","2026-06-06",2,"2026-06-20","Adults","quantile","0.25",121
"Copycat","2026-06-06",2,"2026-06-20","Adults","quantile","0.3",127
"Copycat","2026-06-06",2,"2026-06-20","Adults","quantile","0.35",131
"Copycat","2026-06-06",2,"2026-06-20","Adults","quantile","0.4",134
"Copycat","2026-06-06",2,"2026-06-20","Adults","quantile","0.45",139
"Copycat","2026-06-06",2,"2026-06-20","Adults","quantile","0.5",144
"Copycat","2026-06-06",2,"2026-06-20","Adults","quantile","0.55",150
"Copycat","2026-06-06",2,"2026-06-20","Adults","quantile","0.6",154
"Copycat","2026-06-06",2,"2026-06-20","Adults","quantile","0.65",160
"Copycat","2026-06-06",2,"2026-06-20","Adults","quantile","0.7",166
"Copycat","2026-06-06",2,"2026-06-20","Adults","quantile","0.75",174
"Copycat","2026-06-06",2,"2026-06-20","Adults","quantile","0.8",181
"Copycat","2026-06-06",2,"2026-06-20","Adults","quantile","0.85",189
"Copycat","2026-06-06",2,"2026-06-20","Adults","quantile","0.9",200
"Copycat","2026-06-06",2,"2026-06-20","Adults","quantile","0.95",223
"Copycat","2026-06-06",2,"2026-06-20","Adults","quantile","0.975",252
"Copycat","2026-06-06",2,"2026-06-20","Adults","quantile","0.99",273
"Copycat","2026-06-06",3,"2026-06-27","Adults","quantile","0.01",67
"Copycat","2026-06-06",3,"2026-06-27","Adults","quantile","0.025",79
"Copycat","2026-06-06",3,"2026-06-27","Adults","quantile","0.05",88
"Copycat","2026-06-06",3,"2026-06-27","Adults","quantile","0.1",96
"Copycat","2026-06-06",3,"2026-06-27","Adults","quantile","0.15",104
"Copycat","2026-06-06",3,"2026-06-27","Adults","quantile","0.2",110
"Copycat","2026-06-06",3,"2026-06-27","Adults","quantile","0.25",115
"Copycat","2026-06-06",3,"2026-06-27","Adults","quantile","0.3",120
"Copycat","2026-06-06",3,"2026-06-27","Adults","quantile","0.35",124
"Copycat","2026-06-06",3,"2026-06-27","Adults","quantile","0.4",128
"Copycat","2026-06-06",3,"2026-06-27","Adults","quantile","0.45",134
"Copycat","2026-06-06",3,"2026-06-27","Adults","quantile","0.5",139
"Copycat","2026-06-06",3,"2026-06-27","Adults","quantile","0.55",144
"Copycat","2026-06-06",3,"2026-06-27","Adults","quantile","0.6",150
"Copycat","2026-06-06",3,"2026-06-27","Adults","quantile","0.65",155
"Copycat","2026-06-06",3,"2026-06-27","Adults","quantile","0.7",161
"Copycat","2026-06-06",3,"2026-06-27","Adults","quantile","0.75",167
"Copycat","2026-06-06",3,"2026-06-27","Adults","quantile","0.8",174
"Copycat","2026-06-06",3,"2026-06-27","Adults","quantile","0.85",185
"Copycat","2026-06-06",3,"2026-06-27","Adults","quantile","0.9",198
"Copycat","2026-06-06",3,"2026-06-27","Adults","quantile","0.95",226
"Copycat","2026-06-06",3,"2026-06-27","Adults","quantile","0.975",252
"Copycat","2026-06-06",3,"2026-06-27","Adults","quantile","0.99",267
"Copycat","2026-06-06",-2,"2026-05-23","Overall","quantile","0.01",194
"Copycat","2026-06-06",-2,"2026-05-23","Overall","quantile","0.025",203
"Copycat","2026-06-06",-2,"2026-05-23","Overall","quantile","0.05",210
"Copycat","2026-06-06",-2,"2026-05-23","Overall","quantile","0.1",219
"Copycat","2026-06-06",-2,"2026-05-23","Overall","quantile","0.15",226
"Copycat","2026-06-06",-2,"2026-05-23","Overall","quantile","0.2",231
"Copycat","2026-06-06",-2,"2026-05-23","Overall","quantile","0.25",235
"Copycat","2026-06-06",-2,"2026-05-23","Overall","quantile","0.3",240
"Copycat","2026-06-06",-2,"2026-05-23","Overall","quantile","0.35",244
"Copycat","2026-06-06",-2,"2026-05-23","Overall","quantile","0.4",247
"Copycat","2026-06-06",-2,"2026-05-23","Overall","quantile","0.45",250
"Copycat","2026-06-06",-2,"2026-05-23","Overall","quantile","0.5",254
"Copycat","2026-06-06",-2,"2026-05-23","Overall","quantile","0.55",257
"Copycat","2026-06-06",-2,"2026-05-23","Overall","quantile","0.6",260
"Copycat","2026-06-06",-2,"2026-05-23","Overall","quantile","0.65",263
"Copycat","2026-06-06",-2,"2026-05-23","Overall","quantile","0.7",268
"Copycat","2026-06-06",-2,"2026-05-23","Overall","quantile","0.75",272
"Copycat","2026-06-06",-2,"2026-05-23","Overall","quantile","0.8",277
"Copycat","2026-06-06",-2,"2026-05-23","Overall","quantile","0.85",282
"Copycat","2026-06-06",-2,"2026-05-23","Overall","quantile","0.9",290
"Copycat","2026-06-06",-2,"2026-05-23","Overall","quantile","0.95",302
"Copycat","2026-06-06",-2,"2026-05-23","Overall","quantile","0.975",311
"Copycat","2026-06-06",-2,"2026-05-23","Overall","quantile","0.99",325
"Copycat","2026-06-06",-1,"2026-05-30","Overall","quantile","0.01",175
"Copycat","2026-06-06",-1,"2026-05-30","Overall","quantile","0.025",186
"Copycat","2026-06-06",-1,"2026-05-30","Overall","quantile","0.05",196
"Copycat","2026-06-06",-1,"2026-05-30","Overall","quantile","0.1",212
"Copycat","2026-06-06",-1,"2026-05-30","Overall","quantile","0.15",221
"Copycat","2026-06-06",-1,"2026-05-30","Overall","quantile","0.2",229
"Copycat","2026-06-06",-1,"2026-05-30","Overall","quantile","0.25",235
"Copycat","2026-06-06",-1,"2026-05-30","Overall","quantile","0.3",240
"Copycat","2026-06-06",-1,"2026-05-30","Overall","quantile","0.35",244
"Copycat","2026-06-06",-1,"2026-05-30","Overall","quantile","0.4",249
"Copycat","2026-06-06",-1,"2026-05-30","Overall","quantile","0.45",254
"Copycat","2026-06-06",-1,"2026-05-30","Overall","quantile","0.5",259
"Copycat","2026-06-06",-1,"2026-05-30","Overall","quantile","0.55",263
"Copycat","2026-06-06",-1,"2026-05-30","Overall","quantile","0.6",269
"Copycat","2026-06-06",-1,"2026-05-30","Overall","quantile","0.65",274
"Copycat","2026-06-06",-1,"2026-05-30","Overall","quantile","0.7",281
"Copycat","2026-06-06",-1,"2026-05-30","Overall","quantile","0.75",288
"Copycat","2026-06-06",-1,"2026-05-30","Overall","quantile","0.8",295
"Copycat","2026-06-06",-1,"2026-05-30","Overall","quantile","0.85",305
"Copycat","2026-06-06",-1,"2026-05-30","Overall","quantile","0.9",315
"Copycat","2026-06-06",-1,"2026-05-30","Overall","quantile","0.95",332
"Copycat","2026-06-06",-1,"2026-05-30","Overall","quantile","0.975",352
"Copycat","2026-06-06",-1,"2026-05-30","Overall","quantile","0.99",391
"Copycat","2026-06-06",0,"2026-06-06","Overall","quantile","0.01",164
"Copycat","2026-06-06",0,"2026-06-06","Overall","quantile","0.025",174
"Copycat","2026-06-06",0,"2026-06-06","Overall","quantile","0.05",186
"Copycat","2026-06-06",0,"2026-06-06","Overall","quantile","0.1",201
"Copycat","2026-06-06",0,"2026-06-06","Overall","quantile","0.15",210
"Copycat","2026-06-06",0,"2026-06-06","Overall","quantile","0.2",221
"Copycat","2026-06-06",0,"2026-06-06","Overall","quantile","0.25",229
"Copycat","2026-06-06",0,"2026-06-06","Overall","quantile","0.3",235
"Copycat","2026-06-06",0,"2026-06-06","Overall","quantile","0.35",241
"Copycat","2026-06-06",0,"2026-06-06","Overall","quantile","0.4",248
"Copycat","2026-06-06",0,"2026-06-06","Overall","quantile","0.45",254
"Copycat","2026-06-06",0,"2026-06-06","Overall","quantile","0.5",260
"Copycat","2026-06-06",0,"2026-06-06","Overall","quantile","0.55",268
"Copycat","2026-06-06",0,"2026-06-06","Overall","quantile","0.6",274
"Copycat","2026-06-06",0,"2026-06-06","Overall","quantile","0.65",281
"Copycat","2026-06-06",0,"2026-06-06","Overall","quantile","0.7",288
"Copycat","2026-06-06",0,"2026-06-06","Overall","quantile","0.75",297
"Copycat","2026-06-06",0,"2026-06-06","Overall","quantile","0.8",309
"Copycat","2026-06-06",0,"2026-06-06","Overall","quantile","0.85",324
"Copycat","2026-06-06",0,"2026-06-06","Overall","quantile","0.9",339
"Copycat","2026-06-06",0,"2026-06-06","Overall","quantile","0.95",370
"Copycat","2026-06-06",0,"2026-06-06","Overall","quantile","0.975",402
"Copycat","2026-06-06",0,"2026-06-06","Overall","quantile","0.99",442
"Copycat","2026-06-06",1,"2026-06-13","Overall","quantile","0.01",144
"Copycat","2026-06-06",1,"2026-06-13","Overall","quantile","0.025",158
"Copycat","2026-06-06",1,"2026-06-13","Overall","quantile","0.05",173
"Copycat","2026-06-06",1,"2026-06-13","Overall","quantile","0.1",186
"Copycat","2026-06-06",1,"2026-06-13","Overall","quantile","0.15",197
"Copycat","2026-06-06",1,"2026-06-13","Overall","quantile","0.2",208
"Copycat","2026-06-06",1,"2026-06-13","Overall","quantile","0.25",219
"Copycat","2026-06-06",1,"2026-06-13","Overall","quantile","0.3",228
"Copycat","2026-06-06",1,"2026-06-13","Overall","quantile","0.35",237
"Copycat","2026-06-06",1,"2026-06-13","Overall","quantile","0.4",243
"Copycat","2026-06-06",1,"2026-06-13","Overall","quantile","0.45",251
"Copycat","2026-06-06",1,"2026-06-13","Overall","quantile","0.5",258
"Copycat","2026-06-06",1,"2026-06-13","Overall","quantile","0.55",264
"Copycat","2026-06-06",1,"2026-06-13","Overall","quantile","0.6",270
"Copycat","2026-06-06",1,"2026-06-13","Overall","quantile","0.65",280
"Copycat","2026-06-06",1,"2026-06-13","Overall","quantile","0.7",290
"Copycat","2026-06-06",1,"2026-06-13","Overall","quantile","0.75",300
"Copycat","2026-06-06",1,"2026-06-13","Overall","quantile","0.8",312
"Copycat","2026-06-06",1,"2026-06-13","Overall","quantile","0.85",326
"Copycat","2026-06-06",1,"2026-06-13","Overall","quantile","0.9",354
"Copycat","2026-06-06",1,"2026-06-13","Overall","quantile","0.95",394
"Copycat","2026-06-06",1,"2026-06-13","Overall","quantile","0.975",418
"Copycat","2026-06-06",1,"2026-06-13","Overall","quantile","0.99",472
"Copycat","2026-06-06",2,"2026-06-20","Overall","quantile","0.01",136
"Copycat","2026-06-06",2,"2026-06-20","Overall","quantile","0.025",150
"Copycat","2026-06-06",2,"2026-06-20","Overall","quantile","0.05",159
"Copycat","2026-06-06",2,"2026-06-20","Overall","quantile","0.1",176
"Copycat","2026-06-06",2,"2026-06-20","Overall","quantile","0.15",188
"Copycat","2026-06-06",2,"2026-06-20","Overall","quantile","0.2",198
"Copycat","2026-06-06",2,"2026-06-20","Overall","quantile","0.25",211
"Copycat","2026-06-06",2,"2026-06-20","Overall","quantile","0.3",218
"Copycat","2026-06-06",2,"2026-06-20","Overall","quantile","0.35",227
"Copycat","2026-06-06",2,"2026-06-20","Overall","quantile","0.4",235
"Copycat","2026-06-06",2,"2026-06-20","Overall","quantile","0.45",243
"Copycat","2026-06-06",2,"2026-06-20","Overall","quantile","0.5",250
"Copycat","2026-06-06",2,"2026-06-20","Overall","quantile","0.55",257
"Copycat","2026-06-06",2,"2026-06-20","Overall","quantile","0.6",264
"Copycat","2026-06-06",2,"2026-06-20","Overall","quantile","0.65",274
"Copycat","2026-06-06",2,"2026-06-20","Overall","quantile","0.7",285
"Copycat","2026-06-06",2,"2026-06-20","Overall","quantile","0.75",296
"Copycat","2026-06-06",2,"2026-06-20","Overall","quantile","0.8",312
"Copycat","2026-06-06",2,"2026-06-20","Overall","quantile","0.85",332
"Copycat","2026-06-06",2,"2026-06-20","Overall","quantile","0.9",355
"Copycat","2026-06-06",2,"2026-06-20","Overall","quantile","0.95",400
"Copycat","2026-06-06",2,"2026-06-20","Overall","quantile","0.975",436
"Copycat","2026-06-06",2,"2026-06-20","Overall","quantile","0.99",503
"Copycat","2026-06-06",3,"2026-06-27","Overall","quantile","0.01",112
"Copycat","2026-06-06",3,"2026-06-27","Overall","quantile","0.025",130
"Copycat","2026-06-06",3,"2026-06-27","Overall","quantile","0.05",146
"Copycat","2026-06-06",3,"2026-06-27","Overall","quantile","0.1",168
"Copycat","2026-06-06",3,"2026-06-27","Overall","quantile","0.15",179
"Copycat","2026-06-06",3,"2026-06-27","Overall","quantile","0.2",189
"Copycat","2026-06-06",3,"2026-06-27","Overall","quantile","0.25",196
"Copycat","2026-06-06",3,"2026-06-27","Overall","quantile","0.3",204
"Copycat","2026-06-06",3,"2026-06-27","Overall","quantile","0.35",212
"Copycat","2026-06-06",3,"2026-06-27","Overall","quantile","0.4",222
"Copycat","2026-06-06",3,"2026-06-27","Overall","quantile","0.45",232
"Copycat","2026-06-06",3,"2026-06-27","Overall","quantile","0.5",242
"Copycat","2026-06-06",3,"2026-06-27","Overall","quantile","0.55",249
"Copycat","2026-06-06",3,"2026-06-27","Overall","quantile","0.6",258
"Copycat","2026-06-06",3,"2026-06-27","Overall","quantile","0.65",270
"Copycat","2026-06-06",3,"2026-06-27","Overall","quantile","0.7",281
"Copycat","2026-06-06",3,"2026-06-27","Overall","quantile","0.75",291
"Copycat","2026-06-06",3,"2026-06-27","Overall","quantile","0.8",308
"Copycat","2026-06-06",3,"2026-06-27","Overall","quantile","0.85",324
"Copycat","2026-06-06",3,"2026-06-27","Overall","quantile","0.9",353
"Copycat","2026-06-06",3,"2026-06-27","Overall","quantile","0.95",391
"Copycat","2026-06-06",3,"2026-06-27","Overall","quantile","0.975",440
"Copycat","2026-06-06",3,"2026-06-27","Overall","quantile","0.99",479
"Copycat","2026-06-06",-2,"2026-05-23","Pediatrics","quantile","0.01",79
"Copycat","2026-06-06",-2,"2026-05-23","Pediatrics","quantile","0.025",82
"Copycat","2026-06-06",-2,"2026-05-23","Pediatrics","quantile","0.05",86
"Copycat","2026-06-06",-2,"2026-05-23","Pediatrics","quantile","0.1",91
"Copycat","2026-06-06",-2,"2026-05-23","Pediatrics","quantile","0.15",93
"Copycat","2026-06-06",-2,"2026-05-23","Pediatrics","quantile","0.2",96
"Copycat","2026-06-06",-2,"2026-05-23","Pediatrics","quantile","0.25",99
"Copycat","2026-06-06",-2,"2026-05-23","Pediatrics","quantile","0.3",101
"Copycat","2026-06-06",-2,"2026-05-23","Pediatrics","quantile","0.35",102
"Copycat","2026-06-06",-2,"2026-05-23","Pediatrics","quantile","0.4",104
"Copycat","2026-06-06",-2,"2026-05-23","Pediatrics","quantile","0.45",106
"Copycat","2026-06-06",-2,"2026-05-23","Pediatrics","quantile","0.5",108
"Copycat","2026-06-06",-2,"2026-05-23","Pediatrics","quantile","0.55",110
"Copycat","2026-06-06",-2,"2026-05-23","Pediatrics","quantile","0.6",111
"Copycat","2026-06-06",-2,"2026-05-23","Pediatrics","quantile","0.65",113
"Copycat","2026-06-06",-2,"2026-05-23","Pediatrics","quantile","0.7",115
"Copycat","2026-06-06",-2,"2026-05-23","Pediatrics","quantile","0.75",117
"Copycat","2026-06-06",-2,"2026-05-23","Pediatrics","quantile","0.8",120
"Copycat","2026-06-06",-2,"2026-05-23","Pediatrics","quantile","0.85",123
"Copycat","2026-06-06",-2,"2026-05-23","Pediatrics","quantile","0.9",126
"Copycat","2026-06-06",-2,"2026-05-23","Pediatrics","quantile","0.95",131
"Copycat","2026-06-06",-2,"2026-05-23","Pediatrics","quantile","0.975",137
"Copycat","2026-06-06",-2,"2026-05-23","Pediatrics","quantile","0.99",144
"Copycat","2026-06-06",-1,"2026-05-30","Pediatrics","quantile","0.01",70
"Copycat","2026-06-06",-1,"2026-05-30","Pediatrics","quantile","0.025",77
"Copycat","2026-06-06",-1,"2026-05-30","Pediatrics","quantile","0.05",84
"Copycat","2026-06-06",-1,"2026-05-30","Pediatrics","quantile","0.1",88
"Copycat","2026-06-06",-1,"2026-05-30","Pediatrics","quantile","0.15",93
"Copycat","2026-06-06",-1,"2026-05-30","Pediatrics","quantile","0.2",96
"Copycat","2026-06-06",-1,"2026-05-30","Pediatrics","quantile","0.25",99
"Copycat","2026-06-06",-1,"2026-05-30","Pediatrics","quantile","0.3",101
"Copycat","2026-06-06",-1,"2026-05-30","Pediatrics","quantile","0.35",104
"Copycat","2026-06-06",-1,"2026-05-30","Pediatrics","quantile","0.4",106
"Copycat","2026-06-06",-1,"2026-05-30","Pediatrics","quantile","0.45",108
"Copycat","2026-06-06",-1,"2026-05-30","Pediatrics","quantile","0.5",111
"Copycat","2026-06-06",-1,"2026-05-30","Pediatrics","quantile","0.55",113
"Copycat","2026-06-06",-1,"2026-05-30","Pediatrics","quantile","0.6",116
"Copycat","2026-06-06",-1,"2026-05-30","Pediatrics","quantile","0.65",118
"Copycat","2026-06-06",-1,"2026-05-30","Pediatrics","quantile","0.7",121
"Copycat","2026-06-06",-1,"2026-05-30","Pediatrics","quantile","0.75",125
"Copycat","2026-06-06",-1,"2026-05-30","Pediatrics","quantile","0.8",129
"Copycat","2026-06-06",-1,"2026-05-30","Pediatrics","quantile","0.85",134
"Copycat","2026-06-06",-1,"2026-05-30","Pediatrics","quantile","0.9",139
"Copycat","2026-06-06",-1,"2026-05-30","Pediatrics","quantile","0.95",147
"Copycat","2026-06-06",-1,"2026-05-30","Pediatrics","quantile","0.975",153
"Copycat","2026-06-06",-1,"2026-05-30","Pediatrics","quantile","0.99",160
"Copycat","2026-06-06",0,"2026-06-06","Pediatrics","quantile","0.01",65
"Copycat","2026-06-06",0,"2026-06-06","Pediatrics","quantile","0.025",72
"Copycat","2026-06-06",0,"2026-06-06","Pediatrics","quantile","0.05",78
"Copycat","2026-06-06",0,"2026-06-06","Pediatrics","quantile","0.1",84
"Copycat","2026-06-06",0,"2026-06-06","Pediatrics","quantile","0.15",89
"Copycat","2026-06-06",0,"2026-06-06","Pediatrics","quantile","0.2",93
"Copycat","2026-06-06",0,"2026-06-06","Pediatrics","quantile","0.25",96
"Copycat","2026-06-06",0,"2026-06-06","Pediatrics","quantile","0.3",100
"Copycat","2026-06-06",0,"2026-06-06","Pediatrics","quantile","0.35",103
"Copycat","2026-06-06",0,"2026-06-06","Pediatrics","quantile","0.4",106
"Copycat","2026-06-06",0,"2026-06-06","Pediatrics","quantile","0.45",109
"Copycat","2026-06-06",0,"2026-06-06","Pediatrics","quantile","0.5",112
"Copycat","2026-06-06",0,"2026-06-06","Pediatrics","quantile","0.55",114
"Copycat","2026-06-06",0,"2026-06-06","Pediatrics","quantile","0.6",117
"Copycat","2026-06-06",0,"2026-06-06","Pediatrics","quantile","0.65",121
"Copycat","2026-06-06",0,"2026-06-06","Pediatrics","quantile","0.7",125
"Copycat","2026-06-06",0,"2026-06-06","Pediatrics","quantile","0.75",129
"Copycat","2026-06-06",0,"2026-06-06","Pediatrics","quantile","0.8",135
"Copycat","2026-06-06",0,"2026-06-06","Pediatrics","quantile","0.85",141
"Copycat","2026-06-06",0,"2026-06-06","Pediatrics","quantile","0.9",152
"Copycat","2026-06-06",0,"2026-06-06","Pediatrics","quantile","0.95",164
"Copycat","2026-06-06",0,"2026-06-06","Pediatrics","quantile","0.975",175
"Copycat","2026-06-06",0,"2026-06-06","Pediatrics","quantile","0.99",188
"Copycat","2026-06-06",1,"2026-06-13","Pediatrics","quantile","0.01",59
"Copycat","2026-06-06",1,"2026-06-13","Pediatrics","quantile","0.025",66
"Copycat","2026-06-06",1,"2026-06-13","Pediatrics","quantile","0.05",72
"Copycat","2026-06-06",1,"2026-06-13","Pediatrics","quantile","0.1",79
"Copycat","2026-06-06",1,"2026-06-13","Pediatrics","quantile","0.15",85
"Copycat","2026-06-06",1,"2026-06-13","Pediatrics","quantile","0.2",89
"Copycat","2026-06-06",1,"2026-06-13","Pediatrics","quantile","0.25",93
"Copycat","2026-06-06",1,"2026-06-13","Pediatrics","quantile","0.3",96
"Copycat","2026-06-06",1,"2026-06-13","Pediatrics","quantile","0.35",100
"Copycat","2026-06-06",1,"2026-06-13","Pediatrics","quantile","0.4",103
"Copycat","2026-06-06",1,"2026-06-13","Pediatrics","quantile","0.45",107
"Copycat","2026-06-06",1,"2026-06-13","Pediatrics","quantile","0.5",109
"Copycat","2026-06-06",1,"2026-06-13","Pediatrics","quantile","0.55",113
"Copycat","2026-06-06",1,"2026-06-13","Pediatrics","quantile","0.6",116
"Copycat","2026-06-06",1,"2026-06-13","Pediatrics","quantile","0.65",120
"Copycat","2026-06-06",1,"2026-06-13","Pediatrics","quantile","0.7",125
"Copycat","2026-06-06",1,"2026-06-13","Pediatrics","quantile","0.75",131
"Copycat","2026-06-06",1,"2026-06-13","Pediatrics","quantile","0.8",136
"Copycat","2026-06-06",1,"2026-06-13","Pediatrics","quantile","0.85",145
"Copycat","2026-06-06",1,"2026-06-13","Pediatrics","quantile","0.9",155
"Copycat","2026-06-06",1,"2026-06-13","Pediatrics","quantile","0.95",170
"Copycat","2026-06-06",1,"2026-06-13","Pediatrics","quantile","0.975",193
"Copycat","2026-06-06",1,"2026-06-13","Pediatrics","quantile","0.99",214
"Copycat","2026-06-06",2,"2026-06-20","Pediatrics","quantile","0.01",53
"Copycat","2026-06-06",2,"2026-06-20","Pediatrics","quantile","0.025",60
"Copycat","2026-06-06",2,"2026-06-20","Pediatrics","quantile","0.05",66
"Copycat","2026-06-06",2,"2026-06-20","Pediatrics","quantile","0.1",74
"Copycat","2026-06-06",2,"2026-06-20","Pediatrics","quantile","0.15",79
"Copycat","2026-06-06",2,"2026-06-20","Pediatrics","quantile","0.2",84
"Copycat","2026-06-06",2,"2026-06-20","Pediatrics","quantile","0.25",88
"Copycat","2026-06-06",2,"2026-06-20","Pediatrics","quantile","0.3",92
"Copycat","2026-06-06",2,"2026-06-20","Pediatrics","quantile","0.35",95
"Copycat","2026-06-06",2,"2026-06-20","Pediatrics","quantile","0.4",98
"Copycat","2026-06-06",2,"2026-06-20","Pediatrics","quantile","0.45",102
"Copycat","2026-06-06",2,"2026-06-20","Pediatrics","quantile","0.5",106
"Copycat","2026-06-06",2,"2026-06-20","Pediatrics","quantile","0.55",110
"Copycat","2026-06-06",2,"2026-06-20","Pediatrics","quantile","0.6",115
"Copycat","2026-06-06",2,"2026-06-20","Pediatrics","quantile","0.65",119
"Copycat","2026-06-06",2,"2026-06-20","Pediatrics","quantile","0.7",123
"Copycat","2026-06-06",2,"2026-06-20","Pediatrics","quantile","0.75",129
"Copycat","2026-06-06",2,"2026-06-20","Pediatrics","quantile","0.8",135
"Copycat","2026-06-06",2,"2026-06-20","Pediatrics","quantile","0.85",143
"Copycat","2026-06-06",2,"2026-06-20","Pediatrics","quantile","0.9",154
"Copycat","2026-06-06",2,"2026-06-20","Pediatrics","quantile","0.95",175
"Copycat","2026-06-06",2,"2026-06-20","Pediatrics","quantile","0.975",194
"Copycat","2026-06-06",2,"2026-06-20","Pediatrics","quantile","0.99",225
"Copycat","2026-06-06",3,"2026-06-27","Pediatrics","quantile","0.01",49
"Copycat","2026-06-06",3,"2026-06-27","Pediatrics","quantile","0.025",54
"Copycat","2026-06-06",3,"2026-06-27","Pediatrics","quantile","0.05",59
"Copycat","2026-06-06",3,"2026-06-27","Pediatrics","quantile","0.1",66
"Copycat","2026-06-06",3,"2026-06-27","Pediatrics","quantile","0.15",73
"Copycat","2026-06-06",3,"2026-06-27","Pediatrics","quantile","0.2",80
"Copycat","2026-06-06",3,"2026-06-27","Pediatrics","quantile","0.25",85
"Copycat","2026-06-06",3,"2026-06-27","Pediatrics","quantile","0.3",88
"Copycat","2026-06-06",3,"2026-06-27","Pediatrics","quantile","0.35",92
"Copycat","2026-06-06",3,"2026-06-27","Pediatrics","quantile","0.4",95
"Copycat","2026-06-06",3,"2026-06-27","Pediatrics","quantile","0.45",99
"Copycat","2026-06-06",3,"2026-06-27","Pediatrics","quantile","0.5",103
"Copycat","2026-06-06",3,"2026-06-27","Pediatrics","quantile","0.55",106
"Copycat","2026-06-06",3,"2026-06-27","Pediatrics","quantile","0.6",111
"Copycat","2026-06-06",3,"2026-06-27","Pediatrics","quantile","0.65",116
"Copycat","2026-06-06",3,"2026-06-27","Pediatrics","quantile","0.7",121
"Copycat","2026-06-06",3,"2026-06-27","Pediatrics","quantile","0.75",126
"Copycat","2026-06-06",3,"2026-06-27","Pediatrics","quantile","0.8",132
"Copycat","2026-06-06",3,"2026-06-27","Pediatrics","quantile","0.85",138
"Copycat","2026-06-06",3,"2026-06-27","Pediatrics","quantile","0.9",150
"Copycat","2026-06-06",3,"2026-06-27","Pediatrics","quantile","0.95",173
"Copycat","2026-06-06",3,"2026-06-27","Pediatrics","quantile","0.975",191
"Copycat","2026-06-06",3,"2026-06-27","Pediatrics","quantile","0.99",231
"newGBQR","2026-06-06",-2,"2026-05-23","Adults","quantile","0.01",87
"newGBQR","2026-06-06",-2,"2026-05-23","Adults","quantile","0.025",97
"newGBQR","2026-06-06",-2,"2026-05-23","Adults","quantile","0.05",108
"newGBQR","2026-06-06",-2,"2026-05-23","Adults","quantile","0.1",119
"newGBQR","2026-06-06",-2,"2026-05-23","Adults","quantile","0.15",125
"newGBQR","2026-06-06",-2,"2026-05-23","Adults","quantile","0.2",129
"newGBQR","2026-06-06",-2,"2026-05-23","Adults","quantile","0.25",132
"newGBQR","2026-06-06",-2,"2026-05-23","Adults","quantile","0.3",134
"newGBQR","2026-06-06",-2,"2026-05-23","Adults","quantile","0.35",137
"newGBQR","2026-06-06",-2,"2026-05-23","Adults","quantile","0.4",140
"newGBQR","2026-06-06",-2,"2026-05-23","Adults","quantile","0.45",144
"newGBQR","2026-06-06",-2,"2026-05-23","Adults","quantile","0.5",148
"newGBQR","2026-06-06",-2,"2026-05-23","Adults","quantile","0.55",151
"newGBQR","2026-06-06",-2,"2026-05-23","Adults","quantile","0.6",152
"newGBQR","2026-06-06",-2,"2026-05-23","Adults","quantile","0.65",153
"newGBQR","2026-06-06",-2,"2026-05-23","Adults","quantile","0.7",155
"newGBQR","2026-06-06",-2,"2026-05-23","Adults","quantile","0.75",159
"newGBQR","2026-06-06",-2,"2026-05-23","Adults","quantile","0.8",164
"newGBQR","2026-06-06",-2,"2026-05-23","Adults","quantile","0.85",166
"newGBQR","2026-06-06",-2,"2026-05-23","Adults","quantile","0.9",173
"newGBQR","2026-06-06",-2,"2026-05-23","Adults","quantile","0.95",183
"newGBQR","2026-06-06",-2,"2026-05-23","Adults","quantile","0.975",199
"newGBQR","2026-06-06",-2,"2026-05-23","Adults","quantile","0.99",215
"newGBQR","2026-06-06",-1,"2026-05-30","Adults","quantile","0.01",87
"newGBQR","2026-06-06",-1,"2026-05-30","Adults","quantile","0.025",97
"newGBQR","2026-06-06",-1,"2026-05-30","Adults","quantile","0.05",107
"newGBQR","2026-06-06",-1,"2026-05-30","Adults","quantile","0.1",119
"newGBQR","2026-06-06",-1,"2026-05-30","Adults","quantile","0.15",125
"newGBQR","2026-06-06",-1,"2026-05-30","Adults","quantile","0.2",129
"newGBQR","2026-06-06",-1,"2026-05-30","Adults","quantile","0.25",131
"newGBQR","2026-06-06",-1,"2026-05-30","Adults","quantile","0.3",134
"newGBQR","2026-06-06",-1,"2026-05-30","Adults","quantile","0.35",137
"newGBQR","2026-06-06",-1,"2026-05-30","Adults","quantile","0.4",140
"newGBQR","2026-06-06",-1,"2026-05-30","Adults","quantile","0.45",144
"newGBQR","2026-06-06",-1,"2026-05-30","Adults","quantile","0.5",148
"newGBQR","2026-06-06",-1,"2026-05-30","Adults","quantile","0.55",151
"newGBQR","2026-06-06",-1,"2026-05-30","Adults","quantile","0.6",152
"newGBQR","2026-06-06",-1,"2026-05-30","Adults","quantile","0.65",153
"newGBQR","2026-06-06",-1,"2026-05-30","Adults","quantile","0.7",156
"newGBQR","2026-06-06",-1,"2026-05-30","Adults","quantile","0.75",160
"newGBQR","2026-06-06",-1,"2026-05-30","Adults","quantile","0.8",165
"newGBQR","2026-06-06",-1,"2026-05-30","Adults","quantile","0.85",167
"newGBQR","2026-06-06",-1,"2026-05-30","Adults","quantile","0.9",175
"newGBQR","2026-06-06",-1,"2026-05-30","Adults","quantile","0.95",184
"newGBQR","2026-06-06",-1,"2026-05-30","Adults","quantile","0.975",199
"newGBQR","2026-06-06",-1,"2026-05-30","Adults","quantile","0.99",215
"newGBQR","2026-06-06",0,"2026-06-06","Adults","quantile","0.01",87
"newGBQR","2026-06-06",0,"2026-06-06","Adults","quantile","0.025",97
"newGBQR","2026-06-06",0,"2026-06-06","Adults","quantile","0.05",107
"newGBQR","2026-06-06",0,"2026-06-06","Adults","quantile","0.1",118
"newGBQR","2026-06-06",0,"2026-06-06","Adults","quantile","0.15",124
"newGBQR","2026-06-06",0,"2026-06-06","Adults","quantile","0.2",129
"newGBQR","2026-06-06",0,"2026-06-06","Adults","quantile","0.25",132
"newGBQR","2026-06-06",0,"2026-06-06","Adults","quantile","0.3",134
"newGBQR","2026-06-06",0,"2026-06-06","Adults","quantile","0.35",138
"newGBQR","2026-06-06",0,"2026-06-06","Adults","quantile","0.4",141
"newGBQR","2026-06-06",0,"2026-06-06","Adults","quantile","0.45",147
"newGBQR","2026-06-06",0,"2026-06-06","Adults","quantile","0.5",151
"newGBQR","2026-06-06",0,"2026-06-06","Adults","quantile","0.55",152
"newGBQR","2026-06-06",0,"2026-06-06","Adults","quantile","0.6",155
"newGBQR","2026-06-06",0,"2026-06-06","Adults","quantile","0.65",157
"newGBQR","2026-06-06",0,"2026-06-06","Adults","quantile","0.7",159
"newGBQR","2026-06-06",0,"2026-06-06","Adults","quantile","0.75",166
"newGBQR","2026-06-06",0,"2026-06-06","Adults","quantile","0.8",170
"newGBQR","2026-06-06",0,"2026-06-06","Adults","quantile","0.85",173
"newGBQR","2026-06-06",0,"2026-06-06","Adults","quantile","0.9",182
"newGBQR","2026-06-06",0,"2026-06-06","Adults","quantile","0.95",191
"newGBQR","2026-06-06",0,"2026-06-06","Adults","quantile","0.975",201
"newGBQR","2026-06-06",0,"2026-06-06","Adults","quantile","0.99",216
"newGBQR","2026-06-06",1,"2026-06-13","Adults","quantile","0.01",87
"newGBQR","2026-06-06",1,"2026-06-13","Adults","quantile","0.025",97
"newGBQR","2026-06-06",1,"2026-06-13","Adults","quantile","0.05",106
"newGBQR","2026-06-06",1,"2026-06-13","Adults","quantile","0.1",117
"newGBQR","2026-06-06",1,"2026-06-13","Adults","quantile","0.15",124
"newGBQR","2026-06-06",1,"2026-06-13","Adults","quantile","0.2",129
"newGBQR","2026-06-06",1,"2026-06-13","Adults","quantile","0.25",132
"newGBQR","2026-06-06",1,"2026-06-13","Adults","quantile","0.3",134
"newGBQR","2026-06-06",1,"2026-06-13","Adults","quantile","0.35",138
"newGBQR","2026-06-06",1,"2026-06-13","Adults","quantile","0.4",141
"newGBQR","2026-06-06",1,"2026-06-13","Adults","quantile","0.45",147
"newGBQR","2026-06-06",1,"2026-06-13","Adults","quantile","0.5",152
"newGBQR","2026-06-06",1,"2026-06-13","Adults","quantile","0.55",153
"newGBQR","2026-06-06",1,"2026-06-13","Adults","quantile","0.6",156
"newGBQR","2026-06-06",1,"2026-06-13","Adults","quantile","0.65",159
"newGBQR","2026-06-06",1,"2026-06-13","Adults","quantile","0.7",162
"newGBQR","2026-06-06",1,"2026-06-13","Adults","quantile","0.75",167
"newGBQR","2026-06-06",1,"2026-06-13","Adults","quantile","0.8",174
"newGBQR","2026-06-06",1,"2026-06-13","Adults","quantile","0.85",175
"newGBQR","2026-06-06",1,"2026-06-13","Adults","quantile","0.9",186
"newGBQR","2026-06-06",1,"2026-06-13","Adults","quantile","0.95",193
"newGBQR","2026-06-06",1,"2026-06-13","Adults","quantile","0.975",205
"newGBQR","2026-06-06",1,"2026-06-13","Adults","quantile","0.99",217
"newGBQR","2026-06-06",2,"2026-06-20","Adults","quantile","0.01",87
"newGBQR","2026-06-06",2,"2026-06-20","Adults","quantile","0.025",96
"newGBQR","2026-06-06",2,"2026-06-20","Adults","quantile","0.05",106
"newGBQR","2026-06-06",2,"2026-06-20","Adults","quantile","0.1",116
"newGBQR","2026-06-06",2,"2026-06-20","Adults","quantile","0.15",124
"newGBQR","2026-06-06",2,"2026-06-20","Adults","quantile","0.2",128
"newGBQR","2026-06-06",2,"2026-06-20","Adults","quantile","0.25",131
"newGBQR","2026-06-06",2,"2026-06-20","Adults","quantile","0.3",134
"newGBQR","2026-06-06",2,"2026-06-20","Adults","quantile","0.35",138
"newGBQR","2026-06-06",2,"2026-06-20","Adults","quantile","0.4",141
"newGBQR","2026-06-06",2,"2026-06-20","Adults","quantile","0.45",147
"newGBQR","2026-06-06",2,"2026-06-20","Adults","quantile","0.5",152
"newGBQR","2026-06-06",2,"2026-06-20","Adults","quantile","0.55",154
"newGBQR","2026-06-06",2,"2026-06-20","Adults","quantile","0.6",155
"newGBQR","2026-06-06",2,"2026-06-20","Adults","quantile","0.65",160
"newGBQR","2026-06-06",2,"2026-06-20","Adults","quantile","0.7",162
"newGBQR","2026-06-06",2,"2026-06-20","Adults","quantile","0.75",170
"newGBQR","2026-06-06",2,"2026-06-20","Adults","quantile","0.8",175
"newGBQR","2026-06-06",2,"2026-06-20","Adults","quantile","0.85",177
"newGBQR","2026-06-06",2,"2026-06-20","Adults","quantile","0.9",187
"newGBQR","2026-06-06",2,"2026-06-20","Adults","quantile","0.95",194
"newGBQR","2026-06-06",2,"2026-06-20","Adults","quantile","0.975",206
"newGBQR","2026-06-06",2,"2026-06-20","Adults","quantile","0.99",217
"newGBQR","2026-06-06",3,"2026-06-27","Adults","quantile","0.01",86
"newGBQR","2026-06-06",3,"2026-06-27","Adults","quantile","0.025",94
"newGBQR","2026-06-06",3,"2026-06-27","Adults","quantile","0.05",105
"newGBQR","2026-06-06",3,"2026-06-27","Adults","quantile","0.1",115
"newGBQR","2026-06-06",3,"2026-06-27","Adults","quantile","0.15",123
"newGBQR","2026-06-06",3,"2026-06-27","Adults","quantile","0.2",126
"newGBQR","2026-06-06",3,"2026-06-27","Adults","quantile","0.25",130
"newGBQR","2026-06-06",3,"2026-06-27","Adults","quantile","0.3",134
"newGBQR","2026-06-06",3,"2026-06-27","Adults","quantile","0.35",139
"newGBQR","2026-06-06",3,"2026-06-27","Adults","quantile","0.4",141
"newGBQR","2026-06-06",3,"2026-06-27","Adults","quantile","0.45",147
"newGBQR","2026-06-06",3,"2026-06-27","Adults","quantile","0.5",151
"newGBQR","2026-06-06",3,"2026-06-27","Adults","quantile","0.55",154
"newGBQR","2026-06-06",3,"2026-06-27","Adults","quantile","0.6",156
"newGBQR","2026-06-06",3,"2026-06-27","Adults","quantile","0.65",160
"newGBQR","2026-06-06",3,"2026-06-27","Adults","quantile","0.7",162
"newGBQR","2026-06-06",3,"2026-06-27","Adults","quantile","0.75",170
"newGBQR","2026-06-06",3,"2026-06-27","Adults","quantile","0.8",176
"newGBQR","2026-06-06",3,"2026-06-27","Adults","quantile","0.85",179
"newGBQR","2026-06-06",3,"2026-06-27","Adults","quantile","0.9",186
"newGBQR","2026-06-06",3,"2026-06-27","Adults","quantile","0.95",196
"newGBQR","2026-06-06",3,"2026-06-27","Adults","quantile","0.975",207
"newGBQR","2026-06-06",3,"2026-06-27","Adults","quantile","0.99",216
"newGBQR","2026-06-06",-2,"2026-05-23","Overall","quantile","0.01",162
"newGBQR","2026-06-06",-2,"2026-05-23","Overall","quantile","0.025",177
"newGBQR","2026-06-06",-2,"2026-05-23","Overall","quantile","0.05",193
"newGBQR","2026-06-06",-2,"2026-05-23","Overall","quantile","0.1",209
"newGBQR","2026-06-06",-2,"2026-05-23","Overall","quantile","0.15",218
"newGBQR","2026-06-06",-2,"2026-05-23","Overall","quantile","0.2",224
"newGBQR","2026-06-06",-2,"2026-05-23","Overall","quantile","0.25",230
"newGBQR","2026-06-06",-2,"2026-05-23","Overall","quantile","0.3",234
"newGBQR","2026-06-06",-2,"2026-05-23","Overall","quantile","0.35",237
"newGBQR","2026-06-06",-2,"2026-05-23","Overall","quantile","0.4",243
"newGBQR","2026-06-06",-2,"2026-05-23","Overall","quantile","0.45",250
"newGBQR","2026-06-06",-2,"2026-05-23","Overall","quantile","0.5",254
"newGBQR","2026-06-06",-2,"2026-05-23","Overall","quantile","0.55",260
"newGBQR","2026-06-06",-2,"2026-05-23","Overall","quantile","0.6",261
"newGBQR","2026-06-06",-2,"2026-05-23","Overall","quantile","0.65",264
"newGBQR","2026-06-06",-2,"2026-05-23","Overall","quantile","0.7",267
"newGBQR","2026-06-06",-2,"2026-05-23","Overall","quantile","0.75",272
"newGBQR","2026-06-06",-2,"2026-05-23","Overall","quantile","0.8",278
"newGBQR","2026-06-06",-2,"2026-05-23","Overall","quantile","0.85",286
"newGBQR","2026-06-06",-2,"2026-05-23","Overall","quantile","0.9",294
"newGBQR","2026-06-06",-2,"2026-05-23","Overall","quantile","0.95",308
"newGBQR","2026-06-06",-2,"2026-05-23","Overall","quantile","0.975",333
"newGBQR","2026-06-06",-2,"2026-05-23","Overall","quantile","0.99",358
"newGBQR","2026-06-06",-1,"2026-05-30","Overall","quantile","0.01",162
"newGBQR","2026-06-06",-1,"2026-05-30","Overall","quantile","0.025",177
"newGBQR","2026-06-06",-1,"2026-05-30","Overall","quantile","0.05",191
"newGBQR","2026-06-06",-1,"2026-05-30","Overall","quantile","0.1",208
"newGBQR","2026-06-06",-1,"2026-05-30","Overall","quantile","0.15",217
"newGBQR","2026-06-06",-1,"2026-05-30","Overall","quantile","0.2",224
"newGBQR","2026-06-06",-1,"2026-05-30","Overall","quantile","0.25",230
"newGBQR","2026-06-06",-1,"2026-05-30","Overall","quantile","0.3",234
"newGBQR","2026-06-06",-1,"2026-05-30","Overall","quantile","0.35",238
"newGBQR","2026-06-06",-1,"2026-05-30","Overall","quantile","0.4",243
"newGBQR","2026-06-06",-1,"2026-05-30","Overall","quantile","0.45",249
"newGBQR","2026-06-06",-1,"2026-05-30","Overall","quantile","0.5",253
"newGBQR","2026-06-06",-1,"2026-05-30","Overall","quantile","0.55",260
"newGBQR","2026-06-06",-1,"2026-05-30","Overall","quantile","0.6",263
"newGBQR","2026-06-06",-1,"2026-05-30","Overall","quantile","0.65",266
"newGBQR","2026-06-06",-1,"2026-05-30","Overall","quantile","0.7",269
"newGBQR","2026-06-06",-1,"2026-05-30","Overall","quantile","0.75",276
"newGBQR","2026-06-06",-1,"2026-05-30","Overall","quantile","0.8",282
"newGBQR","2026-06-06",-1,"2026-05-30","Overall","quantile","0.85",289
"newGBQR","2026-06-06",-1,"2026-05-30","Overall","quantile","0.9",300
"newGBQR","2026-06-06",-1,"2026-05-30","Overall","quantile","0.95",313
"newGBQR","2026-06-06",-1,"2026-05-30","Overall","quantile","0.975",333
"newGBQR","2026-06-06",-1,"2026-05-30","Overall","quantile","0.99",359
"newGBQR","2026-06-06",0,"2026-06-06","Overall","quantile","0.01",162
"newGBQR","2026-06-06",0,"2026-06-06","Overall","quantile","0.025",176
"newGBQR","2026-06-06",0,"2026-06-06","Overall","quantile","0.05",190
"newGBQR","2026-06-06",0,"2026-06-06","Overall","quantile","0.1",207
"newGBQR","2026-06-06",0,"2026-06-06","Overall","quantile","0.15",216
"newGBQR","2026-06-06",0,"2026-06-06","Overall","quantile","0.2",223
"newGBQR","2026-06-06",0,"2026-06-06","Overall","quantile","0.25",231
"newGBQR","2026-06-06",0,"2026-06-06","Overall","quantile","0.3",233
"newGBQR","2026-06-06",0,"2026-06-06","Overall","quantile","0.35",238
"newGBQR","2026-06-06",0,"2026-06-06","Overall","quantile","0.4",244
"newGBQR","2026-06-06",0,"2026-06-06","Overall","quantile","0.45",252
"newGBQR","2026-06-06",0,"2026-06-06","Overall","quantile","0.5",258
"newGBQR","2026-06-06",0,"2026-06-06","Overall","quantile","0.55",261
"newGBQR","2026-06-06",0,"2026-06-06","Overall","quantile","0.6",267
"newGBQR","2026-06-06",0,"2026-06-06","Overall","quantile","0.65",272
"newGBQR","2026-06-06",0,"2026-06-06","Overall","quantile","0.7",277
"newGBQR","2026-06-06",0,"2026-06-06","Overall","quantile","0.75",286
"newGBQR","2026-06-06",0,"2026-06-06","Overall","quantile","0.8",290
"newGBQR","2026-06-06",0,"2026-06-06","Overall","quantile","0.85",296
"newGBQR","2026-06-06",0,"2026-06-06","Overall","quantile","0.9",308
"newGBQR","2026-06-06",0,"2026-06-06","Overall","quantile","0.95",321
"newGBQR","2026-06-06",0,"2026-06-06","Overall","quantile","0.975",338
"newGBQR","2026-06-06",0,"2026-06-06","Overall","quantile","0.99",360
"newGBQR","2026-06-06",1,"2026-06-13","Overall","quantile","0.01",162
"newGBQR","2026-06-06",1,"2026-06-13","Overall","quantile","0.025",175
"newGBQR","2026-06-06",1,"2026-06-13","Overall","quantile","0.05",189
"newGBQR","2026-06-06",1,"2026-06-13","Overall","quantile","0.1",204
"newGBQR","2026-06-06",1,"2026-06-13","Overall","quantile","0.15",213
"newGBQR","2026-06-06",1,"2026-06-13","Overall","quantile","0.2",222
"newGBQR","2026-06-06",1,"2026-06-13","Overall","quantile","0.25",230
"newGBQR","2026-06-06",1,"2026-06-13","Overall","quantile","0.3",232
"newGBQR","2026-06-06",1,"2026-06-13","Overall","quantile","0.35",238
"newGBQR","2026-06-06",1,"2026-06-13","Overall","quantile","0.4",243
"newGBQR","2026-06-06",1,"2026-06-13","Overall","quantile","0.45",252
"newGBQR","2026-06-06",1,"2026-06-13","Overall","quantile","0.5",259
"newGBQR","2026-06-06",1,"2026-06-13","Overall","quantile","0.55",262
"newGBQR","2026-06-06",1,"2026-06-13","Overall","quantile","0.6",267
"newGBQR","2026-06-06",1,"2026-06-13","Overall","quantile","0.65",274
"newGBQR","2026-06-06",1,"2026-06-13","Overall","quantile","0.7",277
"newGBQR","2026-06-06",1,"2026-06-13","Overall","quantile","0.75",289
"newGBQR","2026-06-06",1,"2026-06-13","Overall","quantile","0.8",298
"newGBQR","2026-06-06",1,"2026-06-13","Overall","quantile","0.85",305
"newGBQR","2026-06-06",1,"2026-06-13","Overall","quantile","0.9",313
"newGBQR","2026-06-06",1,"2026-06-13","Overall","quantile","0.95",325
"newGBQR","2026-06-06",1,"2026-06-13","Overall","quantile","0.975",343
"newGBQR","2026-06-06",1,"2026-06-13","Overall","quantile","0.99",361
"newGBQR","2026-06-06",2,"2026-06-20","Overall","quantile","0.01",160
"newGBQR","2026-06-06",2,"2026-06-20","Overall","quantile","0.025",171
"newGBQR","2026-06-06",2,"2026-06-20","Overall","quantile","0.05",188
"newGBQR","2026-06-06",2,"2026-06-20","Overall","quantile","0.1",203
"newGBQR","2026-06-06",2,"2026-06-20","Overall","quantile","0.15",213
"newGBQR","2026-06-06",2,"2026-06-20","Overall","quantile","0.2",220
"newGBQR","2026-06-06",2,"2026-06-20","Overall","quantile","0.25",228
"newGBQR","2026-06-06",2,"2026-06-20","Overall","quantile","0.3",231
"newGBQR","2026-06-06",2,"2026-06-20","Overall","quantile","0.35",240
"newGBQR","2026-06-06",2,"2026-06-20","Overall","quantile","0.4",244
"newGBQR","2026-06-06",2,"2026-06-20","Overall","quantile","0.45",253
"newGBQR","2026-06-06",2,"2026-06-20","Overall","quantile","0.5",260
"newGBQR","2026-06-06",2,"2026-06-20","Overall","quantile","0.55",263
"newGBQR","2026-06-06",2,"2026-06-20","Overall","quantile","0.6",268
"newGBQR","2026-06-06",2,"2026-06-20","Overall","quantile","0.65",275
"newGBQR","2026-06-06",2,"2026-06-20","Overall","quantile","0.7",277
"newGBQR","2026-06-06",2,"2026-06-20","Overall","quantile","0.75",285
"newGBQR","2026-06-06",2,"2026-06-20","Overall","quantile","0.8",298
"newGBQR","2026-06-06",2,"2026-06-20","Overall","quantile","0.85",310
"newGBQR","2026-06-06",2,"2026-06-20","Overall","quantile","0.9",316
"newGBQR","2026-06-06",2,"2026-06-20","Overall","quantile","0.95",324
"newGBQR","2026-06-06",2,"2026-06-20","Overall","quantile","0.975",346
"newGBQR","2026-06-06",2,"2026-06-20","Overall","quantile","0.99",363
"newGBQR","2026-06-06",3,"2026-06-27","Overall","quantile","0.01",160
"newGBQR","2026-06-06",3,"2026-06-27","Overall","quantile","0.025",171
"newGBQR","2026-06-06",3,"2026-06-27","Overall","quantile","0.05",187
"newGBQR","2026-06-06",3,"2026-06-27","Overall","quantile","0.1",202
"newGBQR","2026-06-06",3,"2026-06-27","Overall","quantile","0.15",211
"newGBQR","2026-06-06",3,"2026-06-27","Overall","quantile","0.2",220
"newGBQR","2026-06-06",3,"2026-06-27","Overall","quantile","0.25",228
"newGBQR","2026-06-06",3,"2026-06-27","Overall","quantile","0.3",231
"newGBQR","2026-06-06",3,"2026-06-27","Overall","quantile","0.35",239
"newGBQR","2026-06-06",3,"2026-06-27","Overall","quantile","0.4",243
"newGBQR","2026-06-06",3,"2026-06-27","Overall","quantile","0.45",253
"newGBQR","2026-06-06",3,"2026-06-27","Overall","quantile","0.5",260
"newGBQR","2026-06-06",3,"2026-06-27","Overall","quantile","0.55",263
"newGBQR","2026-06-06",3,"2026-06-27","Overall","quantile","0.6",268
"newGBQR","2026-06-06",3,"2026-06-27","Overall","quantile","0.65",275
"newGBQR","2026-06-06",3,"2026-06-27","Overall","quantile","0.7",277
"newGBQR","2026-06-06",3,"2026-06-27","Overall","quantile","0.75",286
"newGBQR","2026-06-06",3,"2026-06-27","Overall","quantile","0.8",298
"newGBQR","2026-06-06",3,"2026-06-27","Overall","quantile","0.85",311
"newGBQR","2026-06-06",3,"2026-06-27","Overall","quantile","0.9",318
"newGBQR","2026-06-06",3,"2026-06-27","Overall","quantile","0.95",326
"newGBQR","2026-06-06",3,"2026-06-27","Overall","quantile","0.975",346
"newGBQR","2026-06-06",3,"2026-06-27","Overall","quantile","0.99",362
"newGBQR","2026-06-06",-2,"2026-05-23","Pediatrics","quantile","0.01",57
"newGBQR","2026-06-06",-2,"2026-05-23","Pediatrics","quantile","0.025",65
"newGBQR","2026-06-06",-2,"2026-05-23","Pediatrics","quantile","0.05",73
"newGBQR","2026-06-06",-2,"2026-05-23","Pediatrics","quantile","0.1",85
"newGBQR","2026-06-06",-2,"2026-05-23","Pediatrics","quantile","0.15",89
"newGBQR","2026-06-06",-2,"2026-05-23","Pediatrics","quantile","0.2",92
"newGBQR","2026-06-06",-2,"2026-05-23","Pediatrics","quantile","0.25",96
"newGBQR","2026-06-06",-2,"2026-05-23","Pediatrics","quantile","0.3",98
"newGBQR","2026-06-06",-2,"2026-05-23","Pediatrics","quantile","0.35",100
"newGBQR","2026-06-06",-2,"2026-05-23","Pediatrics","quantile","0.4",103
"newGBQR","2026-06-06",-2,"2026-05-23","Pediatrics","quantile","0.45",107
"newGBQR","2026-06-06",-2,"2026-05-23","Pediatrics","quantile","0.5",110
"newGBQR","2026-06-06",-2,"2026-05-23","Pediatrics","quantile","0.55",112
"newGBQR","2026-06-06",-2,"2026-05-23","Pediatrics","quantile","0.6",114
"newGBQR","2026-06-06",-2,"2026-05-23","Pediatrics","quantile","0.65",116
"newGBQR","2026-06-06",-2,"2026-05-23","Pediatrics","quantile","0.7",117
"newGBQR","2026-06-06",-2,"2026-05-23","Pediatrics","quantile","0.75",120
"newGBQR","2026-06-06",-2,"2026-05-23","Pediatrics","quantile","0.8",122
"newGBQR","2026-06-06",-2,"2026-05-23","Pediatrics","quantile","0.85",128
"newGBQR","2026-06-06",-2,"2026-05-23","Pediatrics","quantile","0.9",133
"newGBQR","2026-06-06",-2,"2026-05-23","Pediatrics","quantile","0.95",143
"newGBQR","2026-06-06",-2,"2026-05-23","Pediatrics","quantile","0.975",154
"newGBQR","2026-06-06",-2,"2026-05-23","Pediatrics","quantile","0.99",169
"newGBQR","2026-06-06",-1,"2026-05-30","Pediatrics","quantile","0.01",58
"newGBQR","2026-06-06",-1,"2026-05-30","Pediatrics","quantile","0.025",65
"newGBQR","2026-06-06",-1,"2026-05-30","Pediatrics","quantile","0.05",73
"newGBQR","2026-06-06",-1,"2026-05-30","Pediatrics","quantile","0.1",84
"newGBQR","2026-06-06",-1,"2026-05-30","Pediatrics","quantile","0.15",89
"newGBQR","2026-06-06",-1,"2026-05-30","Pediatrics","quantile","0.2",93
"newGBQR","2026-06-06",-1,"2026-05-30","Pediatrics","quantile","0.25",96
"newGBQR","2026-06-06",-1,"2026-05-30","Pediatrics","quantile","0.3",98
"newGBQR","2026-06-06",-1,"2026-05-30","Pediatrics","quantile","0.35",100
"newGBQR","2026-06-06",-1,"2026-05-30","Pediatrics","quantile","0.4",103
"newGBQR","2026-06-06",-1,"2026-05-30","Pediatrics","quantile","0.45",107
"newGBQR","2026-06-06",-1,"2026-05-30","Pediatrics","quantile","0.5",110
"newGBQR","2026-06-06",-1,"2026-05-30","Pediatrics","quantile","0.55",113
"newGBQR","2026-06-06",-1,"2026-05-30","Pediatrics","quantile","0.6",114
"newGBQR","2026-06-06",-1,"2026-05-30","Pediatrics","quantile","0.65",117
"newGBQR","2026-06-06",-1,"2026-05-30","Pediatrics","quantile","0.7",117
"newGBQR","2026-06-06",-1,"2026-05-30","Pediatrics","quantile","0.75",121
"newGBQR","2026-06-06",-1,"2026-05-30","Pediatrics","quantile","0.8",124
"newGBQR","2026-06-06",-1,"2026-05-30","Pediatrics","quantile","0.85",130
"newGBQR","2026-06-06",-1,"2026-05-30","Pediatrics","quantile","0.9",138
"newGBQR","2026-06-06",-1,"2026-05-30","Pediatrics","quantile","0.95",144
"newGBQR","2026-06-06",-1,"2026-05-30","Pediatrics","quantile","0.975",155
"newGBQR","2026-06-06",-1,"2026-05-30","Pediatrics","quantile","0.99",170
"newGBQR","2026-06-06",0,"2026-06-06","Pediatrics","quantile","0.01",57
"newGBQR","2026-06-06",0,"2026-06-06","Pediatrics","quantile","0.025",64
"newGBQR","2026-06-06",0,"2026-06-06","Pediatrics","quantile","0.05",72
"newGBQR","2026-06-06",0,"2026-06-06","Pediatrics","quantile","0.1",83
"newGBQR","2026-06-06",0,"2026-06-06","Pediatrics","quantile","0.15",88
"newGBQR","2026-06-06",0,"2026-06-06","Pediatrics","quantile","0.2",93
"newGBQR","2026-06-06",0,"2026-06-06","Pediatrics","quantile","0.25",96
"newGBQR","2026-06-06",0,"2026-06-06","Pediatrics","quantile","0.3",97
"newGBQR","2026-06-06",0,"2026-06-06","Pediatrics","quantile","0.35",100
"newGBQR","2026-06-06",0,"2026-06-06","Pediatrics","quantile","0.4",102
"newGBQR","2026-06-06",0,"2026-06-06","Pediatrics","quantile","0.45",108
"newGBQR","2026-06-06",0,"2026-06-06","Pediatrics","quantile","0.5",111
"newGBQR","2026-06-06",0,"2026-06-06","Pediatrics","quantile","0.55",114
"newGBQR","2026-06-06",0,"2026-06-06","Pediatrics","quantile","0.6",116
"newGBQR","2026-06-06",0,"2026-06-06","Pediatrics","quantile","0.65",119
"newGBQR","2026-06-06",0,"2026-06-06","Pediatrics","quantile","0.7",121
"newGBQR","2026-06-06",0,"2026-06-06","Pediatrics","quantile","0.75",125
"newGBQR","2026-06-06",0,"2026-06-06","Pediatrics","quantile","0.8",130
"newGBQR","2026-06-06",0,"2026-06-06","Pediatrics","quantile","0.85",133
"newGBQR","2026-06-06",0,"2026-06-06","Pediatrics","quantile","0.9",141
"newGBQR","2026-06-06",0,"2026-06-06","Pediatrics","quantile","0.95",148
"newGBQR","2026-06-06",0,"2026-06-06","Pediatrics","quantile","0.975",156
"newGBQR","2026-06-06",0,"2026-06-06","Pediatrics","quantile","0.99",170
"newGBQR","2026-06-06",1,"2026-06-13","Pediatrics","quantile","0.01",57
"newGBQR","2026-06-06",1,"2026-06-13","Pediatrics","quantile","0.025",64
"newGBQR","2026-06-06",1,"2026-06-13","Pediatrics","quantile","0.05",72
"newGBQR","2026-06-06",1,"2026-06-13","Pediatrics","quantile","0.1",82
"newGBQR","2026-06-06",1,"2026-06-13","Pediatrics","quantile","0.15",87
"newGBQR","2026-06-06",1,"2026-06-13","Pediatrics","quantile","0.2",92
"newGBQR","2026-06-06",1,"2026-06-13","Pediatrics","quantile","0.25",96
"newGBQR","2026-06-06",1,"2026-06-13","Pediatrics","quantile","0.3",97
"newGBQR","2026-06-06",1,"2026-06-13","Pediatrics","quantile","0.35",99
"newGBQR","2026-06-06",1,"2026-06-13","Pediatrics","quantile","0.4",102
"newGBQR","2026-06-06",1,"2026-06-13","Pediatrics","quantile","0.45",108
"newGBQR","2026-06-06",1,"2026-06-13","Pediatrics","quantile","0.5",110
"newGBQR","2026-06-06",1,"2026-06-13","Pediatrics","quantile","0.55",114
"newGBQR","2026-06-06",1,"2026-06-13","Pediatrics","quantile","0.6",117
"newGBQR","2026-06-06",1,"2026-06-13","Pediatrics","quantile","0.65",121
"newGBQR","2026-06-06",1,"2026-06-13","Pediatrics","quantile","0.7",122
"newGBQR","2026-06-06",1,"2026-06-13","Pediatrics","quantile","0.75",127
"newGBQR","2026-06-06",1,"2026-06-13","Pediatrics","quantile","0.8",132
"newGBQR","2026-06-06",1,"2026-06-13","Pediatrics","quantile","0.85",141
"newGBQR","2026-06-06",1,"2026-06-13","Pediatrics","quantile","0.9",142
"newGBQR","2026-06-06",1,"2026-06-13","Pediatrics","quantile","0.95",149
"newGBQR","2026-06-06",1,"2026-06-13","Pediatrics","quantile","0.975",157
"newGBQR","2026-06-06",1,"2026-06-13","Pediatrics","quantile","0.99",170
"newGBQR","2026-06-06",2,"2026-06-20","Pediatrics","quantile","0.01",56
"newGBQR","2026-06-06",2,"2026-06-20","Pediatrics","quantile","0.025",62
"newGBQR","2026-06-06",2,"2026-06-20","Pediatrics","quantile","0.05",71
"newGBQR","2026-06-06",2,"2026-06-20","Pediatrics","quantile","0.1",82
"newGBQR","2026-06-06",2,"2026-06-20","Pediatrics","quantile","0.15",87
"newGBQR","2026-06-06",2,"2026-06-20","Pediatrics","quantile","0.2",91
"newGBQR","2026-06-06",2,"2026-06-20","Pediatrics","quantile","0.25",95
"newGBQR","2026-06-06",2,"2026-06-20","Pediatrics","quantile","0.3",97
"newGBQR","2026-06-06",2,"2026-06-20","Pediatrics","quantile","0.35",99
"newGBQR","2026-06-06",2,"2026-06-20","Pediatrics","quantile","0.4",102
"newGBQR","2026-06-06",2,"2026-06-20","Pediatrics","quantile","0.45",108
"newGBQR","2026-06-06",2,"2026-06-20","Pediatrics","quantile","0.5",111
"newGBQR","2026-06-06",2,"2026-06-20","Pediatrics","quantile","0.55",114
"newGBQR","2026-06-06",2,"2026-06-20","Pediatrics","quantile","0.6",117
"newGBQR","2026-06-06",2,"2026-06-20","Pediatrics","quantile","0.65",121
"newGBQR","2026-06-06",2,"2026-06-20","Pediatrics","quantile","0.7",123
"newGBQR","2026-06-06",2,"2026-06-20","Pediatrics","quantile","0.75",127
"newGBQR","2026-06-06",2,"2026-06-20","Pediatrics","quantile","0.8",134
"newGBQR","2026-06-06",2,"2026-06-20","Pediatrics","quantile","0.85",142
"newGBQR","2026-06-06",2,"2026-06-20","Pediatrics","quantile","0.9",146
"newGBQR","2026-06-06",2,"2026-06-20","Pediatrics","quantile","0.95",150
"newGBQR","2026-06-06",2,"2026-06-20","Pediatrics","quantile","0.975",159
"newGBQR","2026-06-06",2,"2026-06-20","Pediatrics","quantile","0.99",171
"newGBQR","2026-06-06",3,"2026-06-27","Pediatrics","quantile","0.01",56
"newGBQR","2026-06-06",3,"2026-06-27","Pediatrics","quantile","0.025",62
"newGBQR","2026-06-06",3,"2026-06-27","Pediatrics","quantile","0.05",70
"newGBQR","2026-06-06",3,"2026-06-27","Pediatrics","quantile","0.1",81
"newGBQR","2026-06-06",3,"2026-06-27","Pediatrics","quantile","0.15",86
"newGBQR","2026-06-06",3,"2026-06-27","Pediatrics","quantile","0.2",90
"newGBQR","2026-06-06",3,"2026-06-27","Pediatrics","quantile","0.25",94
"newGBQR","2026-06-06",3,"2026-06-27","Pediatrics","quantile","0.3",96
"newGBQR","2026-06-06",3,"2026-06-27","Pediatrics","quantile","0.35",99
"newGBQR","2026-06-06",3,"2026-06-27","Pediatrics","quantile","0.4",102
"newGBQR","2026-06-06",3,"2026-06-27","Pediatrics","quantile","0.45",109
"newGBQR","2026-06-06",3,"2026-06-27","Pediatrics","quantile","0.5",111
"newGBQR","2026-06-06",3,"2026-06-27","Pediatrics","quantile","0.55",114
"newGBQR","2026-06-06",3,"2026-06-27","Pediatrics","quantile","0.6",117
"newGBQR","2026-06-06",3,"2026-06-27","Pediatrics","quantile","0.65",121
"newGBQR","2026-06-06",3,"2026-06-27","Pediatrics","quantile","0.7",122
"newGBQR","2026-06-06",3,"2026-06-27","Pediatrics","quantile","0.75",127
"newGBQR","2026-06-06",3,"2026-06-27","Pediatrics","quantile","0.8",133
"newGBQR","2026-06-06",3,"2026-06-27","Pediatrics","quantile","0.85",142
"newGBQR","2026-06-06",3,"2026-06-27","Pediatrics","quantile","0.9",146
"newGBQR","2026-06-06",3,"2026-06-27","Pediatrics","quantile","0.95",151
"newGBQR","2026-06-06",3,"2026-06-27","Pediatrics","quantile","0.975",160
"newGBQR","2026-06-06",3,"2026-06-27","Pediatrics","quantile","0.99",171
"Ensemble","2026-06-06",-2,"2026-05-23","Adults","quantile","0.01",94
"Ensemble","2026-06-06",-2,"2026-05-23","Adults","quantile","0.025",102
"Ensemble","2026-06-06",-2,"2026-05-23","Adults","quantile","0.05",108
"Ensemble","2026-06-06",-2,"2026-05-23","Adults","quantile","0.1",119
"Ensemble","2026-06-06",-2,"2026-05-23","Adults","quantile","0.15",125
"Ensemble","2026-06-06",-2,"2026-05-23","Adults","quantile","0.2",129
"Ensemble","2026-06-06",-2,"2026-05-23","Adults","quantile","0.25",132
"Ensemble","2026-06-06",-2,"2026-05-23","Adults","quantile","0.3",134
"Ensemble","2026-06-06",-2,"2026-05-23","Adults","quantile","0.35",138
"Ensemble","2026-06-06",-2,"2026-05-23","Adults","quantile","0.4",140
"Ensemble","2026-06-06",-2,"2026-05-23","Adults","quantile","0.45",144
"Ensemble","2026-06-06",-2,"2026-05-23","Adults","quantile","0.5",148
"Ensemble","2026-06-06",-2,"2026-05-23","Adults","quantile","0.55",151
"Ensemble","2026-06-06",-2,"2026-05-23","Adults","quantile","0.6",152
"Ensemble","2026-06-06",-2,"2026-05-23","Adults","quantile","0.65",153
"Ensemble","2026-06-06",-2,"2026-05-23","Adults","quantile","0.7",155
"Ensemble","2026-06-06",-2,"2026-05-23","Adults","quantile","0.75",159
"Ensemble","2026-06-06",-2,"2026-05-23","Adults","quantile","0.8",164
"Ensemble","2026-06-06",-2,"2026-05-23","Adults","quantile","0.85",166
"Ensemble","2026-06-06",-2,"2026-05-23","Adults","quantile","0.9",173
"Ensemble","2026-06-06",-2,"2026-05-23","Adults","quantile","0.95",183
"Ensemble","2026-06-06",-2,"2026-05-23","Adults","quantile","0.975",199
"Ensemble","2026-06-06",-2,"2026-05-23","Adults","quantile","0.99",215
"Ensemble","2026-06-06",-2,"2026-05-23","Overall","quantile","0.01",186
"Ensemble","2026-06-06",-2,"2026-05-23","Overall","quantile","0.025",195
"Ensemble","2026-06-06",-2,"2026-05-23","Overall","quantile","0.05",203
"Ensemble","2026-06-06",-2,"2026-05-23","Overall","quantile","0.1",215
"Ensemble","2026-06-06",-2,"2026-05-23","Overall","quantile","0.15",222
"Ensemble","2026-06-06",-2,"2026-05-23","Overall","quantile","0.2",228
"Ensemble","2026-06-06",-2,"2026-05-23","Overall","quantile","0.25",233
"Ensemble","2026-06-06",-2,"2026-05-23","Overall","quantile","0.3",238
"Ensemble","2026-06-06",-2,"2026-05-23","Overall","quantile","0.35",242
"Ensemble","2026-06-06",-2,"2026-05-23","Overall","quantile","0.4",247
"Ensemble","2026-06-06",-2,"2026-05-23","Overall","quantile","0.45",250
"Ensemble","2026-06-06",-2,"2026-05-23","Overall","quantile","0.5",254
"Ensemble","2026-06-06",-2,"2026-05-23","Overall","quantile","0.55",260
"Ensemble","2026-06-06",-2,"2026-05-23","Overall","quantile","0.6",261
"Ensemble","2026-06-06",-2,"2026-05-23","Overall","quantile","0.65",264
"Ensemble","2026-06-06",-2,"2026-05-23","Overall","quantile","0.7",268
"Ensemble","2026-06-06",-2,"2026-05-23","Overall","quantile","0.75",272
"Ensemble","2026-06-06",-2,"2026-05-23","Overall","quantile","0.8",278
"Ensemble","2026-06-06",-2,"2026-05-23","Overall","quantile","0.85",286
"Ensemble","2026-06-06",-2,"2026-05-23","Overall","quantile","0.9",294
"Ensemble","2026-06-06",-2,"2026-05-23","Overall","quantile","0.95",308
"Ensemble","2026-06-06",-2,"2026-05-23","Overall","quantile","0.975",328
"Ensemble","2026-06-06",-2,"2026-05-23","Overall","quantile","0.99",344
"Ensemble","2026-06-06",-2,"2026-05-23","Pediatrics","quantile","0.01",63
"Ensemble","2026-06-06",-2,"2026-05-23","Pediatrics","quantile","0.025",70
"Ensemble","2026-06-06",-2,"2026-05-23","Pediatrics","quantile","0.05",75
"Ensemble","2026-06-06",-2,"2026-05-23","Pediatrics","quantile","0.1",85
"Ensemble","2026-06-06",-2,"2026-05-23","Pediatrics","quantile","0.15",89
"Ensemble","2026-06-06",-2,"2026-05-23","Pediatrics","quantile","0.2",92
"Ensemble","2026-06-06",-2,"2026-05-23","Pediatrics","quantile","0.25",96
"Ensemble","2026-06-06",-2,"2026-05-23","Pediatrics","quantile","0.3",98
"Ensemble","2026-06-06",-2,"2026-05-23","Pediatrics","quantile","0.35",100
"Ensemble","2026-06-06",-2,"2026-05-23","Pediatrics","quantile","0.4",103
"Ensemble","2026-06-06",-2,"2026-05-23","Pediatrics","quantile","0.45",106
"Ensemble","2026-06-06",-2,"2026-05-23","Pediatrics","quantile","0.5",108
"Ensemble","2026-06-06",-2,"2026-05-23","Pediatrics","quantile","0.55",110
"Ensemble","2026-06-06",-2,"2026-05-23","Pediatrics","quantile","0.6",111
"Ensemble","2026-06-06",-2,"2026-05-23","Pediatrics","quantile","0.65",114
"Ensemble","2026-06-06",-2,"2026-05-23","Pediatrics","quantile","0.7",117
"Ensemble","2026-06-06",-2,"2026-05-23","Pediatrics","quantile","0.75",120
"Ensemble","2026-06-06",-2,"2026-05-23","Pediatrics","quantile","0.8",122
"Ensemble","2026-06-06",-2,"2026-05-23","Pediatrics","quantile","0.85",128
"Ensemble","2026-06-06",-2,"2026-05-23","Pediatrics","quantile","0.9",133
"Ensemble","2026-06-06",-2,"2026-05-23","Pediatrics","quantile","0.95",143
"Ensemble","2026-06-06",-2,"2026-05-23","Pediatrics","quantile","0.975",152
"Ensemble","2026-06-06",-2,"2026-05-23","Pediatrics","quantile","0.99",163
"Ensemble","2026-06-06",-1,"2026-05-30","Adults","quantile","0.01",87
"Ensemble","2026-06-06",-1,"2026-05-30","Adults","quantile","0.025",97
"Ensemble","2026-06-06",-1,"2026-05-30","Adults","quantile","0.05",107
"Ensemble","2026-06-06",-1,"2026-05-30","Adults","quantile","0.1",119
"Ensemble","2026-06-06",-1,"2026-05-30","Adults","quantile","0.15",125
"Ensemble","2026-06-06",-1,"2026-05-30","Adults","quantile","0.2",129
"Ensemble","2026-06-06",-1,"2026-05-30","Adults","quantile","0.25",132
"Ensemble","2026-06-06",-1,"2026-05-30","Adults","quantile","0.3",136
"Ensemble","2026-06-06",-1,"2026-05-30","Adults","quantile","0.35",141
"Ensemble","2026-06-06",-1,"2026-05-30","Adults","quantile","0.4",145
"Ensemble","2026-06-06",-1,"2026-05-30","Adults","quantile","0.45",147
"Ensemble","2026-06-06",-1,"2026-05-30","Adults","quantile","0.5",150
"Ensemble","2026-06-06",-1,"2026-05-30","Adults","quantile","0.55",153
"Ensemble","2026-06-06",-1,"2026-05-30","Adults","quantile","0.6",157
"Ensemble","2026-06-06",-1,"2026-05-30","Adults","quantile","0.65",160
"Ensemble","2026-06-06",-1,"2026-05-30","Adults","quantile","0.7",163
"Ensemble","2026-06-06",-1,"2026-05-30","Adults","quantile","0.75",166
"Ensemble","2026-06-06",-1,"2026-05-30","Adults","quantile","0.8",170
"Ensemble","2026-06-06",-1,"2026-05-30","Adults","quantile","0.85",175
"Ensemble","2026-06-06",-1,"2026-05-30","Adults","quantile","0.9",180
"Ensemble","2026-06-06",-1,"2026-05-30","Adults","quantile","0.95",190
"Ensemble","2026-06-06",-1,"2026-05-30","Adults","quantile","0.975",203
"Ensemble","2026-06-06",-1,"2026-05-30","Adults","quantile","0.99",215
"Ensemble","2026-06-06",-1,"2026-05-30","Overall","quantile","0.01",175
"Ensemble","2026-06-06",-1,"2026-05-30","Overall","quantile","0.025",186
"Ensemble","2026-06-06",-1,"2026-05-30","Overall","quantile","0.05",196
"Ensemble","2026-06-06",-1,"2026-05-30","Overall","quantile","0.1",212
"Ensemble","2026-06-06",-1,"2026-05-30","Overall","quantile","0.15",221
"Ensemble","2026-06-06",-1,"2026-05-30","Overall","quantile","0.2",229
"Ensemble","2026-06-06",-1,"2026-05-30","Overall","quantile","0.25",235
"Ensemble","2026-06-06",-1,"2026-05-30","Overall","quantile","0.3",240
"Ensemble","2026-06-06",-1,"2026-05-30","Overall","quantile","0.35",244
"Ensemble","2026-06-06",-1,"2026-05-30","Overall","quantile","0.4",249
"Ensemble","2026-06-06",-1,"2026-05-30","Overall","quantile","0.45",254
"Ensemble","2026-06-06",-1,"2026-05-30","Overall","quantile","0.5",259
"Ensemble","2026-06-06",-1,"2026-05-30","Overall","quantile","0.55",263
"Ensemble","2026-06-06",-1,"2026-05-30","Overall","quantile","0.6",269
"Ensemble","2026-06-06",-1,"2026-05-30","Overall","quantile","0.65",274
"Ensemble","2026-06-06",-1,"2026-05-30","Overall","quantile","0.7",281
"Ensemble","2026-06-06",-1,"2026-05-30","Overall","quantile","0.75",288
"Ensemble","2026-06-06",-1,"2026-05-30","Overall","quantile","0.8",295
"Ensemble","2026-06-06",-1,"2026-05-30","Overall","quantile","0.85",305
"Ensemble","2026-06-06",-1,"2026-05-30","Overall","quantile","0.9",315
"Ensemble","2026-06-06",-1,"2026-05-30","Overall","quantile","0.95",332
"Ensemble","2026-06-06",-1,"2026-05-30","Overall","quantile","0.975",352
"Ensemble","2026-06-06",-1,"2026-05-30","Overall","quantile","0.99",391
"Ensemble","2026-06-06",-1,"2026-05-30","Pediatrics","quantile","0.01",62
"Ensemble","2026-06-06",-1,"2026-05-30","Pediatrics","quantile","0.025",68
"Ensemble","2026-06-06",-1,"2026-05-30","Pediatrics","quantile","0.05",73
"Ensemble","2026-06-06",-1,"2026-05-30","Pediatrics","quantile","0.1",84
"Ensemble","2026-06-06",-1,"2026-05-30","Pediatrics","quantile","0.15",89
"Ensemble","2026-06-06",-1,"2026-05-30","Pediatrics","quantile","0.2",93
"Ensemble","2026-06-06",-1,"2026-05-30","Pediatrics","quantile","0.25",96
"Ensemble","2026-06-06",-1,"2026-05-30","Pediatrics","quantile","0.3",98
"Ensemble","2026-06-06",-1,"2026-05-30","Pediatrics","quantile","0.35",100
"Ensemble","2026-06-06",-1,"2026-05-30","Pediatrics","quantile","0.4",103
"Ensemble","2026-06-06",-1,"2026-05-30","Pediatrics","quantile","0.45",107
"Ensemble","2026-06-06",-1,"2026-05-30","Pediatrics","quantile","0.5",110
"Ensemble","2026-06-06",-1,"2026-05-30","Pediatrics","quantile","0.55",113
"Ensemble","2026-06-06",-1,"2026-05-30","Pediatrics","quantile","0.6",116
"Ensemble","2026-06-06",-1,"2026-05-30","Pediatrics","quantile","0.65",118
"Ensemble","2026-06-06",-1,"2026-05-30","Pediatrics","quantile","0.7",121
"Ensemble","2026-06-06",-1,"2026-05-30","Pediatrics","quantile","0.75",125
"Ensemble","2026-06-06",-1,"2026-05-30","Pediatrics","quantile","0.8",129
"Ensemble","2026-06-06",-1,"2026-05-30","Pediatrics","quantile","0.85",134
"Ensemble","2026-06-06",-1,"2026-05-30","Pediatrics","quantile","0.9",139
"Ensemble","2026-06-06",-1,"2026-05-30","Pediatrics","quantile","0.95",147
"Ensemble","2026-06-06",-1,"2026-05-30","Pediatrics","quantile","0.975",155
"Ensemble","2026-06-06",-1,"2026-05-30","Pediatrics","quantile","0.99",170
"Ensemble","2026-06-06",0,"2026-06-06","Adults","quantile","0.01",87
"Ensemble","2026-06-06",0,"2026-06-06","Adults","quantile","0.025",97
"Ensemble","2026-06-06",0,"2026-06-06","Adults","quantile","0.05",107
"Ensemble","2026-06-06",0,"2026-06-06","Adults","quantile","0.1",116
"Ensemble","2026-06-06",0,"2026-06-06","Adults","quantile","0.15",123
"Ensemble","2026-06-06",0,"2026-06-06","Adults","quantile","0.2",127
"Ensemble","2026-06-06",0,"2026-06-06","Adults","quantile","0.25",132
"Ensemble","2026-06-06",0,"2026-06-06","Adults","quantile","0.3",135
"Ensemble","2026-06-06",0,"2026-06-06","Adults","quantile","0.35",139
"Ensemble","2026-06-06",0,"2026-06-06","Adults","quantile","0.4",143
"Ensemble","2026-06-06",0,"2026-06-06","Adults","quantile","0.45",147
"Ensemble","2026-06-06",0,"2026-06-06","Adults","quantile","0.5",151
"Ensemble","2026-06-06",0,"2026-06-06","Adults","quantile","0.55",153
"Ensemble","2026-06-06",0,"2026-06-06","Adults","quantile","0.6",158
"Ensemble","2026-06-06",0,"2026-06-06","Adults","quantile","0.65",163
"Ensemble","2026-06-06",0,"2026-06-06","Adults","quantile","0.7",168
"Ensemble","2026-06-06",0,"2026-06-06","Adults","quantile","0.75",172
"Ensemble","2026-06-06",0,"2026-06-06","Adults","quantile","0.8",178
"Ensemble","2026-06-06",0,"2026-06-06","Adults","quantile","0.85",185
"Ensemble","2026-06-06",0,"2026-06-06","Adults","quantile","0.9",194
"Ensemble","2026-06-06",0,"2026-06-06","Adults","quantile","0.95",210
"Ensemble","2026-06-06",0,"2026-06-06","Adults","quantile","0.975",226
"Ensemble","2026-06-06",0,"2026-06-06","Adults","quantile","0.99",250
"Ensemble","2026-06-06",0,"2026-06-06","Overall","quantile","0.01",164
"Ensemble","2026-06-06",0,"2026-06-06","Overall","quantile","0.025",176
"Ensemble","2026-06-06",0,"2026-06-06","Overall","quantile","0.05",190
"Ensemble","2026-06-06",0,"2026-06-06","Overall","quantile","0.1",207
"Ensemble","2026-06-06",0,"2026-06-06","Overall","quantile","0.15",216
"Ensemble","2026-06-06",0,"2026-06-06","Overall","quantile","0.2",223
"Ensemble","2026-06-06",0,"2026-06-06","Overall","quantile","0.25",231
"Ensemble","2026-06-06",0,"2026-06-06","Overall","quantile","0.3",235
"Ensemble","2026-06-06",0,"2026-06-06","Overall","quantile","0.35",241
"Ensemble","2026-06-06",0,"2026-06-06","Overall","quantile","0.4",248
"Ensemble","2026-06-06",0,"2026-06-06","Overall","quantile","0.45",254
"Ensemble","2026-06-06",0,"2026-06-06","Overall","quantile","0.5",260
"Ensemble","2026-06-06",0,"2026-06-06","Overall","quantile","0.55",268
"Ensemble","2026-06-06",0,"2026-06-06","Overall","quantile","0.6",274
"Ensemble","2026-06-06",0,"2026-06-06","Overall","quantile","0.65",281
"Ensemble","2026-06-06",0,"2026-06-06","Overall","quantile","0.7",288
"Ensemble","2026-06-06",0,"2026-06-06","Overall","quantile","0.75",297
"Ensemble","2026-06-06",0,"2026-06-06","Overall","quantile","0.8",309
"Ensemble","2026-06-06",0,"2026-06-06","Overall","quantile","0.85",324
"Ensemble","2026-06-06",0,"2026-06-06","Overall","quantile","0.9",339
"Ensemble","2026-06-06",0,"2026-06-06","Overall","quantile","0.95",370
"Ensemble","2026-06-06",0,"2026-06-06","Overall","quantile","0.975",398
"Ensemble","2026-06-06",0,"2026-06-06","Overall","quantile","0.99",435
"Ensemble","2026-06-06",0,"2026-06-06","Pediatrics","quantile","0.01",60
"Ensemble","2026-06-06",0,"2026-06-06","Pediatrics","quantile","0.025",65
"Ensemble","2026-06-06",0,"2026-06-06","Pediatrics","quantile","0.05",72
"Ensemble","2026-06-06",0,"2026-06-06","Pediatrics","quantile","0.1",83
"Ensemble","2026-06-06",0,"2026-06-06","Pediatrics","quantile","0.15",88
"Ensemble","2026-06-06",0,"2026-06-06","Pediatrics","quantile","0.2",93
"Ensemble","2026-06-06",0,"2026-06-06","Pediatrics","quantile","0.25",96
"Ensemble","2026-06-06",0,"2026-06-06","Pediatrics","quantile","0.3",97
"Ensemble","2026-06-06",0,"2026-06-06","Pediatrics","quantile","0.35",100
"Ensemble","2026-06-06",0,"2026-06-06","Pediatrics","quantile","0.4",104
"Ensemble","2026-06-06",0,"2026-06-06","Pediatrics","quantile","0.45",108
"Ensemble","2026-06-06",0,"2026-06-06","Pediatrics","quantile","0.5",112
"Ensemble","2026-06-06",0,"2026-06-06","Pediatrics","quantile","0.55",114
"Ensemble","2026-06-06",0,"2026-06-06","Pediatrics","quantile","0.6",117
"Ensemble","2026-06-06",0,"2026-06-06","Pediatrics","quantile","0.65",121
"Ensemble","2026-06-06",0,"2026-06-06","Pediatrics","quantile","0.7",125
"Ensemble","2026-06-06",0,"2026-06-06","Pediatrics","quantile","0.75",129
"Ensemble","2026-06-06",0,"2026-06-06","Pediatrics","quantile","0.8",135
"Ensemble","2026-06-06",0,"2026-06-06","Pediatrics","quantile","0.85",141
"Ensemble","2026-06-06",0,"2026-06-06","Pediatrics","quantile","0.9",152
"Ensemble","2026-06-06",0,"2026-06-06","Pediatrics","quantile","0.95",164
"Ensemble","2026-06-06",0,"2026-06-06","Pediatrics","quantile","0.975",175
"Ensemble","2026-06-06",0,"2026-06-06","Pediatrics","quantile","0.99",188
"Ensemble","2026-06-06",1,"2026-06-13","Adults","quantile","0.01",86
"Ensemble","2026-06-06",1,"2026-06-13","Adults","quantile","0.025",94
"Ensemble","2026-06-06",1,"2026-06-13","Adults","quantile","0.05",103
"Ensemble","2026-06-06",1,"2026-06-13","Adults","quantile","0.1",110
"Ensemble","2026-06-06",1,"2026-06-13","Adults","quantile","0.15",119
"Ensemble","2026-06-06",1,"2026-06-13","Adults","quantile","0.2",126
"Ensemble","2026-06-06",1,"2026-06-13","Adults","quantile","0.25",132
"Ensemble","2026-06-06",1,"2026-06-13","Adults","quantile","0.3",134
"Ensemble","2026-06-06",1,"2026-06-13","Adults","quantile","0.35",138
"Ensemble","2026-06-06",1,"2026-06-13","Adults","quantile","0.4",141
"Ensemble","2026-06-06",1,"2026-06-13","Adults","quantile","0.45",147
"Ensemble","2026-06-06",1,"2026-06-13","Adults","quantile","0.5",152
"Ensemble","2026-06-06",1,"2026-06-13","Adults","quantile","0.55",154
"Ensemble","2026-06-06",1,"2026-06-13","Adults","quantile","0.6",158
"Ensemble","2026-06-06",1,"2026-06-13","Adults","quantile","0.65",164
"Ensemble","2026-06-06",1,"2026-06-13","Adults","quantile","0.7",168
"Ensemble","2026-06-06",1,"2026-06-13","Adults","quantile","0.75",173
"Ensemble","2026-06-06",1,"2026-06-13","Adults","quantile","0.8",181
"Ensemble","2026-06-06",1,"2026-06-13","Adults","quantile","0.85",189
"Ensemble","2026-06-06",1,"2026-06-13","Adults","quantile","0.9",200
"Ensemble","2026-06-06",1,"2026-06-13","Adults","quantile","0.95",219
"Ensemble","2026-06-06",1,"2026-06-13","Adults","quantile","0.975",238
"Ensemble","2026-06-06",1,"2026-06-13","Adults","quantile","0.99",262
"Ensemble","2026-06-06",1,"2026-06-13","Overall","quantile","0.01",162
"Ensemble","2026-06-06",1,"2026-06-13","Overall","quantile","0.025",175
"Ensemble","2026-06-06",1,"2026-06-13","Overall","quantile","0.05",189
"Ensemble","2026-06-06",1,"2026-06-13","Overall","quantile","0.1",204
"Ensemble","2026-06-06",1,"2026-06-13","Overall","quantile","0.15",213
"Ensemble","2026-06-06",1,"2026-06-13","Overall","quantile","0.2",222
"Ensemble","2026-06-06",1,"2026-06-13","Overall","quantile","0.25",230
"Ensemble","2026-06-06",1,"2026-06-13","Overall","quantile","0.3",232
"Ensemble","2026-06-06",1,"2026-06-13","Overall","quantile","0.35",238
"Ensemble","2026-06-06",1,"2026-06-13","Overall","quantile","0.4",243
"Ensemble","2026-06-06",1,"2026-06-13","Overall","quantile","0.45",252
"Ensemble","2026-06-06",1,"2026-06-13","Overall","quantile","0.5",259
"Ensemble","2026-06-06",1,"2026-06-13","Overall","quantile","0.55",264
"Ensemble","2026-06-06",1,"2026-06-13","Overall","quantile","0.6",270
"Ensemble","2026-06-06",1,"2026-06-13","Overall","quantile","0.65",280
"Ensemble","2026-06-06",1,"2026-06-13","Overall","quantile","0.7",290
"Ensemble","2026-06-06",1,"2026-06-13","Overall","quantile","0.75",300
"Ensemble","2026-06-06",1,"2026-06-13","Overall","quantile","0.8",312
"Ensemble","2026-06-06",1,"2026-06-13","Overall","quantile","0.85",326
"Ensemble","2026-06-06",1,"2026-06-13","Overall","quantile","0.9",354
"Ensemble","2026-06-06",1,"2026-06-13","Overall","quantile","0.95",393
"Ensemble","2026-06-06",1,"2026-06-13","Overall","quantile","0.975",418
"Ensemble","2026-06-06",1,"2026-06-13","Overall","quantile","0.99",457
"Ensemble","2026-06-06",1,"2026-06-13","Pediatrics","quantile","0.01",57
"Ensemble","2026-06-06",1,"2026-06-13","Pediatrics","quantile","0.025",64
"Ensemble","2026-06-06",1,"2026-06-13","Pediatrics","quantile","0.05",72
"Ensemble","2026-06-06",1,"2026-06-13","Pediatrics","quantile","0.1",79
"Ensemble","2026-06-06",1,"2026-06-13","Pediatrics","quantile","0.15",85
"Ensemble","2026-06-06",1,"2026-06-13","Pediatrics","quantile","0.2",89
"Ensemble","2026-06-06",1,"2026-06-13","Pediatrics","quantile","0.25",93
"Ensemble","2026-06-06",1,"2026-06-13","Pediatrics","quantile","0.3",96
"Ensemble","2026-06-06",1,"2026-06-13","Pediatrics","quantile","0.35",99
"Ensemble","2026-06-06",1,"2026-06-13","Pediatrics","quantile","0.4",103
"Ensemble","2026-06-06",1,"2026-06-13","Pediatrics","quantile","0.45",108
"Ensemble","2026-06-06",1,"2026-06-13","Pediatrics","quantile","0.5",110
"Ensemble","2026-06-06",1,"2026-06-13","Pediatrics","quantile","0.55",114
"Ensemble","2026-06-06",1,"2026-06-13","Pediatrics","quantile","0.6",117
"Ensemble","2026-06-06",1,"2026-06-13","Pediatrics","quantile","0.65",121
"Ensemble","2026-06-06",1,"2026-06-13","Pediatrics","quantile","0.7",125
"Ensemble","2026-06-06",1,"2026-06-13","Pediatrics","quantile","0.75",131
"Ensemble","2026-06-06",1,"2026-06-13","Pediatrics","quantile","0.8",136
"Ensemble","2026-06-06",1,"2026-06-13","Pediatrics","quantile","0.85",145
"Ensemble","2026-06-06",1,"2026-06-13","Pediatrics","quantile","0.9",155
"Ensemble","2026-06-06",1,"2026-06-13","Pediatrics","quantile","0.95",170
"Ensemble","2026-06-06",1,"2026-06-13","Pediatrics","quantile","0.975",192
"Ensemble","2026-06-06",1,"2026-06-13","Pediatrics","quantile","0.99",214
"Ensemble","2026-06-06",2,"2026-06-20","Adults","quantile","0.01",76
"Ensemble","2026-06-06",2,"2026-06-20","Adults","quantile","0.025",84
"Ensemble","2026-06-06",2,"2026-06-20","Adults","quantile","0.05",94
"Ensemble","2026-06-06",2,"2026-06-20","Adults","quantile","0.1",104
"Ensemble","2026-06-06",2,"2026-06-20","Adults","quantile","0.15",113
"Ensemble","2026-06-06",2,"2026-06-20","Adults","quantile","0.2",120
"Ensemble","2026-06-06",2,"2026-06-20","Adults","quantile","0.25",127
"Ensemble","2026-06-06",2,"2026-06-20","Adults","quantile","0.3",133
"Ensemble","2026-06-06",2,"2026-06-20","Adults","quantile","0.35",138
"Ensemble","2026-06-06",2,"2026-06-20","Adults","quantile","0.4",141
"Ensemble","2026-06-06",2,"2026-06-20","Adults","quantile","0.45",147
"Ensemble","2026-06-06",2,"2026-06-20","Adults","quantile","0.5",152
"Ensemble","2026-06-06",2,"2026-06-20","Adults","quantile","0.55",154
"Ensemble","2026-06-06",2,"2026-06-20","Adults","quantile","0.6",155
"Ensemble","2026-06-06",2,"2026-06-20","Adults","quantile","0.65",160
"Ensemble","2026-06-06",2,"2026-06-20","Adults","quantile","0.7",166
"Ensemble","2026-06-06",2,"2026-06-20","Adults","quantile","0.75",174
"Ensemble","2026-06-06",2,"2026-06-20","Adults","quantile","0.8",181
"Ensemble","2026-06-06",2,"2026-06-20","Adults","quantile","0.85",189
"Ensemble","2026-06-06",2,"2026-06-20","Adults","quantile","0.9",200
"Ensemble","2026-06-06",2,"2026-06-20","Adults","quantile","0.95",223
"Ensemble","2026-06-06",2,"2026-06-20","Adults","quantile","0.975",252
"Ensemble","2026-06-06",2,"2026-06-20","Adults","quantile","0.99",273
"Ensemble","2026-06-06",2,"2026-06-20","Overall","quantile","0.01",155
"Ensemble","2026-06-06",2,"2026-06-20","Overall","quantile","0.025",171
"Ensemble","2026-06-06",2,"2026-06-20","Overall","quantile","0.05",186
"Ensemble","2026-06-06",2,"2026-06-20","Overall","quantile","0.1",202
"Ensemble","2026-06-06",2,"2026-06-20","Overall","quantile","0.15",213
"Ensemble","2026-06-06",2,"2026-06-20","Overall","quantile","0.2",220
"Ensemble","2026-06-06",2,"2026-06-20","Overall","quantile","0.25",228
"Ensemble","2026-06-06",2,"2026-06-20","Overall","quantile","0.3",231
"Ensemble","2026-06-06",2,"2026-06-20","Overall","quantile","0.35",240
"Ensemble","2026-06-06",2,"2026-06-20","Overall","quantile","0.4",244
"Ensemble","2026-06-06",2,"2026-06-20","Overall","quantile","0.45",253
"Ensemble","2026-06-06",2,"2026-06-20","Overall","quantile","0.5",260
"Ensemble","2026-06-06",2,"2026-06-20","Overall","quantile","0.55",263
"Ensemble","2026-06-06",2,"2026-06-20","Overall","quantile","0.6",268
"Ensemble","2026-06-06",2,"2026-06-20","Overall","quantile","0.65",275
"Ensemble","2026-06-06",2,"2026-06-20","Overall","quantile","0.7",285
"Ensemble","2026-06-06",2,"2026-06-20","Overall","quantile","0.75",296
"Ensemble","2026-06-06",2,"2026-06-20","Overall","quantile","0.8",312
"Ensemble","2026-06-06",2,"2026-06-20","Overall","quantile","0.85",332
"Ensemble","2026-06-06",2,"2026-06-20","Overall","quantile","0.9",355
"Ensemble","2026-06-06",2,"2026-06-20","Overall","quantile","0.95",390
"Ensemble","2026-06-06",2,"2026-06-20","Overall","quantile","0.975",421
"Ensemble","2026-06-06",2,"2026-06-20","Overall","quantile","0.99",458
"Ensemble","2026-06-06",2,"2026-06-20","Pediatrics","quantile","0.01",53
"Ensemble","2026-06-06",2,"2026-06-20","Pediatrics","quantile","0.025",60
"Ensemble","2026-06-06",2,"2026-06-20","Pediatrics","quantile","0.05",66
"Ensemble","2026-06-06",2,"2026-06-20","Pediatrics","quantile","0.1",74
"Ensemble","2026-06-06",2,"2026-06-20","Pediatrics","quantile","0.15",79
"Ensemble","2026-06-06",2,"2026-06-20","Pediatrics","quantile","0.2",84
"Ensemble","2026-06-06",2,"2026-06-20","Pediatrics","quantile","0.25",88
"Ensemble","2026-06-06",2,"2026-06-20","Pediatrics","quantile","0.3",92
"Ensemble","2026-06-06",2,"2026-06-20","Pediatrics","quantile","0.35",96
"Ensemble","2026-06-06",2,"2026-06-20","Pediatrics","quantile","0.4",100
"Ensemble","2026-06-06",2,"2026-06-20","Pediatrics","quantile","0.45",104
"Ensemble","2026-06-06",2,"2026-06-20","Pediatrics","quantile","0.5",109
"Ensemble","2026-06-06",2,"2026-06-20","Pediatrics","quantile","0.55",113
"Ensemble","2026-06-06",2,"2026-06-20","Pediatrics","quantile","0.6",117
"Ensemble","2026-06-06",2,"2026-06-20","Pediatrics","quantile","0.65",121
"Ensemble","2026-06-06",2,"2026-06-20","Pediatrics","quantile","0.7",123
"Ensemble","2026-06-06",2,"2026-06-20","Pediatrics","quantile","0.75",129
"Ensemble","2026-06-06",2,"2026-06-20","Pediatrics","quantile","0.8",135
"Ensemble","2026-06-06",2,"2026-06-20","Pediatrics","quantile","0.85",143
"Ensemble","2026-06-06",2,"2026-06-20","Pediatrics","quantile","0.9",154
"Ensemble","2026-06-06",2,"2026-06-20","Pediatrics","quantile","0.95",175
"Ensemble","2026-06-06",2,"2026-06-20","Pediatrics","quantile","0.975",194
"Ensemble","2026-06-06",2,"2026-06-20","Pediatrics","quantile","0.99",219
"Ensemble","2026-06-06",3,"2026-06-27","Adults","quantile","0.01",67
"Ensemble","2026-06-06",3,"2026-06-27","Adults","quantile","0.025",79
"Ensemble","2026-06-06",3,"2026-06-27","Adults","quantile","0.05",88
"Ensemble","2026-06-06",3,"2026-06-27","Adults","quantile","0.1",98
"Ensemble","2026-06-06",3,"2026-06-27","Adults","quantile","0.15",106
"Ensemble","2026-06-06",3,"2026-06-27","Adults","quantile","0.2",113
"Ensemble","2026-06-06",3,"2026-06-27","Adults","quantile","0.25",119
"Ensemble","2026-06-06",3,"2026-06-27","Adults","quantile","0.3",125
"Ensemble","2026-06-06",3,"2026-06-27","Adults","quantile","0.35",130
"Ensemble","2026-06-06",3,"2026-06-27","Adults","quantile","0.4",136
"Ensemble","2026-06-06",3,"2026-06-27","Adults","quantile","0.45",142
"Ensemble","2026-06-06",3,"2026-06-27","Adults","quantile","0.5",149
"Ensemble","2026-06-06",3,"2026-06-27","Adults","quantile","0.55",154
"Ensemble","2026-06-06",3,"2026-06-27","Adults","quantile","0.6",156
"Ensemble","2026-06-06",3,"2026-06-27","Adults","quantile","0.65",160
"Ensemble","2026-06-06",3,"2026-06-27","Adults","quantile","0.7",162
"Ensemble","2026-06-06",3,"2026-06-27","Adults","quantile","0.75",170
"Ensemble","2026-06-06",3,"2026-06-27","Adults","quantile","0.8",176
"Ensemble","2026-06-06",3,"2026-06-27","Adults","quantile","0.85",185
"Ensemble","2026-06-06",3,"2026-06-27","Adults","quantile","0.9",198
"Ensemble","2026-06-06",3,"2026-06-27","Adults","quantile","0.95",226
"Ensemble","2026-06-06",3,"2026-06-27","Adults","quantile","0.975",252
"Ensemble","2026-06-06",3,"2026-06-27","Adults","quantile","0.99",267
"Ensemble","2026-06-06",3,"2026-06-27","Overall","quantile","0.01",143
"Ensemble","2026-06-06",3,"2026-06-27","Overall","quantile","0.025",159
"Ensemble","2026-06-06",3,"2026-06-27","Overall","quantile","0.05",173
"Ensemble","2026-06-06",3,"2026-06-27","Overall","quantile","0.1",190
"Ensemble","2026-06-06",3,"2026-06-27","Overall","quantile","0.15",201
"Ensemble","2026-06-06",3,"2026-06-27","Overall","quantile","0.2",210
"Ensemble","2026-06-06",3,"2026-06-27","Overall","quantile","0.25",220
"Ensemble","2026-06-06",3,"2026-06-27","Overall","quantile","0.3",228
"Ensemble","2026-06-06",3,"2026-06-27","Overall","quantile","0.35",236
"Ensemble","2026-06-06",3,"2026-06-27","Overall","quantile","0.4",242
"Ensemble","2026-06-06",3,"2026-06-27","Overall","quantile","0.45",250
"Ensemble","2026-06-06",3,"2026-06-27","Overall","quantile","0.5",257
"Ensemble","2026-06-06",3,"2026-06-27","Overall","quantile","0.55",263
"Ensemble","2026-06-06",3,"2026-06-27","Overall","quantile","0.6",268
"Ensemble","2026-06-06",3,"2026-06-27","Overall","quantile","0.65",275
"Ensemble","2026-06-06",3,"2026-06-27","Overall","quantile","0.7",281
"Ensemble","2026-06-06",3,"2026-06-27","Overall","quantile","0.75",291
"Ensemble","2026-06-06",3,"2026-06-27","Overall","quantile","0.8",308
"Ensemble","2026-06-06",3,"2026-06-27","Overall","quantile","0.85",324
"Ensemble","2026-06-06",3,"2026-06-27","Overall","quantile","0.9",348
"Ensemble","2026-06-06",3,"2026-06-27","Overall","quantile","0.95",379
"Ensemble","2026-06-06",3,"2026-06-27","Overall","quantile","0.975",409
"Ensemble","2026-06-06",3,"2026-06-27","Overall","quantile","0.99",449
"Ensemble","2026-06-06",3,"2026-06-27","Pediatrics","quantile","0.01",49
"Ensemble","2026-06-06",3,"2026-06-27","Pediatrics","quantile","0.025",54
"Ensemble","2026-06-06",3,"2026-06-27","Pediatrics","quantile","0.05",59
"Ensemble","2026-06-06",3,"2026-06-27","Pediatrics","quantile","0.1",66
"Ensemble","2026-06-06",3,"2026-06-27","Pediatrics","quantile","0.15",73
"Ensemble","2026-06-06",3,"2026-06-27","Pediatrics","quantile","0.2",80
"Ensemble","2026-06-06",3,"2026-06-27","Pediatrics","quantile","0.25",85
"Ensemble","2026-06-06",3,"2026-06-27","Pediatrics","quantile","0.3",88
"Ensemble","2026-06-06",3,"2026-06-27","Pediatrics","quantile","0.35",92
"Ensemble","2026-06-06",3,"2026-06-27","Pediatrics","quantile","0.4",95
"Ensemble","2026-06-06",3,"2026-06-27","Pediatrics","quantile","0.45",99
"Ensemble","2026-06-06",3,"2026-06-27","Pediatrics","quantile","0.5",103
"Ensemble","2026-06-06",3,"2026-06-27","Pediatrics","quantile","0.55",107
"Ensemble","2026-06-06",3,"2026-06-27","Pediatrics","quantile","0.6",112
"Ensemble","2026-06-06",3,"2026-06-27","Pediatrics","quantile","0.65",117
"Ensemble","2026-06-06",3,"2026-06-27","Pediatrics","quantile","0.7",122
"Ensemble","2026-06-06",3,"2026-06-27","Pediatrics","quantile","0.75",127
"Ensemble","2026-06-06",3,"2026-06-27","Pediatrics","quantile","0.8",133
"Ensemble","2026-06-06",3,"2026-06-27","Pediatrics","quantile","0.85",142
"Ensemble","2026-06-06",3,"2026-06-27","Pediatrics","quantile","0.9",150
"Ensemble","2026-06-06",3,"2026-06-27","Pediatrics","quantile","0.95",173
"Ensemble","2026-06-06",3,"2026-06-27","Pediatrics","quantile","0.975",191
"Ensemble","2026-06-06",3,"2026-06-27","Pediatrics","quantile","0.99",221
