"model","reference_date","horizon","target_end_date","target_group","output_type","output_type_id","value"
"Regular Baseline","2026-06-13",-2,"2026-05-30","Adults","quantile","0.01",95
"Regular Baseline","2026-06-13",-2,"2026-05-30","Adults","quantile","0.025",103
"Regular Baseline","2026-06-13",-2,"2026-05-30","Adults","quantile","0.05",109
"Regular Baseline","2026-06-13",-2,"2026-05-30","Adults","quantile","0.1",116
"Regular Baseline","2026-06-13",-2,"2026-05-30","Adults","quantile","0.15",123
"Regular Baseline","2026-06-13",-2,"2026-05-30","Adults","quantile","0.2",126
"Regular Baseline","2026-06-13",-2,"2026-05-30","Adults","quantile","0.25",129
"Regular Baseline","2026-06-13",-2,"2026-05-30","Adults","quantile","0.3",131
"Regular Baseline","2026-06-13",-2,"2026-05-30","Adults","quantile","0.35",133
"Regular Baseline","2026-06-13",-2,"2026-05-30","Adults","quantile","0.4",136
"Regular Baseline","2026-06-13",-2,"2026-05-30","Adults","quantile","0.45",138
"Regular Baseline","2026-06-13",-2,"2026-05-30","Adults","quantile","0.5",140
"Regular Baseline","2026-06-13",-2,"2026-05-30","Adults","quantile","0.55",142
"Regular Baseline","2026-06-13",-2,"2026-05-30","Adults","quantile","0.6",144
"Regular Baseline","2026-06-13",-2,"2026-05-30","Adults","quantile","0.65",147
"Regular Baseline","2026-06-13",-2,"2026-05-30","Adults","quantile","0.7",150
"Regular Baseline","2026-06-13",-2,"2026-05-30","Adults","quantile","0.75",152
"Regular Baseline","2026-06-13",-2,"2026-05-30","Adults","quantile","0.8",155
"Regular Baseline","2026-06-13",-2,"2026-05-30","Adults","quantile","0.85",159
"Regular Baseline","2026-06-13",-2,"2026-05-30","Adults","quantile","0.9",166
"Regular Baseline","2026-06-13",-2,"2026-05-30","Adults","quantile","0.95",175
"Regular Baseline","2026-06-13",-2,"2026-05-30","Adults","quantile","0.975",183
"Regular Baseline","2026-06-13",-2,"2026-05-30","Adults","quantile","0.99",194
"Regular Baseline","2026-06-13",-1,"2026-06-06","Adults","quantile","0.01",81
"Regular Baseline","2026-06-13",-1,"2026-06-06","Adults","quantile","0.025",91
"Regular Baseline","2026-06-13",-1,"2026-06-06","Adults","quantile","0.05",99
"Regular Baseline","2026-06-13",-1,"2026-06-06","Adults","quantile","0.1",108
"Regular Baseline","2026-06-13",-1,"2026-06-06","Adults","quantile","0.15",113
"Regular Baseline","2026-06-13",-1,"2026-06-06","Adults","quantile","0.2",118
"Regular Baseline","2026-06-13",-1,"2026-06-06","Adults","quantile","0.25",123
"Regular Baseline","2026-06-13",-1,"2026-06-06","Adults","quantile","0.3",127
"Regular Baseline","2026-06-13",-1,"2026-06-06","Adults","quantile","0.35",130
"Regular Baseline","2026-06-13",-1,"2026-06-06","Adults","quantile","0.4",133
"Regular Baseline","2026-06-13",-1,"2026-06-06","Adults","quantile","0.45",137
"Regular Baseline","2026-06-13",-1,"2026-06-06","Adults","quantile","0.5",140
"Regular Baseline","2026-06-13",-1,"2026-06-06","Adults","quantile","0.55",143
"Regular Baseline","2026-06-13",-1,"2026-06-06","Adults","quantile","0.6",147
"Regular Baseline","2026-06-13",-1,"2026-06-06","Adults","quantile","0.65",150
"Regular Baseline","2026-06-13",-1,"2026-06-06","Adults","quantile","0.7",154
"Regular Baseline","2026-06-13",-1,"2026-06-06","Adults","quantile","0.75",158
"Regular Baseline","2026-06-13",-1,"2026-06-06","Adults","quantile","0.8",163
"Regular Baseline","2026-06-13",-1,"2026-06-06","Adults","quantile","0.85",168
"Regular Baseline","2026-06-13",-1,"2026-06-06","Adults","quantile","0.9",176
"Regular Baseline","2026-06-13",-1,"2026-06-06","Adults","quantile","0.95",189
"Regular Baseline","2026-06-13",-1,"2026-06-06","Adults","quantile","0.975",200
"Regular Baseline","2026-06-13",-1,"2026-06-06","Adults","quantile","0.99",217
"Regular Baseline","2026-06-13",0,"2026-06-13","Adults","quantile","0.01",72
"Regular Baseline","2026-06-13",0,"2026-06-13","Adults","quantile","0.025",81
"Regular Baseline","2026-06-13",0,"2026-06-13","Adults","quantile","0.05",90
"Regular Baseline","2026-06-13",0,"2026-06-13","Adults","quantile","0.1",102
"Regular Baseline","2026-06-13",0,"2026-06-13","Adults","quantile","0.15",108
"Regular Baseline","2026-06-13",0,"2026-06-13","Adults","quantile","0.2",114
"Regular Baseline","2026-06-13",0,"2026-06-13","Adults","quantile","0.25",119
"Regular Baseline","2026-06-13",0,"2026-06-13","Adults","quantile","0.3",124
"Regular Baseline","2026-06-13",0,"2026-06-13","Adults","quantile","0.35",128
"Regular Baseline","2026-06-13",0,"2026-06-13","Adults","quantile","0.4",132
"Regular Baseline","2026-06-13",0,"2026-06-13","Adults","quantile","0.45",136
"Regular Baseline","2026-06-13",0,"2026-06-13","Adults","quantile","0.5",140
"Regular Baseline","2026-06-13",0,"2026-06-13","Adults","quantile","0.55",144
"Regular Baseline","2026-06-13",0,"2026-06-13","Adults","quantile","0.6",148
"Regular Baseline","2026-06-13",0,"2026-06-13","Adults","quantile","0.65",153
"Regular Baseline","2026-06-13",0,"2026-06-13","Adults","quantile","0.7",158
"Regular Baseline","2026-06-13",0,"2026-06-13","Adults","quantile","0.75",163
"Regular Baseline","2026-06-13",0,"2026-06-13","Adults","quantile","0.8",169
"Regular Baseline","2026-06-13",0,"2026-06-13","Adults","quantile","0.85",176
"Regular Baseline","2026-06-13",0,"2026-06-13","Adults","quantile","0.9",186
"Regular Baseline","2026-06-13",0,"2026-06-13","Adults","quantile","0.95",201
"Regular Baseline","2026-06-13",0,"2026-06-13","Adults","quantile","0.975",214
"Regular Baseline","2026-06-13",0,"2026-06-13","Adults","quantile","0.99",232
"Regular Baseline","2026-06-13",1,"2026-06-20","Adults","quantile","0.01",64
"Regular Baseline","2026-06-13",1,"2026-06-20","Adults","quantile","0.025",74
"Regular Baseline","2026-06-13",1,"2026-06-20","Adults","quantile","0.05",83
"Regular Baseline","2026-06-13",1,"2026-06-20","Adults","quantile","0.1",95
"Regular Baseline","2026-06-13",1,"2026-06-20","Adults","quantile","0.15",103
"Regular Baseline","2026-06-13",1,"2026-06-20","Adults","quantile","0.2",110
"Regular Baseline","2026-06-13",1,"2026-06-20","Adults","quantile","0.25",116
"Regular Baseline","2026-06-13",1,"2026-06-20","Adults","quantile","0.3",121
"Regular Baseline","2026-06-13",1,"2026-06-20","Adults","quantile","0.35",126
"Regular Baseline","2026-06-13",1,"2026-06-20","Adults","quantile","0.4",130
"Regular Baseline","2026-06-13",1,"2026-06-20","Adults","quantile","0.45",135
"Regular Baseline","2026-06-13",1,"2026-06-20","Adults","quantile","0.5",140
"Regular Baseline","2026-06-13",1,"2026-06-20","Adults","quantile","0.55",145
"Regular Baseline","2026-06-13",1,"2026-06-20","Adults","quantile","0.6",150
"Regular Baseline","2026-06-13",1,"2026-06-20","Adults","quantile","0.65",155
"Regular Baseline","2026-06-13",1,"2026-06-20","Adults","quantile","0.7",160
"Regular Baseline","2026-06-13",1,"2026-06-20","Adults","quantile","0.75",167
"Regular Baseline","2026-06-13",1,"2026-06-20","Adults","quantile","0.8",174
"Regular Baseline","2026-06-13",1,"2026-06-20","Adults","quantile","0.85",182
"Regular Baseline","2026-06-13",1,"2026-06-20","Adults","quantile","0.9",193
"Regular Baseline","2026-06-13",1,"2026-06-20","Adults","quantile","0.95",209
"Regular Baseline","2026-06-13",1,"2026-06-20","Adults","quantile","0.975",225
"Regular Baseline","2026-06-13",1,"2026-06-20","Adults","quantile","0.99",248
"Regular Baseline","2026-06-13",2,"2026-06-27","Adults","quantile","0.01",57
"Regular Baseline","2026-06-13",2,"2026-06-27","Adults","quantile","0.025",67
"Regular Baseline","2026-06-13",2,"2026-06-27","Adults","quantile","0.05",78
"Regular Baseline","2026-06-13",2,"2026-06-27","Adults","quantile","0.1",90
"Regular Baseline","2026-06-13",2,"2026-06-27","Adults","quantile","0.15",99
"Regular Baseline","2026-06-13",2,"2026-06-27","Adults","quantile","0.2",106
"Regular Baseline","2026-06-13",2,"2026-06-27","Adults","quantile","0.25",113
"Regular Baseline","2026-06-13",2,"2026-06-27","Adults","quantile","0.3",119
"Regular Baseline","2026-06-13",2,"2026-06-27","Adults","quantile","0.35",124
"Regular Baseline","2026-06-13",2,"2026-06-27","Adults","quantile","0.4",130
"Regular Baseline","2026-06-13",2,"2026-06-27","Adults","quantile","0.45",135
"Regular Baseline","2026-06-13",2,"2026-06-27","Adults","quantile","0.5",140
"Regular Baseline","2026-06-13",2,"2026-06-27","Adults","quantile","0.55",145
"Regular Baseline","2026-06-13",2,"2026-06-27","Adults","quantile","0.6",150
"Regular Baseline","2026-06-13",2,"2026-06-27","Adults","quantile","0.65",156
"Regular Baseline","2026-06-13",2,"2026-06-27","Adults","quantile","0.7",162
"Regular Baseline","2026-06-13",2,"2026-06-27","Adults","quantile","0.75",169
"Regular Baseline","2026-06-13",2,"2026-06-27","Adults","quantile","0.8",177
"Regular Baseline","2026-06-13",2,"2026-06-27","Adults","quantile","0.85",187
"Regular Baseline","2026-06-13",2,"2026-06-27","Adults","quantile","0.9",200
"Regular Baseline","2026-06-13",2,"2026-06-27","Adults","quantile","0.95",220
"Regular Baseline","2026-06-13",2,"2026-06-27","Adults","quantile","0.975",237
"Regular Baseline","2026-06-13",2,"2026-06-27","Adults","quantile","0.99",259
"Regular Baseline","2026-06-13",3,"2026-07-04","Adults","quantile","0.01",52
"Regular Baseline","2026-06-13",3,"2026-07-04","Adults","quantile","0.025",62
"Regular Baseline","2026-06-13",3,"2026-07-04","Adults","quantile","0.05",73
"Regular Baseline","2026-06-13",3,"2026-07-04","Adults","quantile","0.1",86
"Regular Baseline","2026-06-13",3,"2026-07-04","Adults","quantile","0.15",96
"Regular Baseline","2026-06-13",3,"2026-07-04","Adults","quantile","0.2",103
"Regular Baseline","2026-06-13",3,"2026-07-04","Adults","quantile","0.25",109
"Regular Baseline","2026-06-13",3,"2026-07-04","Adults","quantile","0.3",116
"Regular Baseline","2026-06-13",3,"2026-07-04","Adults","quantile","0.35",122
"Regular Baseline","2026-06-13",3,"2026-07-04","Adults","quantile","0.4",128
"Regular Baseline","2026-06-13",3,"2026-07-04","Adults","quantile","0.45",134
"Regular Baseline","2026-06-13",3,"2026-07-04","Adults","quantile","0.5",140
"Regular Baseline","2026-06-13",3,"2026-07-04","Adults","quantile","0.55",146
"Regular Baseline","2026-06-13",3,"2026-07-04","Adults","quantile","0.6",152
"Regular Baseline","2026-06-13",3,"2026-07-04","Adults","quantile","0.65",158
"Regular Baseline","2026-06-13",3,"2026-07-04","Adults","quantile","0.7",165
"Regular Baseline","2026-06-13",3,"2026-07-04","Adults","quantile","0.75",172
"Regular Baseline","2026-06-13",3,"2026-07-04","Adults","quantile","0.8",181
"Regular Baseline","2026-06-13",3,"2026-07-04","Adults","quantile","0.85",192
"Regular Baseline","2026-06-13",3,"2026-07-04","Adults","quantile","0.9",206
"Regular Baseline","2026-06-13",3,"2026-07-04","Adults","quantile","0.95",228
"Regular Baseline","2026-06-13",3,"2026-07-04","Adults","quantile","0.975",249
"Regular Baseline","2026-06-13",3,"2026-07-04","Adults","quantile","0.99",275
"Regular Baseline","2026-06-13",-2,"2026-05-30","Overall","quantile","0.01",158
"Regular Baseline","2026-06-13",-2,"2026-05-30","Overall","quantile","0.025",169
"Regular Baseline","2026-06-13",-2,"2026-05-30","Overall","quantile","0.05",180
"Regular Baseline","2026-06-13",-2,"2026-05-30","Overall","quantile","0.1",192
"Regular Baseline","2026-06-13",-2,"2026-05-30","Overall","quantile","0.15",201
"Regular Baseline","2026-06-13",-2,"2026-05-30","Overall","quantile","0.2",204
"Regular Baseline","2026-06-13",-2,"2026-05-30","Overall","quantile","0.25",210
"Regular Baseline","2026-06-13",-2,"2026-05-30","Overall","quantile","0.3",214
"Regular Baseline","2026-06-13",-2,"2026-05-30","Overall","quantile","0.35",218
"Regular Baseline","2026-06-13",-2,"2026-05-30","Overall","quantile","0.4",222
"Regular Baseline","2026-06-13",-2,"2026-05-30","Overall","quantile","0.45",227
"Regular Baseline","2026-06-13",-2,"2026-05-30","Overall","quantile","0.5",230
"Regular Baseline","2026-06-13",-2,"2026-05-30","Overall","quantile","0.55",233
"Regular Baseline","2026-06-13",-2,"2026-05-30","Overall","quantile","0.6",238
"Regular Baseline","2026-06-13",-2,"2026-05-30","Overall","quantile","0.65",243
"Regular Baseline","2026-06-13",-2,"2026-05-30","Overall","quantile","0.7",247
"Regular Baseline","2026-06-13",-2,"2026-05-30","Overall","quantile","0.75",251
"Regular Baseline","2026-06-13",-2,"2026-05-30","Overall","quantile","0.8",257
"Regular Baseline","2026-06-13",-2,"2026-05-30","Overall","quantile","0.85",261
"Regular Baseline","2026-06-13",-2,"2026-05-30","Overall","quantile","0.9",272
"Regular Baseline","2026-06-13",-2,"2026-05-30","Overall","quantile","0.95",286
"Regular Baseline","2026-06-13",-2,"2026-05-30","Overall","quantile","0.975",301
"Regular Baseline","2026-06-13",-2,"2026-05-30","Overall","quantile","0.99",315
"Regular Baseline","2026-06-13",-1,"2026-06-06","Overall","quantile","0.01",134
"Regular Baseline","2026-06-13",-1,"2026-06-06","Overall","quantile","0.025",149
"Regular Baseline","2026-06-13",-1,"2026-06-06","Overall","quantile","0.05",160
"Regular Baseline","2026-06-13",-1,"2026-06-06","Overall","quantile","0.1",175
"Regular Baseline","2026-06-13",-1,"2026-06-06","Overall","quantile","0.15",185
"Regular Baseline","2026-06-13",-1,"2026-06-06","Overall","quantile","0.2",194
"Regular Baseline","2026-06-13",-1,"2026-06-06","Overall","quantile","0.25",201
"Regular Baseline","2026-06-13",-1,"2026-06-06","Overall","quantile","0.3",207
"Regular Baseline","2026-06-13",-1,"2026-06-06","Overall","quantile","0.35",213
"Regular Baseline","2026-06-13",-1,"2026-06-06","Overall","quantile","0.4",219
"Regular Baseline","2026-06-13",-1,"2026-06-06","Overall","quantile","0.45",224
"Regular Baseline","2026-06-13",-1,"2026-06-06","Overall","quantile","0.5",230
"Regular Baseline","2026-06-13",-1,"2026-06-06","Overall","quantile","0.55",236
"Regular Baseline","2026-06-13",-1,"2026-06-06","Overall","quantile","0.6",241
"Regular Baseline","2026-06-13",-1,"2026-06-06","Overall","quantile","0.65",247
"Regular Baseline","2026-06-13",-1,"2026-06-06","Overall","quantile","0.7",253
"Regular Baseline","2026-06-13",-1,"2026-06-06","Overall","quantile","0.75",260
"Regular Baseline","2026-06-13",-1,"2026-06-06","Overall","quantile","0.8",268
"Regular Baseline","2026-06-13",-1,"2026-06-06","Overall","quantile","0.85",278
"Regular Baseline","2026-06-13",-1,"2026-06-06","Overall","quantile","0.9",291
"Regular Baseline","2026-06-13",-1,"2026-06-06","Overall","quantile","0.95",310
"Regular Baseline","2026-06-13",-1,"2026-06-06","Overall","quantile","0.975",327
"Regular Baseline","2026-06-13",-1,"2026-06-06","Overall","quantile","0.99",349
"Regular Baseline","2026-06-13",0,"2026-06-13","Overall","quantile","0.01",118
"Regular Baseline","2026-06-13",0,"2026-06-13","Overall","quantile","0.025",134
"Regular Baseline","2026-06-13",0,"2026-06-13","Overall","quantile","0.05",149
"Regular Baseline","2026-06-13",0,"2026-06-13","Overall","quantile","0.1",165
"Regular Baseline","2026-06-13",0,"2026-06-13","Overall","quantile","0.15",176
"Regular Baseline","2026-06-13",0,"2026-06-13","Overall","quantile","0.2",186
"Regular Baseline","2026-06-13",0,"2026-06-13","Overall","quantile","0.25",195
"Regular Baseline","2026-06-13",0,"2026-06-13","Overall","quantile","0.3",202
"Regular Baseline","2026-06-13",0,"2026-06-13","Overall","quantile","0.35",210
"Regular Baseline","2026-06-13",0,"2026-06-13","Overall","quantile","0.4",217
"Regular Baseline","2026-06-13",0,"2026-06-13","Overall","quantile","0.45",223
"Regular Baseline","2026-06-13",0,"2026-06-13","Overall","quantile","0.5",230
"Regular Baseline","2026-06-13",0,"2026-06-13","Overall","quantile","0.55",237
"Regular Baseline","2026-06-13",0,"2026-06-13","Overall","quantile","0.6",244
"Regular Baseline","2026-06-13",0,"2026-06-13","Overall","quantile","0.65",251
"Regular Baseline","2026-06-13",0,"2026-06-13","Overall","quantile","0.7",259
"Regular Baseline","2026-06-13",0,"2026-06-13","Overall","quantile","0.75",268
"Regular Baseline","2026-06-13",0,"2026-06-13","Overall","quantile","0.8",278
"Regular Baseline","2026-06-13",0,"2026-06-13","Overall","quantile","0.85",290
"Regular Baseline","2026-06-13",0,"2026-06-13","Overall","quantile","0.9",306
"Regular Baseline","2026-06-13",0,"2026-06-13","Overall","quantile","0.95",329
"Regular Baseline","2026-06-13",0,"2026-06-13","Overall","quantile","0.975",350
"Regular Baseline","2026-06-13",0,"2026-06-13","Overall","quantile","0.99",375
"Regular Baseline","2026-06-13",1,"2026-06-20","Overall","quantile","0.01",104
"Regular Baseline","2026-06-13",1,"2026-06-20","Overall","quantile","0.025",122
"Regular Baseline","2026-06-13",1,"2026-06-20","Overall","quantile","0.05",137
"Regular Baseline","2026-06-13",1,"2026-06-20","Overall","quantile","0.1",155
"Regular Baseline","2026-06-13",1,"2026-06-20","Overall","quantile","0.15",169
"Regular Baseline","2026-06-13",1,"2026-06-20","Overall","quantile","0.2",180
"Regular Baseline","2026-06-13",1,"2026-06-20","Overall","quantile","0.25",190
"Regular Baseline","2026-06-13",1,"2026-06-20","Overall","quantile","0.3",199
"Regular Baseline","2026-06-13",1,"2026-06-20","Overall","quantile","0.35",207
"Regular Baseline","2026-06-13",1,"2026-06-20","Overall","quantile","0.4",215
"Regular Baseline","2026-06-13",1,"2026-06-20","Overall","quantile","0.45",223
"Regular Baseline","2026-06-13",1,"2026-06-20","Overall","quantile","0.5",230
"Regular Baseline","2026-06-13",1,"2026-06-20","Overall","quantile","0.55",238
"Regular Baseline","2026-06-13",1,"2026-06-20","Overall","quantile","0.6",247
"Regular Baseline","2026-06-13",1,"2026-06-20","Overall","quantile","0.65",255
"Regular Baseline","2026-06-13",1,"2026-06-20","Overall","quantile","0.7",264
"Regular Baseline","2026-06-13",1,"2026-06-20","Overall","quantile","0.75",274
"Regular Baseline","2026-06-13",1,"2026-06-20","Overall","quantile","0.8",286
"Regular Baseline","2026-06-13",1,"2026-06-20","Overall","quantile","0.85",301
"Regular Baseline","2026-06-13",1,"2026-06-20","Overall","quantile","0.9",319
"Regular Baseline","2026-06-13",1,"2026-06-20","Overall","quantile","0.95",347
"Regular Baseline","2026-06-13",1,"2026-06-20","Overall","quantile","0.975",372
"Regular Baseline","2026-06-13",1,"2026-06-20","Overall","quantile","0.99",402
"Regular Baseline","2026-06-13",2,"2026-06-27","Overall","quantile","0.01",95
"Regular Baseline","2026-06-13",2,"2026-06-27","Overall","quantile","0.025",112
"Regular Baseline","2026-06-13",2,"2026-06-27","Overall","quantile","0.05",128
"Regular Baseline","2026-06-13",2,"2026-06-27","Overall","quantile","0.1",148
"Regular Baseline","2026-06-13",2,"2026-06-27","Overall","quantile","0.15",162
"Regular Baseline","2026-06-13",2,"2026-06-27","Overall","quantile","0.2",174
"Regular Baseline","2026-06-13",2,"2026-06-27","Overall","quantile","0.25",184
"Regular Baseline","2026-06-13",2,"2026-06-27","Overall","quantile","0.3",194
"Regular Baseline","2026-06-13",2,"2026-06-27","Overall","quantile","0.35",204
"Regular Baseline","2026-06-13",2,"2026-06-27","Overall","quantile","0.4",213
"Regular Baseline","2026-06-13",2,"2026-06-27","Overall","quantile","0.45",222
"Regular Baseline","2026-06-13",2,"2026-06-27","Overall","quantile","0.5",230
"Regular Baseline","2026-06-13",2,"2026-06-27","Overall","quantile","0.55",239
"Regular Baseline","2026-06-13",2,"2026-06-27","Overall","quantile","0.6",248
"Regular Baseline","2026-06-13",2,"2026-06-27","Overall","quantile","0.65",257
"Regular Baseline","2026-06-13",2,"2026-06-27","Overall","quantile","0.7",268
"Regular Baseline","2026-06-13",2,"2026-06-27","Overall","quantile","0.75",279
"Regular Baseline","2026-06-13",2,"2026-06-27","Overall","quantile","0.8",292
"Regular Baseline","2026-06-13",2,"2026-06-27","Overall","quantile","0.85",308
"Regular Baseline","2026-06-13",2,"2026-06-27","Overall","quantile","0.9",330
"Regular Baseline","2026-06-13",2,"2026-06-27","Overall","quantile","0.95",361
"Regular Baseline","2026-06-13",2,"2026-06-27","Overall","quantile","0.975",389
"Regular Baseline","2026-06-13",2,"2026-06-27","Overall","quantile","0.99",425
"Regular Baseline","2026-06-13",3,"2026-07-04","Overall","quantile","0.01",87
"Regular Baseline","2026-06-13",3,"2026-07-04","Overall","quantile","0.025",105
"Regular Baseline","2026-06-13",3,"2026-07-04","Overall","quantile","0.05",120
"Regular Baseline","2026-06-13",3,"2026-07-04","Overall","quantile","0.1",141
"Regular Baseline","2026-06-13",3,"2026-07-04","Overall","quantile","0.15",157
"Regular Baseline","2026-06-13",3,"2026-07-04","Overall","quantile","0.2",169
"Regular Baseline","2026-06-13",3,"2026-07-04","Overall","quantile","0.25",181
"Regular Baseline","2026-06-13",3,"2026-07-04","Overall","quantile","0.3",191
"Regular Baseline","2026-06-13",3,"2026-07-04","Overall","quantile","0.35",201
"Regular Baseline","2026-06-13",3,"2026-07-04","Overall","quantile","0.4",210
"Regular Baseline","2026-06-13",3,"2026-07-04","Overall","quantile","0.45",220
"Regular Baseline","2026-06-13",3,"2026-07-04","Overall","quantile","0.5",230
"Regular Baseline","2026-06-13",3,"2026-07-04","Overall","quantile","0.55",240
"Regular Baseline","2026-06-13",3,"2026-07-04","Overall","quantile","0.6",250
"Regular Baseline","2026-06-13",3,"2026-07-04","Overall","quantile","0.65",261
"Regular Baseline","2026-06-13",3,"2026-07-04","Overall","quantile","0.7",273
"Regular Baseline","2026-06-13",3,"2026-07-04","Overall","quantile","0.75",286
"Regular Baseline","2026-06-13",3,"2026-07-04","Overall","quantile","0.8",300
"Regular Baseline","2026-06-13",3,"2026-07-04","Overall","quantile","0.85",317
"Regular Baseline","2026-06-13",3,"2026-07-04","Overall","quantile","0.9",340
"Regular Baseline","2026-06-13",3,"2026-07-04","Overall","quantile","0.95",377
"Regular Baseline","2026-06-13",3,"2026-07-04","Overall","quantile","0.975",406
"Regular Baseline","2026-06-13",3,"2026-07-04","Overall","quantile","0.99",442
"Regular Baseline","2026-06-13",-2,"2026-05-30","Pediatrics","quantile","0.01",45
"Regular Baseline","2026-06-13",-2,"2026-05-30","Pediatrics","quantile","0.025",55
"Regular Baseline","2026-06-13",-2,"2026-05-30","Pediatrics","quantile","0.05",60
"Regular Baseline","2026-06-13",-2,"2026-05-30","Pediatrics","quantile","0.1",66
"Regular Baseline","2026-06-13",-2,"2026-05-30","Pediatrics","quantile","0.15",71
"Regular Baseline","2026-06-13",-2,"2026-05-30","Pediatrics","quantile","0.2",75
"Regular Baseline","2026-06-13",-2,"2026-05-30","Pediatrics","quantile","0.25",77
"Regular Baseline","2026-06-13",-2,"2026-05-30","Pediatrics","quantile","0.3",80
"Regular Baseline","2026-06-13",-2,"2026-05-30","Pediatrics","quantile","0.35",82
"Regular Baseline","2026-06-13",-2,"2026-05-30","Pediatrics","quantile","0.4",84
"Regular Baseline","2026-06-13",-2,"2026-05-30","Pediatrics","quantile","0.45",87
"Regular Baseline","2026-06-13",-2,"2026-05-30","Pediatrics","quantile","0.5",90
"Regular Baseline","2026-06-13",-2,"2026-05-30","Pediatrics","quantile","0.55",93
"Regular Baseline","2026-06-13",-2,"2026-05-30","Pediatrics","quantile","0.6",96
"Regular Baseline","2026-06-13",-2,"2026-05-30","Pediatrics","quantile","0.65",98
"Regular Baseline","2026-06-13",-2,"2026-05-30","Pediatrics","quantile","0.7",101
"Regular Baseline","2026-06-13",-2,"2026-05-30","Pediatrics","quantile","0.75",104
"Regular Baseline","2026-06-13",-2,"2026-05-30","Pediatrics","quantile","0.8",106
"Regular Baseline","2026-06-13",-2,"2026-05-30","Pediatrics","quantile","0.85",112
"Regular Baseline","2026-06-13",-2,"2026-05-30","Pediatrics","quantile","0.9",117
"Regular Baseline","2026-06-13",-2,"2026-05-30","Pediatrics","quantile","0.95",125
"Regular Baseline","2026-06-13",-2,"2026-05-30","Pediatrics","quantile","0.975",133
"Regular Baseline","2026-06-13",-2,"2026-05-30","Pediatrics","quantile","0.99",150
"Regular Baseline","2026-06-13",-1,"2026-06-06","Pediatrics","quantile","0.01",34
"Regular Baseline","2026-06-13",-1,"2026-06-06","Pediatrics","quantile","0.025",42
"Regular Baseline","2026-06-13",-1,"2026-06-06","Pediatrics","quantile","0.05",48
"Regular Baseline","2026-06-13",-1,"2026-06-06","Pediatrics","quantile","0.1",57
"Regular Baseline","2026-06-13",-1,"2026-06-06","Pediatrics","quantile","0.15",63
"Regular Baseline","2026-06-13",-1,"2026-06-06","Pediatrics","quantile","0.2",68
"Regular Baseline","2026-06-13",-1,"2026-06-06","Pediatrics","quantile","0.25",72
"Regular Baseline","2026-06-13",-1,"2026-06-06","Pediatrics","quantile","0.3",76
"Regular Baseline","2026-06-13",-1,"2026-06-06","Pediatrics","quantile","0.35",79
"Regular Baseline","2026-06-13",-1,"2026-06-06","Pediatrics","quantile","0.4",83
"Regular Baseline","2026-06-13",-1,"2026-06-06","Pediatrics","quantile","0.45",87
"Regular Baseline","2026-06-13",-1,"2026-06-06","Pediatrics","quantile","0.5",90
"Regular Baseline","2026-06-13",-1,"2026-06-06","Pediatrics","quantile","0.55",94
"Regular Baseline","2026-06-13",-1,"2026-06-06","Pediatrics","quantile","0.6",97
"Regular Baseline","2026-06-13",-1,"2026-06-06","Pediatrics","quantile","0.65",101
"Regular Baseline","2026-06-13",-1,"2026-06-06","Pediatrics","quantile","0.7",105
"Regular Baseline","2026-06-13",-1,"2026-06-06","Pediatrics","quantile","0.75",110
"Regular Baseline","2026-06-13",-1,"2026-06-06","Pediatrics","quantile","0.8",115
"Regular Baseline","2026-06-13",-1,"2026-06-06","Pediatrics","quantile","0.85",121
"Regular Baseline","2026-06-13",-1,"2026-06-06","Pediatrics","quantile","0.9",131
"Regular Baseline","2026-06-13",-1,"2026-06-06","Pediatrics","quantile","0.95",144
"Regular Baseline","2026-06-13",-1,"2026-06-06","Pediatrics","quantile","0.975",157
"Regular Baseline","2026-06-13",-1,"2026-06-06","Pediatrics","quantile","0.99",174
"Regular Baseline","2026-06-13",0,"2026-06-13","Pediatrics","quantile","0.01",25
"Regular Baseline","2026-06-13",0,"2026-06-13","Pediatrics","quantile","0.025",34
"Regular Baseline","2026-06-13",0,"2026-06-13","Pediatrics","quantile","0.05",41
"Regular Baseline","2026-06-13",0,"2026-06-13","Pediatrics","quantile","0.1",51
"Regular Baseline","2026-06-13",0,"2026-06-13","Pediatrics","quantile","0.15",57
"Regular Baseline","2026-06-13",0,"2026-06-13","Pediatrics","quantile","0.2",63
"Regular Baseline","2026-06-13",0,"2026-06-13","Pediatrics","quantile","0.25",68
"Regular Baseline","2026-06-13",0,"2026-06-13","Pediatrics","quantile","0.3",73
"Regular Baseline","2026-06-13",0,"2026-06-13","Pediatrics","quantile","0.35",77
"Regular Baseline","2026-06-13",0,"2026-06-13","Pediatrics","quantile","0.4",81
"Regular Baseline","2026-06-13",0,"2026-06-13","Pediatrics","quantile","0.45",86
"Regular Baseline","2026-06-13",0,"2026-06-13","Pediatrics","quantile","0.5",90
"Regular Baseline","2026-06-13",0,"2026-06-13","Pediatrics","quantile","0.55",94
"Regular Baseline","2026-06-13",0,"2026-06-13","Pediatrics","quantile","0.6",99
"Regular Baseline","2026-06-13",0,"2026-06-13","Pediatrics","quantile","0.65",104
"Regular Baseline","2026-06-13",0,"2026-06-13","Pediatrics","quantile","0.7",109
"Regular Baseline","2026-06-13",0,"2026-06-13","Pediatrics","quantile","0.75",115
"Regular Baseline","2026-06-13",0,"2026-06-13","Pediatrics","quantile","0.8",122
"Regular Baseline","2026-06-13",0,"2026-06-13","Pediatrics","quantile","0.85",130
"Regular Baseline","2026-06-13",0,"2026-06-13","Pediatrics","quantile","0.9",141
"Regular Baseline","2026-06-13",0,"2026-06-13","Pediatrics","quantile","0.95",158
"Regular Baseline","2026-06-13",0,"2026-06-13","Pediatrics","quantile","0.975",173
"Regular Baseline","2026-06-13",0,"2026-06-13","Pediatrics","quantile","0.99",196
"Regular Baseline","2026-06-13",1,"2026-06-20","Pediatrics","quantile","0.01",18
"Regular Baseline","2026-06-13",1,"2026-06-20","Pediatrics","quantile","0.025",27
"Regular Baseline","2026-06-13",1,"2026-06-20","Pediatrics","quantile","0.05",35
"Regular Baseline","2026-06-13",1,"2026-06-20","Pediatrics","quantile","0.1",45
"Regular Baseline","2026-06-13",1,"2026-06-20","Pediatrics","quantile","0.15",53
"Regular Baseline","2026-06-13",1,"2026-06-20","Pediatrics","quantile","0.2",59
"Regular Baseline","2026-06-13",1,"2026-06-20","Pediatrics","quantile","0.25",65
"Regular Baseline","2026-06-13",1,"2026-06-20","Pediatrics","quantile","0.3",70
"Regular Baseline","2026-06-13",1,"2026-06-20","Pediatrics","quantile","0.35",75
"Regular Baseline","2026-06-13",1,"2026-06-20","Pediatrics","quantile","0.4",80
"Regular Baseline","2026-06-13",1,"2026-06-20","Pediatrics","quantile","0.45",85
"Regular Baseline","2026-06-13",1,"2026-06-20","Pediatrics","quantile","0.5",90
"Regular Baseline","2026-06-13",1,"2026-06-20","Pediatrics","quantile","0.55",95
"Regular Baseline","2026-06-13",1,"2026-06-20","Pediatrics","quantile","0.6",100
"Regular Baseline","2026-06-13",1,"2026-06-20","Pediatrics","quantile","0.65",106
"Regular Baseline","2026-06-13",1,"2026-06-20","Pediatrics","quantile","0.7",112
"Regular Baseline","2026-06-13",1,"2026-06-20","Pediatrics","quantile","0.75",120
"Regular Baseline","2026-06-13",1,"2026-06-20","Pediatrics","quantile","0.8",127
"Regular Baseline","2026-06-13",1,"2026-06-20","Pediatrics","quantile","0.85",138
"Regular Baseline","2026-06-13",1,"2026-06-20","Pediatrics","quantile","0.9",151
"Regular Baseline","2026-06-13",1,"2026-06-20","Pediatrics","quantile","0.95",171
"Regular Baseline","2026-06-13",1,"2026-06-20","Pediatrics","quantile","0.975",192
"Regular Baseline","2026-06-13",1,"2026-06-20","Pediatrics","quantile","0.99",214
"Regular Baseline","2026-06-13",2,"2026-06-27","Pediatrics","quantile","0.01",14
"Regular Baseline","2026-06-13",2,"2026-06-27","Pediatrics","quantile","0.025",23
"Regular Baseline","2026-06-13",2,"2026-06-27","Pediatrics","quantile","0.05",31
"Regular Baseline","2026-06-13",2,"2026-06-27","Pediatrics","quantile","0.1",41
"Regular Baseline","2026-06-13",2,"2026-06-27","Pediatrics","quantile","0.15",49
"Regular Baseline","2026-06-13",2,"2026-06-27","Pediatrics","quantile","0.2",56
"Regular Baseline","2026-06-13",2,"2026-06-27","Pediatrics","quantile","0.25",62
"Regular Baseline","2026-06-13",2,"2026-06-27","Pediatrics","quantile","0.3",69
"Regular Baseline","2026-06-13",2,"2026-06-27","Pediatrics","quantile","0.35",74
"Regular Baseline","2026-06-13",2,"2026-06-27","Pediatrics","quantile","0.4",79
"Regular Baseline","2026-06-13",2,"2026-06-27","Pediatrics","quantile","0.45",85
"Regular Baseline","2026-06-13",2,"2026-06-27","Pediatrics","quantile","0.5",90
"Regular Baseline","2026-06-13",2,"2026-06-27","Pediatrics","quantile","0.55",96
"Regular Baseline","2026-06-13",2,"2026-06-27","Pediatrics","quantile","0.6",102
"Regular Baseline","2026-06-13",2,"2026-06-27","Pediatrics","quantile","0.65",109
"Regular Baseline","2026-06-13",2,"2026-06-27","Pediatrics","quantile","0.7",116
"Regular Baseline","2026-06-13",2,"2026-06-27","Pediatrics","quantile","0.75",124
"Regular Baseline","2026-06-13",2,"2026-06-27","Pediatrics","quantile","0.8",134
"Regular Baseline","2026-06-13",2,"2026-06-27","Pediatrics","quantile","0.85",146
"Regular Baseline","2026-06-13",2,"2026-06-27","Pediatrics","quantile","0.9",160
"Regular Baseline","2026-06-13",2,"2026-06-27","Pediatrics","quantile","0.95",184
"Regular Baseline","2026-06-13",2,"2026-06-27","Pediatrics","quantile","0.975",208
"Regular Baseline","2026-06-13",2,"2026-06-27","Pediatrics","quantile","0.99",234
"Regular Baseline","2026-06-13",3,"2026-07-04","Pediatrics","quantile","0.01",10
"Regular Baseline","2026-06-13",3,"2026-07-04","Pediatrics","quantile","0.025",18
"Regular Baseline","2026-06-13",3,"2026-07-04","Pediatrics","quantile","0.05",27
"Regular Baseline","2026-06-13",3,"2026-07-04","Pediatrics","quantile","0.1",37
"Regular Baseline","2026-06-13",3,"2026-07-04","Pediatrics","quantile","0.15",45
"Regular Baseline","2026-06-13",3,"2026-07-04","Pediatrics","quantile","0.2",53
"Regular Baseline","2026-06-13",3,"2026-07-04","Pediatrics","quantile","0.25",59
"Regular Baseline","2026-06-13",3,"2026-07-04","Pediatrics","quantile","0.3",66
"Regular Baseline","2026-06-13",3,"2026-07-04","Pediatrics","quantile","0.35",72
"Regular Baseline","2026-06-13",3,"2026-07-04","Pediatrics","quantile","0.4",78
"Regular Baseline","2026-06-13",3,"2026-07-04","Pediatrics","quantile","0.45",83
"Regular Baseline","2026-06-13",3,"2026-07-04","Pediatrics","quantile","0.5",90
"Regular Baseline","2026-06-13",3,"2026-07-04","Pediatrics","quantile","0.55",96
"Regular Baseline","2026-06-13",3,"2026-07-04","Pediatrics","quantile","0.6",103
"Regular Baseline","2026-06-13",3,"2026-07-04","Pediatrics","quantile","0.65",110
"Regular Baseline","2026-06-13",3,"2026-07-04","Pediatrics","quantile","0.7",118
"Regular Baseline","2026-06-13",3,"2026-07-04","Pediatrics","quantile","0.75",128
"Regular Baseline","2026-06-13",3,"2026-07-04","Pediatrics","quantile","0.8",138
"Regular Baseline","2026-06-13",3,"2026-07-04","Pediatrics","quantile","0.85",150
"Regular Baseline","2026-06-13",3,"2026-07-04","Pediatrics","quantile","0.9",166
"Regular Baseline","2026-06-13",3,"2026-07-04","Pediatrics","quantile","0.95",193
"Regular Baseline","2026-06-13",3,"2026-07-04","Pediatrics","quantile","0.975",217
"Regular Baseline","2026-06-13",3,"2026-07-04","Pediatrics","quantile","0.99",248
"Seasonal Baseline","2026-06-13",-2,"2026-05-30","Adults","quantile","0.01",78
"Seasonal Baseline","2026-06-13",-2,"2026-05-30","Adults","quantile","0.025",87
"Seasonal Baseline","2026-06-13",-2,"2026-05-30","Adults","quantile","0.05",95
"Seasonal Baseline","2026-06-13",-2,"2026-05-30","Adults","quantile","0.1",106
"Seasonal Baseline","2026-06-13",-2,"2026-05-30","Adults","quantile","0.15",113
"Seasonal Baseline","2026-06-13",-2,"2026-05-30","Adults","quantile","0.2",119
"Seasonal Baseline","2026-06-13",-2,"2026-05-30","Adults","quantile","0.25",125
"Seasonal Baseline","2026-06-13",-2,"2026-05-30","Adults","quantile","0.3",130
"Seasonal Baseline","2026-06-13",-2,"2026-05-30","Adults","quantile","0.35",135
"Seasonal Baseline","2026-06-13",-2,"2026-05-30","Adults","quantile","0.4",140
"Seasonal Baseline","2026-06-13",-2,"2026-05-30","Adults","quantile","0.45",145
"Seasonal Baseline","2026-06-13",-2,"2026-05-30","Adults","quantile","0.5",150
"Seasonal Baseline","2026-06-13",-2,"2026-05-30","Adults","quantile","0.55",155
"Seasonal Baseline","2026-06-13",-2,"2026-05-30","Adults","quantile","0.6",161
"Seasonal Baseline","2026-06-13",-2,"2026-05-30","Adults","quantile","0.65",167
"Seasonal Baseline","2026-06-13",-2,"2026-05-30","Adults","quantile","0.7",174
"Seasonal Baseline","2026-06-13",-2,"2026-05-30","Adults","quantile","0.75",181
"Seasonal Baseline","2026-06-13",-2,"2026-05-30","Adults","quantile","0.8",190
"Seasonal Baseline","2026-06-13",-2,"2026-05-30","Adults","quantile","0.85",201
"Seasonal Baseline","2026-06-13",-2,"2026-05-30","Adults","quantile","0.9",214
"Seasonal Baseline","2026-06-13",-2,"2026-05-30","Adults","quantile","0.95",235
"Seasonal Baseline","2026-06-13",-2,"2026-05-30","Adults","quantile","0.975",261
"Seasonal Baseline","2026-06-13",-2,"2026-05-30","Adults","quantile","0.99",285
"Seasonal Baseline","2026-06-13",-1,"2026-06-06","Adults","quantile","0.01",79
"Seasonal Baseline","2026-06-13",-1,"2026-06-06","Adults","quantile","0.025",88
"Seasonal Baseline","2026-06-13",-1,"2026-06-06","Adults","quantile","0.05",97
"Seasonal Baseline","2026-06-13",-1,"2026-06-06","Adults","quantile","0.1",107
"Seasonal Baseline","2026-06-13",-1,"2026-06-06","Adults","quantile","0.15",114
"Seasonal Baseline","2026-06-13",-1,"2026-06-06","Adults","quantile","0.2",120
"Seasonal Baseline","2026-06-13",-1,"2026-06-06","Adults","quantile","0.25",126
"Seasonal Baseline","2026-06-13",-1,"2026-06-06","Adults","quantile","0.3",131
"Seasonal Baseline","2026-06-13",-1,"2026-06-06","Adults","quantile","0.35",137
"Seasonal Baseline","2026-06-13",-1,"2026-06-06","Adults","quantile","0.4",142
"Seasonal Baseline","2026-06-13",-1,"2026-06-06","Adults","quantile","0.45",147
"Seasonal Baseline","2026-06-13",-1,"2026-06-06","Adults","quantile","0.5",152
"Seasonal Baseline","2026-06-13",-1,"2026-06-06","Adults","quantile","0.55",157
"Seasonal Baseline","2026-06-13",-1,"2026-06-06","Adults","quantile","0.6",163
"Seasonal Baseline","2026-06-13",-1,"2026-06-06","Adults","quantile","0.65",169
"Seasonal Baseline","2026-06-13",-1,"2026-06-06","Adults","quantile","0.7",175
"Seasonal Baseline","2026-06-13",-1,"2026-06-06","Adults","quantile","0.75",182
"Seasonal Baseline","2026-06-13",-1,"2026-06-06","Adults","quantile","0.8",190
"Seasonal Baseline","2026-06-13",-1,"2026-06-06","Adults","quantile","0.85",200
"Seasonal Baseline","2026-06-13",-1,"2026-06-06","Adults","quantile","0.9",214
"Seasonal Baseline","2026-06-13",-1,"2026-06-06","Adults","quantile","0.95",237
"Seasonal Baseline","2026-06-13",-1,"2026-06-06","Adults","quantile","0.975",258
"Seasonal Baseline","2026-06-13",-1,"2026-06-06","Adults","quantile","0.99",288
"Seasonal Baseline","2026-06-13",0,"2026-06-13","Adults","quantile","0.01",80
"Seasonal Baseline","2026-06-13",0,"2026-06-13","Adults","quantile","0.025",88
"Seasonal Baseline","2026-06-13",0,"2026-06-13","Adults","quantile","0.05",97
"Seasonal Baseline","2026-06-13",0,"2026-06-13","Adults","quantile","0.1",107
"Seasonal Baseline","2026-06-13",0,"2026-06-13","Adults","quantile","0.15",114
"Seasonal Baseline","2026-06-13",0,"2026-06-13","Adults","quantile","0.2",120
"Seasonal Baseline","2026-06-13",0,"2026-06-13","Adults","quantile","0.25",126
"Seasonal Baseline","2026-06-13",0,"2026-06-13","Adults","quantile","0.3",131
"Seasonal Baseline","2026-06-13",0,"2026-06-13","Adults","quantile","0.35",136
"Seasonal Baseline","2026-06-13",0,"2026-06-13","Adults","quantile","0.4",141
"Seasonal Baseline","2026-06-13",0,"2026-06-13","Adults","quantile","0.45",146
"Seasonal Baseline","2026-06-13",0,"2026-06-13","Adults","quantile","0.5",151
"Seasonal Baseline","2026-06-13",0,"2026-06-13","Adults","quantile","0.55",156
"Seasonal Baseline","2026-06-13",0,"2026-06-13","Adults","quantile","0.6",162
"Seasonal Baseline","2026-06-13",0,"2026-06-13","Adults","quantile","0.65",168
"Seasonal Baseline","2026-06-13",0,"2026-06-13","Adults","quantile","0.7",175
"Seasonal Baseline","2026-06-13",0,"2026-06-13","Adults","quantile","0.75",182
"Seasonal Baseline","2026-06-13",0,"2026-06-13","Adults","quantile","0.8",191
"Seasonal Baseline","2026-06-13",0,"2026-06-13","Adults","quantile","0.85",202
"Seasonal Baseline","2026-06-13",0,"2026-06-13","Adults","quantile","0.9",216
"Seasonal Baseline","2026-06-13",0,"2026-06-13","Adults","quantile","0.95",238
"Seasonal Baseline","2026-06-13",0,"2026-06-13","Adults","quantile","0.975",261
"Seasonal Baseline","2026-06-13",0,"2026-06-13","Adults","quantile","0.99",287
"Seasonal Baseline","2026-06-13",1,"2026-06-20","Adults","quantile","0.01",78
"Seasonal Baseline","2026-06-13",1,"2026-06-20","Adults","quantile","0.025",87
"Seasonal Baseline","2026-06-13",1,"2026-06-20","Adults","quantile","0.05",95
"Seasonal Baseline","2026-06-13",1,"2026-06-20","Adults","quantile","0.1",105
"Seasonal Baseline","2026-06-13",1,"2026-06-20","Adults","quantile","0.15",113
"Seasonal Baseline","2026-06-13",1,"2026-06-20","Adults","quantile","0.2",119
"Seasonal Baseline","2026-06-13",1,"2026-06-20","Adults","quantile","0.25",125
"Seasonal Baseline","2026-06-13",1,"2026-06-20","Adults","quantile","0.3",130
"Seasonal Baseline","2026-06-13",1,"2026-06-20","Adults","quantile","0.35",135
"Seasonal Baseline","2026-06-13",1,"2026-06-20","Adults","quantile","0.4",140
"Seasonal Baseline","2026-06-13",1,"2026-06-20","Adults","quantile","0.45",145
"Seasonal Baseline","2026-06-13",1,"2026-06-20","Adults","quantile","0.5",150
"Seasonal Baseline","2026-06-13",1,"2026-06-20","Adults","quantile","0.55",155
"Seasonal Baseline","2026-06-13",1,"2026-06-20","Adults","quantile","0.6",160
"Seasonal Baseline","2026-06-13",1,"2026-06-20","Adults","quantile","0.65",166
"Seasonal Baseline","2026-06-13",1,"2026-06-20","Adults","quantile","0.7",173
"Seasonal Baseline","2026-06-13",1,"2026-06-20","Adults","quantile","0.75",180
"Seasonal Baseline","2026-06-13",1,"2026-06-20","Adults","quantile","0.8",188
"Seasonal Baseline","2026-06-13",1,"2026-06-20","Adults","quantile","0.85",198
"Seasonal Baseline","2026-06-13",1,"2026-06-20","Adults","quantile","0.9",212
"Seasonal Baseline","2026-06-13",1,"2026-06-20","Adults","quantile","0.95",234
"Seasonal Baseline","2026-06-13",1,"2026-06-20","Adults","quantile","0.975",253
"Seasonal Baseline","2026-06-13",1,"2026-06-20","Adults","quantile","0.99",282
"Seasonal Baseline","2026-06-13",2,"2026-06-27","Adults","quantile","0.01",77
"Seasonal Baseline","2026-06-13",2,"2026-06-27","Adults","quantile","0.025",86
"Seasonal Baseline","2026-06-13",2,"2026-06-27","Adults","quantile","0.05",93
"Seasonal Baseline","2026-06-13",2,"2026-06-27","Adults","quantile","0.1",104
"Seasonal Baseline","2026-06-13",2,"2026-06-27","Adults","quantile","0.15",111
"Seasonal Baseline","2026-06-13",2,"2026-06-27","Adults","quantile","0.2",117
"Seasonal Baseline","2026-06-13",2,"2026-06-27","Adults","quantile","0.25",123
"Seasonal Baseline","2026-06-13",2,"2026-06-27","Adults","quantile","0.3",128
"Seasonal Baseline","2026-06-13",2,"2026-06-27","Adults","quantile","0.35",133
"Seasonal Baseline","2026-06-13",2,"2026-06-27","Adults","quantile","0.4",138
"Seasonal Baseline","2026-06-13",2,"2026-06-27","Adults","quantile","0.45",143
"Seasonal Baseline","2026-06-13",2,"2026-06-27","Adults","quantile","0.5",148
"Seasonal Baseline","2026-06-13",2,"2026-06-27","Adults","quantile","0.55",154
"Seasonal Baseline","2026-06-13",2,"2026-06-27","Adults","quantile","0.6",159
"Seasonal Baseline","2026-06-13",2,"2026-06-27","Adults","quantile","0.65",164
"Seasonal Baseline","2026-06-13",2,"2026-06-27","Adults","quantile","0.7",170
"Seasonal Baseline","2026-06-13",2,"2026-06-27","Adults","quantile","0.75",178
"Seasonal Baseline","2026-06-13",2,"2026-06-27","Adults","quantile","0.8",185
"Seasonal Baseline","2026-06-13",2,"2026-06-27","Adults","quantile","0.85",196
"Seasonal Baseline","2026-06-13",2,"2026-06-27","Adults","quantile","0.9",210
"Seasonal Baseline","2026-06-13",2,"2026-06-27","Adults","quantile","0.95",231
"Seasonal Baseline","2026-06-13",2,"2026-06-27","Adults","quantile","0.975",254
"Seasonal Baseline","2026-06-13",2,"2026-06-27","Adults","quantile","0.99",283
"Seasonal Baseline","2026-06-13",3,"2026-07-04","Adults","quantile","0.01",75
"Seasonal Baseline","2026-06-13",3,"2026-07-04","Adults","quantile","0.025",84
"Seasonal Baseline","2026-06-13",3,"2026-07-04","Adults","quantile","0.05",91
"Seasonal Baseline","2026-06-13",3,"2026-07-04","Adults","quantile","0.1",101
"Seasonal Baseline","2026-06-13",3,"2026-07-04","Adults","quantile","0.15",109
"Seasonal Baseline","2026-06-13",3,"2026-07-04","Adults","quantile","0.2",114
"Seasonal Baseline","2026-06-13",3,"2026-07-04","Adults","quantile","0.25",120
"Seasonal Baseline","2026-06-13",3,"2026-07-04","Adults","quantile","0.3",125
"Seasonal Baseline","2026-06-13",3,"2026-07-04","Adults","quantile","0.35",130
"Seasonal Baseline","2026-06-13",3,"2026-07-04","Adults","quantile","0.4",135
"Seasonal Baseline","2026-06-13",3,"2026-07-04","Adults","quantile","0.45",139
"Seasonal Baseline","2026-06-13",3,"2026-07-04","Adults","quantile","0.5",144
"Seasonal Baseline","2026-06-13",3,"2026-07-04","Adults","quantile","0.55",149
"Seasonal Baseline","2026-06-13",3,"2026-07-04","Adults","quantile","0.6",154
"Seasonal Baseline","2026-06-13",3,"2026-07-04","Adults","quantile","0.65",160
"Seasonal Baseline","2026-06-13",3,"2026-07-04","Adults","quantile","0.7",166
"Seasonal Baseline","2026-06-13",3,"2026-07-04","Adults","quantile","0.75",173
"Seasonal Baseline","2026-06-13",3,"2026-07-04","Adults","quantile","0.8",182
"Seasonal Baseline","2026-06-13",3,"2026-07-04","Adults","quantile","0.85",193
"Seasonal Baseline","2026-06-13",3,"2026-07-04","Adults","quantile","0.9",206
"Seasonal Baseline","2026-06-13",3,"2026-07-04","Adults","quantile","0.95",228
"Seasonal Baseline","2026-06-13",3,"2026-07-04","Adults","quantile","0.975",248
"Seasonal Baseline","2026-06-13",3,"2026-07-04","Adults","quantile","0.99",274
"Seasonal Baseline","2026-06-13",-2,"2026-05-30","Overall","quantile","0.01",175
"Seasonal Baseline","2026-06-13",-2,"2026-05-30","Overall","quantile","0.025",195
"Seasonal Baseline","2026-06-13",-2,"2026-05-30","Overall","quantile","0.05",208
"Seasonal Baseline","2026-06-13",-2,"2026-05-30","Overall","quantile","0.1",228
"Seasonal Baseline","2026-06-13",-2,"2026-05-30","Overall","quantile","0.15",242
"Seasonal Baseline","2026-06-13",-2,"2026-05-30","Overall","quantile","0.2",254
"Seasonal Baseline","2026-06-13",-2,"2026-05-30","Overall","quantile","0.25",264
"Seasonal Baseline","2026-06-13",-2,"2026-05-30","Overall","quantile","0.3",273
"Seasonal Baseline","2026-06-13",-2,"2026-05-30","Overall","quantile","0.35",283
"Seasonal Baseline","2026-06-13",-2,"2026-05-30","Overall","quantile","0.4",292
"Seasonal Baseline","2026-06-13",-2,"2026-05-30","Overall","quantile","0.45",301
"Seasonal Baseline","2026-06-13",-2,"2026-05-30","Overall","quantile","0.5",310
"Seasonal Baseline","2026-06-13",-2,"2026-05-30","Overall","quantile","0.55",319
"Seasonal Baseline","2026-06-13",-2,"2026-05-30","Overall","quantile","0.6",329
"Seasonal Baseline","2026-06-13",-2,"2026-05-30","Overall","quantile","0.65",339
"Seasonal Baseline","2026-06-13",-2,"2026-05-30","Overall","quantile","0.7",351
"Seasonal Baseline","2026-06-13",-2,"2026-05-30","Overall","quantile","0.75",364
"Seasonal Baseline","2026-06-13",-2,"2026-05-30","Overall","quantile","0.8",380
"Seasonal Baseline","2026-06-13",-2,"2026-05-30","Overall","quantile","0.85",399
"Seasonal Baseline","2026-06-13",-2,"2026-05-30","Overall","quantile","0.9",424
"Seasonal Baseline","2026-06-13",-2,"2026-05-30","Overall","quantile","0.95",461
"Seasonal Baseline","2026-06-13",-2,"2026-05-30","Overall","quantile","0.975",505
"Seasonal Baseline","2026-06-13",-2,"2026-05-30","Overall","quantile","0.99",548
"Seasonal Baseline","2026-06-13",-1,"2026-06-06","Overall","quantile","0.01",178
"Seasonal Baseline","2026-06-13",-1,"2026-06-06","Overall","quantile","0.025",194
"Seasonal Baseline","2026-06-13",-1,"2026-06-06","Overall","quantile","0.05",210
"Seasonal Baseline","2026-06-13",-1,"2026-06-06","Overall","quantile","0.1",230
"Seasonal Baseline","2026-06-13",-1,"2026-06-06","Overall","quantile","0.15",244
"Seasonal Baseline","2026-06-13",-1,"2026-06-06","Overall","quantile","0.2",256
"Seasonal Baseline","2026-06-13",-1,"2026-06-06","Overall","quantile","0.25",266
"Seasonal Baseline","2026-06-13",-1,"2026-06-06","Overall","quantile","0.3",277
"Seasonal Baseline","2026-06-13",-1,"2026-06-06","Overall","quantile","0.35",286
"Seasonal Baseline","2026-06-13",-1,"2026-06-06","Overall","quantile","0.4",295
"Seasonal Baseline","2026-06-13",-1,"2026-06-06","Overall","quantile","0.45",305
"Seasonal Baseline","2026-06-13",-1,"2026-06-06","Overall","quantile","0.5",315
"Seasonal Baseline","2026-06-13",-1,"2026-06-06","Overall","quantile","0.55",324
"Seasonal Baseline","2026-06-13",-1,"2026-06-06","Overall","quantile","0.6",334
"Seasonal Baseline","2026-06-13",-1,"2026-06-06","Overall","quantile","0.65",345
"Seasonal Baseline","2026-06-13",-1,"2026-06-06","Overall","quantile","0.7",358
"Seasonal Baseline","2026-06-13",-1,"2026-06-06","Overall","quantile","0.75",372
"Seasonal Baseline","2026-06-13",-1,"2026-06-06","Overall","quantile","0.8",388
"Seasonal Baseline","2026-06-13",-1,"2026-06-06","Overall","quantile","0.85",407
"Seasonal Baseline","2026-06-13",-1,"2026-06-06","Overall","quantile","0.9",431
"Seasonal Baseline","2026-06-13",-1,"2026-06-06","Overall","quantile","0.95",471
"Seasonal Baseline","2026-06-13",-1,"2026-06-06","Overall","quantile","0.975",505
"Seasonal Baseline","2026-06-13",-1,"2026-06-06","Overall","quantile","0.99",550
"Seasonal Baseline","2026-06-13",0,"2026-06-13","Overall","quantile","0.01",178
"Seasonal Baseline","2026-06-13",0,"2026-06-13","Overall","quantile","0.025",193
"Seasonal Baseline","2026-06-13",0,"2026-06-13","Overall","quantile","0.05",209
"Seasonal Baseline","2026-06-13",0,"2026-06-13","Overall","quantile","0.1",228
"Seasonal Baseline","2026-06-13",0,"2026-06-13","Overall","quantile","0.15",242
"Seasonal Baseline","2026-06-13",0,"2026-06-13","Overall","quantile","0.2",253
"Seasonal Baseline","2026-06-13",0,"2026-06-13","Overall","quantile","0.25",264
"Seasonal Baseline","2026-06-13",0,"2026-06-13","Overall","quantile","0.3",275
"Seasonal Baseline","2026-06-13",0,"2026-06-13","Overall","quantile","0.35",284
"Seasonal Baseline","2026-06-13",0,"2026-06-13","Overall","quantile","0.4",293
"Seasonal Baseline","2026-06-13",0,"2026-06-13","Overall","quantile","0.45",302
"Seasonal Baseline","2026-06-13",0,"2026-06-13","Overall","quantile","0.5",311
"Seasonal Baseline","2026-06-13",0,"2026-06-13","Overall","quantile","0.55",321
"Seasonal Baseline","2026-06-13",0,"2026-06-13","Overall","quantile","0.6",331
"Seasonal Baseline","2026-06-13",0,"2026-06-13","Overall","quantile","0.65",342
"Seasonal Baseline","2026-06-13",0,"2026-06-13","Overall","quantile","0.7",353
"Seasonal Baseline","2026-06-13",0,"2026-06-13","Overall","quantile","0.75",366
"Seasonal Baseline","2026-06-13",0,"2026-06-13","Overall","quantile","0.8",383
"Seasonal Baseline","2026-06-13",0,"2026-06-13","Overall","quantile","0.85",401
"Seasonal Baseline","2026-06-13",0,"2026-06-13","Overall","quantile","0.9",424
"Seasonal Baseline","2026-06-13",0,"2026-06-13","Overall","quantile","0.95",462
"Seasonal Baseline","2026-06-13",0,"2026-06-13","Overall","quantile","0.975",499
"Seasonal Baseline","2026-06-13",0,"2026-06-13","Overall","quantile","0.99",550
"Seasonal Baseline","2026-06-13",1,"2026-06-20","Overall","quantile","0.01",170
"Seasonal Baseline","2026-06-13",1,"2026-06-20","Overall","quantile","0.025",185
"Seasonal Baseline","2026-06-13",1,"2026-06-20","Overall","quantile","0.05",201
"Seasonal Baseline","2026-06-13",1,"2026-06-20","Overall","quantile","0.1",218
"Seasonal Baseline","2026-06-13",1,"2026-06-20","Overall","quantile","0.15",232
"Seasonal Baseline","2026-06-13",1,"2026-06-20","Overall","quantile","0.2",243
"Seasonal Baseline","2026-06-13",1,"2026-06-20","Overall","quantile","0.25",253
"Seasonal Baseline","2026-06-13",1,"2026-06-20","Overall","quantile","0.3",263
"Seasonal Baseline","2026-06-13",1,"2026-06-20","Overall","quantile","0.35",272
"Seasonal Baseline","2026-06-13",1,"2026-06-20","Overall","quantile","0.4",281
"Seasonal Baseline","2026-06-13",1,"2026-06-20","Overall","quantile","0.45",289
"Seasonal Baseline","2026-06-13",1,"2026-06-20","Overall","quantile","0.5",298
"Seasonal Baseline","2026-06-13",1,"2026-06-20","Overall","quantile","0.55",307
"Seasonal Baseline","2026-06-13",1,"2026-06-20","Overall","quantile","0.6",317
"Seasonal Baseline","2026-06-13",1,"2026-06-20","Overall","quantile","0.65",327
"Seasonal Baseline","2026-06-13",1,"2026-06-20","Overall","quantile","0.7",339
"Seasonal Baseline","2026-06-13",1,"2026-06-20","Overall","quantile","0.75",352
"Seasonal Baseline","2026-06-13",1,"2026-06-20","Overall","quantile","0.8",367
"Seasonal Baseline","2026-06-13",1,"2026-06-20","Overall","quantile","0.85",384
"Seasonal Baseline","2026-06-13",1,"2026-06-20","Overall","quantile","0.9",408
"Seasonal Baseline","2026-06-13",1,"2026-06-20","Overall","quantile","0.95",443
"Seasonal Baseline","2026-06-13",1,"2026-06-20","Overall","quantile","0.975",479
"Seasonal Baseline","2026-06-13",1,"2026-06-20","Overall","quantile","0.99",524
"Seasonal Baseline","2026-06-13",2,"2026-06-27","Overall","quantile","0.01",162
"Seasonal Baseline","2026-06-13",2,"2026-06-27","Overall","quantile","0.025",177
"Seasonal Baseline","2026-06-13",2,"2026-06-27","Overall","quantile","0.05",191
"Seasonal Baseline","2026-06-13",2,"2026-06-27","Overall","quantile","0.1",207
"Seasonal Baseline","2026-06-13",2,"2026-06-27","Overall","quantile","0.15",220
"Seasonal Baseline","2026-06-13",2,"2026-06-27","Overall","quantile","0.2",230
"Seasonal Baseline","2026-06-13",2,"2026-06-27","Overall","quantile","0.25",240
"Seasonal Baseline","2026-06-13",2,"2026-06-27","Overall","quantile","0.3",249
"Seasonal Baseline","2026-06-13",2,"2026-06-27","Overall","quantile","0.35",258
"Seasonal Baseline","2026-06-13",2,"2026-06-27","Overall","quantile","0.4",267
"Seasonal Baseline","2026-06-13",2,"2026-06-27","Overall","quantile","0.45",275
"Seasonal Baseline","2026-06-13",2,"2026-06-27","Overall","quantile","0.5",284
"Seasonal Baseline","2026-06-13",2,"2026-06-27","Overall","quantile","0.55",293
"Seasonal Baseline","2026-06-13",2,"2026-06-27","Overall","quantile","0.6",302
"Seasonal Baseline","2026-06-13",2,"2026-06-27","Overall","quantile","0.65",312
"Seasonal Baseline","2026-06-13",2,"2026-06-27","Overall","quantile","0.7",323
"Seasonal Baseline","2026-06-13",2,"2026-06-27","Overall","quantile","0.75",335
"Seasonal Baseline","2026-06-13",2,"2026-06-27","Overall","quantile","0.8",348
"Seasonal Baseline","2026-06-13",2,"2026-06-27","Overall","quantile","0.85",365
"Seasonal Baseline","2026-06-13",2,"2026-06-27","Overall","quantile","0.9",388
"Seasonal Baseline","2026-06-13",2,"2026-06-27","Overall","quantile","0.95",425
"Seasonal Baseline","2026-06-13",2,"2026-06-27","Overall","quantile","0.975",461
"Seasonal Baseline","2026-06-13",2,"2026-06-27","Overall","quantile","0.99",508
"Seasonal Baseline","2026-06-13",3,"2026-07-04","Overall","quantile","0.01",153
"Seasonal Baseline","2026-06-13",3,"2026-07-04","Overall","quantile","0.025",165
"Seasonal Baseline","2026-06-13",3,"2026-07-04","Overall","quantile","0.05",179
"Seasonal Baseline","2026-06-13",3,"2026-07-04","Overall","quantile","0.1",195
"Seasonal Baseline","2026-06-13",3,"2026-07-04","Overall","quantile","0.15",206
"Seasonal Baseline","2026-06-13",3,"2026-07-04","Overall","quantile","0.2",216
"Seasonal Baseline","2026-06-13",3,"2026-07-04","Overall","quantile","0.25",226
"Seasonal Baseline","2026-06-13",3,"2026-07-04","Overall","quantile","0.3",234
"Seasonal Baseline","2026-06-13",3,"2026-07-04","Overall","quantile","0.35",242
"Seasonal Baseline","2026-06-13",3,"2026-07-04","Overall","quantile","0.4",250
"Seasonal Baseline","2026-06-13",3,"2026-07-04","Overall","quantile","0.45",258
"Seasonal Baseline","2026-06-13",3,"2026-07-04","Overall","quantile","0.5",266
"Seasonal Baseline","2026-06-13",3,"2026-07-04","Overall","quantile","0.55",275
"Seasonal Baseline","2026-06-13",3,"2026-07-04","Overall","quantile","0.6",283
"Seasonal Baseline","2026-06-13",3,"2026-07-04","Overall","quantile","0.65",292
"Seasonal Baseline","2026-06-13",3,"2026-07-04","Overall","quantile","0.7",302
"Seasonal Baseline","2026-06-13",3,"2026-07-04","Overall","quantile","0.75",314
"Seasonal Baseline","2026-06-13",3,"2026-07-04","Overall","quantile","0.8",327
"Seasonal Baseline","2026-06-13",3,"2026-07-04","Overall","quantile","0.85",343
"Seasonal Baseline","2026-06-13",3,"2026-07-04","Overall","quantile","0.9",365
"Seasonal Baseline","2026-06-13",3,"2026-07-04","Overall","quantile","0.95",401
"Seasonal Baseline","2026-06-13",3,"2026-07-04","Overall","quantile","0.975",431
"Seasonal Baseline","2026-06-13",3,"2026-07-04","Overall","quantile","0.99",473
"Seasonal Baseline","2026-06-13",-2,"2026-05-30","Pediatrics","quantile","0.01",58
"Seasonal Baseline","2026-06-13",-2,"2026-05-30","Pediatrics","quantile","0.025",67
"Seasonal Baseline","2026-06-13",-2,"2026-05-30","Pediatrics","quantile","0.05",76
"Seasonal Baseline","2026-06-13",-2,"2026-05-30","Pediatrics","quantile","0.1",86
"Seasonal Baseline","2026-06-13",-2,"2026-05-30","Pediatrics","quantile","0.15",95
"Seasonal Baseline","2026-06-13",-2,"2026-05-30","Pediatrics","quantile","0.2",102
"Seasonal Baseline","2026-06-13",-2,"2026-05-30","Pediatrics","quantile","0.25",109
"Seasonal Baseline","2026-06-13",-2,"2026-05-30","Pediatrics","quantile","0.3",115
"Seasonal Baseline","2026-06-13",-2,"2026-05-30","Pediatrics","quantile","0.35",122
"Seasonal Baseline","2026-06-13",-2,"2026-05-30","Pediatrics","quantile","0.4",128
"Seasonal Baseline","2026-06-13",-2,"2026-05-30","Pediatrics","quantile","0.45",134
"Seasonal Baseline","2026-06-13",-2,"2026-05-30","Pediatrics","quantile","0.5",141
"Seasonal Baseline","2026-06-13",-2,"2026-05-30","Pediatrics","quantile","0.55",148
"Seasonal Baseline","2026-06-13",-2,"2026-05-30","Pediatrics","quantile","0.6",155
"Seasonal Baseline","2026-06-13",-2,"2026-05-30","Pediatrics","quantile","0.65",163
"Seasonal Baseline","2026-06-13",-2,"2026-05-30","Pediatrics","quantile","0.7",172
"Seasonal Baseline","2026-06-13",-2,"2026-05-30","Pediatrics","quantile","0.75",183
"Seasonal Baseline","2026-06-13",-2,"2026-05-30","Pediatrics","quantile","0.8",194
"Seasonal Baseline","2026-06-13",-2,"2026-05-30","Pediatrics","quantile","0.85",208
"Seasonal Baseline","2026-06-13",-2,"2026-05-30","Pediatrics","quantile","0.9",231
"Seasonal Baseline","2026-06-13",-2,"2026-05-30","Pediatrics","quantile","0.95",266
"Seasonal Baseline","2026-06-13",-2,"2026-05-30","Pediatrics","quantile","0.975",303
"Seasonal Baseline","2026-06-13",-2,"2026-05-30","Pediatrics","quantile","0.99",349
"Seasonal Baseline","2026-06-13",-1,"2026-06-06","Pediatrics","quantile","0.01",60
"Seasonal Baseline","2026-06-13",-1,"2026-06-06","Pediatrics","quantile","0.025",70
"Seasonal Baseline","2026-06-13",-1,"2026-06-06","Pediatrics","quantile","0.05",78
"Seasonal Baseline","2026-06-13",-1,"2026-06-06","Pediatrics","quantile","0.1",90
"Seasonal Baseline","2026-06-13",-1,"2026-06-06","Pediatrics","quantile","0.15",99
"Seasonal Baseline","2026-06-13",-1,"2026-06-06","Pediatrics","quantile","0.2",106
"Seasonal Baseline","2026-06-13",-1,"2026-06-06","Pediatrics","quantile","0.25",113
"Seasonal Baseline","2026-06-13",-1,"2026-06-06","Pediatrics","quantile","0.3",120
"Seasonal Baseline","2026-06-13",-1,"2026-06-06","Pediatrics","quantile","0.35",127
"Seasonal Baseline","2026-06-13",-1,"2026-06-06","Pediatrics","quantile","0.4",134
"Seasonal Baseline","2026-06-13",-1,"2026-06-06","Pediatrics","quantile","0.45",140
"Seasonal Baseline","2026-06-13",-1,"2026-06-06","Pediatrics","quantile","0.5",147
"Seasonal Baseline","2026-06-13",-1,"2026-06-06","Pediatrics","quantile","0.55",154
"Seasonal Baseline","2026-06-13",-1,"2026-06-06","Pediatrics","quantile","0.6",162
"Seasonal Baseline","2026-06-13",-1,"2026-06-06","Pediatrics","quantile","0.65",170
"Seasonal Baseline","2026-06-13",-1,"2026-06-06","Pediatrics","quantile","0.7",179
"Seasonal Baseline","2026-06-13",-1,"2026-06-06","Pediatrics","quantile","0.75",189
"Seasonal Baseline","2026-06-13",-1,"2026-06-06","Pediatrics","quantile","0.8",201
"Seasonal Baseline","2026-06-13",-1,"2026-06-06","Pediatrics","quantile","0.85",217
"Seasonal Baseline","2026-06-13",-1,"2026-06-06","Pediatrics","quantile","0.9",238
"Seasonal Baseline","2026-06-13",-1,"2026-06-06","Pediatrics","quantile","0.95",275
"Seasonal Baseline","2026-06-13",-1,"2026-06-06","Pediatrics","quantile","0.975",309
"Seasonal Baseline","2026-06-13",-1,"2026-06-06","Pediatrics","quantile","0.99",356
"Seasonal Baseline","2026-06-13",0,"2026-06-13","Pediatrics","quantile","0.01",60
"Seasonal Baseline","2026-06-13",0,"2026-06-13","Pediatrics","quantile","0.025",69
"Seasonal Baseline","2026-06-13",0,"2026-06-13","Pediatrics","quantile","0.05",78
"Seasonal Baseline","2026-06-13",0,"2026-06-13","Pediatrics","quantile","0.1",90
"Seasonal Baseline","2026-06-13",0,"2026-06-13","Pediatrics","quantile","0.15",99
"Seasonal Baseline","2026-06-13",0,"2026-06-13","Pediatrics","quantile","0.2",106
"Seasonal Baseline","2026-06-13",0,"2026-06-13","Pediatrics","quantile","0.25",113
"Seasonal Baseline","2026-06-13",0,"2026-06-13","Pediatrics","quantile","0.3",121
"Seasonal Baseline","2026-06-13",0,"2026-06-13","Pediatrics","quantile","0.35",127
"Seasonal Baseline","2026-06-13",0,"2026-06-13","Pediatrics","quantile","0.4",134
"Seasonal Baseline","2026-06-13",0,"2026-06-13","Pediatrics","quantile","0.45",141
"Seasonal Baseline","2026-06-13",0,"2026-06-13","Pediatrics","quantile","0.5",147
"Seasonal Baseline","2026-06-13",0,"2026-06-13","Pediatrics","quantile","0.55",154
"Seasonal Baseline","2026-06-13",0,"2026-06-13","Pediatrics","quantile","0.6",162
"Seasonal Baseline","2026-06-13",0,"2026-06-13","Pediatrics","quantile","0.65",170
"Seasonal Baseline","2026-06-13",0,"2026-06-13","Pediatrics","quantile","0.7",179
"Seasonal Baseline","2026-06-13",0,"2026-06-13","Pediatrics","quantile","0.75",189
"Seasonal Baseline","2026-06-13",0,"2026-06-13","Pediatrics","quantile","0.8",201
"Seasonal Baseline","2026-06-13",0,"2026-06-13","Pediatrics","quantile","0.85",219
"Seasonal Baseline","2026-06-13",0,"2026-06-13","Pediatrics","quantile","0.9",239
"Seasonal Baseline","2026-06-13",0,"2026-06-13","Pediatrics","quantile","0.95",274
"Seasonal Baseline","2026-06-13",0,"2026-06-13","Pediatrics","quantile","0.975",309
"Seasonal Baseline","2026-06-13",0,"2026-06-13","Pediatrics","quantile","0.99",355
"Seasonal Baseline","2026-06-13",1,"2026-06-20","Pediatrics","quantile","0.01",57
"Seasonal Baseline","2026-06-13",1,"2026-06-20","Pediatrics","quantile","0.025",66
"Seasonal Baseline","2026-06-13",1,"2026-06-20","Pediatrics","quantile","0.05",74
"Seasonal Baseline","2026-06-13",1,"2026-06-20","Pediatrics","quantile","0.1",85
"Seasonal Baseline","2026-06-13",1,"2026-06-20","Pediatrics","quantile","0.15",93
"Seasonal Baseline","2026-06-13",1,"2026-06-20","Pediatrics","quantile","0.2",101
"Seasonal Baseline","2026-06-13",1,"2026-06-20","Pediatrics","quantile","0.25",107
"Seasonal Baseline","2026-06-13",1,"2026-06-20","Pediatrics","quantile","0.3",113
"Seasonal Baseline","2026-06-13",1,"2026-06-20","Pediatrics","quantile","0.35",119
"Seasonal Baseline","2026-06-13",1,"2026-06-20","Pediatrics","quantile","0.4",125
"Seasonal Baseline","2026-06-13",1,"2026-06-20","Pediatrics","quantile","0.45",131
"Seasonal Baseline","2026-06-13",1,"2026-06-20","Pediatrics","quantile","0.5",138
"Seasonal Baseline","2026-06-13",1,"2026-06-20","Pediatrics","quantile","0.55",144
"Seasonal Baseline","2026-06-13",1,"2026-06-20","Pediatrics","quantile","0.6",151
"Seasonal Baseline","2026-06-13",1,"2026-06-20","Pediatrics","quantile","0.65",160
"Seasonal Baseline","2026-06-13",1,"2026-06-20","Pediatrics","quantile","0.7",168
"Seasonal Baseline","2026-06-13",1,"2026-06-20","Pediatrics","quantile","0.75",178
"Seasonal Baseline","2026-06-13",1,"2026-06-20","Pediatrics","quantile","0.8",189
"Seasonal Baseline","2026-06-13",1,"2026-06-20","Pediatrics","quantile","0.85",203
"Seasonal Baseline","2026-06-13",1,"2026-06-20","Pediatrics","quantile","0.9",223
"Seasonal Baseline","2026-06-13",1,"2026-06-20","Pediatrics","quantile","0.95",258
"Seasonal Baseline","2026-06-13",1,"2026-06-20","Pediatrics","quantile","0.975",288
"Seasonal Baseline","2026-06-13",1,"2026-06-20","Pediatrics","quantile","0.99",328
"Seasonal Baseline","2026-06-13",2,"2026-06-27","Pediatrics","quantile","0.01",51
"Seasonal Baseline","2026-06-13",2,"2026-06-27","Pediatrics","quantile","0.025",59
"Seasonal Baseline","2026-06-13",2,"2026-06-27","Pediatrics","quantile","0.05",67
"Seasonal Baseline","2026-06-13",2,"2026-06-27","Pediatrics","quantile","0.1",77
"Seasonal Baseline","2026-06-13",2,"2026-06-27","Pediatrics","quantile","0.15",84
"Seasonal Baseline","2026-06-13",2,"2026-06-27","Pediatrics","quantile","0.2",91
"Seasonal Baseline","2026-06-13",2,"2026-06-27","Pediatrics","quantile","0.25",97
"Seasonal Baseline","2026-06-13",2,"2026-06-27","Pediatrics","quantile","0.3",103
"Seasonal Baseline","2026-06-13",2,"2026-06-27","Pediatrics","quantile","0.35",109
"Seasonal Baseline","2026-06-13",2,"2026-06-27","Pediatrics","quantile","0.4",114
"Seasonal Baseline","2026-06-13",2,"2026-06-27","Pediatrics","quantile","0.45",120
"Seasonal Baseline","2026-06-13",2,"2026-06-27","Pediatrics","quantile","0.5",125
"Seasonal Baseline","2026-06-13",2,"2026-06-27","Pediatrics","quantile","0.55",131
"Seasonal Baseline","2026-06-13",2,"2026-06-27","Pediatrics","quantile","0.6",138
"Seasonal Baseline","2026-06-13",2,"2026-06-27","Pediatrics","quantile","0.65",145
"Seasonal Baseline","2026-06-13",2,"2026-06-27","Pediatrics","quantile","0.7",153
"Seasonal Baseline","2026-06-13",2,"2026-06-27","Pediatrics","quantile","0.75",162
"Seasonal Baseline","2026-06-13",2,"2026-06-27","Pediatrics","quantile","0.8",172
"Seasonal Baseline","2026-06-13",2,"2026-06-27","Pediatrics","quantile","0.85",186
"Seasonal Baseline","2026-06-13",2,"2026-06-27","Pediatrics","quantile","0.9",203
"Seasonal Baseline","2026-06-13",2,"2026-06-27","Pediatrics","quantile","0.95",232
"Seasonal Baseline","2026-06-13",2,"2026-06-27","Pediatrics","quantile","0.975",262
"Seasonal Baseline","2026-06-13",2,"2026-06-27","Pediatrics","quantile","0.99",307
"Seasonal Baseline","2026-06-13",3,"2026-07-04","Pediatrics","quantile","0.01",46
"Seasonal Baseline","2026-06-13",3,"2026-07-04","Pediatrics","quantile","0.025",53
"Seasonal Baseline","2026-06-13",3,"2026-07-04","Pediatrics","quantile","0.05",59
"Seasonal Baseline","2026-06-13",3,"2026-07-04","Pediatrics","quantile","0.1",69
"Seasonal Baseline","2026-06-13",3,"2026-07-04","Pediatrics","quantile","0.15",75
"Seasonal Baseline","2026-06-13",3,"2026-07-04","Pediatrics","quantile","0.2",81
"Seasonal Baseline","2026-06-13",3,"2026-07-04","Pediatrics","quantile","0.25",87
"Seasonal Baseline","2026-06-13",3,"2026-07-04","Pediatrics","quantile","0.3",92
"Seasonal Baseline","2026-06-13",3,"2026-07-04","Pediatrics","quantile","0.35",97
"Seasonal Baseline","2026-06-13",3,"2026-07-04","Pediatrics","quantile","0.4",102
"Seasonal Baseline","2026-06-13",3,"2026-07-04","Pediatrics","quantile","0.45",107
"Seasonal Baseline","2026-06-13",3,"2026-07-04","Pediatrics","quantile","0.5",112
"Seasonal Baseline","2026-06-13",3,"2026-07-04","Pediatrics","quantile","0.55",117
"Seasonal Baseline","2026-06-13",3,"2026-07-04","Pediatrics","quantile","0.6",123
"Seasonal Baseline","2026-06-13",3,"2026-07-04","Pediatrics","quantile","0.65",128
"Seasonal Baseline","2026-06-13",3,"2026-07-04","Pediatrics","quantile","0.7",136
"Seasonal Baseline","2026-06-13",3,"2026-07-04","Pediatrics","quantile","0.75",143
"Seasonal Baseline","2026-06-13",3,"2026-07-04","Pediatrics","quantile","0.8",153
"Seasonal Baseline","2026-06-13",3,"2026-07-04","Pediatrics","quantile","0.85",165
"Seasonal Baseline","2026-06-13",3,"2026-07-04","Pediatrics","quantile","0.9",180
"Seasonal Baseline","2026-06-13",3,"2026-07-04","Pediatrics","quantile","0.95",207
"Seasonal Baseline","2026-06-13",3,"2026-07-04","Pediatrics","quantile","0.975",236
"Seasonal Baseline","2026-06-13",3,"2026-07-04","Pediatrics","quantile","0.99",273
"Opt Baseline","2026-06-13",-2,"2026-05-30","Adults","quantile","0.01",97
"Opt Baseline","2026-06-13",-2,"2026-05-30","Adults","quantile","0.025",98
"Opt Baseline","2026-06-13",-2,"2026-05-30","Adults","quantile","0.05",99
"Opt Baseline","2026-06-13",-2,"2026-05-30","Adults","quantile","0.1",106
"Opt Baseline","2026-06-13",-2,"2026-05-30","Adults","quantile","0.15",115
"Opt Baseline","2026-06-13",-2,"2026-05-30","Adults","quantile","0.2",125
"Opt Baseline","2026-06-13",-2,"2026-05-30","Adults","quantile","0.25",126
"Opt Baseline","2026-06-13",-2,"2026-05-30","Adults","quantile","0.3",130
"Opt Baseline","2026-06-13",-2,"2026-05-30","Adults","quantile","0.35",135
"Opt Baseline","2026-06-13",-2,"2026-05-30","Adults","quantile","0.4",138
"Opt Baseline","2026-06-13",-2,"2026-05-30","Adults","quantile","0.45",139
"Opt Baseline","2026-06-13",-2,"2026-05-30","Adults","quantile","0.5",140
"Opt Baseline","2026-06-13",-2,"2026-05-30","Adults","quantile","0.55",141
"Opt Baseline","2026-06-13",-2,"2026-05-30","Adults","quantile","0.6",142
"Opt Baseline","2026-06-13",-2,"2026-05-30","Adults","quantile","0.65",146
"Opt Baseline","2026-06-13",-2,"2026-05-30","Adults","quantile","0.7",151
"Opt Baseline","2026-06-13",-2,"2026-05-30","Adults","quantile","0.75",155
"Opt Baseline","2026-06-13",-2,"2026-05-30","Adults","quantile","0.8",156
"Opt Baseline","2026-06-13",-2,"2026-05-30","Adults","quantile","0.85",167
"Opt Baseline","2026-06-13",-2,"2026-05-30","Adults","quantile","0.9",179
"Opt Baseline","2026-06-13",-2,"2026-05-30","Adults","quantile","0.95",188
"Opt Baseline","2026-06-13",-2,"2026-05-30","Adults","quantile","0.975",189
"Opt Baseline","2026-06-13",-2,"2026-05-30","Adults","quantile","0.99",190
"Opt Baseline","2026-06-13",-1,"2026-06-06","Adults","quantile","0.01",69
"Opt Baseline","2026-06-13",-1,"2026-06-06","Adults","quantile","0.025",82
"Opt Baseline","2026-06-13",-1,"2026-06-06","Adults","quantile","0.05",91
"Opt Baseline","2026-06-13",-1,"2026-06-06","Adults","quantile","0.1",99
"Opt Baseline","2026-06-13",-1,"2026-06-06","Adults","quantile","0.15",106
"Opt Baseline","2026-06-13",-1,"2026-06-06","Adults","quantile","0.2",112
"Opt Baseline","2026-06-13",-1,"2026-06-06","Adults","quantile","0.25",118
"Opt Baseline","2026-06-13",-1,"2026-06-06","Adults","quantile","0.3",124
"Opt Baseline","2026-06-13",-1,"2026-06-06","Adults","quantile","0.35",128
"Opt Baseline","2026-06-13",-1,"2026-06-06","Adults","quantile","0.4",132
"Opt Baseline","2026-06-13",-1,"2026-06-06","Adults","quantile","0.45",137
"Opt Baseline","2026-06-13",-1,"2026-06-06","Adults","quantile","0.5",140
"Opt Baseline","2026-06-13",-1,"2026-06-06","Adults","quantile","0.55",143
"Opt Baseline","2026-06-13",-1,"2026-06-06","Adults","quantile","0.6",148
"Opt Baseline","2026-06-13",-1,"2026-06-06","Adults","quantile","0.65",153
"Opt Baseline","2026-06-13",-1,"2026-06-06","Adults","quantile","0.7",158
"Opt Baseline","2026-06-13",-1,"2026-06-06","Adults","quantile","0.75",165
"Opt Baseline","2026-06-13",-1,"2026-06-06","Adults","quantile","0.8",172
"Opt Baseline","2026-06-13",-1,"2026-06-06","Adults","quantile","0.85",180
"Opt Baseline","2026-06-13",-1,"2026-06-06","Adults","quantile","0.9",188
"Opt Baseline","2026-06-13",-1,"2026-06-06","Adults","quantile","0.95",199
"Opt Baseline","2026-06-13",-1,"2026-06-06","Adults","quantile","0.975",210
"Opt Baseline","2026-06-13",-1,"2026-06-06","Adults","quantile","0.99",231
"Opt Baseline","2026-06-13",0,"2026-06-13","Adults","quantile","0.01",62
"Opt Baseline","2026-06-13",0,"2026-06-13","Adults","quantile","0.025",70
"Opt Baseline","2026-06-13",0,"2026-06-13","Adults","quantile","0.05",80
"Opt Baseline","2026-06-13",0,"2026-06-13","Adults","quantile","0.1",92
"Opt Baseline","2026-06-13",0,"2026-06-13","Adults","quantile","0.15",100
"Opt Baseline","2026-06-13",0,"2026-06-13","Adults","quantile","0.2",108
"Opt Baseline","2026-06-13",0,"2026-06-13","Adults","quantile","0.25",114
"Opt Baseline","2026-06-13",0,"2026-06-13","Adults","quantile","0.3",120
"Opt Baseline","2026-06-13",0,"2026-06-13","Adults","quantile","0.35",125
"Opt Baseline","2026-06-13",0,"2026-06-13","Adults","quantile","0.4",130
"Opt Baseline","2026-06-13",0,"2026-06-13","Adults","quantile","0.45",135
"Opt Baseline","2026-06-13",0,"2026-06-13","Adults","quantile","0.5",140
"Opt Baseline","2026-06-13",0,"2026-06-13","Adults","quantile","0.55",145
"Opt Baseline","2026-06-13",0,"2026-06-13","Adults","quantile","0.6",151
"Opt Baseline","2026-06-13",0,"2026-06-13","Adults","quantile","0.65",156
"Opt Baseline","2026-06-13",0,"2026-06-13","Adults","quantile","0.7",163
"Opt Baseline","2026-06-13",0,"2026-06-13","Adults","quantile","0.75",170
"Opt Baseline","2026-06-13",0,"2026-06-13","Adults","quantile","0.8",178
"Opt Baseline","2026-06-13",0,"2026-06-13","Adults","quantile","0.85",187
"Opt Baseline","2026-06-13",0,"2026-06-13","Adults","quantile","0.9",199
"Opt Baseline","2026-06-13",0,"2026-06-13","Adults","quantile","0.95",218
"Opt Baseline","2026-06-13",0,"2026-06-13","Adults","quantile","0.975",234
"Opt Baseline","2026-06-13",0,"2026-06-13","Adults","quantile","0.99",248
"Opt Baseline","2026-06-13",1,"2026-06-20","Adults","quantile","0.01",51
"Opt Baseline","2026-06-13",1,"2026-06-20","Adults","quantile","0.025",62
"Opt Baseline","2026-06-13",1,"2026-06-20","Adults","quantile","0.05",72
"Opt Baseline","2026-06-13",1,"2026-06-20","Adults","quantile","0.1",86
"Opt Baseline","2026-06-13",1,"2026-06-20","Adults","quantile","0.15",96
"Opt Baseline","2026-06-13",1,"2026-06-20","Adults","quantile","0.2",103
"Opt Baseline","2026-06-13",1,"2026-06-20","Adults","quantile","0.25",110
"Opt Baseline","2026-06-13",1,"2026-06-20","Adults","quantile","0.3",116
"Opt Baseline","2026-06-13",1,"2026-06-20","Adults","quantile","0.35",123
"Opt Baseline","2026-06-13",1,"2026-06-20","Adults","quantile","0.4",129
"Opt Baseline","2026-06-13",1,"2026-06-20","Adults","quantile","0.45",134
"Opt Baseline","2026-06-13",1,"2026-06-20","Adults","quantile","0.5",140
"Opt Baseline","2026-06-13",1,"2026-06-20","Adults","quantile","0.55",146
"Opt Baseline","2026-06-13",1,"2026-06-20","Adults","quantile","0.6",153
"Opt Baseline","2026-06-13",1,"2026-06-20","Adults","quantile","0.65",159
"Opt Baseline","2026-06-13",1,"2026-06-20","Adults","quantile","0.7",167
"Opt Baseline","2026-06-13",1,"2026-06-20","Adults","quantile","0.75",174
"Opt Baseline","2026-06-13",1,"2026-06-20","Adults","quantile","0.8",184
"Opt Baseline","2026-06-13",1,"2026-06-20","Adults","quantile","0.85",194
"Opt Baseline","2026-06-13",1,"2026-06-20","Adults","quantile","0.9",209
"Opt Baseline","2026-06-13",1,"2026-06-20","Adults","quantile","0.95",231
"Opt Baseline","2026-06-13",1,"2026-06-20","Adults","quantile","0.975",251
"Opt Baseline","2026-06-13",1,"2026-06-20","Adults","quantile","0.99",271
"Opt Baseline","2026-06-13",2,"2026-06-27","Adults","quantile","0.01",43
"Opt Baseline","2026-06-13",2,"2026-06-27","Adults","quantile","0.025",54
"Opt Baseline","2026-06-13",2,"2026-06-27","Adults","quantile","0.05",65
"Opt Baseline","2026-06-13",2,"2026-06-27","Adults","quantile","0.1",79
"Opt Baseline","2026-06-13",2,"2026-06-27","Adults","quantile","0.15",90
"Opt Baseline","2026-06-13",2,"2026-06-27","Adults","quantile","0.2",98
"Opt Baseline","2026-06-13",2,"2026-06-27","Adults","quantile","0.25",106
"Opt Baseline","2026-06-13",2,"2026-06-27","Adults","quantile","0.3",112
"Opt Baseline","2026-06-13",2,"2026-06-27","Adults","quantile","0.35",119
"Opt Baseline","2026-06-13",2,"2026-06-27","Adults","quantile","0.4",126
"Opt Baseline","2026-06-13",2,"2026-06-27","Adults","quantile","0.45",133
"Opt Baseline","2026-06-13",2,"2026-06-27","Adults","quantile","0.5",140
"Opt Baseline","2026-06-13",2,"2026-06-27","Adults","quantile","0.55",146
"Opt Baseline","2026-06-13",2,"2026-06-27","Adults","quantile","0.6",154
"Opt Baseline","2026-06-13",2,"2026-06-27","Adults","quantile","0.65",161
"Opt Baseline","2026-06-13",2,"2026-06-27","Adults","quantile","0.7",169
"Opt Baseline","2026-06-13",2,"2026-06-27","Adults","quantile","0.75",178
"Opt Baseline","2026-06-13",2,"2026-06-27","Adults","quantile","0.8",188
"Opt Baseline","2026-06-13",2,"2026-06-27","Adults","quantile","0.85",200
"Opt Baseline","2026-06-13",2,"2026-06-27","Adults","quantile","0.9",216
"Opt Baseline","2026-06-13",2,"2026-06-27","Adults","quantile","0.95",241
"Opt Baseline","2026-06-13",2,"2026-06-27","Adults","quantile","0.975",265
"Opt Baseline","2026-06-13",2,"2026-06-27","Adults","quantile","0.99",292
"Opt Baseline","2026-06-13",3,"2026-07-04","Adults","quantile","0.01",37
"Opt Baseline","2026-06-13",3,"2026-07-04","Adults","quantile","0.025",48
"Opt Baseline","2026-06-13",3,"2026-07-04","Adults","quantile","0.05",60
"Opt Baseline","2026-06-13",3,"2026-07-04","Adults","quantile","0.1",75
"Opt Baseline","2026-06-13",3,"2026-07-04","Adults","quantile","0.15",86
"Opt Baseline","2026-06-13",3,"2026-07-04","Adults","quantile","0.2",95
"Opt Baseline","2026-06-13",3,"2026-07-04","Adults","quantile","0.25",104
"Opt Baseline","2026-06-13",3,"2026-07-04","Adults","quantile","0.3",111
"Opt Baseline","2026-06-13",3,"2026-07-04","Adults","quantile","0.35",119
"Opt Baseline","2026-06-13",3,"2026-07-04","Adults","quantile","0.4",126
"Opt Baseline","2026-06-13",3,"2026-07-04","Adults","quantile","0.45",133
"Opt Baseline","2026-06-13",3,"2026-07-04","Adults","quantile","0.5",140
"Opt Baseline","2026-06-13",3,"2026-07-04","Adults","quantile","0.55",148
"Opt Baseline","2026-06-13",3,"2026-07-04","Adults","quantile","0.6",155
"Opt Baseline","2026-06-13",3,"2026-07-04","Adults","quantile","0.65",164
"Opt Baseline","2026-06-13",3,"2026-07-04","Adults","quantile","0.7",172
"Opt Baseline","2026-06-13",3,"2026-07-04","Adults","quantile","0.75",183
"Opt Baseline","2026-06-13",3,"2026-07-04","Adults","quantile","0.8",193
"Opt Baseline","2026-06-13",3,"2026-07-04","Adults","quantile","0.85",208
"Opt Baseline","2026-06-13",3,"2026-07-04","Adults","quantile","0.9",225
"Opt Baseline","2026-06-13",3,"2026-07-04","Adults","quantile","0.95",253
"Opt Baseline","2026-06-13",3,"2026-07-04","Adults","quantile","0.975",277
"Opt Baseline","2026-06-13",3,"2026-07-04","Adults","quantile","0.99",308
"Opt Baseline","2026-06-13",-2,"2026-05-30","Overall","quantile","0.01",173
"Opt Baseline","2026-06-13",-2,"2026-05-30","Overall","quantile","0.025",173
"Opt Baseline","2026-06-13",-2,"2026-05-30","Overall","quantile","0.05",173
"Opt Baseline","2026-06-13",-2,"2026-05-30","Overall","quantile","0.1",180
"Opt Baseline","2026-06-13",-2,"2026-05-30","Overall","quantile","0.15",186
"Opt Baseline","2026-06-13",-2,"2026-05-30","Overall","quantile","0.2",188
"Opt Baseline","2026-06-13",-2,"2026-05-30","Overall","quantile","0.25",198
"Opt Baseline","2026-06-13",-2,"2026-05-30","Overall","quantile","0.3",210
"Opt Baseline","2026-06-13",-2,"2026-05-30","Overall","quantile","0.35",220
"Opt Baseline","2026-06-13",-2,"2026-05-30","Overall","quantile","0.4",225
"Opt Baseline","2026-06-13",-2,"2026-05-30","Overall","quantile","0.45",226
"Opt Baseline","2026-06-13",-2,"2026-05-30","Overall","quantile","0.5",230
"Opt Baseline","2026-06-13",-2,"2026-05-30","Overall","quantile","0.55",234
"Opt Baseline","2026-06-13",-2,"2026-05-30","Overall","quantile","0.6",235
"Opt Baseline","2026-06-13",-2,"2026-05-30","Overall","quantile","0.65",240
"Opt Baseline","2026-06-13",-2,"2026-05-30","Overall","quantile","0.7",251
"Opt Baseline","2026-06-13",-2,"2026-05-30","Overall","quantile","0.75",264
"Opt Baseline","2026-06-13",-2,"2026-05-30","Overall","quantile","0.8",277
"Opt Baseline","2026-06-13",-2,"2026-05-30","Overall","quantile","0.85",279
"Opt Baseline","2026-06-13",-2,"2026-05-30","Overall","quantile","0.9",287
"Opt Baseline","2026-06-13",-2,"2026-05-30","Overall","quantile","0.95",295
"Opt Baseline","2026-06-13",-2,"2026-05-30","Overall","quantile","0.975",295
"Opt Baseline","2026-06-13",-2,"2026-05-30","Overall","quantile","0.99",295
"Opt Baseline","2026-06-13",-1,"2026-06-06","Overall","quantile","0.01",130
"Opt Baseline","2026-06-13",-1,"2026-06-06","Overall","quantile","0.025",136
"Opt Baseline","2026-06-13",-1,"2026-06-06","Overall","quantile","0.05",147
"Opt Baseline","2026-06-13",-1,"2026-06-06","Overall","quantile","0.1",167
"Opt Baseline","2026-06-13",-1,"2026-06-06","Overall","quantile","0.15",176
"Opt Baseline","2026-06-13",-1,"2026-06-06","Overall","quantile","0.2",183
"Opt Baseline","2026-06-13",-1,"2026-06-06","Overall","quantile","0.25",191
"Opt Baseline","2026-06-13",-1,"2026-06-06","Overall","quantile","0.3",201
"Opt Baseline","2026-06-13",-1,"2026-06-06","Overall","quantile","0.35",212
"Opt Baseline","2026-06-13",-1,"2026-06-06","Overall","quantile","0.4",218
"Opt Baseline","2026-06-13",-1,"2026-06-06","Overall","quantile","0.45",225
"Opt Baseline","2026-06-13",-1,"2026-06-06","Overall","quantile","0.5",230
"Opt Baseline","2026-06-13",-1,"2026-06-06","Overall","quantile","0.55",235
"Opt Baseline","2026-06-13",-1,"2026-06-06","Overall","quantile","0.6",242
"Opt Baseline","2026-06-13",-1,"2026-06-06","Overall","quantile","0.65",250
"Opt Baseline","2026-06-13",-1,"2026-06-06","Overall","quantile","0.7",261
"Opt Baseline","2026-06-13",-1,"2026-06-06","Overall","quantile","0.75",271
"Opt Baseline","2026-06-13",-1,"2026-06-06","Overall","quantile","0.8",282
"Opt Baseline","2026-06-13",-1,"2026-06-06","Overall","quantile","0.85",290
"Opt Baseline","2026-06-13",-1,"2026-06-06","Overall","quantile","0.9",301
"Opt Baseline","2026-06-13",-1,"2026-06-06","Overall","quantile","0.95",330
"Opt Baseline","2026-06-13",-1,"2026-06-06","Overall","quantile","0.975",347
"Opt Baseline","2026-06-13",-1,"2026-06-06","Overall","quantile","0.99",354
"Opt Baseline","2026-06-13",0,"2026-06-13","Overall","quantile","0.01",105
"Opt Baseline","2026-06-13",0,"2026-06-13","Overall","quantile","0.025",122
"Opt Baseline","2026-06-13",0,"2026-06-13","Overall","quantile","0.05",135
"Opt Baseline","2026-06-13",0,"2026-06-13","Overall","quantile","0.1",151
"Opt Baseline","2026-06-13",0,"2026-06-13","Overall","quantile","0.15",166
"Opt Baseline","2026-06-13",0,"2026-06-13","Overall","quantile","0.2",177
"Opt Baseline","2026-06-13",0,"2026-06-13","Overall","quantile","0.25",186
"Opt Baseline","2026-06-13",0,"2026-06-13","Overall","quantile","0.3",195
"Opt Baseline","2026-06-13",0,"2026-06-13","Overall","quantile","0.35",205
"Opt Baseline","2026-06-13",0,"2026-06-13","Overall","quantile","0.4",214
"Opt Baseline","2026-06-13",0,"2026-06-13","Overall","quantile","0.45",223
"Opt Baseline","2026-06-13",0,"2026-06-13","Overall","quantile","0.5",230
"Opt Baseline","2026-06-13",0,"2026-06-13","Overall","quantile","0.55",238
"Opt Baseline","2026-06-13",0,"2026-06-13","Overall","quantile","0.6",246
"Opt Baseline","2026-06-13",0,"2026-06-13","Overall","quantile","0.65",256
"Opt Baseline","2026-06-13",0,"2026-06-13","Overall","quantile","0.7",267
"Opt Baseline","2026-06-13",0,"2026-06-13","Overall","quantile","0.75",279
"Opt Baseline","2026-06-13",0,"2026-06-13","Overall","quantile","0.8",289
"Opt Baseline","2026-06-13",0,"2026-06-13","Overall","quantile","0.85",304
"Opt Baseline","2026-06-13",0,"2026-06-13","Overall","quantile","0.9",325
"Opt Baseline","2026-06-13",0,"2026-06-13","Overall","quantile","0.95",351
"Opt Baseline","2026-06-13",0,"2026-06-13","Overall","quantile","0.975",370
"Opt Baseline","2026-06-13",0,"2026-06-13","Overall","quantile","0.99",401
"Opt Baseline","2026-06-13",1,"2026-06-20","Overall","quantile","0.01",94
"Opt Baseline","2026-06-13",1,"2026-06-20","Overall","quantile","0.025",108
"Opt Baseline","2026-06-13",1,"2026-06-20","Overall","quantile","0.05",125
"Opt Baseline","2026-06-13",1,"2026-06-20","Overall","quantile","0.1",143
"Opt Baseline","2026-06-13",1,"2026-06-20","Overall","quantile","0.15",158
"Opt Baseline","2026-06-13",1,"2026-06-20","Overall","quantile","0.2",170
"Opt Baseline","2026-06-13",1,"2026-06-20","Overall","quantile","0.25",181
"Opt Baseline","2026-06-13",1,"2026-06-20","Overall","quantile","0.3",190
"Opt Baseline","2026-06-13",1,"2026-06-20","Overall","quantile","0.35",200
"Opt Baseline","2026-06-13",1,"2026-06-20","Overall","quantile","0.4",210
"Opt Baseline","2026-06-13",1,"2026-06-20","Overall","quantile","0.45",220
"Opt Baseline","2026-06-13",1,"2026-06-20","Overall","quantile","0.5",230
"Opt Baseline","2026-06-13",1,"2026-06-20","Overall","quantile","0.55",239
"Opt Baseline","2026-06-13",1,"2026-06-20","Overall","quantile","0.6",249
"Opt Baseline","2026-06-13",1,"2026-06-20","Overall","quantile","0.65",259
"Opt Baseline","2026-06-13",1,"2026-06-20","Overall","quantile","0.7",271
"Opt Baseline","2026-06-13",1,"2026-06-20","Overall","quantile","0.75",284
"Opt Baseline","2026-06-13",1,"2026-06-20","Overall","quantile","0.8",298
"Opt Baseline","2026-06-13",1,"2026-06-20","Overall","quantile","0.85",315
"Opt Baseline","2026-06-13",1,"2026-06-20","Overall","quantile","0.9",338
"Opt Baseline","2026-06-13",1,"2026-06-20","Overall","quantile","0.95",370
"Opt Baseline","2026-06-13",1,"2026-06-20","Overall","quantile","0.975",400
"Opt Baseline","2026-06-13",1,"2026-06-20","Overall","quantile","0.99",432
"Opt Baseline","2026-06-13",2,"2026-06-27","Overall","quantile","0.01",82
"Opt Baseline","2026-06-13",2,"2026-06-27","Overall","quantile","0.025",98
"Opt Baseline","2026-06-13",2,"2026-06-27","Overall","quantile","0.05",113
"Opt Baseline","2026-06-13",2,"2026-06-27","Overall","quantile","0.1",134
"Opt Baseline","2026-06-13",2,"2026-06-27","Overall","quantile","0.15",150
"Opt Baseline","2026-06-13",2,"2026-06-27","Overall","quantile","0.2",164
"Opt Baseline","2026-06-13",2,"2026-06-27","Overall","quantile","0.25",176
"Opt Baseline","2026-06-13",2,"2026-06-27","Overall","quantile","0.3",187
"Opt Baseline","2026-06-13",2,"2026-06-27","Overall","quantile","0.35",198
"Opt Baseline","2026-06-13",2,"2026-06-27","Overall","quantile","0.4",209
"Opt Baseline","2026-06-13",2,"2026-06-27","Overall","quantile","0.45",219
"Opt Baseline","2026-06-13",2,"2026-06-27","Overall","quantile","0.5",230
"Opt Baseline","2026-06-13",2,"2026-06-27","Overall","quantile","0.55",241
"Opt Baseline","2026-06-13",2,"2026-06-27","Overall","quantile","0.6",253
"Opt Baseline","2026-06-13",2,"2026-06-27","Overall","quantile","0.65",264
"Opt Baseline","2026-06-13",2,"2026-06-27","Overall","quantile","0.7",277
"Opt Baseline","2026-06-13",2,"2026-06-27","Overall","quantile","0.75",291
"Opt Baseline","2026-06-13",2,"2026-06-27","Overall","quantile","0.8",308
"Opt Baseline","2026-06-13",2,"2026-06-27","Overall","quantile","0.85",327
"Opt Baseline","2026-06-13",2,"2026-06-27","Overall","quantile","0.9",353
"Opt Baseline","2026-06-13",2,"2026-06-27","Overall","quantile","0.95",393
"Opt Baseline","2026-06-13",2,"2026-06-27","Overall","quantile","0.975",427
"Opt Baseline","2026-06-13",2,"2026-06-27","Overall","quantile","0.99",461
"Opt Baseline","2026-06-13",3,"2026-07-04","Overall","quantile","0.01",69
"Opt Baseline","2026-06-13",3,"2026-07-04","Overall","quantile","0.025",86
"Opt Baseline","2026-06-13",3,"2026-07-04","Overall","quantile","0.05",104
"Opt Baseline","2026-06-13",3,"2026-07-04","Overall","quantile","0.1",128
"Opt Baseline","2026-06-13",3,"2026-07-04","Overall","quantile","0.15",144
"Opt Baseline","2026-06-13",3,"2026-07-04","Overall","quantile","0.2",158
"Opt Baseline","2026-06-13",3,"2026-07-04","Overall","quantile","0.25",171
"Opt Baseline","2026-06-13",3,"2026-07-04","Overall","quantile","0.3",183
"Opt Baseline","2026-06-13",3,"2026-07-04","Overall","quantile","0.35",195
"Opt Baseline","2026-06-13",3,"2026-07-04","Overall","quantile","0.4",207
"Opt Baseline","2026-06-13",3,"2026-07-04","Overall","quantile","0.45",218
"Opt Baseline","2026-06-13",3,"2026-07-04","Overall","quantile","0.5",230
"Opt Baseline","2026-06-13",3,"2026-07-04","Overall","quantile","0.55",242
"Opt Baseline","2026-06-13",3,"2026-07-04","Overall","quantile","0.6",254
"Opt Baseline","2026-06-13",3,"2026-07-04","Overall","quantile","0.65",267
"Opt Baseline","2026-06-13",3,"2026-07-04","Overall","quantile","0.7",282
"Opt Baseline","2026-06-13",3,"2026-07-04","Overall","quantile","0.75",297
"Opt Baseline","2026-06-13",3,"2026-07-04","Overall","quantile","0.8",315
"Opt Baseline","2026-06-13",3,"2026-07-04","Overall","quantile","0.85",338
"Opt Baseline","2026-06-13",3,"2026-07-04","Overall","quantile","0.9",365
"Opt Baseline","2026-06-13",3,"2026-07-04","Overall","quantile","0.95",406
"Opt Baseline","2026-06-13",3,"2026-07-04","Overall","quantile","0.975",442
"Opt Baseline","2026-06-13",3,"2026-07-04","Overall","quantile","0.99",483
"Opt Baseline","2026-06-13",-2,"2026-05-30","Pediatrics","quantile","0.01",62
"Opt Baseline","2026-06-13",-2,"2026-05-30","Pediatrics","quantile","0.025",62
"Opt Baseline","2026-06-13",-2,"2026-05-30","Pediatrics","quantile","0.05",63
"Opt Baseline","2026-06-13",-2,"2026-05-30","Pediatrics","quantile","0.1",70
"Opt Baseline","2026-06-13",-2,"2026-05-30","Pediatrics","quantile","0.15",77
"Opt Baseline","2026-06-13",-2,"2026-05-30","Pediatrics","quantile","0.2",77
"Opt Baseline","2026-06-13",-2,"2026-05-30","Pediatrics","quantile","0.25",78
"Opt Baseline","2026-06-13",-2,"2026-05-30","Pediatrics","quantile","0.3",83
"Opt Baseline","2026-06-13",-2,"2026-05-30","Pediatrics","quantile","0.35",87
"Opt Baseline","2026-06-13",-2,"2026-05-30","Pediatrics","quantile","0.4",89
"Opt Baseline","2026-06-13",-2,"2026-05-30","Pediatrics","quantile","0.45",89
"Opt Baseline","2026-06-13",-2,"2026-05-30","Pediatrics","quantile","0.5",90
"Opt Baseline","2026-06-13",-2,"2026-05-30","Pediatrics","quantile","0.55",91
"Opt Baseline","2026-06-13",-2,"2026-05-30","Pediatrics","quantile","0.6",91
"Opt Baseline","2026-06-13",-2,"2026-05-30","Pediatrics","quantile","0.65",93
"Opt Baseline","2026-06-13",-2,"2026-05-30","Pediatrics","quantile","0.7",97
"Opt Baseline","2026-06-13",-2,"2026-05-30","Pediatrics","quantile","0.75",103
"Opt Baseline","2026-06-13",-2,"2026-05-30","Pediatrics","quantile","0.8",104
"Opt Baseline","2026-06-13",-2,"2026-05-30","Pediatrics","quantile","0.85",104
"Opt Baseline","2026-06-13",-2,"2026-05-30","Pediatrics","quantile","0.9",113
"Opt Baseline","2026-06-13",-2,"2026-05-30","Pediatrics","quantile","0.95",122
"Opt Baseline","2026-06-13",-2,"2026-05-30","Pediatrics","quantile","0.975",123
"Opt Baseline","2026-06-13",-2,"2026-05-30","Pediatrics","quantile","0.99",123
"Opt Baseline","2026-06-13",-1,"2026-06-06","Pediatrics","quantile","0.01",46
"Opt Baseline","2026-06-13",-1,"2026-06-06","Pediatrics","quantile","0.025",52
"Opt Baseline","2026-06-13",-1,"2026-06-06","Pediatrics","quantile","0.05",58
"Opt Baseline","2026-06-13",-1,"2026-06-06","Pediatrics","quantile","0.1",63
"Opt Baseline","2026-06-13",-1,"2026-06-06","Pediatrics","quantile","0.15",67
"Opt Baseline","2026-06-13",-1,"2026-06-06","Pediatrics","quantile","0.2",73
"Opt Baseline","2026-06-13",-1,"2026-06-06","Pediatrics","quantile","0.25",76
"Opt Baseline","2026-06-13",-1,"2026-06-06","Pediatrics","quantile","0.3",78
"Opt Baseline","2026-06-13",-1,"2026-06-06","Pediatrics","quantile","0.35",81
"Opt Baseline","2026-06-13",-1,"2026-06-06","Pediatrics","quantile","0.4",86
"Opt Baseline","2026-06-13",-1,"2026-06-06","Pediatrics","quantile","0.45",88
"Opt Baseline","2026-06-13",-1,"2026-06-06","Pediatrics","quantile","0.5",90
"Opt Baseline","2026-06-13",-1,"2026-06-06","Pediatrics","quantile","0.55",91
"Opt Baseline","2026-06-13",-1,"2026-06-06","Pediatrics","quantile","0.6",94
"Opt Baseline","2026-06-13",-1,"2026-06-06","Pediatrics","quantile","0.65",99
"Opt Baseline","2026-06-13",-1,"2026-06-06","Pediatrics","quantile","0.7",103
"Opt Baseline","2026-06-13",-1,"2026-06-06","Pediatrics","quantile","0.75",105
"Opt Baseline","2026-06-13",-1,"2026-06-06","Pediatrics","quantile","0.8",108
"Opt Baseline","2026-06-13",-1,"2026-06-06","Pediatrics","quantile","0.85",116
"Opt Baseline","2026-06-13",-1,"2026-06-06","Pediatrics","quantile","0.9",121
"Opt Baseline","2026-06-13",-1,"2026-06-06","Pediatrics","quantile","0.95",130
"Opt Baseline","2026-06-13",-1,"2026-06-06","Pediatrics","quantile","0.975",139
"Opt Baseline","2026-06-13",-1,"2026-06-06","Pediatrics","quantile","0.99",146
"Opt Baseline","2026-06-13",0,"2026-06-13","Pediatrics","quantile","0.01",39
"Opt Baseline","2026-06-13",0,"2026-06-13","Pediatrics","quantile","0.025",44
"Opt Baseline","2026-06-13",0,"2026-06-13","Pediatrics","quantile","0.05",51
"Opt Baseline","2026-06-13",0,"2026-06-13","Pediatrics","quantile","0.1",59
"Opt Baseline","2026-06-13",0,"2026-06-13","Pediatrics","quantile","0.15",64
"Opt Baseline","2026-06-13",0,"2026-06-13","Pediatrics","quantile","0.2",68
"Opt Baseline","2026-06-13",0,"2026-06-13","Pediatrics","quantile","0.25",73
"Opt Baseline","2026-06-13",0,"2026-06-13","Pediatrics","quantile","0.3",76
"Opt Baseline","2026-06-13",0,"2026-06-13","Pediatrics","quantile","0.35",79
"Opt Baseline","2026-06-13",0,"2026-06-13","Pediatrics","quantile","0.4",84
"Opt Baseline","2026-06-13",0,"2026-06-13","Pediatrics","quantile","0.45",87
"Opt Baseline","2026-06-13",0,"2026-06-13","Pediatrics","quantile","0.5",90
"Opt Baseline","2026-06-13",0,"2026-06-13","Pediatrics","quantile","0.55",93
"Opt Baseline","2026-06-13",0,"2026-06-13","Pediatrics","quantile","0.6",97
"Opt Baseline","2026-06-13",0,"2026-06-13","Pediatrics","quantile","0.65",101
"Opt Baseline","2026-06-13",0,"2026-06-13","Pediatrics","quantile","0.7",105
"Opt Baseline","2026-06-13",0,"2026-06-13","Pediatrics","quantile","0.75",109
"Opt Baseline","2026-06-13",0,"2026-06-13","Pediatrics","quantile","0.8",115
"Opt Baseline","2026-06-13",0,"2026-06-13","Pediatrics","quantile","0.85",121
"Opt Baseline","2026-06-13",0,"2026-06-13","Pediatrics","quantile","0.9",128
"Opt Baseline","2026-06-13",0,"2026-06-13","Pediatrics","quantile","0.95",140
"Opt Baseline","2026-06-13",0,"2026-06-13","Pediatrics","quantile","0.975",151
"Opt Baseline","2026-06-13",0,"2026-06-13","Pediatrics","quantile","0.99",162
"Opt Baseline","2026-06-13",1,"2026-06-20","Pediatrics","quantile","0.01",32
"Opt Baseline","2026-06-13",1,"2026-06-20","Pediatrics","quantile","0.025",40
"Opt Baseline","2026-06-13",1,"2026-06-20","Pediatrics","quantile","0.05",46
"Opt Baseline","2026-06-13",1,"2026-06-20","Pediatrics","quantile","0.1",54
"Opt Baseline","2026-06-13",1,"2026-06-20","Pediatrics","quantile","0.15",61
"Opt Baseline","2026-06-13",1,"2026-06-20","Pediatrics","quantile","0.2",65
"Opt Baseline","2026-06-13",1,"2026-06-20","Pediatrics","quantile","0.25",71
"Opt Baseline","2026-06-13",1,"2026-06-20","Pediatrics","quantile","0.3",75
"Opt Baseline","2026-06-13",1,"2026-06-20","Pediatrics","quantile","0.35",78
"Opt Baseline","2026-06-13",1,"2026-06-20","Pediatrics","quantile","0.4",82
"Opt Baseline","2026-06-13",1,"2026-06-20","Pediatrics","quantile","0.45",86
"Opt Baseline","2026-06-13",1,"2026-06-20","Pediatrics","quantile","0.5",90
"Opt Baseline","2026-06-13",1,"2026-06-20","Pediatrics","quantile","0.55",94
"Opt Baseline","2026-06-13",1,"2026-06-20","Pediatrics","quantile","0.6",98
"Opt Baseline","2026-06-13",1,"2026-06-20","Pediatrics","quantile","0.65",103
"Opt Baseline","2026-06-13",1,"2026-06-20","Pediatrics","quantile","0.7",107
"Opt Baseline","2026-06-13",1,"2026-06-20","Pediatrics","quantile","0.75",113
"Opt Baseline","2026-06-13",1,"2026-06-20","Pediatrics","quantile","0.8",119
"Opt Baseline","2026-06-13",1,"2026-06-20","Pediatrics","quantile","0.85",126
"Opt Baseline","2026-06-13",1,"2026-06-20","Pediatrics","quantile","0.9",136
"Opt Baseline","2026-06-13",1,"2026-06-20","Pediatrics","quantile","0.95",148
"Opt Baseline","2026-06-13",1,"2026-06-20","Pediatrics","quantile","0.975",160
"Opt Baseline","2026-06-13",1,"2026-06-20","Pediatrics","quantile","0.99",177
"Opt Baseline","2026-06-13",2,"2026-06-27","Pediatrics","quantile","0.01",27
"Opt Baseline","2026-06-13",2,"2026-06-27","Pediatrics","quantile","0.025",35
"Opt Baseline","2026-06-13",2,"2026-06-27","Pediatrics","quantile","0.05",42
"Opt Baseline","2026-06-13",2,"2026-06-27","Pediatrics","quantile","0.1",51
"Opt Baseline","2026-06-13",2,"2026-06-27","Pediatrics","quantile","0.15",58
"Opt Baseline","2026-06-13",2,"2026-06-27","Pediatrics","quantile","0.2",63
"Opt Baseline","2026-06-13",2,"2026-06-27","Pediatrics","quantile","0.25",68
"Opt Baseline","2026-06-13",2,"2026-06-27","Pediatrics","quantile","0.3",73
"Opt Baseline","2026-06-13",2,"2026-06-27","Pediatrics","quantile","0.35",77
"Opt Baseline","2026-06-13",2,"2026-06-27","Pediatrics","quantile","0.4",81
"Opt Baseline","2026-06-13",2,"2026-06-27","Pediatrics","quantile","0.45",86
"Opt Baseline","2026-06-13",2,"2026-06-27","Pediatrics","quantile","0.5",90
"Opt Baseline","2026-06-13",2,"2026-06-27","Pediatrics","quantile","0.55",94
"Opt Baseline","2026-06-13",2,"2026-06-27","Pediatrics","quantile","0.6",99
"Opt Baseline","2026-06-13",2,"2026-06-27","Pediatrics","quantile","0.65",104
"Opt Baseline","2026-06-13",2,"2026-06-27","Pediatrics","quantile","0.7",109
"Opt Baseline","2026-06-13",2,"2026-06-27","Pediatrics","quantile","0.75",115
"Opt Baseline","2026-06-13",2,"2026-06-27","Pediatrics","quantile","0.8",122
"Opt Baseline","2026-06-13",2,"2026-06-27","Pediatrics","quantile","0.85",130
"Opt Baseline","2026-06-13",2,"2026-06-27","Pediatrics","quantile","0.9",140
"Opt Baseline","2026-06-13",2,"2026-06-27","Pediatrics","quantile","0.95",157
"Opt Baseline","2026-06-13",2,"2026-06-27","Pediatrics","quantile","0.975",172
"Opt Baseline","2026-06-13",2,"2026-06-27","Pediatrics","quantile","0.99",190
"Opt Baseline","2026-06-13",3,"2026-07-04","Pediatrics","quantile","0.01",24
"Opt Baseline","2026-06-13",3,"2026-07-04","Pediatrics","quantile","0.025",31
"Opt Baseline","2026-06-13",3,"2026-07-04","Pediatrics","quantile","0.05",38
"Opt Baseline","2026-06-13",3,"2026-07-04","Pediatrics","quantile","0.1",48
"Opt Baseline","2026-06-13",3,"2026-07-04","Pediatrics","quantile","0.15",54
"Opt Baseline","2026-06-13",3,"2026-07-04","Pediatrics","quantile","0.2",61
"Opt Baseline","2026-06-13",3,"2026-07-04","Pediatrics","quantile","0.25",66
"Opt Baseline","2026-06-13",3,"2026-07-04","Pediatrics","quantile","0.3",71
"Opt Baseline","2026-06-13",3,"2026-07-04","Pediatrics","quantile","0.35",76
"Opt Baseline","2026-06-13",3,"2026-07-04","Pediatrics","quantile","0.4",81
"Opt Baseline","2026-06-13",3,"2026-07-04","Pediatrics","quantile","0.45",86
"Opt Baseline","2026-06-13",3,"2026-07-04","Pediatrics","quantile","0.5",90
"Opt Baseline","2026-06-13",3,"2026-07-04","Pediatrics","quantile","0.55",95
"Opt Baseline","2026-06-13",3,"2026-07-04","Pediatrics","quantile","0.6",100
"Opt Baseline","2026-06-13",3,"2026-07-04","Pediatrics","quantile","0.65",105
"Opt Baseline","2026-06-13",3,"2026-07-04","Pediatrics","quantile","0.7",110
"Opt Baseline","2026-06-13",3,"2026-07-04","Pediatrics","quantile","0.75",117
"Opt Baseline","2026-06-13",3,"2026-07-04","Pediatrics","quantile","0.8",124
"Opt Baseline","2026-06-13",3,"2026-07-04","Pediatrics","quantile","0.85",134
"Opt Baseline","2026-06-13",3,"2026-07-04","Pediatrics","quantile","0.9",146
"Opt Baseline","2026-06-13",3,"2026-07-04","Pediatrics","quantile","0.95",163
"Opt Baseline","2026-06-13",3,"2026-07-04","Pediatrics","quantile","0.975",180
"Opt Baseline","2026-06-13",3,"2026-07-04","Pediatrics","quantile","0.99",200
"INFLAenza","2026-06-13",-2,"2026-05-30","Adults","quantile","0.01",94
"INFLAenza","2026-06-13",-2,"2026-05-30","Adults","quantile","0.025",102
"INFLAenza","2026-06-13",-2,"2026-05-30","Adults","quantile","0.05",108
"INFLAenza","2026-06-13",-2,"2026-05-30","Adults","quantile","0.1",116
"INFLAenza","2026-06-13",-2,"2026-05-30","Adults","quantile","0.15",122
"INFLAenza","2026-06-13",-2,"2026-05-30","Adults","quantile","0.2",126
"INFLAenza","2026-06-13",-2,"2026-05-30","Adults","quantile","0.25",130
"INFLAenza","2026-06-13",-2,"2026-05-30","Adults","quantile","0.3",134
"INFLAenza","2026-06-13",-2,"2026-05-30","Adults","quantile","0.35",138
"INFLAenza","2026-06-13",-2,"2026-05-30","Adults","quantile","0.4",141
"INFLAenza","2026-06-13",-2,"2026-05-30","Adults","quantile","0.45",145
"INFLAenza","2026-06-13",-2,"2026-05-30","Adults","quantile","0.5",148
"INFLAenza","2026-06-13",-2,"2026-05-30","Adults","quantile","0.55",152
"INFLAenza","2026-06-13",-2,"2026-05-30","Adults","quantile","0.6",155
"INFLAenza","2026-06-13",-2,"2026-05-30","Adults","quantile","0.65",159
"INFLAenza","2026-06-13",-2,"2026-05-30","Adults","quantile","0.7",163
"INFLAenza","2026-06-13",-2,"2026-05-30","Adults","quantile","0.75",168
"INFLAenza","2026-06-13",-2,"2026-05-30","Adults","quantile","0.8",173
"INFLAenza","2026-06-13",-2,"2026-05-30","Adults","quantile","0.85",179
"INFLAenza","2026-06-13",-2,"2026-05-30","Adults","quantile","0.9",188
"INFLAenza","2026-06-13",-2,"2026-05-30","Adults","quantile","0.95",200
"INFLAenza","2026-06-13",-2,"2026-05-30","Adults","quantile","0.975",211
"INFLAenza","2026-06-13",-2,"2026-05-30","Adults","quantile","0.99",226
"INFLAenza","2026-06-13",-2,"2026-05-30","Overall","quantile","0.01",181
"INFLAenza","2026-06-13",-2,"2026-05-30","Overall","quantile","0.025",189
"INFLAenza","2026-06-13",-2,"2026-05-30","Overall","quantile","0.05",198
"INFLAenza","2026-06-13",-2,"2026-05-30","Overall","quantile","0.1",209
"INFLAenza","2026-06-13",-2,"2026-05-30","Overall","quantile","0.15",216
"INFLAenza","2026-06-13",-2,"2026-05-30","Overall","quantile","0.2",221
"INFLAenza","2026-06-13",-2,"2026-05-30","Overall","quantile","0.25",226
"INFLAenza","2026-06-13",-2,"2026-05-30","Overall","quantile","0.3",230
"INFLAenza","2026-06-13",-2,"2026-05-30","Overall","quantile","0.35",235
"INFLAenza","2026-06-13",-2,"2026-05-30","Overall","quantile","0.4",239
"INFLAenza","2026-06-13",-2,"2026-05-30","Overall","quantile","0.45",243
"INFLAenza","2026-06-13",-2,"2026-05-30","Overall","quantile","0.5",248
"INFLAenza","2026-06-13",-2,"2026-05-30","Overall","quantile","0.55",252
"INFLAenza","2026-06-13",-2,"2026-05-30","Overall","quantile","0.6",256
"INFLAenza","2026-06-13",-2,"2026-05-30","Overall","quantile","0.65",261
"INFLAenza","2026-06-13",-2,"2026-05-30","Overall","quantile","0.7",266
"INFLAenza","2026-06-13",-2,"2026-05-30","Overall","quantile","0.75",271
"INFLAenza","2026-06-13",-2,"2026-05-30","Overall","quantile","0.8",277
"INFLAenza","2026-06-13",-2,"2026-05-30","Overall","quantile","0.85",284
"INFLAenza","2026-06-13",-2,"2026-05-30","Overall","quantile","0.9",293
"INFLAenza","2026-06-13",-2,"2026-05-30","Overall","quantile","0.95",308
"INFLAenza","2026-06-13",-2,"2026-05-30","Overall","quantile","0.975",322
"INFLAenza","2026-06-13",-2,"2026-05-30","Overall","quantile","0.99",337
"INFLAenza","2026-06-13",-2,"2026-05-30","Pediatrics","quantile","0.01",60
"INFLAenza","2026-06-13",-2,"2026-05-30","Pediatrics","quantile","0.025",65
"INFLAenza","2026-06-13",-2,"2026-05-30","Pediatrics","quantile","0.05",70
"INFLAenza","2026-06-13",-2,"2026-05-30","Pediatrics","quantile","0.1",75
"INFLAenza","2026-06-13",-2,"2026-05-30","Pediatrics","quantile","0.15",79
"INFLAenza","2026-06-13",-2,"2026-05-30","Pediatrics","quantile","0.2",82
"INFLAenza","2026-06-13",-2,"2026-05-30","Pediatrics","quantile","0.25",85
"INFLAenza","2026-06-13",-2,"2026-05-30","Pediatrics","quantile","0.3",88
"INFLAenza","2026-06-13",-2,"2026-05-30","Pediatrics","quantile","0.35",90
"INFLAenza","2026-06-13",-2,"2026-05-30","Pediatrics","quantile","0.4",93
"INFLAenza","2026-06-13",-2,"2026-05-30","Pediatrics","quantile","0.45",95
"INFLAenza","2026-06-13",-2,"2026-05-30","Pediatrics","quantile","0.5",98
"INFLAenza","2026-06-13",-2,"2026-05-30","Pediatrics","quantile","0.55",100
"INFLAenza","2026-06-13",-2,"2026-05-30","Pediatrics","quantile","0.6",103
"INFLAenza","2026-06-13",-2,"2026-05-30","Pediatrics","quantile","0.65",106
"INFLAenza","2026-06-13",-2,"2026-05-30","Pediatrics","quantile","0.7",109
"INFLAenza","2026-06-13",-2,"2026-05-30","Pediatrics","quantile","0.75",112
"INFLAenza","2026-06-13",-2,"2026-05-30","Pediatrics","quantile","0.8",116
"INFLAenza","2026-06-13",-2,"2026-05-30","Pediatrics","quantile","0.85",120
"INFLAenza","2026-06-13",-2,"2026-05-30","Pediatrics","quantile","0.9",126
"INFLAenza","2026-06-13",-2,"2026-05-30","Pediatrics","quantile","0.95",135
"INFLAenza","2026-06-13",-2,"2026-05-30","Pediatrics","quantile","0.975",142
"INFLAenza","2026-06-13",-2,"2026-05-30","Pediatrics","quantile","0.99",150
"INFLAenza","2026-06-13",-1,"2026-06-06","Adults","quantile","0.01",86
"INFLAenza","2026-06-13",-1,"2026-06-06","Adults","quantile","0.025",96
"INFLAenza","2026-06-13",-1,"2026-06-06","Adults","quantile","0.05",103
"INFLAenza","2026-06-13",-1,"2026-06-06","Adults","quantile","0.1",113
"INFLAenza","2026-06-13",-1,"2026-06-06","Adults","quantile","0.15",120
"INFLAenza","2026-06-13",-1,"2026-06-06","Adults","quantile","0.2",126
"INFLAenza","2026-06-13",-1,"2026-06-06","Adults","quantile","0.25",131
"INFLAenza","2026-06-13",-1,"2026-06-06","Adults","quantile","0.3",135
"INFLAenza","2026-06-13",-1,"2026-06-06","Adults","quantile","0.35",140
"INFLAenza","2026-06-13",-1,"2026-06-06","Adults","quantile","0.4",144
"INFLAenza","2026-06-13",-1,"2026-06-06","Adults","quantile","0.45",148
"INFLAenza","2026-06-13",-1,"2026-06-06","Adults","quantile","0.5",152
"INFLAenza","2026-06-13",-1,"2026-06-06","Adults","quantile","0.55",157
"INFLAenza","2026-06-13",-1,"2026-06-06","Adults","quantile","0.6",161
"INFLAenza","2026-06-13",-1,"2026-06-06","Adults","quantile","0.65",166
"INFLAenza","2026-06-13",-1,"2026-06-06","Adults","quantile","0.7",172
"INFLAenza","2026-06-13",-1,"2026-06-06","Adults","quantile","0.75",178
"INFLAenza","2026-06-13",-1,"2026-06-06","Adults","quantile","0.8",185
"INFLAenza","2026-06-13",-1,"2026-06-06","Adults","quantile","0.85",193
"INFLAenza","2026-06-13",-1,"2026-06-06","Adults","quantile","0.9",205
"INFLAenza","2026-06-13",-1,"2026-06-06","Adults","quantile","0.95",223
"INFLAenza","2026-06-13",-1,"2026-06-06","Adults","quantile","0.975",242
"INFLAenza","2026-06-13",-1,"2026-06-06","Adults","quantile","0.99",262
"INFLAenza","2026-06-13",-1,"2026-06-06","Overall","quantile","0.01",169
"INFLAenza","2026-06-13",-1,"2026-06-06","Overall","quantile","0.025",183
"INFLAenza","2026-06-13",-1,"2026-06-06","Overall","quantile","0.05",194
"INFLAenza","2026-06-13",-1,"2026-06-06","Overall","quantile","0.1",207
"INFLAenza","2026-06-13",-1,"2026-06-06","Overall","quantile","0.15",215
"INFLAenza","2026-06-13",-1,"2026-06-06","Overall","quantile","0.2",222
"INFLAenza","2026-06-13",-1,"2026-06-06","Overall","quantile","0.25",228
"INFLAenza","2026-06-13",-1,"2026-06-06","Overall","quantile","0.3",234
"INFLAenza","2026-06-13",-1,"2026-06-06","Overall","quantile","0.35",239
"INFLAenza","2026-06-13",-1,"2026-06-06","Overall","quantile","0.4",244
"INFLAenza","2026-06-13",-1,"2026-06-06","Overall","quantile","0.45",250
"INFLAenza","2026-06-13",-1,"2026-06-06","Overall","quantile","0.5",256
"INFLAenza","2026-06-13",-1,"2026-06-06","Overall","quantile","0.55",261
"INFLAenza","2026-06-13",-1,"2026-06-06","Overall","quantile","0.6",267
"INFLAenza","2026-06-13",-1,"2026-06-06","Overall","quantile","0.65",273
"INFLAenza","2026-06-13",-1,"2026-06-06","Overall","quantile","0.7",279
"INFLAenza","2026-06-13",-1,"2026-06-06","Overall","quantile","0.75",286
"INFLAenza","2026-06-13",-1,"2026-06-06","Overall","quantile","0.8",293
"INFLAenza","2026-06-13",-1,"2026-06-06","Overall","quantile","0.85",304
"INFLAenza","2026-06-13",-1,"2026-06-06","Overall","quantile","0.9",317
"INFLAenza","2026-06-13",-1,"2026-06-06","Overall","quantile","0.95",335
"INFLAenza","2026-06-13",-1,"2026-06-06","Overall","quantile","0.975",356
"INFLAenza","2026-06-13",-1,"2026-06-06","Overall","quantile","0.99",377
"INFLAenza","2026-06-13",-1,"2026-06-06","Pediatrics","quantile","0.01",55
"INFLAenza","2026-06-13",-1,"2026-06-06","Pediatrics","quantile","0.025",62
"INFLAenza","2026-06-13",-1,"2026-06-06","Pediatrics","quantile","0.05",66
"INFLAenza","2026-06-13",-1,"2026-06-06","Pediatrics","quantile","0.1",73
"INFLAenza","2026-06-13",-1,"2026-06-06","Pediatrics","quantile","0.15",77
"INFLAenza","2026-06-13",-1,"2026-06-06","Pediatrics","quantile","0.2",81
"INFLAenza","2026-06-13",-1,"2026-06-06","Pediatrics","quantile","0.25",85
"INFLAenza","2026-06-13",-1,"2026-06-06","Pediatrics","quantile","0.3",88
"INFLAenza","2026-06-13",-1,"2026-06-06","Pediatrics","quantile","0.35",91
"INFLAenza","2026-06-13",-1,"2026-06-06","Pediatrics","quantile","0.4",94
"INFLAenza","2026-06-13",-1,"2026-06-06","Pediatrics","quantile","0.45",96
"INFLAenza","2026-06-13",-1,"2026-06-06","Pediatrics","quantile","0.5",100
"INFLAenza","2026-06-13",-1,"2026-06-06","Pediatrics","quantile","0.55",103
"INFLAenza","2026-06-13",-1,"2026-06-06","Pediatrics","quantile","0.6",106
"INFLAenza","2026-06-13",-1,"2026-06-06","Pediatrics","quantile","0.65",110
"INFLAenza","2026-06-13",-1,"2026-06-06","Pediatrics","quantile","0.7",113
"INFLAenza","2026-06-13",-1,"2026-06-06","Pediatrics","quantile","0.75",118
"INFLAenza","2026-06-13",-1,"2026-06-06","Pediatrics","quantile","0.8",123
"INFLAenza","2026-06-13",-1,"2026-06-06","Pediatrics","quantile","0.85",128
"INFLAenza","2026-06-13",-1,"2026-06-06","Pediatrics","quantile","0.9",136
"INFLAenza","2026-06-13",-1,"2026-06-06","Pediatrics","quantile","0.95",148
"INFLAenza","2026-06-13",-1,"2026-06-06","Pediatrics","quantile","0.975",160
"INFLAenza","2026-06-13",-1,"2026-06-06","Pediatrics","quantile","0.99",170
"INFLAenza","2026-06-13",0,"2026-06-13","Adults","quantile","0.01",83
"INFLAenza","2026-06-13",0,"2026-06-13","Adults","quantile","0.025",91
"INFLAenza","2026-06-13",0,"2026-06-13","Adults","quantile","0.05",99
"INFLAenza","2026-06-13",0,"2026-06-13","Adults","quantile","0.1",110
"INFLAenza","2026-06-13",0,"2026-06-13","Adults","quantile","0.15",117
"INFLAenza","2026-06-13",0,"2026-06-13","Adults","quantile","0.2",124
"INFLAenza","2026-06-13",0,"2026-06-13","Adults","quantile","0.25",130
"INFLAenza","2026-06-13",0,"2026-06-13","Adults","quantile","0.3",135
"INFLAenza","2026-06-13",0,"2026-06-13","Adults","quantile","0.35",140
"INFLAenza","2026-06-13",0,"2026-06-13","Adults","quantile","0.4",145
"INFLAenza","2026-06-13",0,"2026-06-13","Adults","quantile","0.45",150
"INFLAenza","2026-06-13",0,"2026-06-13","Adults","quantile","0.5",155
"INFLAenza","2026-06-13",0,"2026-06-13","Adults","quantile","0.55",160
"INFLAenza","2026-06-13",0,"2026-06-13","Adults","quantile","0.6",165
"INFLAenza","2026-06-13",0,"2026-06-13","Adults","quantile","0.65",170
"INFLAenza","2026-06-13",0,"2026-06-13","Adults","quantile","0.7",178
"INFLAenza","2026-06-13",0,"2026-06-13","Adults","quantile","0.75",184
"INFLAenza","2026-06-13",0,"2026-06-13","Adults","quantile","0.8",192
"INFLAenza","2026-06-13",0,"2026-06-13","Adults","quantile","0.85",202
"INFLAenza","2026-06-13",0,"2026-06-13","Adults","quantile","0.9",216
"INFLAenza","2026-06-13",0,"2026-06-13","Adults","quantile","0.95",238
"INFLAenza","2026-06-13",0,"2026-06-13","Adults","quantile","0.975",259
"INFLAenza","2026-06-13",0,"2026-06-13","Adults","quantile","0.99",284
"INFLAenza","2026-06-13",0,"2026-06-13","Overall","quantile","0.01",166
"INFLAenza","2026-06-13",0,"2026-06-13","Overall","quantile","0.025",179
"INFLAenza","2026-06-13",0,"2026-06-13","Overall","quantile","0.05",191
"INFLAenza","2026-06-13",0,"2026-06-13","Overall","quantile","0.1",205
"INFLAenza","2026-06-13",0,"2026-06-13","Overall","quantile","0.15",214
"INFLAenza","2026-06-13",0,"2026-06-13","Overall","quantile","0.2",222
"INFLAenza","2026-06-13",0,"2026-06-13","Overall","quantile","0.25",228
"INFLAenza","2026-06-13",0,"2026-06-13","Overall","quantile","0.3",234
"INFLAenza","2026-06-13",0,"2026-06-13","Overall","quantile","0.35",241
"INFLAenza","2026-06-13",0,"2026-06-13","Overall","quantile","0.4",248
"INFLAenza","2026-06-13",0,"2026-06-13","Overall","quantile","0.45",254
"INFLAenza","2026-06-13",0,"2026-06-13","Overall","quantile","0.5",260
"INFLAenza","2026-06-13",0,"2026-06-13","Overall","quantile","0.55",266
"INFLAenza","2026-06-13",0,"2026-06-13","Overall","quantile","0.6",272
"INFLAenza","2026-06-13",0,"2026-06-13","Overall","quantile","0.65",279
"INFLAenza","2026-06-13",0,"2026-06-13","Overall","quantile","0.7",286
"INFLAenza","2026-06-13",0,"2026-06-13","Overall","quantile","0.75",294
"INFLAenza","2026-06-13",0,"2026-06-13","Overall","quantile","0.8",304
"INFLAenza","2026-06-13",0,"2026-06-13","Overall","quantile","0.85",315
"INFLAenza","2026-06-13",0,"2026-06-13","Overall","quantile","0.9",329
"INFLAenza","2026-06-13",0,"2026-06-13","Overall","quantile","0.95",352
"INFLAenza","2026-06-13",0,"2026-06-13","Overall","quantile","0.975",375
"INFLAenza","2026-06-13",0,"2026-06-13","Overall","quantile","0.99",406
"INFLAenza","2026-06-13",0,"2026-06-13","Pediatrics","quantile","0.01",52
"INFLAenza","2026-06-13",0,"2026-06-13","Pediatrics","quantile","0.025",58
"INFLAenza","2026-06-13",0,"2026-06-13","Pediatrics","quantile","0.05",64
"INFLAenza","2026-06-13",0,"2026-06-13","Pediatrics","quantile","0.1",71
"INFLAenza","2026-06-13",0,"2026-06-13","Pediatrics","quantile","0.15",76
"INFLAenza","2026-06-13",0,"2026-06-13","Pediatrics","quantile","0.2",80
"INFLAenza","2026-06-13",0,"2026-06-13","Pediatrics","quantile","0.25",84
"INFLAenza","2026-06-13",0,"2026-06-13","Pediatrics","quantile","0.3",88
"INFLAenza","2026-06-13",0,"2026-06-13","Pediatrics","quantile","0.35",91
"INFLAenza","2026-06-13",0,"2026-06-13","Pediatrics","quantile","0.4",94
"INFLAenza","2026-06-13",0,"2026-06-13","Pediatrics","quantile","0.45",98
"INFLAenza","2026-06-13",0,"2026-06-13","Pediatrics","quantile","0.5",101
"INFLAenza","2026-06-13",0,"2026-06-13","Pediatrics","quantile","0.55",104
"INFLAenza","2026-06-13",0,"2026-06-13","Pediatrics","quantile","0.6",108
"INFLAenza","2026-06-13",0,"2026-06-13","Pediatrics","quantile","0.65",112
"INFLAenza","2026-06-13",0,"2026-06-13","Pediatrics","quantile","0.7",117
"INFLAenza","2026-06-13",0,"2026-06-13","Pediatrics","quantile","0.75",121
"INFLAenza","2026-06-13",0,"2026-06-13","Pediatrics","quantile","0.8",127
"INFLAenza","2026-06-13",0,"2026-06-13","Pediatrics","quantile","0.85",133
"INFLAenza","2026-06-13",0,"2026-06-13","Pediatrics","quantile","0.9",141
"INFLAenza","2026-06-13",0,"2026-06-13","Pediatrics","quantile","0.95",157
"INFLAenza","2026-06-13",0,"2026-06-13","Pediatrics","quantile","0.975",168
"INFLAenza","2026-06-13",0,"2026-06-13","Pediatrics","quantile","0.99",188
"INFLAenza","2026-06-13",1,"2026-06-20","Adults","quantile","0.01",75
"INFLAenza","2026-06-13",1,"2026-06-20","Adults","quantile","0.025",84
"INFLAenza","2026-06-13",1,"2026-06-20","Adults","quantile","0.05",93
"INFLAenza","2026-06-13",1,"2026-06-20","Adults","quantile","0.1",104
"INFLAenza","2026-06-13",1,"2026-06-20","Adults","quantile","0.15",112
"INFLAenza","2026-06-13",1,"2026-06-20","Adults","quantile","0.2",119
"INFLAenza","2026-06-13",1,"2026-06-20","Adults","quantile","0.25",124
"INFLAenza","2026-06-13",1,"2026-06-20","Adults","quantile","0.3",130
"INFLAenza","2026-06-13",1,"2026-06-20","Adults","quantile","0.35",136
"INFLAenza","2026-06-13",1,"2026-06-20","Adults","quantile","0.4",141
"INFLAenza","2026-06-13",1,"2026-06-20","Adults","quantile","0.45",147
"INFLAenza","2026-06-13",1,"2026-06-20","Adults","quantile","0.5",152
"INFLAenza","2026-06-13",1,"2026-06-20","Adults","quantile","0.55",158
"INFLAenza","2026-06-13",1,"2026-06-20","Adults","quantile","0.6",163
"INFLAenza","2026-06-13",1,"2026-06-20","Adults","quantile","0.65",169
"INFLAenza","2026-06-13",1,"2026-06-20","Adults","quantile","0.7",175
"INFLAenza","2026-06-13",1,"2026-06-20","Adults","quantile","0.75",183
"INFLAenza","2026-06-13",1,"2026-06-20","Adults","quantile","0.8",192
"INFLAenza","2026-06-13",1,"2026-06-20","Adults","quantile","0.85",204
"INFLAenza","2026-06-13",1,"2026-06-20","Adults","quantile","0.9",219
"INFLAenza","2026-06-13",1,"2026-06-20","Adults","quantile","0.95",243
"INFLAenza","2026-06-13",1,"2026-06-20","Adults","quantile","0.975",266
"INFLAenza","2026-06-13",1,"2026-06-20","Adults","quantile","0.99",304
"INFLAenza","2026-06-13",1,"2026-06-20","Overall","quantile","0.01",154
"INFLAenza","2026-06-13",1,"2026-06-20","Overall","quantile","0.025",167
"INFLAenza","2026-06-13",1,"2026-06-20","Overall","quantile","0.05",181
"INFLAenza","2026-06-13",1,"2026-06-20","Overall","quantile","0.1",196
"INFLAenza","2026-06-13",1,"2026-06-20","Overall","quantile","0.15",206
"INFLAenza","2026-06-13",1,"2026-06-20","Overall","quantile","0.2",214
"INFLAenza","2026-06-13",1,"2026-06-20","Overall","quantile","0.25",222
"INFLAenza","2026-06-13",1,"2026-06-20","Overall","quantile","0.3",229
"INFLAenza","2026-06-13",1,"2026-06-20","Overall","quantile","0.35",236
"INFLAenza","2026-06-13",1,"2026-06-20","Overall","quantile","0.4",243
"INFLAenza","2026-06-13",1,"2026-06-20","Overall","quantile","0.45",249
"INFLAenza","2026-06-13",1,"2026-06-20","Overall","quantile","0.5",256
"INFLAenza","2026-06-13",1,"2026-06-20","Overall","quantile","0.55",263
"INFLAenza","2026-06-13",1,"2026-06-20","Overall","quantile","0.6",269
"INFLAenza","2026-06-13",1,"2026-06-20","Overall","quantile","0.65",276
"INFLAenza","2026-06-13",1,"2026-06-20","Overall","quantile","0.7",284
"INFLAenza","2026-06-13",1,"2026-06-20","Overall","quantile","0.75",293
"INFLAenza","2026-06-13",1,"2026-06-20","Overall","quantile","0.8",303
"INFLAenza","2026-06-13",1,"2026-06-20","Overall","quantile","0.85",315
"INFLAenza","2026-06-13",1,"2026-06-20","Overall","quantile","0.9",332
"INFLAenza","2026-06-13",1,"2026-06-20","Overall","quantile","0.95",359
"INFLAenza","2026-06-13",1,"2026-06-20","Overall","quantile","0.975",382
"INFLAenza","2026-06-13",1,"2026-06-20","Overall","quantile","0.99",416
"INFLAenza","2026-06-13",1,"2026-06-20","Pediatrics","quantile","0.01",48
"INFLAenza","2026-06-13",1,"2026-06-20","Pediatrics","quantile","0.025",53
"INFLAenza","2026-06-13",1,"2026-06-20","Pediatrics","quantile","0.05",60
"INFLAenza","2026-06-13",1,"2026-06-20","Pediatrics","quantile","0.1",67
"INFLAenza","2026-06-13",1,"2026-06-20","Pediatrics","quantile","0.15",72
"INFLAenza","2026-06-13",1,"2026-06-20","Pediatrics","quantile","0.2",77
"INFLAenza","2026-06-13",1,"2026-06-20","Pediatrics","quantile","0.25",81
"INFLAenza","2026-06-13",1,"2026-06-20","Pediatrics","quantile","0.3",84
"INFLAenza","2026-06-13",1,"2026-06-20","Pediatrics","quantile","0.35",88
"INFLAenza","2026-06-13",1,"2026-06-20","Pediatrics","quantile","0.4",91
"INFLAenza","2026-06-13",1,"2026-06-20","Pediatrics","quantile","0.45",95
"INFLAenza","2026-06-13",1,"2026-06-20","Pediatrics","quantile","0.5",99
"INFLAenza","2026-06-13",1,"2026-06-20","Pediatrics","quantile","0.55",103
"INFLAenza","2026-06-13",1,"2026-06-20","Pediatrics","quantile","0.6",107
"INFLAenza","2026-06-13",1,"2026-06-20","Pediatrics","quantile","0.65",111
"INFLAenza","2026-06-13",1,"2026-06-20","Pediatrics","quantile","0.7",115
"INFLAenza","2026-06-13",1,"2026-06-20","Pediatrics","quantile","0.75",121
"INFLAenza","2026-06-13",1,"2026-06-20","Pediatrics","quantile","0.8",127
"INFLAenza","2026-06-13",1,"2026-06-20","Pediatrics","quantile","0.85",134
"INFLAenza","2026-06-13",1,"2026-06-20","Pediatrics","quantile","0.9",144
"INFLAenza","2026-06-13",1,"2026-06-20","Pediatrics","quantile","0.95",159
"INFLAenza","2026-06-13",1,"2026-06-20","Pediatrics","quantile","0.975",176
"INFLAenza","2026-06-13",1,"2026-06-20","Pediatrics","quantile","0.99",196
"INFLAenza","2026-06-13",2,"2026-06-27","Adults","quantile","0.01",66
"INFLAenza","2026-06-13",2,"2026-06-27","Adults","quantile","0.025",76
"INFLAenza","2026-06-13",2,"2026-06-27","Adults","quantile","0.05",85
"INFLAenza","2026-06-13",2,"2026-06-27","Adults","quantile","0.1",97
"INFLAenza","2026-06-13",2,"2026-06-27","Adults","quantile","0.15",106
"INFLAenza","2026-06-13",2,"2026-06-27","Adults","quantile","0.2",112
"INFLAenza","2026-06-13",2,"2026-06-27","Adults","quantile","0.25",118
"INFLAenza","2026-06-13",2,"2026-06-27","Adults","quantile","0.3",124
"INFLAenza","2026-06-13",2,"2026-06-27","Adults","quantile","0.35",130
"INFLAenza","2026-06-13",2,"2026-06-27","Adults","quantile","0.4",135
"INFLAenza","2026-06-13",2,"2026-06-27","Adults","quantile","0.45",141
"INFLAenza","2026-06-13",2,"2026-06-27","Adults","quantile","0.5",146
"INFLAenza","2026-06-13",2,"2026-06-27","Adults","quantile","0.55",151
"INFLAenza","2026-06-13",2,"2026-06-27","Adults","quantile","0.6",158
"INFLAenza","2026-06-13",2,"2026-06-27","Adults","quantile","0.65",164
"INFLAenza","2026-06-13",2,"2026-06-27","Adults","quantile","0.7",171
"INFLAenza","2026-06-13",2,"2026-06-27","Adults","quantile","0.75",179
"INFLAenza","2026-06-13",2,"2026-06-27","Adults","quantile","0.8",189
"INFLAenza","2026-06-13",2,"2026-06-27","Adults","quantile","0.85",199
"INFLAenza","2026-06-13",2,"2026-06-27","Adults","quantile","0.9",215
"INFLAenza","2026-06-13",2,"2026-06-27","Adults","quantile","0.95",239
"INFLAenza","2026-06-13",2,"2026-06-27","Adults","quantile","0.975",266
"INFLAenza","2026-06-13",2,"2026-06-27","Adults","quantile","0.99",298
"INFLAenza","2026-06-13",2,"2026-06-27","Overall","quantile","0.01",142
"INFLAenza","2026-06-13",2,"2026-06-27","Overall","quantile","0.025",154
"INFLAenza","2026-06-13",2,"2026-06-27","Overall","quantile","0.05",169
"INFLAenza","2026-06-13",2,"2026-06-27","Overall","quantile","0.1",184
"INFLAenza","2026-06-13",2,"2026-06-27","Overall","quantile","0.15",195
"INFLAenza","2026-06-13",2,"2026-06-27","Overall","quantile","0.2",203
"INFLAenza","2026-06-13",2,"2026-06-27","Overall","quantile","0.25",211
"INFLAenza","2026-06-13",2,"2026-06-27","Overall","quantile","0.3",218
"INFLAenza","2026-06-13",2,"2026-06-27","Overall","quantile","0.35",225
"INFLAenza","2026-06-13",2,"2026-06-27","Overall","quantile","0.4",232
"INFLAenza","2026-06-13",2,"2026-06-27","Overall","quantile","0.45",238
"INFLAenza","2026-06-13",2,"2026-06-27","Overall","quantile","0.5",245
"INFLAenza","2026-06-13",2,"2026-06-27","Overall","quantile","0.55",253
"INFLAenza","2026-06-13",2,"2026-06-27","Overall","quantile","0.6",260
"INFLAenza","2026-06-13",2,"2026-06-27","Overall","quantile","0.65",268
"INFLAenza","2026-06-13",2,"2026-06-27","Overall","quantile","0.7",277
"INFLAenza","2026-06-13",2,"2026-06-27","Overall","quantile","0.75",285
"INFLAenza","2026-06-13",2,"2026-06-27","Overall","quantile","0.8",295
"INFLAenza","2026-06-13",2,"2026-06-27","Overall","quantile","0.85",307
"INFLAenza","2026-06-13",2,"2026-06-27","Overall","quantile","0.9",324
"INFLAenza","2026-06-13",2,"2026-06-27","Overall","quantile","0.95",351
"INFLAenza","2026-06-13",2,"2026-06-27","Overall","quantile","0.975",377
"INFLAenza","2026-06-13",2,"2026-06-27","Overall","quantile","0.99",410
"INFLAenza","2026-06-13",2,"2026-06-27","Pediatrics","quantile","0.01",42
"INFLAenza","2026-06-13",2,"2026-06-27","Pediatrics","quantile","0.025",49
"INFLAenza","2026-06-13",2,"2026-06-27","Pediatrics","quantile","0.05",55
"INFLAenza","2026-06-13",2,"2026-06-27","Pediatrics","quantile","0.1",61
"INFLAenza","2026-06-13",2,"2026-06-27","Pediatrics","quantile","0.15",67
"INFLAenza","2026-06-13",2,"2026-06-27","Pediatrics","quantile","0.2",71
"INFLAenza","2026-06-13",2,"2026-06-27","Pediatrics","quantile","0.25",75
"INFLAenza","2026-06-13",2,"2026-06-27","Pediatrics","quantile","0.3",80
"INFLAenza","2026-06-13",2,"2026-06-27","Pediatrics","quantile","0.35",84
"INFLAenza","2026-06-13",2,"2026-06-27","Pediatrics","quantile","0.4",87
"INFLAenza","2026-06-13",2,"2026-06-27","Pediatrics","quantile","0.45",91
"INFLAenza","2026-06-13",2,"2026-06-27","Pediatrics","quantile","0.5",94
"INFLAenza","2026-06-13",2,"2026-06-27","Pediatrics","quantile","0.55",98
"INFLAenza","2026-06-13",2,"2026-06-27","Pediatrics","quantile","0.6",102
"INFLAenza","2026-06-13",2,"2026-06-27","Pediatrics","quantile","0.65",107
"INFLAenza","2026-06-13",2,"2026-06-27","Pediatrics","quantile","0.7",112
"INFLAenza","2026-06-13",2,"2026-06-27","Pediatrics","quantile","0.75",117
"INFLAenza","2026-06-13",2,"2026-06-27","Pediatrics","quantile","0.8",123
"INFLAenza","2026-06-13",2,"2026-06-27","Pediatrics","quantile","0.85",131
"INFLAenza","2026-06-13",2,"2026-06-27","Pediatrics","quantile","0.9",141
"INFLAenza","2026-06-13",2,"2026-06-27","Pediatrics","quantile","0.95",158
"INFLAenza","2026-06-13",2,"2026-06-27","Pediatrics","quantile","0.975",172
"INFLAenza","2026-06-13",2,"2026-06-27","Pediatrics","quantile","0.99",195
"INFLAenza","2026-06-13",3,"2026-07-04","Adults","quantile","0.01",59
"INFLAenza","2026-06-13",3,"2026-07-04","Adults","quantile","0.025",69
"INFLAenza","2026-06-13",3,"2026-07-04","Adults","quantile","0.05",77
"INFLAenza","2026-06-13",3,"2026-07-04","Adults","quantile","0.1",88
"INFLAenza","2026-06-13",3,"2026-07-04","Adults","quantile","0.15",96
"INFLAenza","2026-06-13",3,"2026-07-04","Adults","quantile","0.2",102
"INFLAenza","2026-06-13",3,"2026-07-04","Adults","quantile","0.25",108
"INFLAenza","2026-06-13",3,"2026-07-04","Adults","quantile","0.3",114
"INFLAenza","2026-06-13",3,"2026-07-04","Adults","quantile","0.35",120
"INFLAenza","2026-06-13",3,"2026-07-04","Adults","quantile","0.4",125
"INFLAenza","2026-06-13",3,"2026-07-04","Adults","quantile","0.45",131
"INFLAenza","2026-06-13",3,"2026-07-04","Adults","quantile","0.5",136
"INFLAenza","2026-06-13",3,"2026-07-04","Adults","quantile","0.55",141
"INFLAenza","2026-06-13",3,"2026-07-04","Adults","quantile","0.6",147
"INFLAenza","2026-06-13",3,"2026-07-04","Adults","quantile","0.65",153
"INFLAenza","2026-06-13",3,"2026-07-04","Adults","quantile","0.7",160
"INFLAenza","2026-06-13",3,"2026-07-04","Adults","quantile","0.75",168
"INFLAenza","2026-06-13",3,"2026-07-04","Adults","quantile","0.8",178
"INFLAenza","2026-06-13",3,"2026-07-04","Adults","quantile","0.85",189
"INFLAenza","2026-06-13",3,"2026-07-04","Adults","quantile","0.9",206
"INFLAenza","2026-06-13",3,"2026-07-04","Adults","quantile","0.95",232
"INFLAenza","2026-06-13",3,"2026-07-04","Adults","quantile","0.975",256
"INFLAenza","2026-06-13",3,"2026-07-04","Adults","quantile","0.99",289
"INFLAenza","2026-06-13",3,"2026-07-04","Overall","quantile","0.01",130
"INFLAenza","2026-06-13",3,"2026-07-04","Overall","quantile","0.025",141
"INFLAenza","2026-06-13",3,"2026-07-04","Overall","quantile","0.05",153
"INFLAenza","2026-06-13",3,"2026-07-04","Overall","quantile","0.1",167
"INFLAenza","2026-06-13",3,"2026-07-04","Overall","quantile","0.15",179
"INFLAenza","2026-06-13",3,"2026-07-04","Overall","quantile","0.2",188
"INFLAenza","2026-06-13",3,"2026-07-04","Overall","quantile","0.25",195
"INFLAenza","2026-06-13",3,"2026-07-04","Overall","quantile","0.3",203
"INFLAenza","2026-06-13",3,"2026-07-04","Overall","quantile","0.35",210
"INFLAenza","2026-06-13",3,"2026-07-04","Overall","quantile","0.4",217
"INFLAenza","2026-06-13",3,"2026-07-04","Overall","quantile","0.45",224
"INFLAenza","2026-06-13",3,"2026-07-04","Overall","quantile","0.5",230
"INFLAenza","2026-06-13",3,"2026-07-04","Overall","quantile","0.55",237
"INFLAenza","2026-06-13",3,"2026-07-04","Overall","quantile","0.6",244
"INFLAenza","2026-06-13",3,"2026-07-04","Overall","quantile","0.65",250
"INFLAenza","2026-06-13",3,"2026-07-04","Overall","quantile","0.7",259
"INFLAenza","2026-06-13",3,"2026-07-04","Overall","quantile","0.75",268
"INFLAenza","2026-06-13",3,"2026-07-04","Overall","quantile","0.8",279
"INFLAenza","2026-06-13",3,"2026-07-04","Overall","quantile","0.85",292
"INFLAenza","2026-06-13",3,"2026-07-04","Overall","quantile","0.9",308
"INFLAenza","2026-06-13",3,"2026-07-04","Overall","quantile","0.95",332
"INFLAenza","2026-06-13",3,"2026-07-04","Overall","quantile","0.975",364
"INFLAenza","2026-06-13",3,"2026-07-04","Overall","quantile","0.99",393
"INFLAenza","2026-06-13",3,"2026-07-04","Pediatrics","quantile","0.01",38
"INFLAenza","2026-06-13",3,"2026-07-04","Pediatrics","quantile","0.025",44
"INFLAenza","2026-06-13",3,"2026-07-04","Pediatrics","quantile","0.05",49
"INFLAenza","2026-06-13",3,"2026-07-04","Pediatrics","quantile","0.1",56
"INFLAenza","2026-06-13",3,"2026-07-04","Pediatrics","quantile","0.15",62
"INFLAenza","2026-06-13",3,"2026-07-04","Pediatrics","quantile","0.2",66
"INFLAenza","2026-06-13",3,"2026-07-04","Pediatrics","quantile","0.25",70
"INFLAenza","2026-06-13",3,"2026-07-04","Pediatrics","quantile","0.3",73
"INFLAenza","2026-06-13",3,"2026-07-04","Pediatrics","quantile","0.35",77
"INFLAenza","2026-06-13",3,"2026-07-04","Pediatrics","quantile","0.4",81
"INFLAenza","2026-06-13",3,"2026-07-04","Pediatrics","quantile","0.45",84
"INFLAenza","2026-06-13",3,"2026-07-04","Pediatrics","quantile","0.5",88
"INFLAenza","2026-06-13",3,"2026-07-04","Pediatrics","quantile","0.55",91
"INFLAenza","2026-06-13",3,"2026-07-04","Pediatrics","quantile","0.6",96
"INFLAenza","2026-06-13",3,"2026-07-04","Pediatrics","quantile","0.65",100
"INFLAenza","2026-06-13",3,"2026-07-04","Pediatrics","quantile","0.7",104
"INFLAenza","2026-06-13",3,"2026-07-04","Pediatrics","quantile","0.75",109
"INFLAenza","2026-06-13",3,"2026-07-04","Pediatrics","quantile","0.8",116
"INFLAenza","2026-06-13",3,"2026-07-04","Pediatrics","quantile","0.85",124
"INFLAenza","2026-06-13",3,"2026-07-04","Pediatrics","quantile","0.9",134
"INFLAenza","2026-06-13",3,"2026-07-04","Pediatrics","quantile","0.95",151
"INFLAenza","2026-06-13",3,"2026-07-04","Pediatrics","quantile","0.975",168
"INFLAenza","2026-06-13",3,"2026-07-04","Pediatrics","quantile","0.99",189
"Copycat","2026-06-13",-2,"2026-05-30","Adults","quantile","0.01",107
"Copycat","2026-06-13",-2,"2026-05-30","Adults","quantile","0.025",112
"Copycat","2026-06-13",-2,"2026-05-30","Adults","quantile","0.05",116
"Copycat","2026-06-13",-2,"2026-05-30","Adults","quantile","0.1",123
"Copycat","2026-06-13",-2,"2026-05-30","Adults","quantile","0.15",127
"Copycat","2026-06-13",-2,"2026-05-30","Adults","quantile","0.2",130
"Copycat","2026-06-13",-2,"2026-05-30","Adults","quantile","0.25",132
"Copycat","2026-06-13",-2,"2026-05-30","Adults","quantile","0.3",135
"Copycat","2026-06-13",-2,"2026-05-30","Adults","quantile","0.35",138
"Copycat","2026-06-13",-2,"2026-05-30","Adults","quantile","0.4",140
"Copycat","2026-06-13",-2,"2026-05-30","Adults","quantile","0.45",143
"Copycat","2026-06-13",-2,"2026-05-30","Adults","quantile","0.5",145
"Copycat","2026-06-13",-2,"2026-05-30","Adults","quantile","0.55",146
"Copycat","2026-06-13",-2,"2026-05-30","Adults","quantile","0.6",148
"Copycat","2026-06-13",-2,"2026-05-30","Adults","quantile","0.65",150
"Copycat","2026-06-13",-2,"2026-05-30","Adults","quantile","0.7",152
"Copycat","2026-06-13",-2,"2026-05-30","Adults","quantile","0.75",155
"Copycat","2026-06-13",-2,"2026-05-30","Adults","quantile","0.8",158
"Copycat","2026-06-13",-2,"2026-05-30","Adults","quantile","0.85",162
"Copycat","2026-06-13",-2,"2026-05-30","Adults","quantile","0.9",167
"Copycat","2026-06-13",-2,"2026-05-30","Adults","quantile","0.95",175
"Copycat","2026-06-13",-2,"2026-05-30","Adults","quantile","0.975",181
"Copycat","2026-06-13",-2,"2026-05-30","Adults","quantile","0.99",190
"Copycat","2026-06-13",-1,"2026-06-06","Adults","quantile","0.01",95
"Copycat","2026-06-13",-1,"2026-06-06","Adults","quantile","0.025",103
"Copycat","2026-06-13",-1,"2026-06-06","Adults","quantile","0.05",108
"Copycat","2026-06-13",-1,"2026-06-06","Adults","quantile","0.1",115
"Copycat","2026-06-13",-1,"2026-06-06","Adults","quantile","0.15",120
"Copycat","2026-06-13",-1,"2026-06-06","Adults","quantile","0.2",125
"Copycat","2026-06-13",-1,"2026-06-06","Adults","quantile","0.25",129
"Copycat","2026-06-13",-1,"2026-06-06","Adults","quantile","0.3",133
"Copycat","2026-06-13",-1,"2026-06-06","Adults","quantile","0.35",136
"Copycat","2026-06-13",-1,"2026-06-06","Adults","quantile","0.4",139
"Copycat","2026-06-13",-1,"2026-06-06","Adults","quantile","0.45",142
"Copycat","2026-06-13",-1,"2026-06-06","Adults","quantile","0.5",146
"Copycat","2026-06-13",-1,"2026-06-06","Adults","quantile","0.55",148
"Copycat","2026-06-13",-1,"2026-06-06","Adults","quantile","0.6",150
"Copycat","2026-06-13",-1,"2026-06-06","Adults","quantile","0.65",154
"Copycat","2026-06-13",-1,"2026-06-06","Adults","quantile","0.7",157
"Copycat","2026-06-13",-1,"2026-06-06","Adults","quantile","0.75",160
"Copycat","2026-06-13",-1,"2026-06-06","Adults","quantile","0.8",164
"Copycat","2026-06-13",-1,"2026-06-06","Adults","quantile","0.85",170
"Copycat","2026-06-13",-1,"2026-06-06","Adults","quantile","0.9",177
"Copycat","2026-06-13",-1,"2026-06-06","Adults","quantile","0.95",186
"Copycat","2026-06-13",-1,"2026-06-06","Adults","quantile","0.975",197
"Copycat","2026-06-13",-1,"2026-06-06","Adults","quantile","0.99",217
"Copycat","2026-06-13",0,"2026-06-13","Adults","quantile","0.01",84
"Copycat","2026-06-13",0,"2026-06-13","Adults","quantile","0.025",93
"Copycat","2026-06-13",0,"2026-06-13","Adults","quantile","0.05",100
"Copycat","2026-06-13",0,"2026-06-13","Adults","quantile","0.1",110
"Copycat","2026-06-13",0,"2026-06-13","Adults","quantile","0.15",116
"Copycat","2026-06-13",0,"2026-06-13","Adults","quantile","0.2",121
"Copycat","2026-06-13",0,"2026-06-13","Adults","quantile","0.25",125
"Copycat","2026-06-13",0,"2026-06-13","Adults","quantile","0.3",128
"Copycat","2026-06-13",0,"2026-06-13","Adults","quantile","0.35",131
"Copycat","2026-06-13",0,"2026-06-13","Adults","quantile","0.4",135
"Copycat","2026-06-13",0,"2026-06-13","Adults","quantile","0.45",138
"Copycat","2026-06-13",0,"2026-06-13","Adults","quantile","0.5",142
"Copycat","2026-06-13",0,"2026-06-13","Adults","quantile","0.55",146
"Copycat","2026-06-13",0,"2026-06-13","Adults","quantile","0.6",150
"Copycat","2026-06-13",0,"2026-06-13","Adults","quantile","0.65",154
"Copycat","2026-06-13",0,"2026-06-13","Adults","quantile","0.7",158
"Copycat","2026-06-13",0,"2026-06-13","Adults","quantile","0.75",162
"Copycat","2026-06-13",0,"2026-06-13","Adults","quantile","0.8",168
"Copycat","2026-06-13",0,"2026-06-13","Adults","quantile","0.85",173
"Copycat","2026-06-13",0,"2026-06-13","Adults","quantile","0.9",181
"Copycat","2026-06-13",0,"2026-06-13","Adults","quantile","0.95",194
"Copycat","2026-06-13",0,"2026-06-13","Adults","quantile","0.975",205
"Copycat","2026-06-13",0,"2026-06-13","Adults","quantile","0.99",234
"Copycat","2026-06-13",1,"2026-06-20","Adults","quantile","0.01",78
"Copycat","2026-06-13",1,"2026-06-20","Adults","quantile","0.025",83
"Copycat","2026-06-13",1,"2026-06-20","Adults","quantile","0.05",91
"Copycat","2026-06-13",1,"2026-06-20","Adults","quantile","0.1",101
"Copycat","2026-06-13",1,"2026-06-20","Adults","quantile","0.15",107
"Copycat","2026-06-13",1,"2026-06-20","Adults","quantile","0.2",114
"Copycat","2026-06-13",1,"2026-06-20","Adults","quantile","0.25",118
"Copycat","2026-06-13",1,"2026-06-20","Adults","quantile","0.3",122
"Copycat","2026-06-13",1,"2026-06-20","Adults","quantile","0.35",126
"Copycat","2026-06-13",1,"2026-06-20","Adults","quantile","0.4",130
"Copycat","2026-06-13",1,"2026-06-20","Adults","quantile","0.45",133
"Copycat","2026-06-13",1,"2026-06-20","Adults","quantile","0.5",137
"Copycat","2026-06-13",1,"2026-06-20","Adults","quantile","0.55",140
"Copycat","2026-06-13",1,"2026-06-20","Adults","quantile","0.6",145
"Copycat","2026-06-13",1,"2026-06-20","Adults","quantile","0.65",149
"Copycat","2026-06-13",1,"2026-06-20","Adults","quantile","0.7",154
"Copycat","2026-06-13",1,"2026-06-20","Adults","quantile","0.75",159
"Copycat","2026-06-13",1,"2026-06-20","Adults","quantile","0.8",166
"Copycat","2026-06-13",1,"2026-06-20","Adults","quantile","0.85",173
"Copycat","2026-06-13",1,"2026-06-20","Adults","quantile","0.9",183
"Copycat","2026-06-13",1,"2026-06-20","Adults","quantile","0.95",197
"Copycat","2026-06-13",1,"2026-06-20","Adults","quantile","0.975",216
"Copycat","2026-06-13",1,"2026-06-20","Adults","quantile","0.99",242
"Copycat","2026-06-13",2,"2026-06-27","Adults","quantile","0.01",66
"Copycat","2026-06-13",2,"2026-06-27","Adults","quantile","0.025",74
"Copycat","2026-06-13",2,"2026-06-27","Adults","quantile","0.05",84
"Copycat","2026-06-13",2,"2026-06-27","Adults","quantile","0.1",94
"Copycat","2026-06-13",2,"2026-06-27","Adults","quantile","0.15",100
"Copycat","2026-06-13",2,"2026-06-27","Adults","quantile","0.2",106
"Copycat","2026-06-13",2,"2026-06-27","Adults","quantile","0.25",110
"Copycat","2026-06-13",2,"2026-06-27","Adults","quantile","0.3",114
"Copycat","2026-06-13",2,"2026-06-27","Adults","quantile","0.35",119
"Copycat","2026-06-13",2,"2026-06-27","Adults","quantile","0.4",124
"Copycat","2026-06-13",2,"2026-06-27","Adults","quantile","0.45",127
"Copycat","2026-06-13",2,"2026-06-27","Adults","quantile","0.5",132
"Copycat","2026-06-13",2,"2026-06-27","Adults","quantile","0.55",136
"Copycat","2026-06-13",2,"2026-06-27","Adults","quantile","0.6",141
"Copycat","2026-06-13",2,"2026-06-27","Adults","quantile","0.65",145
"Copycat","2026-06-13",2,"2026-06-27","Adults","quantile","0.7",151
"Copycat","2026-06-13",2,"2026-06-27","Adults","quantile","0.75",156
"Copycat","2026-06-13",2,"2026-06-27","Adults","quantile","0.8",161
"Copycat","2026-06-13",2,"2026-06-27","Adults","quantile","0.85",170
"Copycat","2026-06-13",2,"2026-06-27","Adults","quantile","0.9",182
"Copycat","2026-06-13",2,"2026-06-27","Adults","quantile","0.95",200
"Copycat","2026-06-13",2,"2026-06-27","Adults","quantile","0.975",217
"Copycat","2026-06-13",2,"2026-06-27","Adults","quantile","0.99",243
"Copycat","2026-06-13",3,"2026-07-04","Adults","quantile","0.01",55
"Copycat","2026-06-13",3,"2026-07-04","Adults","quantile","0.025",64
"Copycat","2026-06-13",3,"2026-07-04","Adults","quantile","0.05",75
"Copycat","2026-06-13",3,"2026-07-04","Adults","quantile","0.1",88
"Copycat","2026-06-13",3,"2026-07-04","Adults","quantile","0.15",94
"Copycat","2026-06-13",3,"2026-07-04","Adults","quantile","0.2",100
"Copycat","2026-06-13",3,"2026-07-04","Adults","quantile","0.25",107
"Copycat","2026-06-13",3,"2026-07-04","Adults","quantile","0.3",111
"Copycat","2026-06-13",3,"2026-07-04","Adults","quantile","0.35",115
"Copycat","2026-06-13",3,"2026-07-04","Adults","quantile","0.4",120
"Copycat","2026-06-13",3,"2026-07-04","Adults","quantile","0.45",124
"Copycat","2026-06-13",3,"2026-07-04","Adults","quantile","0.5",129
"Copycat","2026-06-13",3,"2026-07-04","Adults","quantile","0.55",134
"Copycat","2026-06-13",3,"2026-07-04","Adults","quantile","0.6",138
"Copycat","2026-06-13",3,"2026-07-04","Adults","quantile","0.65",142
"Copycat","2026-06-13",3,"2026-07-04","Adults","quantile","0.7",147
"Copycat","2026-06-13",3,"2026-07-04","Adults","quantile","0.75",153
"Copycat","2026-06-13",3,"2026-07-04","Adults","quantile","0.8",159
"Copycat","2026-06-13",3,"2026-07-04","Adults","quantile","0.85",167
"Copycat","2026-06-13",3,"2026-07-04","Adults","quantile","0.9",178
"Copycat","2026-06-13",3,"2026-07-04","Adults","quantile","0.95",196
"Copycat","2026-06-13",3,"2026-07-04","Adults","quantile","0.975",214
"Copycat","2026-06-13",3,"2026-07-04","Adults","quantile","0.99",246
"Copycat","2026-06-13",-2,"2026-05-30","Overall","quantile","0.01",184
"Copycat","2026-06-13",-2,"2026-05-30","Overall","quantile","0.025",192
"Copycat","2026-06-13",-2,"2026-05-30","Overall","quantile","0.05",198
"Copycat","2026-06-13",-2,"2026-05-30","Overall","quantile","0.1",206
"Copycat","2026-06-13",-2,"2026-05-30","Overall","quantile","0.15",212
"Copycat","2026-06-13",-2,"2026-05-30","Overall","quantile","0.2",217
"Copycat","2026-06-13",-2,"2026-05-30","Overall","quantile","0.25",221
"Copycat","2026-06-13",-2,"2026-05-30","Overall","quantile","0.3",225
"Copycat","2026-06-13",-2,"2026-05-30","Overall","quantile","0.35",228
"Copycat","2026-06-13",-2,"2026-05-30","Overall","quantile","0.4",231
"Copycat","2026-06-13",-2,"2026-05-30","Overall","quantile","0.45",234
"Copycat","2026-06-13",-2,"2026-05-30","Overall","quantile","0.5",237
"Copycat","2026-06-13",-2,"2026-05-30","Overall","quantile","0.55",240
"Copycat","2026-06-13",-2,"2026-05-30","Overall","quantile","0.6",244
"Copycat","2026-06-13",-2,"2026-05-30","Overall","quantile","0.65",249
"Copycat","2026-06-13",-2,"2026-05-30","Overall","quantile","0.7",252
"Copycat","2026-06-13",-2,"2026-05-30","Overall","quantile","0.75",256
"Copycat","2026-06-13",-2,"2026-05-30","Overall","quantile","0.8",260
"Copycat","2026-06-13",-2,"2026-05-30","Overall","quantile","0.85",265
"Copycat","2026-06-13",-2,"2026-05-30","Overall","quantile","0.9",271
"Copycat","2026-06-13",-2,"2026-05-30","Overall","quantile","0.95",281
"Copycat","2026-06-13",-2,"2026-05-30","Overall","quantile","0.975",296
"Copycat","2026-06-13",-2,"2026-05-30","Overall","quantile","0.99",309
"Copycat","2026-06-13",-1,"2026-06-06","Overall","quantile","0.01",164
"Copycat","2026-06-13",-1,"2026-06-06","Overall","quantile","0.025",173
"Copycat","2026-06-13",-1,"2026-06-06","Overall","quantile","0.05",181
"Copycat","2026-06-13",-1,"2026-06-06","Overall","quantile","0.1",193
"Copycat","2026-06-13",-1,"2026-06-06","Overall","quantile","0.15",202
"Copycat","2026-06-13",-1,"2026-06-06","Overall","quantile","0.2",210
"Copycat","2026-06-13",-1,"2026-06-06","Overall","quantile","0.25",216
"Copycat","2026-06-13",-1,"2026-06-06","Overall","quantile","0.3",221
"Copycat","2026-06-13",-1,"2026-06-06","Overall","quantile","0.35",226
"Copycat","2026-06-13",-1,"2026-06-06","Overall","quantile","0.4",230
"Copycat","2026-06-13",-1,"2026-06-06","Overall","quantile","0.45",234
"Copycat","2026-06-13",-1,"2026-06-06","Overall","quantile","0.5",239
"Copycat","2026-06-13",-1,"2026-06-06","Overall","quantile","0.55",245
"Copycat","2026-06-13",-1,"2026-06-06","Overall","quantile","0.6",249
"Copycat","2026-06-13",-1,"2026-06-06","Overall","quantile","0.65",254
"Copycat","2026-06-13",-1,"2026-06-06","Overall","quantile","0.7",258
"Copycat","2026-06-13",-1,"2026-06-06","Overall","quantile","0.75",263
"Copycat","2026-06-13",-1,"2026-06-06","Overall","quantile","0.8",269
"Copycat","2026-06-13",-1,"2026-06-06","Overall","quantile","0.85",279
"Copycat","2026-06-13",-1,"2026-06-06","Overall","quantile","0.9",289
"Copycat","2026-06-13",-1,"2026-06-06","Overall","quantile","0.95",306
"Copycat","2026-06-13",-1,"2026-06-06","Overall","quantile","0.975",320
"Copycat","2026-06-13",-1,"2026-06-06","Overall","quantile","0.99",343
"Copycat","2026-06-13",0,"2026-06-13","Overall","quantile","0.01",146
"Copycat","2026-06-13",0,"2026-06-13","Overall","quantile","0.025",158
"Copycat","2026-06-13",0,"2026-06-13","Overall","quantile","0.05",171
"Copycat","2026-06-13",0,"2026-06-13","Overall","quantile","0.1",184
"Copycat","2026-06-13",0,"2026-06-13","Overall","quantile","0.15",192
"Copycat","2026-06-13",0,"2026-06-13","Overall","quantile","0.2",199
"Copycat","2026-06-13",0,"2026-06-13","Overall","quantile","0.25",204
"Copycat","2026-06-13",0,"2026-06-13","Overall","quantile","0.3",211
"Copycat","2026-06-13",0,"2026-06-13","Overall","quantile","0.35",217
"Copycat","2026-06-13",0,"2026-06-13","Overall","quantile","0.4",222
"Copycat","2026-06-13",0,"2026-06-13","Overall","quantile","0.45",227
"Copycat","2026-06-13",0,"2026-06-13","Overall","quantile","0.5",233
"Copycat","2026-06-13",0,"2026-06-13","Overall","quantile","0.55",239
"Copycat","2026-06-13",0,"2026-06-13","Overall","quantile","0.6",245
"Copycat","2026-06-13",0,"2026-06-13","Overall","quantile","0.65",251
"Copycat","2026-06-13",0,"2026-06-13","Overall","quantile","0.7",255
"Copycat","2026-06-13",0,"2026-06-13","Overall","quantile","0.75",264
"Copycat","2026-06-13",0,"2026-06-13","Overall","quantile","0.8",271
"Copycat","2026-06-13",0,"2026-06-13","Overall","quantile","0.85",283
"Copycat","2026-06-13",0,"2026-06-13","Overall","quantile","0.9",297
"Copycat","2026-06-13",0,"2026-06-13","Overall","quantile","0.95",324
"Copycat","2026-06-13",0,"2026-06-13","Overall","quantile","0.975",344
"Copycat","2026-06-13",0,"2026-06-13","Overall","quantile","0.99",378
"Copycat","2026-06-13",1,"2026-06-20","Overall","quantile","0.01",128
"Copycat","2026-06-13",1,"2026-06-20","Overall","quantile","0.025",143
"Copycat","2026-06-13",1,"2026-06-20","Overall","quantile","0.05",155
"Copycat","2026-06-13",1,"2026-06-20","Overall","quantile","0.1",170
"Copycat","2026-06-13",1,"2026-06-20","Overall","quantile","0.15",179
"Copycat","2026-06-13",1,"2026-06-20","Overall","quantile","0.2",186
"Copycat","2026-06-13",1,"2026-06-20","Overall","quantile","0.25",193
"Copycat","2026-06-13",1,"2026-06-20","Overall","quantile","0.3",200
"Copycat","2026-06-13",1,"2026-06-20","Overall","quantile","0.35",206
"Copycat","2026-06-13",1,"2026-06-20","Overall","quantile","0.4",214
"Copycat","2026-06-13",1,"2026-06-20","Overall","quantile","0.45",220
"Copycat","2026-06-13",1,"2026-06-20","Overall","quantile","0.5",226
"Copycat","2026-06-13",1,"2026-06-20","Overall","quantile","0.55",231
"Copycat","2026-06-13",1,"2026-06-20","Overall","quantile","0.6",238
"Copycat","2026-06-13",1,"2026-06-20","Overall","quantile","0.65",245
"Copycat","2026-06-13",1,"2026-06-20","Overall","quantile","0.7",253
"Copycat","2026-06-13",1,"2026-06-20","Overall","quantile","0.75",260
"Copycat","2026-06-13",1,"2026-06-20","Overall","quantile","0.8",268
"Copycat","2026-06-13",1,"2026-06-20","Overall","quantile","0.85",282
"Copycat","2026-06-13",1,"2026-06-20","Overall","quantile","0.9",299
"Copycat","2026-06-13",1,"2026-06-20","Overall","quantile","0.95",327
"Copycat","2026-06-13",1,"2026-06-20","Overall","quantile","0.975",365
"Copycat","2026-06-13",1,"2026-06-20","Overall","quantile","0.99",396
"Copycat","2026-06-13",2,"2026-06-27","Overall","quantile","0.01",108
"Copycat","2026-06-13",2,"2026-06-27","Overall","quantile","0.025",128
"Copycat","2026-06-13",2,"2026-06-27","Overall","quantile","0.05",142
"Copycat","2026-06-13",2,"2026-06-27","Overall","quantile","0.1",155
"Copycat","2026-06-13",2,"2026-06-27","Overall","quantile","0.15",165
"Copycat","2026-06-13",2,"2026-06-27","Overall","quantile","0.2",176
"Copycat","2026-06-13",2,"2026-06-27","Overall","quantile","0.25",183
"Copycat","2026-06-13",2,"2026-06-27","Overall","quantile","0.3",191
"Copycat","2026-06-13",2,"2026-06-27","Overall","quantile","0.35",196
"Copycat","2026-06-13",2,"2026-06-27","Overall","quantile","0.4",203
"Copycat","2026-06-13",2,"2026-06-27","Overall","quantile","0.45",210
"Copycat","2026-06-13",2,"2026-06-27","Overall","quantile","0.5",215
"Copycat","2026-06-13",2,"2026-06-27","Overall","quantile","0.55",221
"Copycat","2026-06-13",2,"2026-06-27","Overall","quantile","0.6",226
"Copycat","2026-06-13",2,"2026-06-27","Overall","quantile","0.65",235
"Copycat","2026-06-13",2,"2026-06-27","Overall","quantile","0.7",246
"Copycat","2026-06-13",2,"2026-06-27","Overall","quantile","0.75",254
"Copycat","2026-06-13",2,"2026-06-27","Overall","quantile","0.8",264
"Copycat","2026-06-13",2,"2026-06-27","Overall","quantile","0.85",278
"Copycat","2026-06-13",2,"2026-06-27","Overall","quantile","0.9",301
"Copycat","2026-06-13",2,"2026-06-27","Overall","quantile","0.95",332
"Copycat","2026-06-13",2,"2026-06-27","Overall","quantile","0.975",362
"Copycat","2026-06-13",2,"2026-06-27","Overall","quantile","0.99",412
"Copycat","2026-06-13",3,"2026-07-04","Overall","quantile","0.01",100
"Copycat","2026-06-13",3,"2026-07-04","Overall","quantile","0.025",114
"Copycat","2026-06-13",3,"2026-07-04","Overall","quantile","0.05",129
"Copycat","2026-06-13",3,"2026-07-04","Overall","quantile","0.1",144
"Copycat","2026-06-13",3,"2026-07-04","Overall","quantile","0.15",152
"Copycat","2026-06-13",3,"2026-07-04","Overall","quantile","0.2",163
"Copycat","2026-06-13",3,"2026-07-04","Overall","quantile","0.25",173
"Copycat","2026-06-13",3,"2026-07-04","Overall","quantile","0.3",180
"Copycat","2026-06-13",3,"2026-07-04","Overall","quantile","0.35",190
"Copycat","2026-06-13",3,"2026-07-04","Overall","quantile","0.4",196
"Copycat","2026-06-13",3,"2026-07-04","Overall","quantile","0.45",202
"Copycat","2026-06-13",3,"2026-07-04","Overall","quantile","0.5",210
"Copycat","2026-06-13",3,"2026-07-04","Overall","quantile","0.55",216
"Copycat","2026-06-13",3,"2026-07-04","Overall","quantile","0.6",223
"Copycat","2026-06-13",3,"2026-07-04","Overall","quantile","0.65",229
"Copycat","2026-06-13",3,"2026-07-04","Overall","quantile","0.7",238
"Copycat","2026-06-13",3,"2026-07-04","Overall","quantile","0.75",250
"Copycat","2026-06-13",3,"2026-07-04","Overall","quantile","0.8",260
"Copycat","2026-06-13",3,"2026-07-04","Overall","quantile","0.85",279
"Copycat","2026-06-13",3,"2026-07-04","Overall","quantile","0.9",297
"Copycat","2026-06-13",3,"2026-07-04","Overall","quantile","0.95",328
"Copycat","2026-06-13",3,"2026-07-04","Overall","quantile","0.975",351
"Copycat","2026-06-13",3,"2026-07-04","Overall","quantile","0.99",389
"Copycat","2026-06-13",-2,"2026-05-30","Pediatrics","quantile","0.01",65
"Copycat","2026-06-13",-2,"2026-05-30","Pediatrics","quantile","0.025",69
"Copycat","2026-06-13",-2,"2026-05-30","Pediatrics","quantile","0.05",73
"Copycat","2026-06-13",-2,"2026-05-30","Pediatrics","quantile","0.1",77
"Copycat","2026-06-13",-2,"2026-05-30","Pediatrics","quantile","0.15",79
"Copycat","2026-06-13",-2,"2026-05-30","Pediatrics","quantile","0.2",82
"Copycat","2026-06-13",-2,"2026-05-30","Pediatrics","quantile","0.25",83
"Copycat","2026-06-13",-2,"2026-05-30","Pediatrics","quantile","0.3",85
"Copycat","2026-06-13",-2,"2026-05-30","Pediatrics","quantile","0.35",87
"Copycat","2026-06-13",-2,"2026-05-30","Pediatrics","quantile","0.4",89
"Copycat","2026-06-13",-2,"2026-05-30","Pediatrics","quantile","0.45",91
"Copycat","2026-06-13",-2,"2026-05-30","Pediatrics","quantile","0.5",92
"Copycat","2026-06-13",-2,"2026-05-30","Pediatrics","quantile","0.55",94
"Copycat","2026-06-13",-2,"2026-05-30","Pediatrics","quantile","0.6",95
"Copycat","2026-06-13",-2,"2026-05-30","Pediatrics","quantile","0.65",97
"Copycat","2026-06-13",-2,"2026-05-30","Pediatrics","quantile","0.7",99
"Copycat","2026-06-13",-2,"2026-05-30","Pediatrics","quantile","0.75",101
"Copycat","2026-06-13",-2,"2026-05-30","Pediatrics","quantile","0.8",103
"Copycat","2026-06-13",-2,"2026-05-30","Pediatrics","quantile","0.85",106
"Copycat","2026-06-13",-2,"2026-05-30","Pediatrics","quantile","0.9",110
"Copycat","2026-06-13",-2,"2026-05-30","Pediatrics","quantile","0.95",115
"Copycat","2026-06-13",-2,"2026-05-30","Pediatrics","quantile","0.975",120
"Copycat","2026-06-13",-2,"2026-05-30","Pediatrics","quantile","0.99",124
"Copycat","2026-06-13",-1,"2026-06-06","Pediatrics","quantile","0.01",57
"Copycat","2026-06-13",-1,"2026-06-06","Pediatrics","quantile","0.025",63
"Copycat","2026-06-13",-1,"2026-06-06","Pediatrics","quantile","0.05",68
"Copycat","2026-06-13",-1,"2026-06-06","Pediatrics","quantile","0.1",73
"Copycat","2026-06-13",-1,"2026-06-06","Pediatrics","quantile","0.15",76
"Copycat","2026-06-13",-1,"2026-06-06","Pediatrics","quantile","0.2",79
"Copycat","2026-06-13",-1,"2026-06-06","Pediatrics","quantile","0.25",81
"Copycat","2026-06-13",-1,"2026-06-06","Pediatrics","quantile","0.3",84
"Copycat","2026-06-13",-1,"2026-06-06","Pediatrics","quantile","0.35",86
"Copycat","2026-06-13",-1,"2026-06-06","Pediatrics","quantile","0.4",88
"Copycat","2026-06-13",-1,"2026-06-06","Pediatrics","quantile","0.45",90
"Copycat","2026-06-13",-1,"2026-06-06","Pediatrics","quantile","0.5",92
"Copycat","2026-06-13",-1,"2026-06-06","Pediatrics","quantile","0.55",94
"Copycat","2026-06-13",-1,"2026-06-06","Pediatrics","quantile","0.6",96
"Copycat","2026-06-13",-1,"2026-06-06","Pediatrics","quantile","0.65",99
"Copycat","2026-06-13",-1,"2026-06-06","Pediatrics","quantile","0.7",101
"Copycat","2026-06-13",-1,"2026-06-06","Pediatrics","quantile","0.75",104
"Copycat","2026-06-13",-1,"2026-06-06","Pediatrics","quantile","0.8",107
"Copycat","2026-06-13",-1,"2026-06-06","Pediatrics","quantile","0.85",112
"Copycat","2026-06-13",-1,"2026-06-06","Pediatrics","quantile","0.9",117
"Copycat","2026-06-13",-1,"2026-06-06","Pediatrics","quantile","0.95",125
"Copycat","2026-06-13",-1,"2026-06-06","Pediatrics","quantile","0.975",129
"Copycat","2026-06-13",-1,"2026-06-06","Pediatrics","quantile","0.99",138
"Copycat","2026-06-13",0,"2026-06-13","Pediatrics","quantile","0.01",53
"Copycat","2026-06-13",0,"2026-06-13","Pediatrics","quantile","0.025",57
"Copycat","2026-06-13",0,"2026-06-13","Pediatrics","quantile","0.05",63
"Copycat","2026-06-13",0,"2026-06-13","Pediatrics","quantile","0.1",68
"Copycat","2026-06-13",0,"2026-06-13","Pediatrics","quantile","0.15",72
"Copycat","2026-06-13",0,"2026-06-13","Pediatrics","quantile","0.2",76
"Copycat","2026-06-13",0,"2026-06-13","Pediatrics","quantile","0.25",78
"Copycat","2026-06-13",0,"2026-06-13","Pediatrics","quantile","0.3",81
"Copycat","2026-06-13",0,"2026-06-13","Pediatrics","quantile","0.35",85
"Copycat","2026-06-13",0,"2026-06-13","Pediatrics","quantile","0.4",87
"Copycat","2026-06-13",0,"2026-06-13","Pediatrics","quantile","0.45",90
"Copycat","2026-06-13",0,"2026-06-13","Pediatrics","quantile","0.5",93
"Copycat","2026-06-13",0,"2026-06-13","Pediatrics","quantile","0.55",95
"Copycat","2026-06-13",0,"2026-06-13","Pediatrics","quantile","0.6",98
"Copycat","2026-06-13",0,"2026-06-13","Pediatrics","quantile","0.65",101
"Copycat","2026-06-13",0,"2026-06-13","Pediatrics","quantile","0.7",103
"Copycat","2026-06-13",0,"2026-06-13","Pediatrics","quantile","0.75",107
"Copycat","2026-06-13",0,"2026-06-13","Pediatrics","quantile","0.8",110
"Copycat","2026-06-13",0,"2026-06-13","Pediatrics","quantile","0.85",114
"Copycat","2026-06-13",0,"2026-06-13","Pediatrics","quantile","0.9",122
"Copycat","2026-06-13",0,"2026-06-13","Pediatrics","quantile","0.95",130
"Copycat","2026-06-13",0,"2026-06-13","Pediatrics","quantile","0.975",139
"Copycat","2026-06-13",0,"2026-06-13","Pediatrics","quantile","0.99",150
"Copycat","2026-06-13",1,"2026-06-20","Pediatrics","quantile","0.01",45
"Copycat","2026-06-13",1,"2026-06-20","Pediatrics","quantile","0.025",50
"Copycat","2026-06-13",1,"2026-06-20","Pediatrics","quantile","0.05",56
"Copycat","2026-06-13",1,"2026-06-20","Pediatrics","quantile","0.1",63
"Copycat","2026-06-13",1,"2026-06-20","Pediatrics","quantile","0.15",68
"Copycat","2026-06-13",1,"2026-06-20","Pediatrics","quantile","0.2",71
"Copycat","2026-06-13",1,"2026-06-20","Pediatrics","quantile","0.25",74
"Copycat","2026-06-13",1,"2026-06-20","Pediatrics","quantile","0.3",77
"Copycat","2026-06-13",1,"2026-06-20","Pediatrics","quantile","0.35",80
"Copycat","2026-06-13",1,"2026-06-20","Pediatrics","quantile","0.4",82
"Copycat","2026-06-13",1,"2026-06-20","Pediatrics","quantile","0.45",86
"Copycat","2026-06-13",1,"2026-06-20","Pediatrics","quantile","0.5",88
"Copycat","2026-06-13",1,"2026-06-20","Pediatrics","quantile","0.55",91
"Copycat","2026-06-13",1,"2026-06-20","Pediatrics","quantile","0.6",93
"Copycat","2026-06-13",1,"2026-06-20","Pediatrics","quantile","0.65",96
"Copycat","2026-06-13",1,"2026-06-20","Pediatrics","quantile","0.7",100
"Copycat","2026-06-13",1,"2026-06-20","Pediatrics","quantile","0.75",105
"Copycat","2026-06-13",1,"2026-06-20","Pediatrics","quantile","0.8",109
"Copycat","2026-06-13",1,"2026-06-20","Pediatrics","quantile","0.85",113
"Copycat","2026-06-13",1,"2026-06-20","Pediatrics","quantile","0.9",121
"Copycat","2026-06-13",1,"2026-06-20","Pediatrics","quantile","0.95",132
"Copycat","2026-06-13",1,"2026-06-20","Pediatrics","quantile","0.975",144
"Copycat","2026-06-13",1,"2026-06-20","Pediatrics","quantile","0.99",153
"Copycat","2026-06-13",2,"2026-06-27","Pediatrics","quantile","0.01",40
"Copycat","2026-06-13",2,"2026-06-27","Pediatrics","quantile","0.025",47
"Copycat","2026-06-13",2,"2026-06-27","Pediatrics","quantile","0.05",53
"Copycat","2026-06-13",2,"2026-06-27","Pediatrics","quantile","0.1",58
"Copycat","2026-06-13",2,"2026-06-27","Pediatrics","quantile","0.15",63
"Copycat","2026-06-13",2,"2026-06-27","Pediatrics","quantile","0.2",66
"Copycat","2026-06-13",2,"2026-06-27","Pediatrics","quantile","0.25",69
"Copycat","2026-06-13",2,"2026-06-27","Pediatrics","quantile","0.3",73
"Copycat","2026-06-13",2,"2026-06-27","Pediatrics","quantile","0.35",77
"Copycat","2026-06-13",2,"2026-06-27","Pediatrics","quantile","0.4",80
"Copycat","2026-06-13",2,"2026-06-27","Pediatrics","quantile","0.45",82
"Copycat","2026-06-13",2,"2026-06-27","Pediatrics","quantile","0.5",86
"Copycat","2026-06-13",2,"2026-06-27","Pediatrics","quantile","0.55",89
"Copycat","2026-06-13",2,"2026-06-27","Pediatrics","quantile","0.6",92
"Copycat","2026-06-13",2,"2026-06-27","Pediatrics","quantile","0.65",95
"Copycat","2026-06-13",2,"2026-06-27","Pediatrics","quantile","0.7",98
"Copycat","2026-06-13",2,"2026-06-27","Pediatrics","quantile","0.75",103
"Copycat","2026-06-13",2,"2026-06-27","Pediatrics","quantile","0.8",106
"Copycat","2026-06-13",2,"2026-06-27","Pediatrics","quantile","0.85",112
"Copycat","2026-06-13",2,"2026-06-27","Pediatrics","quantile","0.9",118
"Copycat","2026-06-13",2,"2026-06-27","Pediatrics","quantile","0.95",131
"Copycat","2026-06-13",2,"2026-06-27","Pediatrics","quantile","0.975",143
"Copycat","2026-06-13",2,"2026-06-27","Pediatrics","quantile","0.99",159
"Copycat","2026-06-13",3,"2026-07-04","Pediatrics","quantile","0.01",36
"Copycat","2026-06-13",3,"2026-07-04","Pediatrics","quantile","0.025",42
"Copycat","2026-06-13",3,"2026-07-04","Pediatrics","quantile","0.05",48
"Copycat","2026-06-13",3,"2026-07-04","Pediatrics","quantile","0.1",55
"Copycat","2026-06-13",3,"2026-07-04","Pediatrics","quantile","0.15",59
"Copycat","2026-06-13",3,"2026-07-04","Pediatrics","quantile","0.2",63
"Copycat","2026-06-13",3,"2026-07-04","Pediatrics","quantile","0.25",66
"Copycat","2026-06-13",3,"2026-07-04","Pediatrics","quantile","0.3",70
"Copycat","2026-06-13",3,"2026-07-04","Pediatrics","quantile","0.35",73
"Copycat","2026-06-13",3,"2026-07-04","Pediatrics","quantile","0.4",76
"Copycat","2026-06-13",3,"2026-07-04","Pediatrics","quantile","0.45",79
"Copycat","2026-06-13",3,"2026-07-04","Pediatrics","quantile","0.5",82
"Copycat","2026-06-13",3,"2026-07-04","Pediatrics","quantile","0.55",85
"Copycat","2026-06-13",3,"2026-07-04","Pediatrics","quantile","0.6",89
"Copycat","2026-06-13",3,"2026-07-04","Pediatrics","quantile","0.65",91
"Copycat","2026-06-13",3,"2026-07-04","Pediatrics","quantile","0.7",94
"Copycat","2026-06-13",3,"2026-07-04","Pediatrics","quantile","0.75",98
"Copycat","2026-06-13",3,"2026-07-04","Pediatrics","quantile","0.8",103
"Copycat","2026-06-13",3,"2026-07-04","Pediatrics","quantile","0.85",108
"Copycat","2026-06-13",3,"2026-07-04","Pediatrics","quantile","0.9",115
"Copycat","2026-06-13",3,"2026-07-04","Pediatrics","quantile","0.95",131
"Copycat","2026-06-13",3,"2026-07-04","Pediatrics","quantile","0.975",141
"Copycat","2026-06-13",3,"2026-07-04","Pediatrics","quantile","0.99",157
"newGBQR","2026-06-13",-2,"2026-05-30","Adults","quantile","0.01",88
"newGBQR","2026-06-13",-2,"2026-05-30","Adults","quantile","0.025",98
"newGBQR","2026-06-13",-2,"2026-05-30","Adults","quantile","0.05",108
"newGBQR","2026-06-13",-2,"2026-05-30","Adults","quantile","0.1",121
"newGBQR","2026-06-13",-2,"2026-05-30","Adults","quantile","0.15",125
"newGBQR","2026-06-13",-2,"2026-05-30","Adults","quantile","0.2",128
"newGBQR","2026-06-13",-2,"2026-05-30","Adults","quantile","0.25",130
"newGBQR","2026-06-13",-2,"2026-05-30","Adults","quantile","0.3",132
"newGBQR","2026-06-13",-2,"2026-05-30","Adults","quantile","0.35",134
"newGBQR","2026-06-13",-2,"2026-05-30","Adults","quantile","0.4",136
"newGBQR","2026-06-13",-2,"2026-05-30","Adults","quantile","0.45",139
"newGBQR","2026-06-13",-2,"2026-05-30","Adults","quantile","0.5",142
"newGBQR","2026-06-13",-2,"2026-05-30","Adults","quantile","0.55",145
"newGBQR","2026-06-13",-2,"2026-05-30","Adults","quantile","0.6",147
"newGBQR","2026-06-13",-2,"2026-05-30","Adults","quantile","0.65",149
"newGBQR","2026-06-13",-2,"2026-05-30","Adults","quantile","0.7",153
"newGBQR","2026-06-13",-2,"2026-05-30","Adults","quantile","0.75",155
"newGBQR","2026-06-13",-2,"2026-05-30","Adults","quantile","0.8",159
"newGBQR","2026-06-13",-2,"2026-05-30","Adults","quantile","0.85",162
"newGBQR","2026-06-13",-2,"2026-05-30","Adults","quantile","0.9",168
"newGBQR","2026-06-13",-2,"2026-05-30","Adults","quantile","0.95",176
"newGBQR","2026-06-13",-2,"2026-05-30","Adults","quantile","0.975",193
"newGBQR","2026-06-13",-2,"2026-05-30","Adults","quantile","0.99",214
"newGBQR","2026-06-13",-1,"2026-06-06","Adults","quantile","0.01",88
"newGBQR","2026-06-13",-1,"2026-06-06","Adults","quantile","0.025",98
"newGBQR","2026-06-13",-1,"2026-06-06","Adults","quantile","0.05",108
"newGBQR","2026-06-13",-1,"2026-06-06","Adults","quantile","0.1",121
"newGBQR","2026-06-13",-1,"2026-06-06","Adults","quantile","0.15",125
"newGBQR","2026-06-13",-1,"2026-06-06","Adults","quantile","0.2",128
"newGBQR","2026-06-13",-1,"2026-06-06","Adults","quantile","0.25",130
"newGBQR","2026-06-13",-1,"2026-06-06","Adults","quantile","0.3",133
"newGBQR","2026-06-13",-1,"2026-06-06","Adults","quantile","0.35",134
"newGBQR","2026-06-13",-1,"2026-06-06","Adults","quantile","0.4",136
"newGBQR","2026-06-13",-1,"2026-06-06","Adults","quantile","0.45",139
"newGBQR","2026-06-13",-1,"2026-06-06","Adults","quantile","0.5",142
"newGBQR","2026-06-13",-1,"2026-06-06","Adults","quantile","0.55",145
"newGBQR","2026-06-13",-1,"2026-06-06","Adults","quantile","0.6",147
"newGBQR","2026-06-13",-1,"2026-06-06","Adults","quantile","0.65",150
"newGBQR","2026-06-13",-1,"2026-06-06","Adults","quantile","0.7",154
"newGBQR","2026-06-13",-1,"2026-06-06","Adults","quantile","0.75",157
"newGBQR","2026-06-13",-1,"2026-06-06","Adults","quantile","0.8",159
"newGBQR","2026-06-13",-1,"2026-06-06","Adults","quantile","0.85",164
"newGBQR","2026-06-13",-1,"2026-06-06","Adults","quantile","0.9",169
"newGBQR","2026-06-13",-1,"2026-06-06","Adults","quantile","0.95",178
"newGBQR","2026-06-13",-1,"2026-06-06","Adults","quantile","0.975",194
"newGBQR","2026-06-13",-1,"2026-06-06","Adults","quantile","0.99",214
"newGBQR","2026-06-13",0,"2026-06-13","Adults","quantile","0.01",88
"newGBQR","2026-06-13",0,"2026-06-13","Adults","quantile","0.025",98
"newGBQR","2026-06-13",0,"2026-06-13","Adults","quantile","0.05",107
"newGBQR","2026-06-13",0,"2026-06-13","Adults","quantile","0.1",121
"newGBQR","2026-06-13",0,"2026-06-13","Adults","quantile","0.15",124
"newGBQR","2026-06-13",0,"2026-06-13","Adults","quantile","0.2",127
"newGBQR","2026-06-13",0,"2026-06-13","Adults","quantile","0.25",128
"newGBQR","2026-06-13",0,"2026-06-13","Adults","quantile","0.3",133
"newGBQR","2026-06-13",0,"2026-06-13","Adults","quantile","0.35",135
"newGBQR","2026-06-13",0,"2026-06-13","Adults","quantile","0.4",136
"newGBQR","2026-06-13",0,"2026-06-13","Adults","quantile","0.45",140
"newGBQR","2026-06-13",0,"2026-06-13","Adults","quantile","0.5",142
"newGBQR","2026-06-13",0,"2026-06-13","Adults","quantile","0.55",146
"newGBQR","2026-06-13",0,"2026-06-13","Adults","quantile","0.6",149
"newGBQR","2026-06-13",0,"2026-06-13","Adults","quantile","0.65",152
"newGBQR","2026-06-13",0,"2026-06-13","Adults","quantile","0.7",155
"newGBQR","2026-06-13",0,"2026-06-13","Adults","quantile","0.75",159
"newGBQR","2026-06-13",0,"2026-06-13","Adults","quantile","0.8",163
"newGBQR","2026-06-13",0,"2026-06-13","Adults","quantile","0.85",168
"newGBQR","2026-06-13",0,"2026-06-13","Adults","quantile","0.9",173
"newGBQR","2026-06-13",0,"2026-06-13","Adults","quantile","0.95",183
"newGBQR","2026-06-13",0,"2026-06-13","Adults","quantile","0.975",196
"newGBQR","2026-06-13",0,"2026-06-13","Adults","quantile","0.99",215
"newGBQR","2026-06-13",1,"2026-06-20","Adults","quantile","0.01",88
"newGBQR","2026-06-13",1,"2026-06-20","Adults","quantile","0.025",98
"newGBQR","2026-06-13",1,"2026-06-20","Adults","quantile","0.05",107
"newGBQR","2026-06-13",1,"2026-06-20","Adults","quantile","0.1",119
"newGBQR","2026-06-13",1,"2026-06-20","Adults","quantile","0.15",124
"newGBQR","2026-06-13",1,"2026-06-20","Adults","quantile","0.2",127
"newGBQR","2026-06-13",1,"2026-06-20","Adults","quantile","0.25",128
"newGBQR","2026-06-13",1,"2026-06-20","Adults","quantile","0.3",132
"newGBQR","2026-06-13",1,"2026-06-20","Adults","quantile","0.35",134
"newGBQR","2026-06-13",1,"2026-06-20","Adults","quantile","0.4",135
"newGBQR","2026-06-13",1,"2026-06-20","Adults","quantile","0.45",139
"newGBQR","2026-06-13",1,"2026-06-20","Adults","quantile","0.5",143
"newGBQR","2026-06-13",1,"2026-06-20","Adults","quantile","0.55",146
"newGBQR","2026-06-13",1,"2026-06-20","Adults","quantile","0.6",149
"newGBQR","2026-06-13",1,"2026-06-20","Adults","quantile","0.65",152
"newGBQR","2026-06-13",1,"2026-06-20","Adults","quantile","0.7",156
"newGBQR","2026-06-13",1,"2026-06-20","Adults","quantile","0.75",160
"newGBQR","2026-06-13",1,"2026-06-20","Adults","quantile","0.8",164
"newGBQR","2026-06-13",1,"2026-06-20","Adults","quantile","0.85",169
"newGBQR","2026-06-13",1,"2026-06-20","Adults","quantile","0.9",176
"newGBQR","2026-06-13",1,"2026-06-20","Adults","quantile","0.95",186
"newGBQR","2026-06-13",1,"2026-06-20","Adults","quantile","0.975",200
"newGBQR","2026-06-13",1,"2026-06-20","Adults","quantile","0.99",217
"newGBQR","2026-06-13",2,"2026-06-27","Adults","quantile","0.01",88
"newGBQR","2026-06-13",2,"2026-06-27","Adults","quantile","0.025",97
"newGBQR","2026-06-13",2,"2026-06-27","Adults","quantile","0.05",107
"newGBQR","2026-06-13",2,"2026-06-27","Adults","quantile","0.1",119
"newGBQR","2026-06-13",2,"2026-06-27","Adults","quantile","0.15",122
"newGBQR","2026-06-13",2,"2026-06-27","Adults","quantile","0.2",125
"newGBQR","2026-06-13",2,"2026-06-27","Adults","quantile","0.25",127
"newGBQR","2026-06-13",2,"2026-06-27","Adults","quantile","0.3",131
"newGBQR","2026-06-13",2,"2026-06-27","Adults","quantile","0.35",132
"newGBQR","2026-06-13",2,"2026-06-27","Adults","quantile","0.4",134
"newGBQR","2026-06-13",2,"2026-06-27","Adults","quantile","0.45",138
"newGBQR","2026-06-13",2,"2026-06-27","Adults","quantile","0.5",142
"newGBQR","2026-06-13",2,"2026-06-27","Adults","quantile","0.55",146
"newGBQR","2026-06-13",2,"2026-06-27","Adults","quantile","0.6",149
"newGBQR","2026-06-13",2,"2026-06-27","Adults","quantile","0.65",153
"newGBQR","2026-06-13",2,"2026-06-27","Adults","quantile","0.7",156
"newGBQR","2026-06-13",2,"2026-06-27","Adults","quantile","0.75",160
"newGBQR","2026-06-13",2,"2026-06-27","Adults","quantile","0.8",164
"newGBQR","2026-06-13",2,"2026-06-27","Adults","quantile","0.85",170
"newGBQR","2026-06-13",2,"2026-06-27","Adults","quantile","0.9",177
"newGBQR","2026-06-13",2,"2026-06-27","Adults","quantile","0.95",186
"newGBQR","2026-06-13",2,"2026-06-27","Adults","quantile","0.975",201
"newGBQR","2026-06-13",2,"2026-06-27","Adults","quantile","0.99",217
"newGBQR","2026-06-13",3,"2026-07-04","Adults","quantile","0.01",86
"newGBQR","2026-06-13",3,"2026-07-04","Adults","quantile","0.025",96
"newGBQR","2026-06-13",3,"2026-07-04","Adults","quantile","0.05",106
"newGBQR","2026-06-13",3,"2026-07-04","Adults","quantile","0.1",118
"newGBQR","2026-06-13",3,"2026-07-04","Adults","quantile","0.15",121
"newGBQR","2026-06-13",3,"2026-07-04","Adults","quantile","0.2",124
"newGBQR","2026-06-13",3,"2026-07-04","Adults","quantile","0.25",126
"newGBQR","2026-06-13",3,"2026-07-04","Adults","quantile","0.3",129
"newGBQR","2026-06-13",3,"2026-07-04","Adults","quantile","0.35",131
"newGBQR","2026-06-13",3,"2026-07-04","Adults","quantile","0.4",134
"newGBQR","2026-06-13",3,"2026-07-04","Adults","quantile","0.45",138
"newGBQR","2026-06-13",3,"2026-07-04","Adults","quantile","0.5",142
"newGBQR","2026-06-13",3,"2026-07-04","Adults","quantile","0.55",145
"newGBQR","2026-06-13",3,"2026-07-04","Adults","quantile","0.6",148
"newGBQR","2026-06-13",3,"2026-07-04","Adults","quantile","0.65",153
"newGBQR","2026-06-13",3,"2026-07-04","Adults","quantile","0.7",156
"newGBQR","2026-06-13",3,"2026-07-04","Adults","quantile","0.75",160
"newGBQR","2026-06-13",3,"2026-07-04","Adults","quantile","0.8",163
"newGBQR","2026-06-13",3,"2026-07-04","Adults","quantile","0.85",172
"newGBQR","2026-06-13",3,"2026-07-04","Adults","quantile","0.9",178
"newGBQR","2026-06-13",3,"2026-07-04","Adults","quantile","0.95",187
"newGBQR","2026-06-13",3,"2026-07-04","Adults","quantile","0.975",201
"newGBQR","2026-06-13",3,"2026-07-04","Adults","quantile","0.99",218
"newGBQR","2026-06-13",-2,"2026-05-30","Overall","quantile","0.01",153
"newGBQR","2026-06-13",-2,"2026-05-30","Overall","quantile","0.025",168
"newGBQR","2026-06-13",-2,"2026-05-30","Overall","quantile","0.05",183
"newGBQR","2026-06-13",-2,"2026-05-30","Overall","quantile","0.1",201
"newGBQR","2026-06-13",-2,"2026-05-30","Overall","quantile","0.15",207
"newGBQR","2026-06-13",-2,"2026-05-30","Overall","quantile","0.2",212
"newGBQR","2026-06-13",-2,"2026-05-30","Overall","quantile","0.25",215
"newGBQR","2026-06-13",-2,"2026-05-30","Overall","quantile","0.3",218
"newGBQR","2026-06-13",-2,"2026-05-30","Overall","quantile","0.35",220
"newGBQR","2026-06-13",-2,"2026-05-30","Overall","quantile","0.4",225
"newGBQR","2026-06-13",-2,"2026-05-30","Overall","quantile","0.45",228
"newGBQR","2026-06-13",-2,"2026-05-30","Overall","quantile","0.5",233
"newGBQR","2026-06-13",-2,"2026-05-30","Overall","quantile","0.55",238
"newGBQR","2026-06-13",-2,"2026-05-30","Overall","quantile","0.6",240
"newGBQR","2026-06-13",-2,"2026-05-30","Overall","quantile","0.65",243
"newGBQR","2026-06-13",-2,"2026-05-30","Overall","quantile","0.7",247
"newGBQR","2026-06-13",-2,"2026-05-30","Overall","quantile","0.75",251
"newGBQR","2026-06-13",-2,"2026-05-30","Overall","quantile","0.8",257
"newGBQR","2026-06-13",-2,"2026-05-30","Overall","quantile","0.85",263
"newGBQR","2026-06-13",-2,"2026-05-30","Overall","quantile","0.9",272
"newGBQR","2026-06-13",-2,"2026-05-30","Overall","quantile","0.95",284
"newGBQR","2026-06-13",-2,"2026-05-30","Overall","quantile","0.975",308
"newGBQR","2026-06-13",-2,"2026-05-30","Overall","quantile","0.99",340
"newGBQR","2026-06-13",-1,"2026-06-06","Overall","quantile","0.01",153
"newGBQR","2026-06-13",-1,"2026-06-06","Overall","quantile","0.025",168
"newGBQR","2026-06-13",-1,"2026-06-06","Overall","quantile","0.05",182
"newGBQR","2026-06-13",-1,"2026-06-06","Overall","quantile","0.1",201
"newGBQR","2026-06-13",-1,"2026-06-06","Overall","quantile","0.15",207
"newGBQR","2026-06-13",-1,"2026-06-06","Overall","quantile","0.2",212
"newGBQR","2026-06-13",-1,"2026-06-06","Overall","quantile","0.25",215
"newGBQR","2026-06-13",-1,"2026-06-06","Overall","quantile","0.3",219
"newGBQR","2026-06-13",-1,"2026-06-06","Overall","quantile","0.35",220
"newGBQR","2026-06-13",-1,"2026-06-06","Overall","quantile","0.4",224
"newGBQR","2026-06-13",-1,"2026-06-06","Overall","quantile","0.45",229
"newGBQR","2026-06-13",-1,"2026-06-06","Overall","quantile","0.5",234
"newGBQR","2026-06-13",-1,"2026-06-06","Overall","quantile","0.55",238
"newGBQR","2026-06-13",-1,"2026-06-06","Overall","quantile","0.6",241
"newGBQR","2026-06-13",-1,"2026-06-06","Overall","quantile","0.65",243
"newGBQR","2026-06-13",-1,"2026-06-06","Overall","quantile","0.7",247
"newGBQR","2026-06-13",-1,"2026-06-06","Overall","quantile","0.75",254
"newGBQR","2026-06-13",-1,"2026-06-06","Overall","quantile","0.8",260
"newGBQR","2026-06-13",-1,"2026-06-06","Overall","quantile","0.85",269
"newGBQR","2026-06-13",-1,"2026-06-06","Overall","quantile","0.9",279
"newGBQR","2026-06-13",-1,"2026-06-06","Overall","quantile","0.95",291
"newGBQR","2026-06-13",-1,"2026-06-06","Overall","quantile","0.975",310
"newGBQR","2026-06-13",-1,"2026-06-06","Overall","quantile","0.99",340
"newGBQR","2026-06-13",0,"2026-06-13","Overall","quantile","0.01",153
"newGBQR","2026-06-13",0,"2026-06-13","Overall","quantile","0.025",168
"newGBQR","2026-06-13",0,"2026-06-13","Overall","quantile","0.05",181
"newGBQR","2026-06-13",0,"2026-06-13","Overall","quantile","0.1",200
"newGBQR","2026-06-13",0,"2026-06-13","Overall","quantile","0.15",206
"newGBQR","2026-06-13",0,"2026-06-13","Overall","quantile","0.2",211
"newGBQR","2026-06-13",0,"2026-06-13","Overall","quantile","0.25",213
"newGBQR","2026-06-13",0,"2026-06-13","Overall","quantile","0.3",218
"newGBQR","2026-06-13",0,"2026-06-13","Overall","quantile","0.35",219
"newGBQR","2026-06-13",0,"2026-06-13","Overall","quantile","0.4",222
"newGBQR","2026-06-13",0,"2026-06-13","Overall","quantile","0.45",228
"newGBQR","2026-06-13",0,"2026-06-13","Overall","quantile","0.5",233
"newGBQR","2026-06-13",0,"2026-06-13","Overall","quantile","0.55",238
"newGBQR","2026-06-13",0,"2026-06-13","Overall","quantile","0.6",243
"newGBQR","2026-06-13",0,"2026-06-13","Overall","quantile","0.65",244
"newGBQR","2026-06-13",0,"2026-06-13","Overall","quantile","0.7",250
"newGBQR","2026-06-13",0,"2026-06-13","Overall","quantile","0.75",256
"newGBQR","2026-06-13",0,"2026-06-13","Overall","quantile","0.8",263
"newGBQR","2026-06-13",0,"2026-06-13","Overall","quantile","0.85",273
"newGBQR","2026-06-13",0,"2026-06-13","Overall","quantile","0.9",283
"newGBQR","2026-06-13",0,"2026-06-13","Overall","quantile","0.95",296
"newGBQR","2026-06-13",0,"2026-06-13","Overall","quantile","0.975",314
"newGBQR","2026-06-13",0,"2026-06-13","Overall","quantile","0.99",341
"newGBQR","2026-06-13",1,"2026-06-20","Overall","quantile","0.01",153
"newGBQR","2026-06-13",1,"2026-06-20","Overall","quantile","0.025",168
"newGBQR","2026-06-13",1,"2026-06-20","Overall","quantile","0.05",181
"newGBQR","2026-06-13",1,"2026-06-20","Overall","quantile","0.1",199
"newGBQR","2026-06-13",1,"2026-06-20","Overall","quantile","0.15",206
"newGBQR","2026-06-13",1,"2026-06-20","Overall","quantile","0.2",210
"newGBQR","2026-06-13",1,"2026-06-20","Overall","quantile","0.25",213
"newGBQR","2026-06-13",1,"2026-06-20","Overall","quantile","0.3",218
"newGBQR","2026-06-13",1,"2026-06-20","Overall","quantile","0.35",218
"newGBQR","2026-06-13",1,"2026-06-20","Overall","quantile","0.4",223
"newGBQR","2026-06-13",1,"2026-06-20","Overall","quantile","0.45",227
"newGBQR","2026-06-13",1,"2026-06-20","Overall","quantile","0.5",234
"newGBQR","2026-06-13",1,"2026-06-20","Overall","quantile","0.55",238
"newGBQR","2026-06-13",1,"2026-06-20","Overall","quantile","0.6",244
"newGBQR","2026-06-13",1,"2026-06-20","Overall","quantile","0.65",247
"newGBQR","2026-06-13",1,"2026-06-20","Overall","quantile","0.7",252
"newGBQR","2026-06-13",1,"2026-06-20","Overall","quantile","0.75",260
"newGBQR","2026-06-13",1,"2026-06-20","Overall","quantile","0.8",264
"newGBQR","2026-06-13",1,"2026-06-20","Overall","quantile","0.85",277
"newGBQR","2026-06-13",1,"2026-06-20","Overall","quantile","0.9",285
"newGBQR","2026-06-13",1,"2026-06-20","Overall","quantile","0.95",298
"newGBQR","2026-06-13",1,"2026-06-20","Overall","quantile","0.975",318
"newGBQR","2026-06-13",1,"2026-06-20","Overall","quantile","0.99",343
"newGBQR","2026-06-13",2,"2026-06-27","Overall","quantile","0.01",152
"newGBQR","2026-06-13",2,"2026-06-27","Overall","quantile","0.025",167
"newGBQR","2026-06-13",2,"2026-06-27","Overall","quantile","0.05",180
"newGBQR","2026-06-13",2,"2026-06-27","Overall","quantile","0.1",199
"newGBQR","2026-06-13",2,"2026-06-27","Overall","quantile","0.15",205
"newGBQR","2026-06-13",2,"2026-06-27","Overall","quantile","0.2",210
"newGBQR","2026-06-13",2,"2026-06-27","Overall","quantile","0.25",210
"newGBQR","2026-06-13",2,"2026-06-27","Overall","quantile","0.3",217
"newGBQR","2026-06-13",2,"2026-06-27","Overall","quantile","0.35",217
"newGBQR","2026-06-13",2,"2026-06-27","Overall","quantile","0.4",222
"newGBQR","2026-06-13",2,"2026-06-27","Overall","quantile","0.45",226
"newGBQR","2026-06-13",2,"2026-06-27","Overall","quantile","0.5",234
"newGBQR","2026-06-13",2,"2026-06-27","Overall","quantile","0.55",238
"newGBQR","2026-06-13",2,"2026-06-27","Overall","quantile","0.6",244
"newGBQR","2026-06-13",2,"2026-06-27","Overall","quantile","0.65",247
"newGBQR","2026-06-13",2,"2026-06-27","Overall","quantile","0.7",252
"newGBQR","2026-06-13",2,"2026-06-27","Overall","quantile","0.75",261
"newGBQR","2026-06-13",2,"2026-06-27","Overall","quantile","0.8",266
"newGBQR","2026-06-13",2,"2026-06-27","Overall","quantile","0.85",278
"newGBQR","2026-06-13",2,"2026-06-27","Overall","quantile","0.9",287
"newGBQR","2026-06-13",2,"2026-06-27","Overall","quantile","0.95",298
"newGBQR","2026-06-13",2,"2026-06-27","Overall","quantile","0.975",320
"newGBQR","2026-06-13",2,"2026-06-27","Overall","quantile","0.99",344
"newGBQR","2026-06-13",3,"2026-07-04","Overall","quantile","0.01",152
"newGBQR","2026-06-13",3,"2026-07-04","Overall","quantile","0.025",167
"newGBQR","2026-06-13",3,"2026-07-04","Overall","quantile","0.05",180
"newGBQR","2026-06-13",3,"2026-07-04","Overall","quantile","0.1",197
"newGBQR","2026-06-13",3,"2026-07-04","Overall","quantile","0.15",202
"newGBQR","2026-06-13",3,"2026-07-04","Overall","quantile","0.2",208
"newGBQR","2026-06-13",3,"2026-07-04","Overall","quantile","0.25",209
"newGBQR","2026-06-13",3,"2026-07-04","Overall","quantile","0.3",215
"newGBQR","2026-06-13",3,"2026-07-04","Overall","quantile","0.35",217
"newGBQR","2026-06-13",3,"2026-07-04","Overall","quantile","0.4",220
"newGBQR","2026-06-13",3,"2026-07-04","Overall","quantile","0.45",225
"newGBQR","2026-06-13",3,"2026-07-04","Overall","quantile","0.5",234
"newGBQR","2026-06-13",3,"2026-07-04","Overall","quantile","0.55",238
"newGBQR","2026-06-13",3,"2026-07-04","Overall","quantile","0.6",244
"newGBQR","2026-06-13",3,"2026-07-04","Overall","quantile","0.65",246
"newGBQR","2026-06-13",3,"2026-07-04","Overall","quantile","0.7",252
"newGBQR","2026-06-13",3,"2026-07-04","Overall","quantile","0.75",262
"newGBQR","2026-06-13",3,"2026-07-04","Overall","quantile","0.8",266
"newGBQR","2026-06-13",3,"2026-07-04","Overall","quantile","0.85",279
"newGBQR","2026-06-13",3,"2026-07-04","Overall","quantile","0.9",287
"newGBQR","2026-06-13",3,"2026-07-04","Overall","quantile","0.95",300
"newGBQR","2026-06-13",3,"2026-07-04","Overall","quantile","0.975",321
"newGBQR","2026-06-13",3,"2026-07-04","Overall","quantile","0.99",346
"newGBQR","2026-06-13",-2,"2026-05-30","Pediatrics","quantile","0.01",48
"newGBQR","2026-06-13",-2,"2026-05-30","Pediatrics","quantile","0.025",57
"newGBQR","2026-06-13",-2,"2026-05-30","Pediatrics","quantile","0.05",64
"newGBQR","2026-06-13",-2,"2026-05-30","Pediatrics","quantile","0.1",74
"newGBQR","2026-06-13",-2,"2026-05-30","Pediatrics","quantile","0.15",77
"newGBQR","2026-06-13",-2,"2026-05-30","Pediatrics","quantile","0.2",79
"newGBQR","2026-06-13",-2,"2026-05-30","Pediatrics","quantile","0.25",81
"newGBQR","2026-06-13",-2,"2026-05-30","Pediatrics","quantile","0.3",83
"newGBQR","2026-06-13",-2,"2026-05-30","Pediatrics","quantile","0.35",85
"newGBQR","2026-06-13",-2,"2026-05-30","Pediatrics","quantile","0.4",87
"newGBQR","2026-06-13",-2,"2026-05-30","Pediatrics","quantile","0.45",88
"newGBQR","2026-06-13",-2,"2026-05-30","Pediatrics","quantile","0.5",91
"newGBQR","2026-06-13",-2,"2026-05-30","Pediatrics","quantile","0.55",93
"newGBQR","2026-06-13",-2,"2026-05-30","Pediatrics","quantile","0.6",96
"newGBQR","2026-06-13",-2,"2026-05-30","Pediatrics","quantile","0.65",97
"newGBQR","2026-06-13",-2,"2026-05-30","Pediatrics","quantile","0.7",99
"newGBQR","2026-06-13",-2,"2026-05-30","Pediatrics","quantile","0.75",102
"newGBQR","2026-06-13",-2,"2026-05-30","Pediatrics","quantile","0.8",105
"newGBQR","2026-06-13",-2,"2026-05-30","Pediatrics","quantile","0.85",107
"newGBQR","2026-06-13",-2,"2026-05-30","Pediatrics","quantile","0.9",113
"newGBQR","2026-06-13",-2,"2026-05-30","Pediatrics","quantile","0.95",120
"newGBQR","2026-06-13",-2,"2026-05-30","Pediatrics","quantile","0.975",133
"newGBQR","2026-06-13",-2,"2026-05-30","Pediatrics","quantile","0.99",150
"newGBQR","2026-06-13",-1,"2026-06-06","Pediatrics","quantile","0.01",48
"newGBQR","2026-06-13",-1,"2026-06-06","Pediatrics","quantile","0.025",56
"newGBQR","2026-06-13",-1,"2026-06-06","Pediatrics","quantile","0.05",64
"newGBQR","2026-06-13",-1,"2026-06-06","Pediatrics","quantile","0.1",74
"newGBQR","2026-06-13",-1,"2026-06-06","Pediatrics","quantile","0.15",77
"newGBQR","2026-06-13",-1,"2026-06-06","Pediatrics","quantile","0.2",79
"newGBQR","2026-06-13",-1,"2026-06-06","Pediatrics","quantile","0.25",81
"newGBQR","2026-06-13",-1,"2026-06-06","Pediatrics","quantile","0.3",83
"newGBQR","2026-06-13",-1,"2026-06-06","Pediatrics","quantile","0.35",85
"newGBQR","2026-06-13",-1,"2026-06-06","Pediatrics","quantile","0.4",87
"newGBQR","2026-06-13",-1,"2026-06-06","Pediatrics","quantile","0.45",88
"newGBQR","2026-06-13",-1,"2026-06-06","Pediatrics","quantile","0.5",91
"newGBQR","2026-06-13",-1,"2026-06-06","Pediatrics","quantile","0.55",93
"newGBQR","2026-06-13",-1,"2026-06-06","Pediatrics","quantile","0.6",96
"newGBQR","2026-06-13",-1,"2026-06-06","Pediatrics","quantile","0.65",97
"newGBQR","2026-06-13",-1,"2026-06-06","Pediatrics","quantile","0.7",100
"newGBQR","2026-06-13",-1,"2026-06-06","Pediatrics","quantile","0.75",104
"newGBQR","2026-06-13",-1,"2026-06-06","Pediatrics","quantile","0.8",106
"newGBQR","2026-06-13",-1,"2026-06-06","Pediatrics","quantile","0.85",110
"newGBQR","2026-06-13",-1,"2026-06-06","Pediatrics","quantile","0.9",115
"newGBQR","2026-06-13",-1,"2026-06-06","Pediatrics","quantile","0.95",122
"newGBQR","2026-06-13",-1,"2026-06-06","Pediatrics","quantile","0.975",133
"newGBQR","2026-06-13",-1,"2026-06-06","Pediatrics","quantile","0.99",151
"newGBQR","2026-06-13",0,"2026-06-13","Pediatrics","quantile","0.01",48
"newGBQR","2026-06-13",0,"2026-06-13","Pediatrics","quantile","0.025",56
"newGBQR","2026-06-13",0,"2026-06-13","Pediatrics","quantile","0.05",63
"newGBQR","2026-06-13",0,"2026-06-13","Pediatrics","quantile","0.1",73
"newGBQR","2026-06-13",0,"2026-06-13","Pediatrics","quantile","0.15",76
"newGBQR","2026-06-13",0,"2026-06-13","Pediatrics","quantile","0.2",79
"newGBQR","2026-06-13",0,"2026-06-13","Pediatrics","quantile","0.25",80
"newGBQR","2026-06-13",0,"2026-06-13","Pediatrics","quantile","0.3",83
"newGBQR","2026-06-13",0,"2026-06-13","Pediatrics","quantile","0.35",85
"newGBQR","2026-06-13",0,"2026-06-13","Pediatrics","quantile","0.4",86
"newGBQR","2026-06-13",0,"2026-06-13","Pediatrics","quantile","0.45",88
"newGBQR","2026-06-13",0,"2026-06-13","Pediatrics","quantile","0.5",91
"newGBQR","2026-06-13",0,"2026-06-13","Pediatrics","quantile","0.55",93
"newGBQR","2026-06-13",0,"2026-06-13","Pediatrics","quantile","0.6",97
"newGBQR","2026-06-13",0,"2026-06-13","Pediatrics","quantile","0.65",98
"newGBQR","2026-06-13",0,"2026-06-13","Pediatrics","quantile","0.7",100
"newGBQR","2026-06-13",0,"2026-06-13","Pediatrics","quantile","0.75",104
"newGBQR","2026-06-13",0,"2026-06-13","Pediatrics","quantile","0.8",107
"newGBQR","2026-06-13",0,"2026-06-13","Pediatrics","quantile","0.85",111
"newGBQR","2026-06-13",0,"2026-06-13","Pediatrics","quantile","0.9",116
"newGBQR","2026-06-13",0,"2026-06-13","Pediatrics","quantile","0.95",124
"newGBQR","2026-06-13",0,"2026-06-13","Pediatrics","quantile","0.975",136
"newGBQR","2026-06-13",0,"2026-06-13","Pediatrics","quantile","0.99",151
"newGBQR","2026-06-13",1,"2026-06-20","Pediatrics","quantile","0.01",48
"newGBQR","2026-06-13",1,"2026-06-20","Pediatrics","quantile","0.025",56
"newGBQR","2026-06-13",1,"2026-06-20","Pediatrics","quantile","0.05",63
"newGBQR","2026-06-13",1,"2026-06-20","Pediatrics","quantile","0.1",73
"newGBQR","2026-06-13",1,"2026-06-20","Pediatrics","quantile","0.15",76
"newGBQR","2026-06-13",1,"2026-06-20","Pediatrics","quantile","0.2",79
"newGBQR","2026-06-13",1,"2026-06-20","Pediatrics","quantile","0.25",80
"newGBQR","2026-06-13",1,"2026-06-20","Pediatrics","quantile","0.3",82
"newGBQR","2026-06-13",1,"2026-06-20","Pediatrics","quantile","0.35",84
"newGBQR","2026-06-13",1,"2026-06-20","Pediatrics","quantile","0.4",86
"newGBQR","2026-06-13",1,"2026-06-20","Pediatrics","quantile","0.45",88
"newGBQR","2026-06-13",1,"2026-06-20","Pediatrics","quantile","0.5",91
"newGBQR","2026-06-13",1,"2026-06-20","Pediatrics","quantile","0.55",93
"newGBQR","2026-06-13",1,"2026-06-20","Pediatrics","quantile","0.6",98
"newGBQR","2026-06-13",1,"2026-06-20","Pediatrics","quantile","0.65",99
"newGBQR","2026-06-13",1,"2026-06-20","Pediatrics","quantile","0.7",101
"newGBQR","2026-06-13",1,"2026-06-20","Pediatrics","quantile","0.75",105
"newGBQR","2026-06-13",1,"2026-06-20","Pediatrics","quantile","0.8",109
"newGBQR","2026-06-13",1,"2026-06-20","Pediatrics","quantile","0.85",112
"newGBQR","2026-06-13",1,"2026-06-20","Pediatrics","quantile","0.9",118
"newGBQR","2026-06-13",1,"2026-06-20","Pediatrics","quantile","0.95",126
"newGBQR","2026-06-13",1,"2026-06-20","Pediatrics","quantile","0.975",138
"newGBQR","2026-06-13",1,"2026-06-20","Pediatrics","quantile","0.99",152
"newGBQR","2026-06-13",2,"2026-06-27","Pediatrics","quantile","0.01",48
"newGBQR","2026-06-13",2,"2026-06-27","Pediatrics","quantile","0.025",55
"newGBQR","2026-06-13",2,"2026-06-27","Pediatrics","quantile","0.05",63
"newGBQR","2026-06-13",2,"2026-06-27","Pediatrics","quantile","0.1",73
"newGBQR","2026-06-13",2,"2026-06-27","Pediatrics","quantile","0.15",76
"newGBQR","2026-06-13",2,"2026-06-27","Pediatrics","quantile","0.2",79
"newGBQR","2026-06-13",2,"2026-06-27","Pediatrics","quantile","0.25",80
"newGBQR","2026-06-13",2,"2026-06-27","Pediatrics","quantile","0.3",82
"newGBQR","2026-06-13",2,"2026-06-27","Pediatrics","quantile","0.35",84
"newGBQR","2026-06-13",2,"2026-06-27","Pediatrics","quantile","0.4",85
"newGBQR","2026-06-13",2,"2026-06-27","Pediatrics","quantile","0.45",88
"newGBQR","2026-06-13",2,"2026-06-27","Pediatrics","quantile","0.5",91
"newGBQR","2026-06-13",2,"2026-06-27","Pediatrics","quantile","0.55",93
"newGBQR","2026-06-13",2,"2026-06-27","Pediatrics","quantile","0.6",98
"newGBQR","2026-06-13",2,"2026-06-27","Pediatrics","quantile","0.65",99
"newGBQR","2026-06-13",2,"2026-06-27","Pediatrics","quantile","0.7",102
"newGBQR","2026-06-13",2,"2026-06-27","Pediatrics","quantile","0.75",105
"newGBQR","2026-06-13",2,"2026-06-27","Pediatrics","quantile","0.8",109
"newGBQR","2026-06-13",2,"2026-06-27","Pediatrics","quantile","0.85",113
"newGBQR","2026-06-13",2,"2026-06-27","Pediatrics","quantile","0.9",119
"newGBQR","2026-06-13",2,"2026-06-27","Pediatrics","quantile","0.95",126
"newGBQR","2026-06-13",2,"2026-06-27","Pediatrics","quantile","0.975",138
"newGBQR","2026-06-13",2,"2026-06-27","Pediatrics","quantile","0.99",152
"newGBQR","2026-06-13",3,"2026-07-04","Pediatrics","quantile","0.01",48
"newGBQR","2026-06-13",3,"2026-07-04","Pediatrics","quantile","0.025",56
"newGBQR","2026-06-13",3,"2026-07-04","Pediatrics","quantile","0.05",62
"newGBQR","2026-06-13",3,"2026-07-04","Pediatrics","quantile","0.1",73
"newGBQR","2026-06-13",3,"2026-07-04","Pediatrics","quantile","0.15",76
"newGBQR","2026-06-13",3,"2026-07-04","Pediatrics","quantile","0.2",78
"newGBQR","2026-06-13",3,"2026-07-04","Pediatrics","quantile","0.25",79
"newGBQR","2026-06-13",3,"2026-07-04","Pediatrics","quantile","0.3",82
"newGBQR","2026-06-13",3,"2026-07-04","Pediatrics","quantile","0.35",84
"newGBQR","2026-06-13",3,"2026-07-04","Pediatrics","quantile","0.4",85
"newGBQR","2026-06-13",3,"2026-07-04","Pediatrics","quantile","0.45",88
"newGBQR","2026-06-13",3,"2026-07-04","Pediatrics","quantile","0.5",91
"newGBQR","2026-06-13",3,"2026-07-04","Pediatrics","quantile","0.55",93
"newGBQR","2026-06-13",3,"2026-07-04","Pediatrics","quantile","0.6",98
"newGBQR","2026-06-13",3,"2026-07-04","Pediatrics","quantile","0.65",99
"newGBQR","2026-06-13",3,"2026-07-04","Pediatrics","quantile","0.7",102
"newGBQR","2026-06-13",3,"2026-07-04","Pediatrics","quantile","0.75",106
"newGBQR","2026-06-13",3,"2026-07-04","Pediatrics","quantile","0.8",109
"newGBQR","2026-06-13",3,"2026-07-04","Pediatrics","quantile","0.85",113
"newGBQR","2026-06-13",3,"2026-07-04","Pediatrics","quantile","0.9",120
"newGBQR","2026-06-13",3,"2026-07-04","Pediatrics","quantile","0.95",127
"newGBQR","2026-06-13",3,"2026-07-04","Pediatrics","quantile","0.975",139
"newGBQR","2026-06-13",3,"2026-07-04","Pediatrics","quantile","0.99",153
"Ensemble","2026-06-13",-2,"2026-05-30","Adults","quantile","0.01",94
"Ensemble","2026-06-13",-2,"2026-05-30","Adults","quantile","0.025",102
"Ensemble","2026-06-13",-2,"2026-05-30","Adults","quantile","0.05",108
"Ensemble","2026-06-13",-2,"2026-05-30","Adults","quantile","0.1",121
"Ensemble","2026-06-13",-2,"2026-05-30","Adults","quantile","0.15",125
"Ensemble","2026-06-13",-2,"2026-05-30","Adults","quantile","0.2",128
"Ensemble","2026-06-13",-2,"2026-05-30","Adults","quantile","0.25",130
"Ensemble","2026-06-13",-2,"2026-05-30","Adults","quantile","0.3",134
"Ensemble","2026-06-13",-2,"2026-05-30","Adults","quantile","0.35",138
"Ensemble","2026-06-13",-2,"2026-05-30","Adults","quantile","0.4",140
"Ensemble","2026-06-13",-2,"2026-05-30","Adults","quantile","0.45",143
"Ensemble","2026-06-13",-2,"2026-05-30","Adults","quantile","0.5",145
"Ensemble","2026-06-13",-2,"2026-05-30","Adults","quantile","0.55",146
"Ensemble","2026-06-13",-2,"2026-05-30","Adults","quantile","0.6",148
"Ensemble","2026-06-13",-2,"2026-05-30","Adults","quantile","0.65",150
"Ensemble","2026-06-13",-2,"2026-05-30","Adults","quantile","0.7",153
"Ensemble","2026-06-13",-2,"2026-05-30","Adults","quantile","0.75",155
"Ensemble","2026-06-13",-2,"2026-05-30","Adults","quantile","0.8",159
"Ensemble","2026-06-13",-2,"2026-05-30","Adults","quantile","0.85",162
"Ensemble","2026-06-13",-2,"2026-05-30","Adults","quantile","0.9",168
"Ensemble","2026-06-13",-2,"2026-05-30","Adults","quantile","0.95",176
"Ensemble","2026-06-13",-2,"2026-05-30","Adults","quantile","0.975",193
"Ensemble","2026-06-13",-2,"2026-05-30","Adults","quantile","0.99",214
"Ensemble","2026-06-13",-2,"2026-05-30","Overall","quantile","0.01",181
"Ensemble","2026-06-13",-2,"2026-05-30","Overall","quantile","0.025",189
"Ensemble","2026-06-13",-2,"2026-05-30","Overall","quantile","0.05",198
"Ensemble","2026-06-13",-2,"2026-05-30","Overall","quantile","0.1",206
"Ensemble","2026-06-13",-2,"2026-05-30","Overall","quantile","0.15",212
"Ensemble","2026-06-13",-2,"2026-05-30","Overall","quantile","0.2",217
"Ensemble","2026-06-13",-2,"2026-05-30","Overall","quantile","0.25",221
"Ensemble","2026-06-13",-2,"2026-05-30","Overall","quantile","0.3",225
"Ensemble","2026-06-13",-2,"2026-05-30","Overall","quantile","0.35",228
"Ensemble","2026-06-13",-2,"2026-05-30","Overall","quantile","0.4",231
"Ensemble","2026-06-13",-2,"2026-05-30","Overall","quantile","0.45",234
"Ensemble","2026-06-13",-2,"2026-05-30","Overall","quantile","0.5",237
"Ensemble","2026-06-13",-2,"2026-05-30","Overall","quantile","0.55",240
"Ensemble","2026-06-13",-2,"2026-05-30","Overall","quantile","0.6",244
"Ensemble","2026-06-13",-2,"2026-05-30","Overall","quantile","0.65",249
"Ensemble","2026-06-13",-2,"2026-05-30","Overall","quantile","0.7",252
"Ensemble","2026-06-13",-2,"2026-05-30","Overall","quantile","0.75",256
"Ensemble","2026-06-13",-2,"2026-05-30","Overall","quantile","0.8",260
"Ensemble","2026-06-13",-2,"2026-05-30","Overall","quantile","0.85",265
"Ensemble","2026-06-13",-2,"2026-05-30","Overall","quantile","0.9",272
"Ensemble","2026-06-13",-2,"2026-05-30","Overall","quantile","0.95",284
"Ensemble","2026-06-13",-2,"2026-05-30","Overall","quantile","0.975",308
"Ensemble","2026-06-13",-2,"2026-05-30","Overall","quantile","0.99",337
"Ensemble","2026-06-13",-2,"2026-05-30","Pediatrics","quantile","0.01",60
"Ensemble","2026-06-13",-2,"2026-05-30","Pediatrics","quantile","0.025",65
"Ensemble","2026-06-13",-2,"2026-05-30","Pediatrics","quantile","0.05",70
"Ensemble","2026-06-13",-2,"2026-05-30","Pediatrics","quantile","0.1",75
"Ensemble","2026-06-13",-2,"2026-05-30","Pediatrics","quantile","0.15",79
"Ensemble","2026-06-13",-2,"2026-05-30","Pediatrics","quantile","0.2",82
"Ensemble","2026-06-13",-2,"2026-05-30","Pediatrics","quantile","0.25",83
"Ensemble","2026-06-13",-2,"2026-05-30","Pediatrics","quantile","0.3",85
"Ensemble","2026-06-13",-2,"2026-05-30","Pediatrics","quantile","0.35",87
"Ensemble","2026-06-13",-2,"2026-05-30","Pediatrics","quantile","0.4",89
"Ensemble","2026-06-13",-2,"2026-05-30","Pediatrics","quantile","0.45",91
"Ensemble","2026-06-13",-2,"2026-05-30","Pediatrics","quantile","0.5",92
"Ensemble","2026-06-13",-2,"2026-05-30","Pediatrics","quantile","0.55",94
"Ensemble","2026-06-13",-2,"2026-05-30","Pediatrics","quantile","0.6",96
"Ensemble","2026-06-13",-2,"2026-05-30","Pediatrics","quantile","0.65",97
"Ensemble","2026-06-13",-2,"2026-05-30","Pediatrics","quantile","0.7",99
"Ensemble","2026-06-13",-2,"2026-05-30","Pediatrics","quantile","0.75",102
"Ensemble","2026-06-13",-2,"2026-05-30","Pediatrics","quantile","0.8",105
"Ensemble","2026-06-13",-2,"2026-05-30","Pediatrics","quantile","0.85",107
"Ensemble","2026-06-13",-2,"2026-05-30","Pediatrics","quantile","0.9",113
"Ensemble","2026-06-13",-2,"2026-05-30","Pediatrics","quantile","0.95",120
"Ensemble","2026-06-13",-2,"2026-05-30","Pediatrics","quantile","0.975",133
"Ensemble","2026-06-13",-2,"2026-05-30","Pediatrics","quantile","0.99",150
"Ensemble","2026-06-13",-1,"2026-06-06","Adults","quantile","0.01",88
"Ensemble","2026-06-13",-1,"2026-06-06","Adults","quantile","0.025",98
"Ensemble","2026-06-13",-1,"2026-06-06","Adults","quantile","0.05",108
"Ensemble","2026-06-13",-1,"2026-06-06","Adults","quantile","0.1",115
"Ensemble","2026-06-13",-1,"2026-06-06","Adults","quantile","0.15",120
"Ensemble","2026-06-13",-1,"2026-06-06","Adults","quantile","0.2",126
"Ensemble","2026-06-13",-1,"2026-06-06","Adults","quantile","0.25",130
"Ensemble","2026-06-13",-1,"2026-06-06","Adults","quantile","0.3",133
"Ensemble","2026-06-13",-1,"2026-06-06","Adults","quantile","0.35",136
"Ensemble","2026-06-13",-1,"2026-06-06","Adults","quantile","0.4",139
"Ensemble","2026-06-13",-1,"2026-06-06","Adults","quantile","0.45",142
"Ensemble","2026-06-13",-1,"2026-06-06","Adults","quantile","0.5",146
"Ensemble","2026-06-13",-1,"2026-06-06","Adults","quantile","0.55",148
"Ensemble","2026-06-13",-1,"2026-06-06","Adults","quantile","0.6",150
"Ensemble","2026-06-13",-1,"2026-06-06","Adults","quantile","0.65",154
"Ensemble","2026-06-13",-1,"2026-06-06","Adults","quantile","0.7",157
"Ensemble","2026-06-13",-1,"2026-06-06","Adults","quantile","0.75",160
"Ensemble","2026-06-13",-1,"2026-06-06","Adults","quantile","0.8",164
"Ensemble","2026-06-13",-1,"2026-06-06","Adults","quantile","0.85",170
"Ensemble","2026-06-13",-1,"2026-06-06","Adults","quantile","0.9",177
"Ensemble","2026-06-13",-1,"2026-06-06","Adults","quantile","0.95",186
"Ensemble","2026-06-13",-1,"2026-06-06","Adults","quantile","0.975",197
"Ensemble","2026-06-13",-1,"2026-06-06","Adults","quantile","0.99",217
"Ensemble","2026-06-13",-1,"2026-06-06","Overall","quantile","0.01",164
"Ensemble","2026-06-13",-1,"2026-06-06","Overall","quantile","0.025",173
"Ensemble","2026-06-13",-1,"2026-06-06","Overall","quantile","0.05",182
"Ensemble","2026-06-13",-1,"2026-06-06","Overall","quantile","0.1",201
"Ensemble","2026-06-13",-1,"2026-06-06","Overall","quantile","0.15",207
"Ensemble","2026-06-13",-1,"2026-06-06","Overall","quantile","0.2",212
"Ensemble","2026-06-13",-1,"2026-06-06","Overall","quantile","0.25",216
"Ensemble","2026-06-13",-1,"2026-06-06","Overall","quantile","0.3",221
"Ensemble","2026-06-13",-1,"2026-06-06","Overall","quantile","0.35",226
"Ensemble","2026-06-13",-1,"2026-06-06","Overall","quantile","0.4",230
"Ensemble","2026-06-13",-1,"2026-06-06","Overall","quantile","0.45",234
"Ensemble","2026-06-13",-1,"2026-06-06","Overall","quantile","0.5",239
"Ensemble","2026-06-13",-1,"2026-06-06","Overall","quantile","0.55",245
"Ensemble","2026-06-13",-1,"2026-06-06","Overall","quantile","0.6",249
"Ensemble","2026-06-13",-1,"2026-06-06","Overall","quantile","0.65",254
"Ensemble","2026-06-13",-1,"2026-06-06","Overall","quantile","0.7",258
"Ensemble","2026-06-13",-1,"2026-06-06","Overall","quantile","0.75",263
"Ensemble","2026-06-13",-1,"2026-06-06","Overall","quantile","0.8",269
"Ensemble","2026-06-13",-1,"2026-06-06","Overall","quantile","0.85",279
"Ensemble","2026-06-13",-1,"2026-06-06","Overall","quantile","0.9",289
"Ensemble","2026-06-13",-1,"2026-06-06","Overall","quantile","0.95",306
"Ensemble","2026-06-13",-1,"2026-06-06","Overall","quantile","0.975",320
"Ensemble","2026-06-13",-1,"2026-06-06","Overall","quantile","0.99",343
"Ensemble","2026-06-13",-1,"2026-06-06","Pediatrics","quantile","0.01",55
"Ensemble","2026-06-13",-1,"2026-06-06","Pediatrics","quantile","0.025",62
"Ensemble","2026-06-13",-1,"2026-06-06","Pediatrics","quantile","0.05",66
"Ensemble","2026-06-13",-1,"2026-06-06","Pediatrics","quantile","0.1",73
"Ensemble","2026-06-13",-1,"2026-06-06","Pediatrics","quantile","0.15",77
"Ensemble","2026-06-13",-1,"2026-06-06","Pediatrics","quantile","0.2",79
"Ensemble","2026-06-13",-1,"2026-06-06","Pediatrics","quantile","0.25",81
"Ensemble","2026-06-13",-1,"2026-06-06","Pediatrics","quantile","0.3",84
"Ensemble","2026-06-13",-1,"2026-06-06","Pediatrics","quantile","0.35",86
"Ensemble","2026-06-13",-1,"2026-06-06","Pediatrics","quantile","0.4",88
"Ensemble","2026-06-13",-1,"2026-06-06","Pediatrics","quantile","0.45",90
"Ensemble","2026-06-13",-1,"2026-06-06","Pediatrics","quantile","0.5",92
"Ensemble","2026-06-13",-1,"2026-06-06","Pediatrics","quantile","0.55",94
"Ensemble","2026-06-13",-1,"2026-06-06","Pediatrics","quantile","0.6",96
"Ensemble","2026-06-13",-1,"2026-06-06","Pediatrics","quantile","0.65",99
"Ensemble","2026-06-13",-1,"2026-06-06","Pediatrics","quantile","0.7",101
"Ensemble","2026-06-13",-1,"2026-06-06","Pediatrics","quantile","0.75",104
"Ensemble","2026-06-13",-1,"2026-06-06","Pediatrics","quantile","0.8",107
"Ensemble","2026-06-13",-1,"2026-06-06","Pediatrics","quantile","0.85",112
"Ensemble","2026-06-13",-1,"2026-06-06","Pediatrics","quantile","0.9",117
"Ensemble","2026-06-13",-1,"2026-06-06","Pediatrics","quantile","0.95",125
"Ensemble","2026-06-13",-1,"2026-06-06","Pediatrics","quantile","0.975",133
"Ensemble","2026-06-13",-1,"2026-06-06","Pediatrics","quantile","0.99",151
"Ensemble","2026-06-13",0,"2026-06-13","Adults","quantile","0.01",84
"Ensemble","2026-06-13",0,"2026-06-13","Adults","quantile","0.025",93
"Ensemble","2026-06-13",0,"2026-06-13","Adults","quantile","0.05",100
"Ensemble","2026-06-13",0,"2026-06-13","Adults","quantile","0.1",110
"Ensemble","2026-06-13",0,"2026-06-13","Adults","quantile","0.15",117
"Ensemble","2026-06-13",0,"2026-06-13","Adults","quantile","0.2",124
"Ensemble","2026-06-13",0,"2026-06-13","Adults","quantile","0.25",128
"Ensemble","2026-06-13",0,"2026-06-13","Adults","quantile","0.3",133
"Ensemble","2026-06-13",0,"2026-06-13","Adults","quantile","0.35",135
"Ensemble","2026-06-13",0,"2026-06-13","Adults","quantile","0.4",136
"Ensemble","2026-06-13",0,"2026-06-13","Adults","quantile","0.45",140
"Ensemble","2026-06-13",0,"2026-06-13","Adults","quantile","0.5",142
"Ensemble","2026-06-13",0,"2026-06-13","Adults","quantile","0.55",146
"Ensemble","2026-06-13",0,"2026-06-13","Adults","quantile","0.6",150
"Ensemble","2026-06-13",0,"2026-06-13","Adults","quantile","0.65",154
"Ensemble","2026-06-13",0,"2026-06-13","Adults","quantile","0.7",158
"Ensemble","2026-06-13",0,"2026-06-13","Adults","quantile","0.75",162
"Ensemble","2026-06-13",0,"2026-06-13","Adults","quantile","0.8",168
"Ensemble","2026-06-13",0,"2026-06-13","Adults","quantile","0.85",173
"Ensemble","2026-06-13",0,"2026-06-13","Adults","quantile","0.9",181
"Ensemble","2026-06-13",0,"2026-06-13","Adults","quantile","0.95",194
"Ensemble","2026-06-13",0,"2026-06-13","Adults","quantile","0.975",205
"Ensemble","2026-06-13",0,"2026-06-13","Adults","quantile","0.99",234
"Ensemble","2026-06-13",0,"2026-06-13","Overall","quantile","0.01",153
"Ensemble","2026-06-13",0,"2026-06-13","Overall","quantile","0.025",168
"Ensemble","2026-06-13",0,"2026-06-13","Overall","quantile","0.05",181
"Ensemble","2026-06-13",0,"2026-06-13","Overall","quantile","0.1",200
"Ensemble","2026-06-13",0,"2026-06-13","Overall","quantile","0.15",206
"Ensemble","2026-06-13",0,"2026-06-13","Overall","quantile","0.2",211
"Ensemble","2026-06-13",0,"2026-06-13","Overall","quantile","0.25",213
"Ensemble","2026-06-13",0,"2026-06-13","Overall","quantile","0.3",218
"Ensemble","2026-06-13",0,"2026-06-13","Overall","quantile","0.35",219
"Ensemble","2026-06-13",0,"2026-06-13","Overall","quantile","0.4",222
"Ensemble","2026-06-13",0,"2026-06-13","Overall","quantile","0.45",228
"Ensemble","2026-06-13",0,"2026-06-13","Overall","quantile","0.5",233
"Ensemble","2026-06-13",0,"2026-06-13","Overall","quantile","0.55",239
"Ensemble","2026-06-13",0,"2026-06-13","Overall","quantile","0.6",245
"Ensemble","2026-06-13",0,"2026-06-13","Overall","quantile","0.65",251
"Ensemble","2026-06-13",0,"2026-06-13","Overall","quantile","0.7",255
"Ensemble","2026-06-13",0,"2026-06-13","Overall","quantile","0.75",264
"Ensemble","2026-06-13",0,"2026-06-13","Overall","quantile","0.8",271
"Ensemble","2026-06-13",0,"2026-06-13","Overall","quantile","0.85",283
"Ensemble","2026-06-13",0,"2026-06-13","Overall","quantile","0.9",297
"Ensemble","2026-06-13",0,"2026-06-13","Overall","quantile","0.95",324
"Ensemble","2026-06-13",0,"2026-06-13","Overall","quantile","0.975",344
"Ensemble","2026-06-13",0,"2026-06-13","Overall","quantile","0.99",378
"Ensemble","2026-06-13",0,"2026-06-13","Pediatrics","quantile","0.01",52
"Ensemble","2026-06-13",0,"2026-06-13","Pediatrics","quantile","0.025",57
"Ensemble","2026-06-13",0,"2026-06-13","Pediatrics","quantile","0.05",63
"Ensemble","2026-06-13",0,"2026-06-13","Pediatrics","quantile","0.1",71
"Ensemble","2026-06-13",0,"2026-06-13","Pediatrics","quantile","0.15",76
"Ensemble","2026-06-13",0,"2026-06-13","Pediatrics","quantile","0.2",79
"Ensemble","2026-06-13",0,"2026-06-13","Pediatrics","quantile","0.25",80
"Ensemble","2026-06-13",0,"2026-06-13","Pediatrics","quantile","0.3",83
"Ensemble","2026-06-13",0,"2026-06-13","Pediatrics","quantile","0.35",85
"Ensemble","2026-06-13",0,"2026-06-13","Pediatrics","quantile","0.4",87
"Ensemble","2026-06-13",0,"2026-06-13","Pediatrics","quantile","0.45",90
"Ensemble","2026-06-13",0,"2026-06-13","Pediatrics","quantile","0.5",93
"Ensemble","2026-06-13",0,"2026-06-13","Pediatrics","quantile","0.55",95
"Ensemble","2026-06-13",0,"2026-06-13","Pediatrics","quantile","0.6",98
"Ensemble","2026-06-13",0,"2026-06-13","Pediatrics","quantile","0.65",101
"Ensemble","2026-06-13",0,"2026-06-13","Pediatrics","quantile","0.7",103
"Ensemble","2026-06-13",0,"2026-06-13","Pediatrics","quantile","0.75",107
"Ensemble","2026-06-13",0,"2026-06-13","Pediatrics","quantile","0.8",110
"Ensemble","2026-06-13",0,"2026-06-13","Pediatrics","quantile","0.85",114
"Ensemble","2026-06-13",0,"2026-06-13","Pediatrics","quantile","0.9",122
"Ensemble","2026-06-13",0,"2026-06-13","Pediatrics","quantile","0.95",130
"Ensemble","2026-06-13",0,"2026-06-13","Pediatrics","quantile","0.975",139
"Ensemble","2026-06-13",0,"2026-06-13","Pediatrics","quantile","0.99",151
"Ensemble","2026-06-13",1,"2026-06-20","Adults","quantile","0.01",78
"Ensemble","2026-06-13",1,"2026-06-20","Adults","quantile","0.025",84
"Ensemble","2026-06-13",1,"2026-06-20","Adults","quantile","0.05",93
"Ensemble","2026-06-13",1,"2026-06-20","Adults","quantile","0.1",104
"Ensemble","2026-06-13",1,"2026-06-20","Adults","quantile","0.15",112
"Ensemble","2026-06-13",1,"2026-06-20","Adults","quantile","0.2",119
"Ensemble","2026-06-13",1,"2026-06-20","Adults","quantile","0.25",124
"Ensemble","2026-06-13",1,"2026-06-20","Adults","quantile","0.3",130
"Ensemble","2026-06-13",1,"2026-06-20","Adults","quantile","0.35",134
"Ensemble","2026-06-13",1,"2026-06-20","Adults","quantile","0.4",135
"Ensemble","2026-06-13",1,"2026-06-20","Adults","quantile","0.45",139
"Ensemble","2026-06-13",1,"2026-06-20","Adults","quantile","0.5",143
"Ensemble","2026-06-13",1,"2026-06-20","Adults","quantile","0.55",146
"Ensemble","2026-06-13",1,"2026-06-20","Adults","quantile","0.6",149
"Ensemble","2026-06-13",1,"2026-06-20","Adults","quantile","0.65",152
"Ensemble","2026-06-13",1,"2026-06-20","Adults","quantile","0.7",156
"Ensemble","2026-06-13",1,"2026-06-20","Adults","quantile","0.75",160
"Ensemble","2026-06-13",1,"2026-06-20","Adults","quantile","0.8",166
"Ensemble","2026-06-13",1,"2026-06-20","Adults","quantile","0.85",173
"Ensemble","2026-06-13",1,"2026-06-20","Adults","quantile","0.9",183
"Ensemble","2026-06-13",1,"2026-06-20","Adults","quantile","0.95",197
"Ensemble","2026-06-13",1,"2026-06-20","Adults","quantile","0.975",216
"Ensemble","2026-06-13",1,"2026-06-20","Adults","quantile","0.99",242
"Ensemble","2026-06-13",1,"2026-06-20","Overall","quantile","0.01",153
"Ensemble","2026-06-13",1,"2026-06-20","Overall","quantile","0.025",167
"Ensemble","2026-06-13",1,"2026-06-20","Overall","quantile","0.05",181
"Ensemble","2026-06-13",1,"2026-06-20","Overall","quantile","0.1",196
"Ensemble","2026-06-13",1,"2026-06-20","Overall","quantile","0.15",206
"Ensemble","2026-06-13",1,"2026-06-20","Overall","quantile","0.2",210
"Ensemble","2026-06-13",1,"2026-06-20","Overall","quantile","0.25",213
"Ensemble","2026-06-13",1,"2026-06-20","Overall","quantile","0.3",218
"Ensemble","2026-06-13",1,"2026-06-20","Overall","quantile","0.35",218
"Ensemble","2026-06-13",1,"2026-06-20","Overall","quantile","0.4",223
"Ensemble","2026-06-13",1,"2026-06-20","Overall","quantile","0.45",227
"Ensemble","2026-06-13",1,"2026-06-20","Overall","quantile","0.5",234
"Ensemble","2026-06-13",1,"2026-06-20","Overall","quantile","0.55",238
"Ensemble","2026-06-13",1,"2026-06-20","Overall","quantile","0.6",244
"Ensemble","2026-06-13",1,"2026-06-20","Overall","quantile","0.65",247
"Ensemble","2026-06-13",1,"2026-06-20","Overall","quantile","0.7",253
"Ensemble","2026-06-13",1,"2026-06-20","Overall","quantile","0.75",260
"Ensemble","2026-06-13",1,"2026-06-20","Overall","quantile","0.8",268
"Ensemble","2026-06-13",1,"2026-06-20","Overall","quantile","0.85",282
"Ensemble","2026-06-13",1,"2026-06-20","Overall","quantile","0.9",299
"Ensemble","2026-06-13",1,"2026-06-20","Overall","quantile","0.95",327
"Ensemble","2026-06-13",1,"2026-06-20","Overall","quantile","0.975",365
"Ensemble","2026-06-13",1,"2026-06-20","Overall","quantile","0.99",396
"Ensemble","2026-06-13",1,"2026-06-20","Pediatrics","quantile","0.01",48
"Ensemble","2026-06-13",1,"2026-06-20","Pediatrics","quantile","0.025",53
"Ensemble","2026-06-13",1,"2026-06-20","Pediatrics","quantile","0.05",60
"Ensemble","2026-06-13",1,"2026-06-20","Pediatrics","quantile","0.1",67
"Ensemble","2026-06-13",1,"2026-06-20","Pediatrics","quantile","0.15",72
"Ensemble","2026-06-13",1,"2026-06-20","Pediatrics","quantile","0.2",77
"Ensemble","2026-06-13",1,"2026-06-20","Pediatrics","quantile","0.25",80
"Ensemble","2026-06-13",1,"2026-06-20","Pediatrics","quantile","0.3",82
"Ensemble","2026-06-13",1,"2026-06-20","Pediatrics","quantile","0.35",84
"Ensemble","2026-06-13",1,"2026-06-20","Pediatrics","quantile","0.4",86
"Ensemble","2026-06-13",1,"2026-06-20","Pediatrics","quantile","0.45",88
"Ensemble","2026-06-13",1,"2026-06-20","Pediatrics","quantile","0.5",91
"Ensemble","2026-06-13",1,"2026-06-20","Pediatrics","quantile","0.55",93
"Ensemble","2026-06-13",1,"2026-06-20","Pediatrics","quantile","0.6",98
"Ensemble","2026-06-13",1,"2026-06-20","Pediatrics","quantile","0.65",99
"Ensemble","2026-06-13",1,"2026-06-20","Pediatrics","quantile","0.7",101
"Ensemble","2026-06-13",1,"2026-06-20","Pediatrics","quantile","0.75",105
"Ensemble","2026-06-13",1,"2026-06-20","Pediatrics","quantile","0.8",109
"Ensemble","2026-06-13",1,"2026-06-20","Pediatrics","quantile","0.85",113
"Ensemble","2026-06-13",1,"2026-06-20","Pediatrics","quantile","0.9",121
"Ensemble","2026-06-13",1,"2026-06-20","Pediatrics","quantile","0.95",132
"Ensemble","2026-06-13",1,"2026-06-20","Pediatrics","quantile","0.975",144
"Ensemble","2026-06-13",1,"2026-06-20","Pediatrics","quantile","0.99",153
"Ensemble","2026-06-13",2,"2026-06-27","Adults","quantile","0.01",66
"Ensemble","2026-06-13",2,"2026-06-27","Adults","quantile","0.025",76
"Ensemble","2026-06-13",2,"2026-06-27","Adults","quantile","0.05",85
"Ensemble","2026-06-13",2,"2026-06-27","Adults","quantile","0.1",97
"Ensemble","2026-06-13",2,"2026-06-27","Adults","quantile","0.15",106
"Ensemble","2026-06-13",2,"2026-06-27","Adults","quantile","0.2",112
"Ensemble","2026-06-13",2,"2026-06-27","Adults","quantile","0.25",118
"Ensemble","2026-06-13",2,"2026-06-27","Adults","quantile","0.3",124
"Ensemble","2026-06-13",2,"2026-06-27","Adults","quantile","0.35",130
"Ensemble","2026-06-13",2,"2026-06-27","Adults","quantile","0.4",134
"Ensemble","2026-06-13",2,"2026-06-27","Adults","quantile","0.45",138
"Ensemble","2026-06-13",2,"2026-06-27","Adults","quantile","0.5",142
"Ensemble","2026-06-13",2,"2026-06-27","Adults","quantile","0.55",146
"Ensemble","2026-06-13",2,"2026-06-27","Adults","quantile","0.6",149
"Ensemble","2026-06-13",2,"2026-06-27","Adults","quantile","0.65",153
"Ensemble","2026-06-13",2,"2026-06-27","Adults","quantile","0.7",156
"Ensemble","2026-06-13",2,"2026-06-27","Adults","quantile","0.75",160
"Ensemble","2026-06-13",2,"2026-06-27","Adults","quantile","0.8",164
"Ensemble","2026-06-13",2,"2026-06-27","Adults","quantile","0.85",170
"Ensemble","2026-06-13",2,"2026-06-27","Adults","quantile","0.9",182
"Ensemble","2026-06-13",2,"2026-06-27","Adults","quantile","0.95",200
"Ensemble","2026-06-13",2,"2026-06-27","Adults","quantile","0.975",217
"Ensemble","2026-06-13",2,"2026-06-27","Adults","quantile","0.99",243
"Ensemble","2026-06-13",2,"2026-06-27","Overall","quantile","0.01",142
"Ensemble","2026-06-13",2,"2026-06-27","Overall","quantile","0.025",154
"Ensemble","2026-06-13",2,"2026-06-27","Overall","quantile","0.05",169
"Ensemble","2026-06-13",2,"2026-06-27","Overall","quantile","0.1",184
"Ensemble","2026-06-13",2,"2026-06-27","Overall","quantile","0.15",195
"Ensemble","2026-06-13",2,"2026-06-27","Overall","quantile","0.2",203
"Ensemble","2026-06-13",2,"2026-06-27","Overall","quantile","0.25",210
"Ensemble","2026-06-13",2,"2026-06-27","Overall","quantile","0.3",217
"Ensemble","2026-06-13",2,"2026-06-27","Overall","quantile","0.35",217
"Ensemble","2026-06-13",2,"2026-06-27","Overall","quantile","0.4",222
"Ensemble","2026-06-13",2,"2026-06-27","Overall","quantile","0.45",226
"Ensemble","2026-06-13",2,"2026-06-27","Overall","quantile","0.5",234
"Ensemble","2026-06-13",2,"2026-06-27","Overall","quantile","0.55",238
"Ensemble","2026-06-13",2,"2026-06-27","Overall","quantile","0.6",244
"Ensemble","2026-06-13",2,"2026-06-27","Overall","quantile","0.65",247
"Ensemble","2026-06-13",2,"2026-06-27","Overall","quantile","0.7",252
"Ensemble","2026-06-13",2,"2026-06-27","Overall","quantile","0.75",261
"Ensemble","2026-06-13",2,"2026-06-27","Overall","quantile","0.8",266
"Ensemble","2026-06-13",2,"2026-06-27","Overall","quantile","0.85",278
"Ensemble","2026-06-13",2,"2026-06-27","Overall","quantile","0.9",301
"Ensemble","2026-06-13",2,"2026-06-27","Overall","quantile","0.95",332
"Ensemble","2026-06-13",2,"2026-06-27","Overall","quantile","0.975",362
"Ensemble","2026-06-13",2,"2026-06-27","Overall","quantile","0.99",410
"Ensemble","2026-06-13",2,"2026-06-27","Pediatrics","quantile","0.01",42
"Ensemble","2026-06-13",2,"2026-06-27","Pediatrics","quantile","0.025",49
"Ensemble","2026-06-13",2,"2026-06-27","Pediatrics","quantile","0.05",55
"Ensemble","2026-06-13",2,"2026-06-27","Pediatrics","quantile","0.1",61
"Ensemble","2026-06-13",2,"2026-06-27","Pediatrics","quantile","0.15",67
"Ensemble","2026-06-13",2,"2026-06-27","Pediatrics","quantile","0.2",71
"Ensemble","2026-06-13",2,"2026-06-27","Pediatrics","quantile","0.25",75
"Ensemble","2026-06-13",2,"2026-06-27","Pediatrics","quantile","0.3",80
"Ensemble","2026-06-13",2,"2026-06-27","Pediatrics","quantile","0.35",84
"Ensemble","2026-06-13",2,"2026-06-27","Pediatrics","quantile","0.4",85
"Ensemble","2026-06-13",2,"2026-06-27","Pediatrics","quantile","0.45",88
"Ensemble","2026-06-13",2,"2026-06-27","Pediatrics","quantile","0.5",91
"Ensemble","2026-06-13",2,"2026-06-27","Pediatrics","quantile","0.55",93
"Ensemble","2026-06-13",2,"2026-06-27","Pediatrics","quantile","0.6",98
"Ensemble","2026-06-13",2,"2026-06-27","Pediatrics","quantile","0.65",99
"Ensemble","2026-06-13",2,"2026-06-27","Pediatrics","quantile","0.7",102
"Ensemble","2026-06-13",2,"2026-06-27","Pediatrics","quantile","0.75",105
"Ensemble","2026-06-13",2,"2026-06-27","Pediatrics","quantile","0.8",109
"Ensemble","2026-06-13",2,"2026-06-27","Pediatrics","quantile","0.85",113
"Ensemble","2026-06-13",2,"2026-06-27","Pediatrics","quantile","0.9",119
"Ensemble","2026-06-13",2,"2026-06-27","Pediatrics","quantile","0.95",131
"Ensemble","2026-06-13",2,"2026-06-27","Pediatrics","quantile","0.975",143
"Ensemble","2026-06-13",2,"2026-06-27","Pediatrics","quantile","0.99",159
"Ensemble","2026-06-13",3,"2026-07-04","Adults","quantile","0.01",59
"Ensemble","2026-06-13",3,"2026-07-04","Adults","quantile","0.025",69
"Ensemble","2026-06-13",3,"2026-07-04","Adults","quantile","0.05",77
"Ensemble","2026-06-13",3,"2026-07-04","Adults","quantile","0.1",88
"Ensemble","2026-06-13",3,"2026-07-04","Adults","quantile","0.15",96
"Ensemble","2026-06-13",3,"2026-07-04","Adults","quantile","0.2",102
"Ensemble","2026-06-13",3,"2026-07-04","Adults","quantile","0.25",108
"Ensemble","2026-06-13",3,"2026-07-04","Adults","quantile","0.3",114
"Ensemble","2026-06-13",3,"2026-07-04","Adults","quantile","0.35",120
"Ensemble","2026-06-13",3,"2026-07-04","Adults","quantile","0.4",125
"Ensemble","2026-06-13",3,"2026-07-04","Adults","quantile","0.45",131
"Ensemble","2026-06-13",3,"2026-07-04","Adults","quantile","0.5",136
"Ensemble","2026-06-13",3,"2026-07-04","Adults","quantile","0.55",141
"Ensemble","2026-06-13",3,"2026-07-04","Adults","quantile","0.6",147
"Ensemble","2026-06-13",3,"2026-07-04","Adults","quantile","0.65",153
"Ensemble","2026-06-13",3,"2026-07-04","Adults","quantile","0.7",156
"Ensemble","2026-06-13",3,"2026-07-04","Adults","quantile","0.75",160
"Ensemble","2026-06-13",3,"2026-07-04","Adults","quantile","0.8",163
"Ensemble","2026-06-13",3,"2026-07-04","Adults","quantile","0.85",172
"Ensemble","2026-06-13",3,"2026-07-04","Adults","quantile","0.9",178
"Ensemble","2026-06-13",3,"2026-07-04","Adults","quantile","0.95",196
"Ensemble","2026-06-13",3,"2026-07-04","Adults","quantile","0.975",214
"Ensemble","2026-06-13",3,"2026-07-04","Adults","quantile","0.99",246
"Ensemble","2026-06-13",3,"2026-07-04","Overall","quantile","0.01",130
"Ensemble","2026-06-13",3,"2026-07-04","Overall","quantile","0.025",141
"Ensemble","2026-06-13",3,"2026-07-04","Overall","quantile","0.05",153
"Ensemble","2026-06-13",3,"2026-07-04","Overall","quantile","0.1",167
"Ensemble","2026-06-13",3,"2026-07-04","Overall","quantile","0.15",179
"Ensemble","2026-06-13",3,"2026-07-04","Overall","quantile","0.2",188
"Ensemble","2026-06-13",3,"2026-07-04","Overall","quantile","0.25",195
"Ensemble","2026-06-13",3,"2026-07-04","Overall","quantile","0.3",203
"Ensemble","2026-06-13",3,"2026-07-04","Overall","quantile","0.35",210
"Ensemble","2026-06-13",3,"2026-07-04","Overall","quantile","0.4",217
"Ensemble","2026-06-13",3,"2026-07-04","Overall","quantile","0.45",224
"Ensemble","2026-06-13",3,"2026-07-04","Overall","quantile","0.5",230
"Ensemble","2026-06-13",3,"2026-07-04","Overall","quantile","0.55",237
"Ensemble","2026-06-13",3,"2026-07-04","Overall","quantile","0.6",244
"Ensemble","2026-06-13",3,"2026-07-04","Overall","quantile","0.65",246
"Ensemble","2026-06-13",3,"2026-07-04","Overall","quantile","0.7",252
"Ensemble","2026-06-13",3,"2026-07-04","Overall","quantile","0.75",262
"Ensemble","2026-06-13",3,"2026-07-04","Overall","quantile","0.8",266
"Ensemble","2026-06-13",3,"2026-07-04","Overall","quantile","0.85",279
"Ensemble","2026-06-13",3,"2026-07-04","Overall","quantile","0.9",297
"Ensemble","2026-06-13",3,"2026-07-04","Overall","quantile","0.95",328
"Ensemble","2026-06-13",3,"2026-07-04","Overall","quantile","0.975",351
"Ensemble","2026-06-13",3,"2026-07-04","Overall","quantile","0.99",389
"Ensemble","2026-06-13",3,"2026-07-04","Pediatrics","quantile","0.01",38
"Ensemble","2026-06-13",3,"2026-07-04","Pediatrics","quantile","0.025",44
"Ensemble","2026-06-13",3,"2026-07-04","Pediatrics","quantile","0.05",49
"Ensemble","2026-06-13",3,"2026-07-04","Pediatrics","quantile","0.1",56
"Ensemble","2026-06-13",3,"2026-07-04","Pediatrics","quantile","0.15",62
"Ensemble","2026-06-13",3,"2026-07-04","Pediatrics","quantile","0.2",66
"Ensemble","2026-06-13",3,"2026-07-04","Pediatrics","quantile","0.25",70
"Ensemble","2026-06-13",3,"2026-07-04","Pediatrics","quantile","0.3",73
"Ensemble","2026-06-13",3,"2026-07-04","Pediatrics","quantile","0.35",77
"Ensemble","2026-06-13",3,"2026-07-04","Pediatrics","quantile","0.4",81
"Ensemble","2026-06-13",3,"2026-07-04","Pediatrics","quantile","0.45",84
"Ensemble","2026-06-13",3,"2026-07-04","Pediatrics","quantile","0.5",88
"Ensemble","2026-06-13",3,"2026-07-04","Pediatrics","quantile","0.55",91
"Ensemble","2026-06-13",3,"2026-07-04","Pediatrics","quantile","0.6",96
"Ensemble","2026-06-13",3,"2026-07-04","Pediatrics","quantile","0.65",99
"Ensemble","2026-06-13",3,"2026-07-04","Pediatrics","quantile","0.7",102
"Ensemble","2026-06-13",3,"2026-07-04","Pediatrics","quantile","0.75",106
"Ensemble","2026-06-13",3,"2026-07-04","Pediatrics","quantile","0.8",109
"Ensemble","2026-06-13",3,"2026-07-04","Pediatrics","quantile","0.85",113
"Ensemble","2026-06-13",3,"2026-07-04","Pediatrics","quantile","0.9",120
"Ensemble","2026-06-13",3,"2026-07-04","Pediatrics","quantile","0.95",131
"Ensemble","2026-06-13",3,"2026-07-04","Pediatrics","quantile","0.975",141
"Ensemble","2026-06-13",3,"2026-07-04","Pediatrics","quantile","0.99",157
