"model","reference_date","horizon","target_end_date","target_group","output_type","output_type_id","value"
"Regular Baseline","2026-05-30",-3,"2026-05-09","Adults","quantile","0.01",83
"Regular Baseline","2026-05-30",-3,"2026-05-09","Adults","quantile","0.025",90
"Regular Baseline","2026-05-30",-3,"2026-05-09","Adults","quantile","0.05",95
"Regular Baseline","2026-05-30",-3,"2026-05-09","Adults","quantile","0.1",103
"Regular Baseline","2026-05-30",-3,"2026-05-09","Adults","quantile","0.15",109
"Regular Baseline","2026-05-30",-3,"2026-05-09","Adults","quantile","0.2",112
"Regular Baseline","2026-05-30",-3,"2026-05-09","Adults","quantile","0.25",114
"Regular Baseline","2026-05-30",-3,"2026-05-09","Adults","quantile","0.3",116
"Regular Baseline","2026-05-30",-3,"2026-05-09","Adults","quantile","0.35",118
"Regular Baseline","2026-05-30",-3,"2026-05-09","Adults","quantile","0.4",121
"Regular Baseline","2026-05-30",-3,"2026-05-09","Adults","quantile","0.45",123
"Regular Baseline","2026-05-30",-3,"2026-05-09","Adults","quantile","0.5",125
"Regular Baseline","2026-05-30",-3,"2026-05-09","Adults","quantile","0.55",127
"Regular Baseline","2026-05-30",-3,"2026-05-09","Adults","quantile","0.6",129
"Regular Baseline","2026-05-30",-3,"2026-05-09","Adults","quantile","0.65",132
"Regular Baseline","2026-05-30",-3,"2026-05-09","Adults","quantile","0.7",134
"Regular Baseline","2026-05-30",-3,"2026-05-09","Adults","quantile","0.75",136
"Regular Baseline","2026-05-30",-3,"2026-05-09","Adults","quantile","0.8",139
"Regular Baseline","2026-05-30",-3,"2026-05-09","Adults","quantile","0.85",143
"Regular Baseline","2026-05-30",-3,"2026-05-09","Adults","quantile","0.9",149
"Regular Baseline","2026-05-30",-3,"2026-05-09","Adults","quantile","0.95",159
"Regular Baseline","2026-05-30",-3,"2026-05-09","Adults","quantile","0.975",166
"Regular Baseline","2026-05-30",-3,"2026-05-09","Adults","quantile","0.99",176
"Regular Baseline","2026-05-30",-2,"2026-05-16","Adults","quantile","0.01",71
"Regular Baseline","2026-05-30",-2,"2026-05-16","Adults","quantile","0.025",79
"Regular Baseline","2026-05-30",-2,"2026-05-16","Adults","quantile","0.05",86
"Regular Baseline","2026-05-30",-2,"2026-05-16","Adults","quantile","0.1",95
"Regular Baseline","2026-05-30",-2,"2026-05-16","Adults","quantile","0.15",100
"Regular Baseline","2026-05-30",-2,"2026-05-16","Adults","quantile","0.2",105
"Regular Baseline","2026-05-30",-2,"2026-05-16","Adults","quantile","0.25",109
"Regular Baseline","2026-05-30",-2,"2026-05-16","Adults","quantile","0.3",113
"Regular Baseline","2026-05-30",-2,"2026-05-16","Adults","quantile","0.35",116
"Regular Baseline","2026-05-30",-2,"2026-05-16","Adults","quantile","0.4",119
"Regular Baseline","2026-05-30",-2,"2026-05-16","Adults","quantile","0.45",122
"Regular Baseline","2026-05-30",-2,"2026-05-16","Adults","quantile","0.5",125
"Regular Baseline","2026-05-30",-2,"2026-05-16","Adults","quantile","0.55",128
"Regular Baseline","2026-05-30",-2,"2026-05-16","Adults","quantile","0.6",131
"Regular Baseline","2026-05-30",-2,"2026-05-16","Adults","quantile","0.65",134
"Regular Baseline","2026-05-30",-2,"2026-05-16","Adults","quantile","0.7",138
"Regular Baseline","2026-05-30",-2,"2026-05-16","Adults","quantile","0.75",142
"Regular Baseline","2026-05-30",-2,"2026-05-16","Adults","quantile","0.8",147
"Regular Baseline","2026-05-30",-2,"2026-05-16","Adults","quantile","0.85",152
"Regular Baseline","2026-05-30",-2,"2026-05-16","Adults","quantile","0.9",160
"Regular Baseline","2026-05-30",-2,"2026-05-16","Adults","quantile","0.95",172
"Regular Baseline","2026-05-30",-2,"2026-05-16","Adults","quantile","0.975",183
"Regular Baseline","2026-05-30",-2,"2026-05-16","Adults","quantile","0.99",197
"Regular Baseline","2026-05-30",-1,"2026-05-23","Adults","quantile","0.01",62
"Regular Baseline","2026-05-30",-1,"2026-05-23","Adults","quantile","0.025",71
"Regular Baseline","2026-05-30",-1,"2026-05-23","Adults","quantile","0.05",79
"Regular Baseline","2026-05-30",-1,"2026-05-23","Adults","quantile","0.1",89
"Regular Baseline","2026-05-30",-1,"2026-05-23","Adults","quantile","0.15",95
"Regular Baseline","2026-05-30",-1,"2026-05-23","Adults","quantile","0.2",100
"Regular Baseline","2026-05-30",-1,"2026-05-23","Adults","quantile","0.25",105
"Regular Baseline","2026-05-30",-1,"2026-05-23","Adults","quantile","0.3",110
"Regular Baseline","2026-05-30",-1,"2026-05-23","Adults","quantile","0.35",114
"Regular Baseline","2026-05-30",-1,"2026-05-23","Adults","quantile","0.4",118
"Regular Baseline","2026-05-30",-1,"2026-05-23","Adults","quantile","0.45",121
"Regular Baseline","2026-05-30",-1,"2026-05-23","Adults","quantile","0.5",125
"Regular Baseline","2026-05-30",-1,"2026-05-23","Adults","quantile","0.55",129
"Regular Baseline","2026-05-30",-1,"2026-05-23","Adults","quantile","0.6",133
"Regular Baseline","2026-05-30",-1,"2026-05-23","Adults","quantile","0.65",137
"Regular Baseline","2026-05-30",-1,"2026-05-23","Adults","quantile","0.7",141
"Regular Baseline","2026-05-30",-1,"2026-05-23","Adults","quantile","0.75",147
"Regular Baseline","2026-05-30",-1,"2026-05-23","Adults","quantile","0.8",153
"Regular Baseline","2026-05-30",-1,"2026-05-23","Adults","quantile","0.85",159
"Regular Baseline","2026-05-30",-1,"2026-05-23","Adults","quantile","0.9",168
"Regular Baseline","2026-05-30",-1,"2026-05-23","Adults","quantile","0.95",183
"Regular Baseline","2026-05-30",-1,"2026-05-23","Adults","quantile","0.975",196
"Regular Baseline","2026-05-30",-1,"2026-05-23","Adults","quantile","0.99",211
"Regular Baseline","2026-05-30",0,"2026-05-30","Adults","quantile","0.01",54
"Regular Baseline","2026-05-30",0,"2026-05-30","Adults","quantile","0.025",63
"Regular Baseline","2026-05-30",0,"2026-05-30","Adults","quantile","0.05",72
"Regular Baseline","2026-05-30",0,"2026-05-30","Adults","quantile","0.1",83
"Regular Baseline","2026-05-30",0,"2026-05-30","Adults","quantile","0.15",90
"Regular Baseline","2026-05-30",0,"2026-05-30","Adults","quantile","0.2",96
"Regular Baseline","2026-05-30",0,"2026-05-30","Adults","quantile","0.25",102
"Regular Baseline","2026-05-30",0,"2026-05-30","Adults","quantile","0.3",107
"Regular Baseline","2026-05-30",0,"2026-05-30","Adults","quantile","0.35",112
"Regular Baseline","2026-05-30",0,"2026-05-30","Adults","quantile","0.4",116
"Regular Baseline","2026-05-30",0,"2026-05-30","Adults","quantile","0.45",121
"Regular Baseline","2026-05-30",0,"2026-05-30","Adults","quantile","0.5",125
"Regular Baseline","2026-05-30",0,"2026-05-30","Adults","quantile","0.55",130
"Regular Baseline","2026-05-30",0,"2026-05-30","Adults","quantile","0.6",134
"Regular Baseline","2026-05-30",0,"2026-05-30","Adults","quantile","0.65",139
"Regular Baseline","2026-05-30",0,"2026-05-30","Adults","quantile","0.7",144
"Regular Baseline","2026-05-30",0,"2026-05-30","Adults","quantile","0.75",150
"Regular Baseline","2026-05-30",0,"2026-05-30","Adults","quantile","0.8",157
"Regular Baseline","2026-05-30",0,"2026-05-30","Adults","quantile","0.85",165
"Regular Baseline","2026-05-30",0,"2026-05-30","Adults","quantile","0.9",175
"Regular Baseline","2026-05-30",0,"2026-05-30","Adults","quantile","0.95",192
"Regular Baseline","2026-05-30",0,"2026-05-30","Adults","quantile","0.975",208
"Regular Baseline","2026-05-30",0,"2026-05-30","Adults","quantile","0.99",224
"Regular Baseline","2026-05-30",1,"2026-06-06","Adults","quantile","0.01",49
"Regular Baseline","2026-05-30",1,"2026-06-06","Adults","quantile","0.025",59
"Regular Baseline","2026-05-30",1,"2026-06-06","Adults","quantile","0.05",67
"Regular Baseline","2026-05-30",1,"2026-06-06","Adults","quantile","0.1",79
"Regular Baseline","2026-05-30",1,"2026-06-06","Adults","quantile","0.15",87
"Regular Baseline","2026-05-30",1,"2026-06-06","Adults","quantile","0.2",94
"Regular Baseline","2026-05-30",1,"2026-06-06","Adults","quantile","0.25",100
"Regular Baseline","2026-05-30",1,"2026-06-06","Adults","quantile","0.3",105
"Regular Baseline","2026-05-30",1,"2026-06-06","Adults","quantile","0.35",110
"Regular Baseline","2026-05-30",1,"2026-06-06","Adults","quantile","0.4",115
"Regular Baseline","2026-05-30",1,"2026-06-06","Adults","quantile","0.45",120
"Regular Baseline","2026-05-30",1,"2026-06-06","Adults","quantile","0.5",125
"Regular Baseline","2026-05-30",1,"2026-06-06","Adults","quantile","0.55",130
"Regular Baseline","2026-05-30",1,"2026-06-06","Adults","quantile","0.6",135
"Regular Baseline","2026-05-30",1,"2026-06-06","Adults","quantile","0.65",141
"Regular Baseline","2026-05-30",1,"2026-06-06","Adults","quantile","0.7",147
"Regular Baseline","2026-05-30",1,"2026-06-06","Adults","quantile","0.75",154
"Regular Baseline","2026-05-30",1,"2026-06-06","Adults","quantile","0.8",161
"Regular Baseline","2026-05-30",1,"2026-06-06","Adults","quantile","0.85",171
"Regular Baseline","2026-05-30",1,"2026-06-06","Adults","quantile","0.9",183
"Regular Baseline","2026-05-30",1,"2026-06-06","Adults","quantile","0.95",203
"Regular Baseline","2026-05-30",1,"2026-06-06","Adults","quantile","0.975",221
"Regular Baseline","2026-05-30",1,"2026-06-06","Adults","quantile","0.99",240
"Regular Baseline","2026-05-30",2,"2026-06-13","Adults","quantile","0.01",43
"Regular Baseline","2026-05-30",2,"2026-06-13","Adults","quantile","0.025",53
"Regular Baseline","2026-05-30",2,"2026-06-13","Adults","quantile","0.05",63
"Regular Baseline","2026-05-30",2,"2026-06-13","Adults","quantile","0.1",75
"Regular Baseline","2026-05-30",2,"2026-06-13","Adults","quantile","0.15",83
"Regular Baseline","2026-05-30",2,"2026-06-13","Adults","quantile","0.2",91
"Regular Baseline","2026-05-30",2,"2026-06-13","Adults","quantile","0.25",97
"Regular Baseline","2026-05-30",2,"2026-06-13","Adults","quantile","0.3",103
"Regular Baseline","2026-05-30",2,"2026-06-13","Adults","quantile","0.35",109
"Regular Baseline","2026-05-30",2,"2026-06-13","Adults","quantile","0.4",114
"Regular Baseline","2026-05-30",2,"2026-06-13","Adults","quantile","0.45",120
"Regular Baseline","2026-05-30",2,"2026-06-13","Adults","quantile","0.5",125
"Regular Baseline","2026-05-30",2,"2026-06-13","Adults","quantile","0.55",130
"Regular Baseline","2026-05-30",2,"2026-06-13","Adults","quantile","0.6",136
"Regular Baseline","2026-05-30",2,"2026-06-13","Adults","quantile","0.65",142
"Regular Baseline","2026-05-30",2,"2026-06-13","Adults","quantile","0.7",149
"Regular Baseline","2026-05-30",2,"2026-06-13","Adults","quantile","0.75",156
"Regular Baseline","2026-05-30",2,"2026-06-13","Adults","quantile","0.8",165
"Regular Baseline","2026-05-30",2,"2026-06-13","Adults","quantile","0.85",175
"Regular Baseline","2026-05-30",2,"2026-06-13","Adults","quantile","0.9",189
"Regular Baseline","2026-05-30",2,"2026-06-13","Adults","quantile","0.95",209
"Regular Baseline","2026-05-30",2,"2026-06-13","Adults","quantile","0.975",230
"Regular Baseline","2026-05-30",2,"2026-06-13","Adults","quantile","0.99",252
"Regular Baseline","2026-05-30",3,"2026-06-20","Adults","quantile","0.01",40
"Regular Baseline","2026-05-30",3,"2026-06-20","Adults","quantile","0.025",49
"Regular Baseline","2026-05-30",3,"2026-06-20","Adults","quantile","0.05",59
"Regular Baseline","2026-05-30",3,"2026-06-20","Adults","quantile","0.1",72
"Regular Baseline","2026-05-30",3,"2026-06-20","Adults","quantile","0.15",81
"Regular Baseline","2026-05-30",3,"2026-06-20","Adults","quantile","0.2",89
"Regular Baseline","2026-05-30",3,"2026-06-20","Adults","quantile","0.25",95
"Regular Baseline","2026-05-30",3,"2026-06-20","Adults","quantile","0.3",102
"Regular Baseline","2026-05-30",3,"2026-06-20","Adults","quantile","0.35",108
"Regular Baseline","2026-05-30",3,"2026-06-20","Adults","quantile","0.4",114
"Regular Baseline","2026-05-30",3,"2026-06-20","Adults","quantile","0.45",120
"Regular Baseline","2026-05-30",3,"2026-06-20","Adults","quantile","0.5",125
"Regular Baseline","2026-05-30",3,"2026-06-20","Adults","quantile","0.55",132
"Regular Baseline","2026-05-30",3,"2026-06-20","Adults","quantile","0.6",138
"Regular Baseline","2026-05-30",3,"2026-06-20","Adults","quantile","0.65",145
"Regular Baseline","2026-05-30",3,"2026-06-20","Adults","quantile","0.7",152
"Regular Baseline","2026-05-30",3,"2026-06-20","Adults","quantile","0.75",160
"Regular Baseline","2026-05-30",3,"2026-06-20","Adults","quantile","0.8",169
"Regular Baseline","2026-05-30",3,"2026-06-20","Adults","quantile","0.85",181
"Regular Baseline","2026-05-30",3,"2026-06-20","Adults","quantile","0.9",195
"Regular Baseline","2026-05-30",3,"2026-06-20","Adults","quantile","0.95",219
"Regular Baseline","2026-05-30",3,"2026-06-20","Adults","quantile","0.975",239
"Regular Baseline","2026-05-30",3,"2026-06-20","Adults","quantile","0.99",266
"Regular Baseline","2026-05-30",-3,"2026-05-09","Overall","quantile","0.01",154
"Regular Baseline","2026-05-30",-3,"2026-05-09","Overall","quantile","0.025",164
"Regular Baseline","2026-05-30",-3,"2026-05-09","Overall","quantile","0.05",176
"Regular Baseline","2026-05-30",-3,"2026-05-09","Overall","quantile","0.1",189
"Regular Baseline","2026-05-30",-3,"2026-05-09","Overall","quantile","0.15",196
"Regular Baseline","2026-05-30",-3,"2026-05-09","Overall","quantile","0.2",200
"Regular Baseline","2026-05-30",-3,"2026-05-09","Overall","quantile","0.25",205
"Regular Baseline","2026-05-30",-3,"2026-05-09","Overall","quantile","0.3",209
"Regular Baseline","2026-05-30",-3,"2026-05-09","Overall","quantile","0.35",213
"Regular Baseline","2026-05-30",-3,"2026-05-09","Overall","quantile","0.4",218
"Regular Baseline","2026-05-30",-3,"2026-05-09","Overall","quantile","0.45",222
"Regular Baseline","2026-05-30",-3,"2026-05-09","Overall","quantile","0.5",225
"Regular Baseline","2026-05-30",-3,"2026-05-09","Overall","quantile","0.55",228
"Regular Baseline","2026-05-30",-3,"2026-05-09","Overall","quantile","0.6",232
"Regular Baseline","2026-05-30",-3,"2026-05-09","Overall","quantile","0.65",237
"Regular Baseline","2026-05-30",-3,"2026-05-09","Overall","quantile","0.7",242
"Regular Baseline","2026-05-30",-3,"2026-05-09","Overall","quantile","0.75",246
"Regular Baseline","2026-05-30",-3,"2026-05-09","Overall","quantile","0.8",252
"Regular Baseline","2026-05-30",-3,"2026-05-09","Overall","quantile","0.85",256
"Regular Baseline","2026-05-30",-3,"2026-05-09","Overall","quantile","0.9",264
"Regular Baseline","2026-05-30",-3,"2026-05-09","Overall","quantile","0.95",280
"Regular Baseline","2026-05-30",-3,"2026-05-09","Overall","quantile","0.975",296
"Regular Baseline","2026-05-30",-3,"2026-05-09","Overall","quantile","0.99",310
"Regular Baseline","2026-05-30",-2,"2026-05-16","Overall","quantile","0.01",130
"Regular Baseline","2026-05-30",-2,"2026-05-16","Overall","quantile","0.025",145
"Regular Baseline","2026-05-30",-2,"2026-05-16","Overall","quantile","0.05",158
"Regular Baseline","2026-05-30",-2,"2026-05-16","Overall","quantile","0.1",172
"Regular Baseline","2026-05-30",-2,"2026-05-16","Overall","quantile","0.15",181
"Regular Baseline","2026-05-30",-2,"2026-05-16","Overall","quantile","0.2",190
"Regular Baseline","2026-05-30",-2,"2026-05-16","Overall","quantile","0.25",197
"Regular Baseline","2026-05-30",-2,"2026-05-16","Overall","quantile","0.3",203
"Regular Baseline","2026-05-30",-2,"2026-05-16","Overall","quantile","0.35",208
"Regular Baseline","2026-05-30",-2,"2026-05-16","Overall","quantile","0.4",214
"Regular Baseline","2026-05-30",-2,"2026-05-16","Overall","quantile","0.45",219
"Regular Baseline","2026-05-30",-2,"2026-05-16","Overall","quantile","0.5",225
"Regular Baseline","2026-05-30",-2,"2026-05-16","Overall","quantile","0.55",231
"Regular Baseline","2026-05-30",-2,"2026-05-16","Overall","quantile","0.6",236
"Regular Baseline","2026-05-30",-2,"2026-05-16","Overall","quantile","0.65",243
"Regular Baseline","2026-05-30",-2,"2026-05-16","Overall","quantile","0.7",249
"Regular Baseline","2026-05-30",-2,"2026-05-16","Overall","quantile","0.75",256
"Regular Baseline","2026-05-30",-2,"2026-05-16","Overall","quantile","0.8",263
"Regular Baseline","2026-05-30",-2,"2026-05-16","Overall","quantile","0.85",273
"Regular Baseline","2026-05-30",-2,"2026-05-16","Overall","quantile","0.9",284
"Regular Baseline","2026-05-30",-2,"2026-05-16","Overall","quantile","0.95",304
"Regular Baseline","2026-05-30",-2,"2026-05-16","Overall","quantile","0.975",321
"Regular Baseline","2026-05-30",-2,"2026-05-16","Overall","quantile","0.99",341
"Regular Baseline","2026-05-30",-1,"2026-05-23","Overall","quantile","0.01",114
"Regular Baseline","2026-05-30",-1,"2026-05-23","Overall","quantile","0.025",130
"Regular Baseline","2026-05-30",-1,"2026-05-23","Overall","quantile","0.05",143
"Regular Baseline","2026-05-30",-1,"2026-05-23","Overall","quantile","0.1",161
"Regular Baseline","2026-05-30",-1,"2026-05-23","Overall","quantile","0.15",173
"Regular Baseline","2026-05-30",-1,"2026-05-23","Overall","quantile","0.2",182
"Regular Baseline","2026-05-30",-1,"2026-05-23","Overall","quantile","0.25",190
"Regular Baseline","2026-05-30",-1,"2026-05-23","Overall","quantile","0.3",197
"Regular Baseline","2026-05-30",-1,"2026-05-23","Overall","quantile","0.35",204
"Regular Baseline","2026-05-30",-1,"2026-05-23","Overall","quantile","0.4",212
"Regular Baseline","2026-05-30",-1,"2026-05-23","Overall","quantile","0.45",218
"Regular Baseline","2026-05-30",-1,"2026-05-23","Overall","quantile","0.5",225
"Regular Baseline","2026-05-30",-1,"2026-05-23","Overall","quantile","0.55",232
"Regular Baseline","2026-05-30",-1,"2026-05-23","Overall","quantile","0.6",239
"Regular Baseline","2026-05-30",-1,"2026-05-23","Overall","quantile","0.65",246
"Regular Baseline","2026-05-30",-1,"2026-05-23","Overall","quantile","0.7",254
"Regular Baseline","2026-05-30",-1,"2026-05-23","Overall","quantile","0.75",263
"Regular Baseline","2026-05-30",-1,"2026-05-23","Overall","quantile","0.8",272
"Regular Baseline","2026-05-30",-1,"2026-05-23","Overall","quantile","0.85",284
"Regular Baseline","2026-05-30",-1,"2026-05-23","Overall","quantile","0.9",298
"Regular Baseline","2026-05-30",-1,"2026-05-23","Overall","quantile","0.95",322
"Regular Baseline","2026-05-30",-1,"2026-05-23","Overall","quantile","0.975",344
"Regular Baseline","2026-05-30",-1,"2026-05-23","Overall","quantile","0.99",372
"Regular Baseline","2026-05-30",0,"2026-05-30","Overall","quantile","0.01",97
"Regular Baseline","2026-05-30",0,"2026-05-30","Overall","quantile","0.025",118
"Regular Baseline","2026-05-30",0,"2026-05-30","Overall","quantile","0.05",133
"Regular Baseline","2026-05-30",0,"2026-05-30","Overall","quantile","0.1",152
"Regular Baseline","2026-05-30",0,"2026-05-30","Overall","quantile","0.15",164
"Regular Baseline","2026-05-30",0,"2026-05-30","Overall","quantile","0.2",176
"Regular Baseline","2026-05-30",0,"2026-05-30","Overall","quantile","0.25",185
"Regular Baseline","2026-05-30",0,"2026-05-30","Overall","quantile","0.3",193
"Regular Baseline","2026-05-30",0,"2026-05-30","Overall","quantile","0.35",201
"Regular Baseline","2026-05-30",0,"2026-05-30","Overall","quantile","0.4",209
"Regular Baseline","2026-05-30",0,"2026-05-30","Overall","quantile","0.45",216
"Regular Baseline","2026-05-30",0,"2026-05-30","Overall","quantile","0.5",225
"Regular Baseline","2026-05-30",0,"2026-05-30","Overall","quantile","0.55",233
"Regular Baseline","2026-05-30",0,"2026-05-30","Overall","quantile","0.6",241
"Regular Baseline","2026-05-30",0,"2026-05-30","Overall","quantile","0.65",250
"Regular Baseline","2026-05-30",0,"2026-05-30","Overall","quantile","0.7",259
"Regular Baseline","2026-05-30",0,"2026-05-30","Overall","quantile","0.75",269
"Regular Baseline","2026-05-30",0,"2026-05-30","Overall","quantile","0.8",280
"Regular Baseline","2026-05-30",0,"2026-05-30","Overall","quantile","0.85",293
"Regular Baseline","2026-05-30",0,"2026-05-30","Overall","quantile","0.9",311
"Regular Baseline","2026-05-30",0,"2026-05-30","Overall","quantile","0.95",339
"Regular Baseline","2026-05-30",0,"2026-05-30","Overall","quantile","0.975",363
"Regular Baseline","2026-05-30",0,"2026-05-30","Overall","quantile","0.99",396
"Regular Baseline","2026-05-30",1,"2026-06-06","Overall","quantile","0.01",90
"Regular Baseline","2026-05-30",1,"2026-06-06","Overall","quantile","0.025",107
"Regular Baseline","2026-05-30",1,"2026-06-06","Overall","quantile","0.05",123
"Regular Baseline","2026-05-30",1,"2026-06-06","Overall","quantile","0.1",142
"Regular Baseline","2026-05-30",1,"2026-06-06","Overall","quantile","0.15",157
"Regular Baseline","2026-05-30",1,"2026-06-06","Overall","quantile","0.2",169
"Regular Baseline","2026-05-30",1,"2026-06-06","Overall","quantile","0.25",179
"Regular Baseline","2026-05-30",1,"2026-06-06","Overall","quantile","0.3",189
"Regular Baseline","2026-05-30",1,"2026-06-06","Overall","quantile","0.35",198
"Regular Baseline","2026-05-30",1,"2026-06-06","Overall","quantile","0.4",207
"Regular Baseline","2026-05-30",1,"2026-06-06","Overall","quantile","0.45",216
"Regular Baseline","2026-05-30",1,"2026-06-06","Overall","quantile","0.5",225
"Regular Baseline","2026-05-30",1,"2026-06-06","Overall","quantile","0.55",233
"Regular Baseline","2026-05-30",1,"2026-06-06","Overall","quantile","0.6",242
"Regular Baseline","2026-05-30",1,"2026-06-06","Overall","quantile","0.65",252
"Regular Baseline","2026-05-30",1,"2026-06-06","Overall","quantile","0.7",263
"Regular Baseline","2026-05-30",1,"2026-06-06","Overall","quantile","0.75",273
"Regular Baseline","2026-05-30",1,"2026-06-06","Overall","quantile","0.8",286
"Regular Baseline","2026-05-30",1,"2026-06-06","Overall","quantile","0.85",301
"Regular Baseline","2026-05-30",1,"2026-06-06","Overall","quantile","0.9",321
"Regular Baseline","2026-05-30",1,"2026-06-06","Overall","quantile","0.95",354
"Regular Baseline","2026-05-30",1,"2026-06-06","Overall","quantile","0.975",382
"Regular Baseline","2026-05-30",1,"2026-06-06","Overall","quantile","0.99",415
"Regular Baseline","2026-05-30",2,"2026-06-13","Overall","quantile","0.01",80
"Regular Baseline","2026-05-30",2,"2026-06-13","Overall","quantile","0.025",99
"Regular Baseline","2026-05-30",2,"2026-06-13","Overall","quantile","0.05",115
"Regular Baseline","2026-05-30",2,"2026-06-13","Overall","quantile","0.1",137
"Regular Baseline","2026-05-30",2,"2026-06-13","Overall","quantile","0.15",152
"Regular Baseline","2026-05-30",2,"2026-06-13","Overall","quantile","0.2",164
"Regular Baseline","2026-05-30",2,"2026-06-13","Overall","quantile","0.25",176
"Regular Baseline","2026-05-30",2,"2026-06-13","Overall","quantile","0.3",186
"Regular Baseline","2026-05-30",2,"2026-06-13","Overall","quantile","0.35",196
"Regular Baseline","2026-05-30",2,"2026-06-13","Overall","quantile","0.4",206
"Regular Baseline","2026-05-30",2,"2026-06-13","Overall","quantile","0.45",216
"Regular Baseline","2026-05-30",2,"2026-06-13","Overall","quantile","0.5",225
"Regular Baseline","2026-05-30",2,"2026-06-13","Overall","quantile","0.55",235
"Regular Baseline","2026-05-30",2,"2026-06-13","Overall","quantile","0.6",245
"Regular Baseline","2026-05-30",2,"2026-06-13","Overall","quantile","0.65",255
"Regular Baseline","2026-05-30",2,"2026-06-13","Overall","quantile","0.7",266
"Regular Baseline","2026-05-30",2,"2026-06-13","Overall","quantile","0.75",279
"Regular Baseline","2026-05-30",2,"2026-06-13","Overall","quantile","0.8",293
"Regular Baseline","2026-05-30",2,"2026-06-13","Overall","quantile","0.85",311
"Regular Baseline","2026-05-30",2,"2026-06-13","Overall","quantile","0.9",334
"Regular Baseline","2026-05-30",2,"2026-06-13","Overall","quantile","0.95",371
"Regular Baseline","2026-05-30",2,"2026-06-13","Overall","quantile","0.975",404
"Regular Baseline","2026-05-30",2,"2026-06-13","Overall","quantile","0.99",441
"Regular Baseline","2026-05-30",3,"2026-06-20","Overall","quantile","0.01",73
"Regular Baseline","2026-05-30",3,"2026-06-20","Overall","quantile","0.025",90
"Regular Baseline","2026-05-30",3,"2026-06-20","Overall","quantile","0.05",110
"Regular Baseline","2026-05-30",3,"2026-06-20","Overall","quantile","0.1",131
"Regular Baseline","2026-05-30",3,"2026-06-20","Overall","quantile","0.15",147
"Regular Baseline","2026-05-30",3,"2026-06-20","Overall","quantile","0.2",160
"Regular Baseline","2026-05-30",3,"2026-06-20","Overall","quantile","0.25",173
"Regular Baseline","2026-05-30",3,"2026-06-20","Overall","quantile","0.3",184
"Regular Baseline","2026-05-30",3,"2026-06-20","Overall","quantile","0.35",195
"Regular Baseline","2026-05-30",3,"2026-06-20","Overall","quantile","0.4",206
"Regular Baseline","2026-05-30",3,"2026-06-20","Overall","quantile","0.45",215
"Regular Baseline","2026-05-30",3,"2026-06-20","Overall","quantile","0.5",225
"Regular Baseline","2026-05-30",3,"2026-06-20","Overall","quantile","0.55",235
"Regular Baseline","2026-05-30",3,"2026-06-20","Overall","quantile","0.6",246
"Regular Baseline","2026-05-30",3,"2026-06-20","Overall","quantile","0.65",257
"Regular Baseline","2026-05-30",3,"2026-06-20","Overall","quantile","0.7",270
"Regular Baseline","2026-05-30",3,"2026-06-20","Overall","quantile","0.75",283
"Regular Baseline","2026-05-30",3,"2026-06-20","Overall","quantile","0.8",299
"Regular Baseline","2026-05-30",3,"2026-06-20","Overall","quantile","0.85",318
"Regular Baseline","2026-05-30",3,"2026-06-20","Overall","quantile","0.9",344
"Regular Baseline","2026-05-30",3,"2026-06-20","Overall","quantile","0.95",385
"Regular Baseline","2026-05-30",3,"2026-06-20","Overall","quantile","0.975",418
"Regular Baseline","2026-05-30",3,"2026-06-20","Overall","quantile","0.99",461
"Regular Baseline","2026-05-30",-3,"2026-05-09","Pediatrics","quantile","0.01",52
"Regular Baseline","2026-05-30",-3,"2026-05-09","Pediatrics","quantile","0.025",63
"Regular Baseline","2026-05-30",-3,"2026-05-09","Pediatrics","quantile","0.05",68
"Regular Baseline","2026-05-30",-3,"2026-05-09","Pediatrics","quantile","0.1",75
"Regular Baseline","2026-05-30",-3,"2026-05-09","Pediatrics","quantile","0.15",80
"Regular Baseline","2026-05-30",-3,"2026-05-09","Pediatrics","quantile","0.2",84
"Regular Baseline","2026-05-30",-3,"2026-05-09","Pediatrics","quantile","0.25",87
"Regular Baseline","2026-05-30",-3,"2026-05-09","Pediatrics","quantile","0.3",89
"Regular Baseline","2026-05-30",-3,"2026-05-09","Pediatrics","quantile","0.35",92
"Regular Baseline","2026-05-30",-3,"2026-05-09","Pediatrics","quantile","0.4",94
"Regular Baseline","2026-05-30",-3,"2026-05-09","Pediatrics","quantile","0.45",97
"Regular Baseline","2026-05-30",-3,"2026-05-09","Pediatrics","quantile","0.5",100
"Regular Baseline","2026-05-30",-3,"2026-05-09","Pediatrics","quantile","0.55",103
"Regular Baseline","2026-05-30",-3,"2026-05-09","Pediatrics","quantile","0.6",106
"Regular Baseline","2026-05-30",-3,"2026-05-09","Pediatrics","quantile","0.65",108
"Regular Baseline","2026-05-30",-3,"2026-05-09","Pediatrics","quantile","0.7",111
"Regular Baseline","2026-05-30",-3,"2026-05-09","Pediatrics","quantile","0.75",114
"Regular Baseline","2026-05-30",-3,"2026-05-09","Pediatrics","quantile","0.8",117
"Regular Baseline","2026-05-30",-3,"2026-05-09","Pediatrics","quantile","0.85",122
"Regular Baseline","2026-05-30",-3,"2026-05-09","Pediatrics","quantile","0.9",128
"Regular Baseline","2026-05-30",-3,"2026-05-09","Pediatrics","quantile","0.95",137
"Regular Baseline","2026-05-30",-3,"2026-05-09","Pediatrics","quantile","0.975",146
"Regular Baseline","2026-05-30",-3,"2026-05-09","Pediatrics","quantile","0.99",163
"Regular Baseline","2026-05-30",-2,"2026-05-16","Pediatrics","quantile","0.01",39
"Regular Baseline","2026-05-30",-2,"2026-05-16","Pediatrics","quantile","0.025",48
"Regular Baseline","2026-05-30",-2,"2026-05-16","Pediatrics","quantile","0.05",56
"Regular Baseline","2026-05-30",-2,"2026-05-16","Pediatrics","quantile","0.1",66
"Regular Baseline","2026-05-30",-2,"2026-05-16","Pediatrics","quantile","0.15",72
"Regular Baseline","2026-05-30",-2,"2026-05-16","Pediatrics","quantile","0.2",77
"Regular Baseline","2026-05-30",-2,"2026-05-16","Pediatrics","quantile","0.25",81
"Regular Baseline","2026-05-30",-2,"2026-05-16","Pediatrics","quantile","0.3",85
"Regular Baseline","2026-05-30",-2,"2026-05-16","Pediatrics","quantile","0.35",89
"Regular Baseline","2026-05-30",-2,"2026-05-16","Pediatrics","quantile","0.4",93
"Regular Baseline","2026-05-30",-2,"2026-05-16","Pediatrics","quantile","0.45",96
"Regular Baseline","2026-05-30",-2,"2026-05-16","Pediatrics","quantile","0.5",100
"Regular Baseline","2026-05-30",-2,"2026-05-16","Pediatrics","quantile","0.55",104
"Regular Baseline","2026-05-30",-2,"2026-05-16","Pediatrics","quantile","0.6",108
"Regular Baseline","2026-05-30",-2,"2026-05-16","Pediatrics","quantile","0.65",112
"Regular Baseline","2026-05-30",-2,"2026-05-16","Pediatrics","quantile","0.7",116
"Regular Baseline","2026-05-30",-2,"2026-05-16","Pediatrics","quantile","0.75",121
"Regular Baseline","2026-05-30",-2,"2026-05-16","Pediatrics","quantile","0.8",127
"Regular Baseline","2026-05-30",-2,"2026-05-16","Pediatrics","quantile","0.85",133
"Regular Baseline","2026-05-30",-2,"2026-05-16","Pediatrics","quantile","0.9",142
"Regular Baseline","2026-05-30",-2,"2026-05-16","Pediatrics","quantile","0.95",155
"Regular Baseline","2026-05-30",-2,"2026-05-16","Pediatrics","quantile","0.975",172
"Regular Baseline","2026-05-30",-2,"2026-05-16","Pediatrics","quantile","0.99",192
"Regular Baseline","2026-05-30",-1,"2026-05-23","Pediatrics","quantile","0.01",30
"Regular Baseline","2026-05-30",-1,"2026-05-23","Pediatrics","quantile","0.025",40
"Regular Baseline","2026-05-30",-1,"2026-05-23","Pediatrics","quantile","0.05",48
"Regular Baseline","2026-05-30",-1,"2026-05-23","Pediatrics","quantile","0.1",59
"Regular Baseline","2026-05-30",-1,"2026-05-23","Pediatrics","quantile","0.15",66
"Regular Baseline","2026-05-30",-1,"2026-05-23","Pediatrics","quantile","0.2",72
"Regular Baseline","2026-05-30",-1,"2026-05-23","Pediatrics","quantile","0.25",77
"Regular Baseline","2026-05-30",-1,"2026-05-23","Pediatrics","quantile","0.3",82
"Regular Baseline","2026-05-30",-1,"2026-05-23","Pediatrics","quantile","0.35",87
"Regular Baseline","2026-05-30",-1,"2026-05-23","Pediatrics","quantile","0.4",91
"Regular Baseline","2026-05-30",-1,"2026-05-23","Pediatrics","quantile","0.45",96
"Regular Baseline","2026-05-30",-1,"2026-05-23","Pediatrics","quantile","0.5",100
"Regular Baseline","2026-05-30",-1,"2026-05-23","Pediatrics","quantile","0.55",104
"Regular Baseline","2026-05-30",-1,"2026-05-23","Pediatrics","quantile","0.6",109
"Regular Baseline","2026-05-30",-1,"2026-05-23","Pediatrics","quantile","0.65",114
"Regular Baseline","2026-05-30",-1,"2026-05-23","Pediatrics","quantile","0.7",120
"Regular Baseline","2026-05-30",-1,"2026-05-23","Pediatrics","quantile","0.75",126
"Regular Baseline","2026-05-30",-1,"2026-05-23","Pediatrics","quantile","0.8",134
"Regular Baseline","2026-05-30",-1,"2026-05-23","Pediatrics","quantile","0.85",143
"Regular Baseline","2026-05-30",-1,"2026-05-23","Pediatrics","quantile","0.9",154
"Regular Baseline","2026-05-30",-1,"2026-05-23","Pediatrics","quantile","0.95",172
"Regular Baseline","2026-05-30",-1,"2026-05-23","Pediatrics","quantile","0.975",188
"Regular Baseline","2026-05-30",-1,"2026-05-23","Pediatrics","quantile","0.99",211
"Regular Baseline","2026-05-30",0,"2026-05-30","Pediatrics","quantile","0.01",23
"Regular Baseline","2026-05-30",0,"2026-05-30","Pediatrics","quantile","0.025",33
"Regular Baseline","2026-05-30",0,"2026-05-30","Pediatrics","quantile","0.05",42
"Regular Baseline","2026-05-30",0,"2026-05-30","Pediatrics","quantile","0.1",53
"Regular Baseline","2026-05-30",0,"2026-05-30","Pediatrics","quantile","0.15",61
"Regular Baseline","2026-05-30",0,"2026-05-30","Pediatrics","quantile","0.2",68
"Regular Baseline","2026-05-30",0,"2026-05-30","Pediatrics","quantile","0.25",74
"Regular Baseline","2026-05-30",0,"2026-05-30","Pediatrics","quantile","0.3",79
"Regular Baseline","2026-05-30",0,"2026-05-30","Pediatrics","quantile","0.35",85
"Regular Baseline","2026-05-30",0,"2026-05-30","Pediatrics","quantile","0.4",90
"Regular Baseline","2026-05-30",0,"2026-05-30","Pediatrics","quantile","0.45",95
"Regular Baseline","2026-05-30",0,"2026-05-30","Pediatrics","quantile","0.5",100
"Regular Baseline","2026-05-30",0,"2026-05-30","Pediatrics","quantile","0.55",106
"Regular Baseline","2026-05-30",0,"2026-05-30","Pediatrics","quantile","0.6",111
"Regular Baseline","2026-05-30",0,"2026-05-30","Pediatrics","quantile","0.65",117
"Regular Baseline","2026-05-30",0,"2026-05-30","Pediatrics","quantile","0.7",123
"Regular Baseline","2026-05-30",0,"2026-05-30","Pediatrics","quantile","0.75",131
"Regular Baseline","2026-05-30",0,"2026-05-30","Pediatrics","quantile","0.8",140
"Regular Baseline","2026-05-30",0,"2026-05-30","Pediatrics","quantile","0.85",151
"Regular Baseline","2026-05-30",0,"2026-05-30","Pediatrics","quantile","0.9",164
"Regular Baseline","2026-05-30",0,"2026-05-30","Pediatrics","quantile","0.95",184
"Regular Baseline","2026-05-30",0,"2026-05-30","Pediatrics","quantile","0.975",207
"Regular Baseline","2026-05-30",0,"2026-05-30","Pediatrics","quantile","0.99",234
"Regular Baseline","2026-05-30",1,"2026-06-06","Pediatrics","quantile","0.01",18
"Regular Baseline","2026-05-30",1,"2026-06-06","Pediatrics","quantile","0.025",28
"Regular Baseline","2026-05-30",1,"2026-06-06","Pediatrics","quantile","0.05",36
"Regular Baseline","2026-05-30",1,"2026-06-06","Pediatrics","quantile","0.1",48
"Regular Baseline","2026-05-30",1,"2026-06-06","Pediatrics","quantile","0.15",57
"Regular Baseline","2026-05-30",1,"2026-06-06","Pediatrics","quantile","0.2",64
"Regular Baseline","2026-05-30",1,"2026-06-06","Pediatrics","quantile","0.25",71
"Regular Baseline","2026-05-30",1,"2026-06-06","Pediatrics","quantile","0.3",77
"Regular Baseline","2026-05-30",1,"2026-06-06","Pediatrics","quantile","0.35",83
"Regular Baseline","2026-05-30",1,"2026-06-06","Pediatrics","quantile","0.4",89
"Regular Baseline","2026-05-30",1,"2026-06-06","Pediatrics","quantile","0.45",94
"Regular Baseline","2026-05-30",1,"2026-06-06","Pediatrics","quantile","0.5",100
"Regular Baseline","2026-05-30",1,"2026-06-06","Pediatrics","quantile","0.55",106
"Regular Baseline","2026-05-30",1,"2026-06-06","Pediatrics","quantile","0.6",112
"Regular Baseline","2026-05-30",1,"2026-06-06","Pediatrics","quantile","0.65",119
"Regular Baseline","2026-05-30",1,"2026-06-06","Pediatrics","quantile","0.7",127
"Regular Baseline","2026-05-30",1,"2026-06-06","Pediatrics","quantile","0.75",135
"Regular Baseline","2026-05-30",1,"2026-06-06","Pediatrics","quantile","0.8",145
"Regular Baseline","2026-05-30",1,"2026-06-06","Pediatrics","quantile","0.85",156
"Regular Baseline","2026-05-30",1,"2026-06-06","Pediatrics","quantile","0.9",172
"Regular Baseline","2026-05-30",1,"2026-06-06","Pediatrics","quantile","0.95",195
"Regular Baseline","2026-05-30",1,"2026-06-06","Pediatrics","quantile","0.975",220
"Regular Baseline","2026-05-30",1,"2026-06-06","Pediatrics","quantile","0.99",247
"Regular Baseline","2026-05-30",2,"2026-06-13","Pediatrics","quantile","0.01",14
"Regular Baseline","2026-05-30",2,"2026-06-13","Pediatrics","quantile","0.025",22
"Regular Baseline","2026-05-30",2,"2026-06-13","Pediatrics","quantile","0.05",32
"Regular Baseline","2026-05-30",2,"2026-06-13","Pediatrics","quantile","0.1",45
"Regular Baseline","2026-05-30",2,"2026-06-13","Pediatrics","quantile","0.15",54
"Regular Baseline","2026-05-30",2,"2026-06-13","Pediatrics","quantile","0.2",61
"Regular Baseline","2026-05-30",2,"2026-06-13","Pediatrics","quantile","0.25",68
"Regular Baseline","2026-05-30",2,"2026-06-13","Pediatrics","quantile","0.3",75
"Regular Baseline","2026-05-30",2,"2026-06-13","Pediatrics","quantile","0.35",81
"Regular Baseline","2026-05-30",2,"2026-06-13","Pediatrics","quantile","0.4",87
"Regular Baseline","2026-05-30",2,"2026-06-13","Pediatrics","quantile","0.45",94
"Regular Baseline","2026-05-30",2,"2026-06-13","Pediatrics","quantile","0.5",100
"Regular Baseline","2026-05-30",2,"2026-06-13","Pediatrics","quantile","0.55",107
"Regular Baseline","2026-05-30",2,"2026-06-13","Pediatrics","quantile","0.6",113
"Regular Baseline","2026-05-30",2,"2026-06-13","Pediatrics","quantile","0.65",121
"Regular Baseline","2026-05-30",2,"2026-06-13","Pediatrics","quantile","0.7",130
"Regular Baseline","2026-05-30",2,"2026-06-13","Pediatrics","quantile","0.75",138
"Regular Baseline","2026-05-30",2,"2026-06-13","Pediatrics","quantile","0.8",150
"Regular Baseline","2026-05-30",2,"2026-06-13","Pediatrics","quantile","0.85",162
"Regular Baseline","2026-05-30",2,"2026-06-13","Pediatrics","quantile","0.9",180
"Regular Baseline","2026-05-30",2,"2026-06-13","Pediatrics","quantile","0.95",207
"Regular Baseline","2026-05-30",2,"2026-06-13","Pediatrics","quantile","0.975",232
"Regular Baseline","2026-05-30",2,"2026-06-13","Pediatrics","quantile","0.99",265
"Regular Baseline","2026-05-30",3,"2026-06-20","Pediatrics","quantile","0.01",10
"Regular Baseline","2026-05-30",3,"2026-06-20","Pediatrics","quantile","0.025",19
"Regular Baseline","2026-05-30",3,"2026-06-20","Pediatrics","quantile","0.05",29
"Regular Baseline","2026-05-30",3,"2026-06-20","Pediatrics","quantile","0.1",42
"Regular Baseline","2026-05-30",3,"2026-06-20","Pediatrics","quantile","0.15",51
"Regular Baseline","2026-05-30",3,"2026-06-20","Pediatrics","quantile","0.2",59
"Regular Baseline","2026-05-30",3,"2026-06-20","Pediatrics","quantile","0.25",67
"Regular Baseline","2026-05-30",3,"2026-06-20","Pediatrics","quantile","0.3",73
"Regular Baseline","2026-05-30",3,"2026-06-20","Pediatrics","quantile","0.35",80
"Regular Baseline","2026-05-30",3,"2026-06-20","Pediatrics","quantile","0.4",87
"Regular Baseline","2026-05-30",3,"2026-06-20","Pediatrics","quantile","0.45",93
"Regular Baseline","2026-05-30",3,"2026-06-20","Pediatrics","quantile","0.5",100
"Regular Baseline","2026-05-30",3,"2026-06-20","Pediatrics","quantile","0.55",107
"Regular Baseline","2026-05-30",3,"2026-06-20","Pediatrics","quantile","0.6",115
"Regular Baseline","2026-05-30",3,"2026-06-20","Pediatrics","quantile","0.65",123
"Regular Baseline","2026-05-30",3,"2026-06-20","Pediatrics","quantile","0.7",131
"Regular Baseline","2026-05-30",3,"2026-06-20","Pediatrics","quantile","0.75",142
"Regular Baseline","2026-05-30",3,"2026-06-20","Pediatrics","quantile","0.8",153
"Regular Baseline","2026-05-30",3,"2026-06-20","Pediatrics","quantile","0.85",168
"Regular Baseline","2026-05-30",3,"2026-06-20","Pediatrics","quantile","0.9",186
"Regular Baseline","2026-05-30",3,"2026-06-20","Pediatrics","quantile","0.95",214
"Regular Baseline","2026-05-30",3,"2026-06-20","Pediatrics","quantile","0.975",244
"Regular Baseline","2026-05-30",3,"2026-06-20","Pediatrics","quantile","0.99",282
"Seasonal Baseline","2026-05-30",-3,"2026-05-09","Adults","quantile","0.01",72
"Seasonal Baseline","2026-05-30",-3,"2026-05-09","Adults","quantile","0.025",78
"Seasonal Baseline","2026-05-30",-3,"2026-05-09","Adults","quantile","0.05",86
"Seasonal Baseline","2026-05-30",-3,"2026-05-09","Adults","quantile","0.1",96
"Seasonal Baseline","2026-05-30",-3,"2026-05-09","Adults","quantile","0.15",103
"Seasonal Baseline","2026-05-30",-3,"2026-05-09","Adults","quantile","0.2",109
"Seasonal Baseline","2026-05-30",-3,"2026-05-09","Adults","quantile","0.25",114
"Seasonal Baseline","2026-05-30",-3,"2026-05-09","Adults","quantile","0.3",118
"Seasonal Baseline","2026-05-30",-3,"2026-05-09","Adults","quantile","0.35",123
"Seasonal Baseline","2026-05-30",-3,"2026-05-09","Adults","quantile","0.4",128
"Seasonal Baseline","2026-05-30",-3,"2026-05-09","Adults","quantile","0.45",132
"Seasonal Baseline","2026-05-30",-3,"2026-05-09","Adults","quantile","0.5",137
"Seasonal Baseline","2026-05-30",-3,"2026-05-09","Adults","quantile","0.55",141
"Seasonal Baseline","2026-05-30",-3,"2026-05-09","Adults","quantile","0.6",146
"Seasonal Baseline","2026-05-30",-3,"2026-05-09","Adults","quantile","0.65",152
"Seasonal Baseline","2026-05-30",-3,"2026-05-09","Adults","quantile","0.7",159
"Seasonal Baseline","2026-05-30",-3,"2026-05-09","Adults","quantile","0.75",165
"Seasonal Baseline","2026-05-30",-3,"2026-05-09","Adults","quantile","0.8",172
"Seasonal Baseline","2026-05-30",-3,"2026-05-09","Adults","quantile","0.85",182
"Seasonal Baseline","2026-05-30",-3,"2026-05-09","Adults","quantile","0.9",194
"Seasonal Baseline","2026-05-30",-3,"2026-05-09","Adults","quantile","0.95",214
"Seasonal Baseline","2026-05-30",-3,"2026-05-09","Adults","quantile","0.975",235
"Seasonal Baseline","2026-05-30",-3,"2026-05-09","Adults","quantile","0.99",258
"Seasonal Baseline","2026-05-30",-2,"2026-05-16","Adults","quantile","0.01",75
"Seasonal Baseline","2026-05-30",-2,"2026-05-16","Adults","quantile","0.025",82
"Seasonal Baseline","2026-05-30",-2,"2026-05-16","Adults","quantile","0.05",90
"Seasonal Baseline","2026-05-30",-2,"2026-05-16","Adults","quantile","0.1",99
"Seasonal Baseline","2026-05-30",-2,"2026-05-16","Adults","quantile","0.15",106
"Seasonal Baseline","2026-05-30",-2,"2026-05-16","Adults","quantile","0.2",112
"Seasonal Baseline","2026-05-30",-2,"2026-05-16","Adults","quantile","0.25",118
"Seasonal Baseline","2026-05-30",-2,"2026-05-16","Adults","quantile","0.3",123
"Seasonal Baseline","2026-05-30",-2,"2026-05-16","Adults","quantile","0.35",128
"Seasonal Baseline","2026-05-30",-2,"2026-05-16","Adults","quantile","0.4",133
"Seasonal Baseline","2026-05-30",-2,"2026-05-16","Adults","quantile","0.45",138
"Seasonal Baseline","2026-05-30",-2,"2026-05-16","Adults","quantile","0.5",142
"Seasonal Baseline","2026-05-30",-2,"2026-05-16","Adults","quantile","0.55",148
"Seasonal Baseline","2026-05-30",-2,"2026-05-16","Adults","quantile","0.6",153
"Seasonal Baseline","2026-05-30",-2,"2026-05-16","Adults","quantile","0.65",159
"Seasonal Baseline","2026-05-30",-2,"2026-05-16","Adults","quantile","0.7",165
"Seasonal Baseline","2026-05-30",-2,"2026-05-16","Adults","quantile","0.75",172
"Seasonal Baseline","2026-05-30",-2,"2026-05-16","Adults","quantile","0.8",180
"Seasonal Baseline","2026-05-30",-2,"2026-05-16","Adults","quantile","0.85",190
"Seasonal Baseline","2026-05-30",-2,"2026-05-16","Adults","quantile","0.9",204
"Seasonal Baseline","2026-05-30",-2,"2026-05-16","Adults","quantile","0.95",225
"Seasonal Baseline","2026-05-30",-2,"2026-05-16","Adults","quantile","0.975",245
"Seasonal Baseline","2026-05-30",-2,"2026-05-16","Adults","quantile","0.99",272
"Seasonal Baseline","2026-05-30",-1,"2026-05-23","Adults","quantile","0.01",78
"Seasonal Baseline","2026-05-30",-1,"2026-05-23","Adults","quantile","0.025",86
"Seasonal Baseline","2026-05-30",-1,"2026-05-23","Adults","quantile","0.05",93
"Seasonal Baseline","2026-05-30",-1,"2026-05-23","Adults","quantile","0.1",103
"Seasonal Baseline","2026-05-30",-1,"2026-05-23","Adults","quantile","0.15",110
"Seasonal Baseline","2026-05-30",-1,"2026-05-23","Adults","quantile","0.2",117
"Seasonal Baseline","2026-05-30",-1,"2026-05-23","Adults","quantile","0.25",122
"Seasonal Baseline","2026-05-30",-1,"2026-05-23","Adults","quantile","0.3",127
"Seasonal Baseline","2026-05-30",-1,"2026-05-23","Adults","quantile","0.35",132
"Seasonal Baseline","2026-05-30",-1,"2026-05-23","Adults","quantile","0.4",138
"Seasonal Baseline","2026-05-30",-1,"2026-05-23","Adults","quantile","0.45",143
"Seasonal Baseline","2026-05-30",-1,"2026-05-23","Adults","quantile","0.5",147
"Seasonal Baseline","2026-05-30",-1,"2026-05-23","Adults","quantile","0.55",153
"Seasonal Baseline","2026-05-30",-1,"2026-05-23","Adults","quantile","0.6",158
"Seasonal Baseline","2026-05-30",-1,"2026-05-23","Adults","quantile","0.65",165
"Seasonal Baseline","2026-05-30",-1,"2026-05-23","Adults","quantile","0.7",171
"Seasonal Baseline","2026-05-30",-1,"2026-05-23","Adults","quantile","0.75",178
"Seasonal Baseline","2026-05-30",-1,"2026-05-23","Adults","quantile","0.8",187
"Seasonal Baseline","2026-05-30",-1,"2026-05-23","Adults","quantile","0.85",198
"Seasonal Baseline","2026-05-30",-1,"2026-05-23","Adults","quantile","0.9",212
"Seasonal Baseline","2026-05-30",-1,"2026-05-23","Adults","quantile","0.95",235
"Seasonal Baseline","2026-05-30",-1,"2026-05-23","Adults","quantile","0.975",256
"Seasonal Baseline","2026-05-30",-1,"2026-05-23","Adults","quantile","0.99",282
"Seasonal Baseline","2026-05-30",0,"2026-05-30","Adults","quantile","0.01",78
"Seasonal Baseline","2026-05-30",0,"2026-05-30","Adults","quantile","0.025",88
"Seasonal Baseline","2026-05-30",0,"2026-05-30","Adults","quantile","0.05",95
"Seasonal Baseline","2026-05-30",0,"2026-05-30","Adults","quantile","0.1",105
"Seasonal Baseline","2026-05-30",0,"2026-05-30","Adults","quantile","0.15",113
"Seasonal Baseline","2026-05-30",0,"2026-05-30","Adults","quantile","0.2",119
"Seasonal Baseline","2026-05-30",0,"2026-05-30","Adults","quantile","0.25",124
"Seasonal Baseline","2026-05-30",0,"2026-05-30","Adults","quantile","0.3",130
"Seasonal Baseline","2026-05-30",0,"2026-05-30","Adults","quantile","0.35",135
"Seasonal Baseline","2026-05-30",0,"2026-05-30","Adults","quantile","0.4",140
"Seasonal Baseline","2026-05-30",0,"2026-05-30","Adults","quantile","0.45",146
"Seasonal Baseline","2026-05-30",0,"2026-05-30","Adults","quantile","0.5",151
"Seasonal Baseline","2026-05-30",0,"2026-05-30","Adults","quantile","0.55",157
"Seasonal Baseline","2026-05-30",0,"2026-05-30","Adults","quantile","0.6",162
"Seasonal Baseline","2026-05-30",0,"2026-05-30","Adults","quantile","0.65",168
"Seasonal Baseline","2026-05-30",0,"2026-05-30","Adults","quantile","0.7",175
"Seasonal Baseline","2026-05-30",0,"2026-05-30","Adults","quantile","0.75",182
"Seasonal Baseline","2026-05-30",0,"2026-05-30","Adults","quantile","0.8",191
"Seasonal Baseline","2026-05-30",0,"2026-05-30","Adults","quantile","0.85",201
"Seasonal Baseline","2026-05-30",0,"2026-05-30","Adults","quantile","0.9",215
"Seasonal Baseline","2026-05-30",0,"2026-05-30","Adults","quantile","0.95",239
"Seasonal Baseline","2026-05-30",0,"2026-05-30","Adults","quantile","0.975",261
"Seasonal Baseline","2026-05-30",0,"2026-05-30","Adults","quantile","0.99",285
"Seasonal Baseline","2026-05-30",1,"2026-06-06","Adults","quantile","0.01",80
"Seasonal Baseline","2026-05-30",1,"2026-06-06","Adults","quantile","0.025",88
"Seasonal Baseline","2026-05-30",1,"2026-06-06","Adults","quantile","0.05",96
"Seasonal Baseline","2026-05-30",1,"2026-06-06","Adults","quantile","0.1",106
"Seasonal Baseline","2026-05-30",1,"2026-06-06","Adults","quantile","0.15",114
"Seasonal Baseline","2026-05-30",1,"2026-06-06","Adults","quantile","0.2",120
"Seasonal Baseline","2026-05-30",1,"2026-06-06","Adults","quantile","0.25",126
"Seasonal Baseline","2026-05-30",1,"2026-06-06","Adults","quantile","0.3",131
"Seasonal Baseline","2026-05-30",1,"2026-06-06","Adults","quantile","0.35",137
"Seasonal Baseline","2026-05-30",1,"2026-06-06","Adults","quantile","0.4",142
"Seasonal Baseline","2026-05-30",1,"2026-06-06","Adults","quantile","0.45",146
"Seasonal Baseline","2026-05-30",1,"2026-06-06","Adults","quantile","0.5",152
"Seasonal Baseline","2026-05-30",1,"2026-06-06","Adults","quantile","0.55",157
"Seasonal Baseline","2026-05-30",1,"2026-06-06","Adults","quantile","0.6",163
"Seasonal Baseline","2026-05-30",1,"2026-06-06","Adults","quantile","0.65",168
"Seasonal Baseline","2026-05-30",1,"2026-06-06","Adults","quantile","0.7",175
"Seasonal Baseline","2026-05-30",1,"2026-06-06","Adults","quantile","0.75",182
"Seasonal Baseline","2026-05-30",1,"2026-06-06","Adults","quantile","0.8",190
"Seasonal Baseline","2026-05-30",1,"2026-06-06","Adults","quantile","0.85",200
"Seasonal Baseline","2026-05-30",1,"2026-06-06","Adults","quantile","0.9",214
"Seasonal Baseline","2026-05-30",1,"2026-06-06","Adults","quantile","0.95",239
"Seasonal Baseline","2026-05-30",1,"2026-06-06","Adults","quantile","0.975",261
"Seasonal Baseline","2026-05-30",1,"2026-06-06","Adults","quantile","0.99",288
"Seasonal Baseline","2026-05-30",2,"2026-06-13","Adults","quantile","0.01",79
"Seasonal Baseline","2026-05-30",2,"2026-06-13","Adults","quantile","0.025",87
"Seasonal Baseline","2026-05-30",2,"2026-06-13","Adults","quantile","0.05",96
"Seasonal Baseline","2026-05-30",2,"2026-06-13","Adults","quantile","0.1",107
"Seasonal Baseline","2026-05-30",2,"2026-06-13","Adults","quantile","0.15",114
"Seasonal Baseline","2026-05-30",2,"2026-06-13","Adults","quantile","0.2",120
"Seasonal Baseline","2026-05-30",2,"2026-06-13","Adults","quantile","0.25",126
"Seasonal Baseline","2026-05-30",2,"2026-06-13","Adults","quantile","0.3",132
"Seasonal Baseline","2026-05-30",2,"2026-06-13","Adults","quantile","0.35",137
"Seasonal Baseline","2026-05-30",2,"2026-06-13","Adults","quantile","0.4",142
"Seasonal Baseline","2026-05-30",2,"2026-06-13","Adults","quantile","0.45",147
"Seasonal Baseline","2026-05-30",2,"2026-06-13","Adults","quantile","0.5",152
"Seasonal Baseline","2026-05-30",2,"2026-06-13","Adults","quantile","0.55",157
"Seasonal Baseline","2026-05-30",2,"2026-06-13","Adults","quantile","0.6",163
"Seasonal Baseline","2026-05-30",2,"2026-06-13","Adults","quantile","0.65",168
"Seasonal Baseline","2026-05-30",2,"2026-06-13","Adults","quantile","0.7",175
"Seasonal Baseline","2026-05-30",2,"2026-06-13","Adults","quantile","0.75",182
"Seasonal Baseline","2026-05-30",2,"2026-06-13","Adults","quantile","0.8",190
"Seasonal Baseline","2026-05-30",2,"2026-06-13","Adults","quantile","0.85",201
"Seasonal Baseline","2026-05-30",2,"2026-06-13","Adults","quantile","0.9",215
"Seasonal Baseline","2026-05-30",2,"2026-06-13","Adults","quantile","0.95",238
"Seasonal Baseline","2026-05-30",2,"2026-06-13","Adults","quantile","0.975",259
"Seasonal Baseline","2026-05-30",2,"2026-06-13","Adults","quantile","0.99",286
"Seasonal Baseline","2026-05-30",3,"2026-06-20","Adults","quantile","0.01",81
"Seasonal Baseline","2026-05-30",3,"2026-06-20","Adults","quantile","0.025",89
"Seasonal Baseline","2026-05-30",3,"2026-06-20","Adults","quantile","0.05",96
"Seasonal Baseline","2026-05-30",3,"2026-06-20","Adults","quantile","0.1",106
"Seasonal Baseline","2026-05-30",3,"2026-06-20","Adults","quantile","0.15",114
"Seasonal Baseline","2026-05-30",3,"2026-06-20","Adults","quantile","0.2",120
"Seasonal Baseline","2026-05-30",3,"2026-06-20","Adults","quantile","0.25",125
"Seasonal Baseline","2026-05-30",3,"2026-06-20","Adults","quantile","0.3",130
"Seasonal Baseline","2026-05-30",3,"2026-06-20","Adults","quantile","0.35",135
"Seasonal Baseline","2026-05-30",3,"2026-06-20","Adults","quantile","0.4",140
"Seasonal Baseline","2026-05-30",3,"2026-06-20","Adults","quantile","0.45",146
"Seasonal Baseline","2026-05-30",3,"2026-06-20","Adults","quantile","0.5",151
"Seasonal Baseline","2026-05-30",3,"2026-06-20","Adults","quantile","0.55",156
"Seasonal Baseline","2026-05-30",3,"2026-06-20","Adults","quantile","0.6",162
"Seasonal Baseline","2026-05-30",3,"2026-06-20","Adults","quantile","0.65",168
"Seasonal Baseline","2026-05-30",3,"2026-06-20","Adults","quantile","0.7",174
"Seasonal Baseline","2026-05-30",3,"2026-06-20","Adults","quantile","0.75",182
"Seasonal Baseline","2026-05-30",3,"2026-06-20","Adults","quantile","0.8",190
"Seasonal Baseline","2026-05-30",3,"2026-06-20","Adults","quantile","0.85",201
"Seasonal Baseline","2026-05-30",3,"2026-06-20","Adults","quantile","0.9",214
"Seasonal Baseline","2026-05-30",3,"2026-06-20","Adults","quantile","0.95",236
"Seasonal Baseline","2026-05-30",3,"2026-06-20","Adults","quantile","0.975",256
"Seasonal Baseline","2026-05-30",3,"2026-06-20","Adults","quantile","0.99",281
"Seasonal Baseline","2026-05-30",-3,"2026-05-09","Overall","quantile","0.01",149
"Seasonal Baseline","2026-05-30",-3,"2026-05-09","Overall","quantile","0.025",163
"Seasonal Baseline","2026-05-30",-3,"2026-05-09","Overall","quantile","0.05",176
"Seasonal Baseline","2026-05-30",-3,"2026-05-09","Overall","quantile","0.1",193
"Seasonal Baseline","2026-05-30",-3,"2026-05-09","Overall","quantile","0.15",204
"Seasonal Baseline","2026-05-30",-3,"2026-05-09","Overall","quantile","0.2",214
"Seasonal Baseline","2026-05-30",-3,"2026-05-09","Overall","quantile","0.25",222
"Seasonal Baseline","2026-05-30",-3,"2026-05-09","Overall","quantile","0.3",231
"Seasonal Baseline","2026-05-30",-3,"2026-05-09","Overall","quantile","0.35",239
"Seasonal Baseline","2026-05-30",-3,"2026-05-09","Overall","quantile","0.4",246
"Seasonal Baseline","2026-05-30",-3,"2026-05-09","Overall","quantile","0.45",254
"Seasonal Baseline","2026-05-30",-3,"2026-05-09","Overall","quantile","0.5",262
"Seasonal Baseline","2026-05-30",-3,"2026-05-09","Overall","quantile","0.55",270
"Seasonal Baseline","2026-05-30",-3,"2026-05-09","Overall","quantile","0.6",279
"Seasonal Baseline","2026-05-30",-3,"2026-05-09","Overall","quantile","0.65",288
"Seasonal Baseline","2026-05-30",-3,"2026-05-09","Overall","quantile","0.7",298
"Seasonal Baseline","2026-05-30",-3,"2026-05-09","Overall","quantile","0.75",308
"Seasonal Baseline","2026-05-30",-3,"2026-05-09","Overall","quantile","0.8",321
"Seasonal Baseline","2026-05-30",-3,"2026-05-09","Overall","quantile","0.85",336
"Seasonal Baseline","2026-05-30",-3,"2026-05-09","Overall","quantile","0.9",358
"Seasonal Baseline","2026-05-30",-3,"2026-05-09","Overall","quantile","0.95",393
"Seasonal Baseline","2026-05-30",-3,"2026-05-09","Overall","quantile","0.975",424
"Seasonal Baseline","2026-05-30",-3,"2026-05-09","Overall","quantile","0.99",463
"Seasonal Baseline","2026-05-30",-2,"2026-05-16","Overall","quantile","0.01",162
"Seasonal Baseline","2026-05-30",-2,"2026-05-16","Overall","quantile","0.025",178
"Seasonal Baseline","2026-05-30",-2,"2026-05-16","Overall","quantile","0.05",191
"Seasonal Baseline","2026-05-30",-2,"2026-05-16","Overall","quantile","0.1",208
"Seasonal Baseline","2026-05-30",-2,"2026-05-16","Overall","quantile","0.15",221
"Seasonal Baseline","2026-05-30",-2,"2026-05-16","Overall","quantile","0.2",232
"Seasonal Baseline","2026-05-30",-2,"2026-05-16","Overall","quantile","0.25",242
"Seasonal Baseline","2026-05-30",-2,"2026-05-16","Overall","quantile","0.3",250
"Seasonal Baseline","2026-05-30",-2,"2026-05-16","Overall","quantile","0.35",259
"Seasonal Baseline","2026-05-30",-2,"2026-05-16","Overall","quantile","0.4",267
"Seasonal Baseline","2026-05-30",-2,"2026-05-16","Overall","quantile","0.45",275
"Seasonal Baseline","2026-05-30",-2,"2026-05-16","Overall","quantile","0.5",284
"Seasonal Baseline","2026-05-30",-2,"2026-05-16","Overall","quantile","0.55",293
"Seasonal Baseline","2026-05-30",-2,"2026-05-16","Overall","quantile","0.6",302
"Seasonal Baseline","2026-05-30",-2,"2026-05-16","Overall","quantile","0.65",312
"Seasonal Baseline","2026-05-30",-2,"2026-05-16","Overall","quantile","0.7",323
"Seasonal Baseline","2026-05-30",-2,"2026-05-16","Overall","quantile","0.75",334
"Seasonal Baseline","2026-05-30",-2,"2026-05-16","Overall","quantile","0.8",347
"Seasonal Baseline","2026-05-30",-2,"2026-05-16","Overall","quantile","0.85",366
"Seasonal Baseline","2026-05-30",-2,"2026-05-16","Overall","quantile","0.9",389
"Seasonal Baseline","2026-05-30",-2,"2026-05-16","Overall","quantile","0.95",424
"Seasonal Baseline","2026-05-30",-2,"2026-05-16","Overall","quantile","0.975",458
"Seasonal Baseline","2026-05-30",-2,"2026-05-16","Overall","quantile","0.99",501
"Seasonal Baseline","2026-05-30",-1,"2026-05-23","Overall","quantile","0.01",173
"Seasonal Baseline","2026-05-30",-1,"2026-05-23","Overall","quantile","0.025",191
"Seasonal Baseline","2026-05-30",-1,"2026-05-23","Overall","quantile","0.05",205
"Seasonal Baseline","2026-05-30",-1,"2026-05-23","Overall","quantile","0.1",225
"Seasonal Baseline","2026-05-30",-1,"2026-05-23","Overall","quantile","0.15",238
"Seasonal Baseline","2026-05-30",-1,"2026-05-23","Overall","quantile","0.2",251
"Seasonal Baseline","2026-05-30",-1,"2026-05-23","Overall","quantile","0.25",261
"Seasonal Baseline","2026-05-30",-1,"2026-05-23","Overall","quantile","0.3",271
"Seasonal Baseline","2026-05-30",-1,"2026-05-23","Overall","quantile","0.35",279
"Seasonal Baseline","2026-05-30",-1,"2026-05-23","Overall","quantile","0.4",288
"Seasonal Baseline","2026-05-30",-1,"2026-05-23","Overall","quantile","0.45",298
"Seasonal Baseline","2026-05-30",-1,"2026-05-23","Overall","quantile","0.5",307
"Seasonal Baseline","2026-05-30",-1,"2026-05-23","Overall","quantile","0.55",316
"Seasonal Baseline","2026-05-30",-1,"2026-05-23","Overall","quantile","0.6",325
"Seasonal Baseline","2026-05-30",-1,"2026-05-23","Overall","quantile","0.65",335
"Seasonal Baseline","2026-05-30",-1,"2026-05-23","Overall","quantile","0.7",347
"Seasonal Baseline","2026-05-30",-1,"2026-05-23","Overall","quantile","0.75",361
"Seasonal Baseline","2026-05-30",-1,"2026-05-23","Overall","quantile","0.8",375
"Seasonal Baseline","2026-05-30",-1,"2026-05-23","Overall","quantile","0.85",393
"Seasonal Baseline","2026-05-30",-1,"2026-05-23","Overall","quantile","0.9",416
"Seasonal Baseline","2026-05-30",-1,"2026-05-23","Overall","quantile","0.95",451
"Seasonal Baseline","2026-05-30",-1,"2026-05-23","Overall","quantile","0.975",485
"Seasonal Baseline","2026-05-30",-1,"2026-05-23","Overall","quantile","0.99",536
"Seasonal Baseline","2026-05-30",0,"2026-05-30","Overall","quantile","0.01",181
"Seasonal Baseline","2026-05-30",0,"2026-05-30","Overall","quantile","0.025",198
"Seasonal Baseline","2026-05-30",0,"2026-05-30","Overall","quantile","0.05",214
"Seasonal Baseline","2026-05-30",0,"2026-05-30","Overall","quantile","0.1",233
"Seasonal Baseline","2026-05-30",0,"2026-05-30","Overall","quantile","0.15",248
"Seasonal Baseline","2026-05-30",0,"2026-05-30","Overall","quantile","0.2",260
"Seasonal Baseline","2026-05-30",0,"2026-05-30","Overall","quantile","0.25",270
"Seasonal Baseline","2026-05-30",0,"2026-05-30","Overall","quantile","0.3",281
"Seasonal Baseline","2026-05-30",0,"2026-05-30","Overall","quantile","0.35",290
"Seasonal Baseline","2026-05-30",0,"2026-05-30","Overall","quantile","0.4",299
"Seasonal Baseline","2026-05-30",0,"2026-05-30","Overall","quantile","0.45",308
"Seasonal Baseline","2026-05-30",0,"2026-05-30","Overall","quantile","0.5",317
"Seasonal Baseline","2026-05-30",0,"2026-05-30","Overall","quantile","0.55",326
"Seasonal Baseline","2026-05-30",0,"2026-05-30","Overall","quantile","0.6",337
"Seasonal Baseline","2026-05-30",0,"2026-05-30","Overall","quantile","0.65",349
"Seasonal Baseline","2026-05-30",0,"2026-05-30","Overall","quantile","0.7",361
"Seasonal Baseline","2026-05-30",0,"2026-05-30","Overall","quantile","0.75",375
"Seasonal Baseline","2026-05-30",0,"2026-05-30","Overall","quantile","0.8",390
"Seasonal Baseline","2026-05-30",0,"2026-05-30","Overall","quantile","0.85",410
"Seasonal Baseline","2026-05-30",0,"2026-05-30","Overall","quantile","0.9",436
"Seasonal Baseline","2026-05-30",0,"2026-05-30","Overall","quantile","0.95",477
"Seasonal Baseline","2026-05-30",0,"2026-05-30","Overall","quantile","0.975",515
"Seasonal Baseline","2026-05-30",0,"2026-05-30","Overall","quantile","0.99",564
"Seasonal Baseline","2026-05-30",1,"2026-06-06","Overall","quantile","0.01",179
"Seasonal Baseline","2026-05-30",1,"2026-06-06","Overall","quantile","0.025",196
"Seasonal Baseline","2026-05-30",1,"2026-06-06","Overall","quantile","0.05",211
"Seasonal Baseline","2026-05-30",1,"2026-06-06","Overall","quantile","0.1",234
"Seasonal Baseline","2026-05-30",1,"2026-06-06","Overall","quantile","0.15",249
"Seasonal Baseline","2026-05-30",1,"2026-06-06","Overall","quantile","0.2",261
"Seasonal Baseline","2026-05-30",1,"2026-06-06","Overall","quantile","0.25",272
"Seasonal Baseline","2026-05-30",1,"2026-06-06","Overall","quantile","0.3",283
"Seasonal Baseline","2026-05-30",1,"2026-06-06","Overall","quantile","0.35",292
"Seasonal Baseline","2026-05-30",1,"2026-06-06","Overall","quantile","0.4",301
"Seasonal Baseline","2026-05-30",1,"2026-06-06","Overall","quantile","0.45",311
"Seasonal Baseline","2026-05-30",1,"2026-06-06","Overall","quantile","0.5",320
"Seasonal Baseline","2026-05-30",1,"2026-06-06","Overall","quantile","0.55",330
"Seasonal Baseline","2026-05-30",1,"2026-06-06","Overall","quantile","0.6",341
"Seasonal Baseline","2026-05-30",1,"2026-06-06","Overall","quantile","0.65",352
"Seasonal Baseline","2026-05-30",1,"2026-06-06","Overall","quantile","0.7",364
"Seasonal Baseline","2026-05-30",1,"2026-06-06","Overall","quantile","0.75",378
"Seasonal Baseline","2026-05-30",1,"2026-06-06","Overall","quantile","0.8",394
"Seasonal Baseline","2026-05-30",1,"2026-06-06","Overall","quantile","0.85",414
"Seasonal Baseline","2026-05-30",1,"2026-06-06","Overall","quantile","0.9",438
"Seasonal Baseline","2026-05-30",1,"2026-06-06","Overall","quantile","0.95",477
"Seasonal Baseline","2026-05-30",1,"2026-06-06","Overall","quantile","0.975",513
"Seasonal Baseline","2026-05-30",1,"2026-06-06","Overall","quantile","0.99",563
"Seasonal Baseline","2026-05-30",2,"2026-06-13","Overall","quantile","0.01",176
"Seasonal Baseline","2026-05-30",2,"2026-06-13","Overall","quantile","0.025",195
"Seasonal Baseline","2026-05-30",2,"2026-06-13","Overall","quantile","0.05",211
"Seasonal Baseline","2026-05-30",2,"2026-06-13","Overall","quantile","0.1",231
"Seasonal Baseline","2026-05-30",2,"2026-06-13","Overall","quantile","0.15",245
"Seasonal Baseline","2026-05-30",2,"2026-06-13","Overall","quantile","0.2",256
"Seasonal Baseline","2026-05-30",2,"2026-06-13","Overall","quantile","0.25",267
"Seasonal Baseline","2026-05-30",2,"2026-06-13","Overall","quantile","0.3",277
"Seasonal Baseline","2026-05-30",2,"2026-06-13","Overall","quantile","0.35",286
"Seasonal Baseline","2026-05-30",2,"2026-06-13","Overall","quantile","0.4",295
"Seasonal Baseline","2026-05-30",2,"2026-06-13","Overall","quantile","0.45",305
"Seasonal Baseline","2026-05-30",2,"2026-06-13","Overall","quantile","0.5",314
"Seasonal Baseline","2026-05-30",2,"2026-06-13","Overall","quantile","0.55",325
"Seasonal Baseline","2026-05-30",2,"2026-06-13","Overall","quantile","0.6",335
"Seasonal Baseline","2026-05-30",2,"2026-06-13","Overall","quantile","0.65",346
"Seasonal Baseline","2026-05-30",2,"2026-06-13","Overall","quantile","0.7",359
"Seasonal Baseline","2026-05-30",2,"2026-06-13","Overall","quantile","0.75",373
"Seasonal Baseline","2026-05-30",2,"2026-06-13","Overall","quantile","0.8",389
"Seasonal Baseline","2026-05-30",2,"2026-06-13","Overall","quantile","0.85",408
"Seasonal Baseline","2026-05-30",2,"2026-06-13","Overall","quantile","0.9",434
"Seasonal Baseline","2026-05-30",2,"2026-06-13","Overall","quantile","0.95",472
"Seasonal Baseline","2026-05-30",2,"2026-06-13","Overall","quantile","0.975",508
"Seasonal Baseline","2026-05-30",2,"2026-06-13","Overall","quantile","0.99",555
"Seasonal Baseline","2026-05-30",3,"2026-06-20","Overall","quantile","0.01",173
"Seasonal Baseline","2026-05-30",3,"2026-06-20","Overall","quantile","0.025",189
"Seasonal Baseline","2026-05-30",3,"2026-06-20","Overall","quantile","0.05",203
"Seasonal Baseline","2026-05-30",3,"2026-06-20","Overall","quantile","0.1",221
"Seasonal Baseline","2026-05-30",3,"2026-06-20","Overall","quantile","0.15",234
"Seasonal Baseline","2026-05-30",3,"2026-06-20","Overall","quantile","0.2",245
"Seasonal Baseline","2026-05-30",3,"2026-06-20","Overall","quantile","0.25",255
"Seasonal Baseline","2026-05-30",3,"2026-06-20","Overall","quantile","0.3",265
"Seasonal Baseline","2026-05-30",3,"2026-06-20","Overall","quantile","0.35",274
"Seasonal Baseline","2026-05-30",3,"2026-06-20","Overall","quantile","0.4",283
"Seasonal Baseline","2026-05-30",3,"2026-06-20","Overall","quantile","0.45",292
"Seasonal Baseline","2026-05-30",3,"2026-06-20","Overall","quantile","0.5",301
"Seasonal Baseline","2026-05-30",3,"2026-06-20","Overall","quantile","0.55",310
"Seasonal Baseline","2026-05-30",3,"2026-06-20","Overall","quantile","0.6",321
"Seasonal Baseline","2026-05-30",3,"2026-06-20","Overall","quantile","0.65",331
"Seasonal Baseline","2026-05-30",3,"2026-06-20","Overall","quantile","0.7",342
"Seasonal Baseline","2026-05-30",3,"2026-06-20","Overall","quantile","0.75",355
"Seasonal Baseline","2026-05-30",3,"2026-06-20","Overall","quantile","0.8",370
"Seasonal Baseline","2026-05-30",3,"2026-06-20","Overall","quantile","0.85",388
"Seasonal Baseline","2026-05-30",3,"2026-06-20","Overall","quantile","0.9",414
"Seasonal Baseline","2026-05-30",3,"2026-06-20","Overall","quantile","0.95",450
"Seasonal Baseline","2026-05-30",3,"2026-06-20","Overall","quantile","0.975",483
"Seasonal Baseline","2026-05-30",3,"2026-06-20","Overall","quantile","0.99",526
"Seasonal Baseline","2026-05-30",-3,"2026-05-09","Pediatrics","quantile","0.01",47
"Seasonal Baseline","2026-05-30",-3,"2026-05-09","Pediatrics","quantile","0.025",54
"Seasonal Baseline","2026-05-30",-3,"2026-05-09","Pediatrics","quantile","0.05",61
"Seasonal Baseline","2026-05-30",-3,"2026-05-09","Pediatrics","quantile","0.1",70
"Seasonal Baseline","2026-05-30",-3,"2026-05-09","Pediatrics","quantile","0.15",77
"Seasonal Baseline","2026-05-30",-3,"2026-05-09","Pediatrics","quantile","0.2",82
"Seasonal Baseline","2026-05-30",-3,"2026-05-09","Pediatrics","quantile","0.25",87
"Seasonal Baseline","2026-05-30",-3,"2026-05-09","Pediatrics","quantile","0.3",93
"Seasonal Baseline","2026-05-30",-3,"2026-05-09","Pediatrics","quantile","0.35",98
"Seasonal Baseline","2026-05-30",-3,"2026-05-09","Pediatrics","quantile","0.4",103
"Seasonal Baseline","2026-05-30",-3,"2026-05-09","Pediatrics","quantile","0.45",108
"Seasonal Baseline","2026-05-30",-3,"2026-05-09","Pediatrics","quantile","0.5",114
"Seasonal Baseline","2026-05-30",-3,"2026-05-09","Pediatrics","quantile","0.55",119
"Seasonal Baseline","2026-05-30",-3,"2026-05-09","Pediatrics","quantile","0.6",125
"Seasonal Baseline","2026-05-30",-3,"2026-05-09","Pediatrics","quantile","0.65",132
"Seasonal Baseline","2026-05-30",-3,"2026-05-09","Pediatrics","quantile","0.7",139
"Seasonal Baseline","2026-05-30",-3,"2026-05-09","Pediatrics","quantile","0.75",148
"Seasonal Baseline","2026-05-30",-3,"2026-05-09","Pediatrics","quantile","0.8",157
"Seasonal Baseline","2026-05-30",-3,"2026-05-09","Pediatrics","quantile","0.85",170
"Seasonal Baseline","2026-05-30",-3,"2026-05-09","Pediatrics","quantile","0.9",186
"Seasonal Baseline","2026-05-30",-3,"2026-05-09","Pediatrics","quantile","0.95",214
"Seasonal Baseline","2026-05-30",-3,"2026-05-09","Pediatrics","quantile","0.975",238
"Seasonal Baseline","2026-05-30",-3,"2026-05-09","Pediatrics","quantile","0.99",274
"Seasonal Baseline","2026-05-30",-2,"2026-05-16","Pediatrics","quantile","0.01",52
"Seasonal Baseline","2026-05-30",-2,"2026-05-16","Pediatrics","quantile","0.025",60
"Seasonal Baseline","2026-05-30",-2,"2026-05-16","Pediatrics","quantile","0.05",67
"Seasonal Baseline","2026-05-30",-2,"2026-05-16","Pediatrics","quantile","0.1",77
"Seasonal Baseline","2026-05-30",-2,"2026-05-16","Pediatrics","quantile","0.15",84
"Seasonal Baseline","2026-05-30",-2,"2026-05-16","Pediatrics","quantile","0.2",91
"Seasonal Baseline","2026-05-30",-2,"2026-05-16","Pediatrics","quantile","0.25",97
"Seasonal Baseline","2026-05-30",-2,"2026-05-16","Pediatrics","quantile","0.3",104
"Seasonal Baseline","2026-05-30",-2,"2026-05-16","Pediatrics","quantile","0.35",110
"Seasonal Baseline","2026-05-30",-2,"2026-05-16","Pediatrics","quantile","0.4",115
"Seasonal Baseline","2026-05-30",-2,"2026-05-16","Pediatrics","quantile","0.45",121
"Seasonal Baseline","2026-05-30",-2,"2026-05-16","Pediatrics","quantile","0.5",127
"Seasonal Baseline","2026-05-30",-2,"2026-05-16","Pediatrics","quantile","0.55",134
"Seasonal Baseline","2026-05-30",-2,"2026-05-16","Pediatrics","quantile","0.6",141
"Seasonal Baseline","2026-05-30",-2,"2026-05-16","Pediatrics","quantile","0.65",148
"Seasonal Baseline","2026-05-30",-2,"2026-05-16","Pediatrics","quantile","0.7",156
"Seasonal Baseline","2026-05-30",-2,"2026-05-16","Pediatrics","quantile","0.75",164
"Seasonal Baseline","2026-05-30",-2,"2026-05-16","Pediatrics","quantile","0.8",175
"Seasonal Baseline","2026-05-30",-2,"2026-05-16","Pediatrics","quantile","0.85",189
"Seasonal Baseline","2026-05-30",-2,"2026-05-16","Pediatrics","quantile","0.9",207
"Seasonal Baseline","2026-05-30",-2,"2026-05-16","Pediatrics","quantile","0.95",238
"Seasonal Baseline","2026-05-30",-2,"2026-05-16","Pediatrics","quantile","0.975",264
"Seasonal Baseline","2026-05-30",-2,"2026-05-16","Pediatrics","quantile","0.99",306
"Seasonal Baseline","2026-05-30",-1,"2026-05-23","Pediatrics","quantile","0.01",56
"Seasonal Baseline","2026-05-30",-1,"2026-05-23","Pediatrics","quantile","0.025",65
"Seasonal Baseline","2026-05-30",-1,"2026-05-23","Pediatrics","quantile","0.05",73
"Seasonal Baseline","2026-05-30",-1,"2026-05-23","Pediatrics","quantile","0.1",84
"Seasonal Baseline","2026-05-30",-1,"2026-05-23","Pediatrics","quantile","0.15",92
"Seasonal Baseline","2026-05-30",-1,"2026-05-23","Pediatrics","quantile","0.2",99
"Seasonal Baseline","2026-05-30",-1,"2026-05-23","Pediatrics","quantile","0.25",106
"Seasonal Baseline","2026-05-30",-1,"2026-05-23","Pediatrics","quantile","0.3",112
"Seasonal Baseline","2026-05-30",-1,"2026-05-23","Pediatrics","quantile","0.35",118
"Seasonal Baseline","2026-05-30",-1,"2026-05-23","Pediatrics","quantile","0.4",124
"Seasonal Baseline","2026-05-30",-1,"2026-05-23","Pediatrics","quantile","0.45",130
"Seasonal Baseline","2026-05-30",-1,"2026-05-23","Pediatrics","quantile","0.5",137
"Seasonal Baseline","2026-05-30",-1,"2026-05-23","Pediatrics","quantile","0.55",143
"Seasonal Baseline","2026-05-30",-1,"2026-05-23","Pediatrics","quantile","0.6",150
"Seasonal Baseline","2026-05-30",-1,"2026-05-23","Pediatrics","quantile","0.65",158
"Seasonal Baseline","2026-05-30",-1,"2026-05-23","Pediatrics","quantile","0.7",167
"Seasonal Baseline","2026-05-30",-1,"2026-05-23","Pediatrics","quantile","0.75",178
"Seasonal Baseline","2026-05-30",-1,"2026-05-23","Pediatrics","quantile","0.8",189
"Seasonal Baseline","2026-05-30",-1,"2026-05-23","Pediatrics","quantile","0.85",204
"Seasonal Baseline","2026-05-30",-1,"2026-05-23","Pediatrics","quantile","0.9",223
"Seasonal Baseline","2026-05-30",-1,"2026-05-23","Pediatrics","quantile","0.95",256
"Seasonal Baseline","2026-05-30",-1,"2026-05-23","Pediatrics","quantile","0.975",290
"Seasonal Baseline","2026-05-30",-1,"2026-05-23","Pediatrics","quantile","0.99",328
"Seasonal Baseline","2026-05-30",0,"2026-05-30","Pediatrics","quantile","0.01",60
"Seasonal Baseline","2026-05-30",0,"2026-05-30","Pediatrics","quantile","0.025",69
"Seasonal Baseline","2026-05-30",0,"2026-05-30","Pediatrics","quantile","0.05",78
"Seasonal Baseline","2026-05-30",0,"2026-05-30","Pediatrics","quantile","0.1",90
"Seasonal Baseline","2026-05-30",0,"2026-05-30","Pediatrics","quantile","0.15",99
"Seasonal Baseline","2026-05-30",0,"2026-05-30","Pediatrics","quantile","0.2",106
"Seasonal Baseline","2026-05-30",0,"2026-05-30","Pediatrics","quantile","0.25",113
"Seasonal Baseline","2026-05-30",0,"2026-05-30","Pediatrics","quantile","0.3",119
"Seasonal Baseline","2026-05-30",0,"2026-05-30","Pediatrics","quantile","0.35",125
"Seasonal Baseline","2026-05-30",0,"2026-05-30","Pediatrics","quantile","0.4",132
"Seasonal Baseline","2026-05-30",0,"2026-05-30","Pediatrics","quantile","0.45",139
"Seasonal Baseline","2026-05-30",0,"2026-05-30","Pediatrics","quantile","0.5",146
"Seasonal Baseline","2026-05-30",0,"2026-05-30","Pediatrics","quantile","0.55",153
"Seasonal Baseline","2026-05-30",0,"2026-05-30","Pediatrics","quantile","0.6",160
"Seasonal Baseline","2026-05-30",0,"2026-05-30","Pediatrics","quantile","0.65",169
"Seasonal Baseline","2026-05-30",0,"2026-05-30","Pediatrics","quantile","0.7",178
"Seasonal Baseline","2026-05-30",0,"2026-05-30","Pediatrics","quantile","0.75",188
"Seasonal Baseline","2026-05-30",0,"2026-05-30","Pediatrics","quantile","0.8",201
"Seasonal Baseline","2026-05-30",0,"2026-05-30","Pediatrics","quantile","0.85",216
"Seasonal Baseline","2026-05-30",0,"2026-05-30","Pediatrics","quantile","0.9",237
"Seasonal Baseline","2026-05-30",0,"2026-05-30","Pediatrics","quantile","0.95",272
"Seasonal Baseline","2026-05-30",0,"2026-05-30","Pediatrics","quantile","0.975",306
"Seasonal Baseline","2026-05-30",0,"2026-05-30","Pediatrics","quantile","0.99",350
"Seasonal Baseline","2026-05-30",1,"2026-06-06","Pediatrics","quantile","0.01",60
"Seasonal Baseline","2026-05-30",1,"2026-06-06","Pediatrics","quantile","0.025",70
"Seasonal Baseline","2026-05-30",1,"2026-06-06","Pediatrics","quantile","0.05",79
"Seasonal Baseline","2026-05-30",1,"2026-06-06","Pediatrics","quantile","0.1",91
"Seasonal Baseline","2026-05-30",1,"2026-06-06","Pediatrics","quantile","0.15",101
"Seasonal Baseline","2026-05-30",1,"2026-06-06","Pediatrics","quantile","0.2",109
"Seasonal Baseline","2026-05-30",1,"2026-06-06","Pediatrics","quantile","0.25",116
"Seasonal Baseline","2026-05-30",1,"2026-06-06","Pediatrics","quantile","0.3",124
"Seasonal Baseline","2026-05-30",1,"2026-06-06","Pediatrics","quantile","0.35",130
"Seasonal Baseline","2026-05-30",1,"2026-06-06","Pediatrics","quantile","0.4",137
"Seasonal Baseline","2026-05-30",1,"2026-06-06","Pediatrics","quantile","0.45",143
"Seasonal Baseline","2026-05-30",1,"2026-06-06","Pediatrics","quantile","0.5",150
"Seasonal Baseline","2026-05-30",1,"2026-06-06","Pediatrics","quantile","0.55",158
"Seasonal Baseline","2026-05-30",1,"2026-06-06","Pediatrics","quantile","0.6",166
"Seasonal Baseline","2026-05-30",1,"2026-06-06","Pediatrics","quantile","0.65",174
"Seasonal Baseline","2026-05-30",1,"2026-06-06","Pediatrics","quantile","0.7",183
"Seasonal Baseline","2026-05-30",1,"2026-06-06","Pediatrics","quantile","0.75",194
"Seasonal Baseline","2026-05-30",1,"2026-06-06","Pediatrics","quantile","0.8",207
"Seasonal Baseline","2026-05-30",1,"2026-06-06","Pediatrics","quantile","0.85",223
"Seasonal Baseline","2026-05-30",1,"2026-06-06","Pediatrics","quantile","0.9",244
"Seasonal Baseline","2026-05-30",1,"2026-06-06","Pediatrics","quantile","0.95",282
"Seasonal Baseline","2026-05-30",1,"2026-06-06","Pediatrics","quantile","0.975",316
"Seasonal Baseline","2026-05-30",1,"2026-06-06","Pediatrics","quantile","0.99",359
"Seasonal Baseline","2026-05-30",2,"2026-06-13","Pediatrics","quantile","0.01",61
"Seasonal Baseline","2026-05-30",2,"2026-06-13","Pediatrics","quantile","0.025",71
"Seasonal Baseline","2026-05-30",2,"2026-06-13","Pediatrics","quantile","0.05",78
"Seasonal Baseline","2026-05-30",2,"2026-06-13","Pediatrics","quantile","0.1",91
"Seasonal Baseline","2026-05-30",2,"2026-06-13","Pediatrics","quantile","0.15",99
"Seasonal Baseline","2026-05-30",2,"2026-06-13","Pediatrics","quantile","0.2",107
"Seasonal Baseline","2026-05-30",2,"2026-06-13","Pediatrics","quantile","0.25",114
"Seasonal Baseline","2026-05-30",2,"2026-06-13","Pediatrics","quantile","0.3",121
"Seasonal Baseline","2026-05-30",2,"2026-06-13","Pediatrics","quantile","0.35",128
"Seasonal Baseline","2026-05-30",2,"2026-06-13","Pediatrics","quantile","0.4",134
"Seasonal Baseline","2026-05-30",2,"2026-06-13","Pediatrics","quantile","0.45",141
"Seasonal Baseline","2026-05-30",2,"2026-06-13","Pediatrics","quantile","0.5",148
"Seasonal Baseline","2026-05-30",2,"2026-06-13","Pediatrics","quantile","0.55",155
"Seasonal Baseline","2026-05-30",2,"2026-06-13","Pediatrics","quantile","0.6",163
"Seasonal Baseline","2026-05-30",2,"2026-06-13","Pediatrics","quantile","0.65",171
"Seasonal Baseline","2026-05-30",2,"2026-06-13","Pediatrics","quantile","0.7",180
"Seasonal Baseline","2026-05-30",2,"2026-06-13","Pediatrics","quantile","0.75",191
"Seasonal Baseline","2026-05-30",2,"2026-06-13","Pediatrics","quantile","0.8",202
"Seasonal Baseline","2026-05-30",2,"2026-06-13","Pediatrics","quantile","0.85",217
"Seasonal Baseline","2026-05-30",2,"2026-06-13","Pediatrics","quantile","0.9",238
"Seasonal Baseline","2026-05-30",2,"2026-06-13","Pediatrics","quantile","0.95",278
"Seasonal Baseline","2026-05-30",2,"2026-06-13","Pediatrics","quantile","0.975",316
"Seasonal Baseline","2026-05-30",2,"2026-06-13","Pediatrics","quantile","0.99",368
"Seasonal Baseline","2026-05-30",3,"2026-06-20","Pediatrics","quantile","0.01",56
"Seasonal Baseline","2026-05-30",3,"2026-06-20","Pediatrics","quantile","0.025",65
"Seasonal Baseline","2026-05-30",3,"2026-06-20","Pediatrics","quantile","0.05",74
"Seasonal Baseline","2026-05-30",3,"2026-06-20","Pediatrics","quantile","0.1",86
"Seasonal Baseline","2026-05-30",3,"2026-06-20","Pediatrics","quantile","0.15",95
"Seasonal Baseline","2026-05-30",3,"2026-06-20","Pediatrics","quantile","0.2",102
"Seasonal Baseline","2026-05-30",3,"2026-06-20","Pediatrics","quantile","0.25",108
"Seasonal Baseline","2026-05-30",3,"2026-06-20","Pediatrics","quantile","0.3",114
"Seasonal Baseline","2026-05-30",3,"2026-06-20","Pediatrics","quantile","0.35",121
"Seasonal Baseline","2026-05-30",3,"2026-06-20","Pediatrics","quantile","0.4",127
"Seasonal Baseline","2026-05-30",3,"2026-06-20","Pediatrics","quantile","0.45",133
"Seasonal Baseline","2026-05-30",3,"2026-06-20","Pediatrics","quantile","0.5",139
"Seasonal Baseline","2026-05-30",3,"2026-06-20","Pediatrics","quantile","0.55",146
"Seasonal Baseline","2026-05-30",3,"2026-06-20","Pediatrics","quantile","0.6",153
"Seasonal Baseline","2026-05-30",3,"2026-06-20","Pediatrics","quantile","0.65",161
"Seasonal Baseline","2026-05-30",3,"2026-06-20","Pediatrics","quantile","0.7",170
"Seasonal Baseline","2026-05-30",3,"2026-06-20","Pediatrics","quantile","0.75",180
"Seasonal Baseline","2026-05-30",3,"2026-06-20","Pediatrics","quantile","0.8",191
"Seasonal Baseline","2026-05-30",3,"2026-06-20","Pediatrics","quantile","0.85",206
"Seasonal Baseline","2026-05-30",3,"2026-06-20","Pediatrics","quantile","0.9",225
"Seasonal Baseline","2026-05-30",3,"2026-06-20","Pediatrics","quantile","0.95",259
"Seasonal Baseline","2026-05-30",3,"2026-06-20","Pediatrics","quantile","0.975",289
"Seasonal Baseline","2026-05-30",3,"2026-06-20","Pediatrics","quantile","0.99",331
"Opt Baseline","2026-05-30",-3,"2026-05-09","Adults","quantile","0.01",85
"Opt Baseline","2026-05-30",-3,"2026-05-09","Adults","quantile","0.025",85
"Opt Baseline","2026-05-30",-3,"2026-05-09","Adults","quantile","0.05",86
"Opt Baseline","2026-05-30",-3,"2026-05-09","Adults","quantile","0.1",99
"Opt Baseline","2026-05-30",-3,"2026-05-09","Adults","quantile","0.15",112
"Opt Baseline","2026-05-30",-3,"2026-05-09","Adults","quantile","0.2",114
"Opt Baseline","2026-05-30",-3,"2026-05-09","Adults","quantile","0.25",115
"Opt Baseline","2026-05-30",-3,"2026-05-09","Adults","quantile","0.3",116
"Opt Baseline","2026-05-30",-3,"2026-05-09","Adults","quantile","0.35",118
"Opt Baseline","2026-05-30",-3,"2026-05-09","Adults","quantile","0.4",119
"Opt Baseline","2026-05-30",-3,"2026-05-09","Adults","quantile","0.45",122
"Opt Baseline","2026-05-30",-3,"2026-05-09","Adults","quantile","0.5",125
"Opt Baseline","2026-05-30",-3,"2026-05-09","Adults","quantile","0.55",128
"Opt Baseline","2026-05-30",-3,"2026-05-09","Adults","quantile","0.6",131
"Opt Baseline","2026-05-30",-3,"2026-05-09","Adults","quantile","0.65",133
"Opt Baseline","2026-05-30",-3,"2026-05-09","Adults","quantile","0.7",134
"Opt Baseline","2026-05-30",-3,"2026-05-09","Adults","quantile","0.75",136
"Opt Baseline","2026-05-30",-3,"2026-05-09","Adults","quantile","0.8",136
"Opt Baseline","2026-05-30",-3,"2026-05-09","Adults","quantile","0.85",139
"Opt Baseline","2026-05-30",-3,"2026-05-09","Adults","quantile","0.9",154
"Opt Baseline","2026-05-30",-3,"2026-05-09","Adults","quantile","0.95",171
"Opt Baseline","2026-05-30",-3,"2026-05-09","Adults","quantile","0.975",172
"Opt Baseline","2026-05-30",-3,"2026-05-09","Adults","quantile","0.99",173
"Opt Baseline","2026-05-30",-2,"2026-05-16","Adults","quantile","0.01",67
"Opt Baseline","2026-05-30",-2,"2026-05-16","Adults","quantile","0.025",77
"Opt Baseline","2026-05-30",-2,"2026-05-16","Adults","quantile","0.05",80
"Opt Baseline","2026-05-30",-2,"2026-05-16","Adults","quantile","0.1",90
"Opt Baseline","2026-05-30",-2,"2026-05-16","Adults","quantile","0.15",96
"Opt Baseline","2026-05-30",-2,"2026-05-16","Adults","quantile","0.2",104
"Opt Baseline","2026-05-30",-2,"2026-05-16","Adults","quantile","0.25",108
"Opt Baseline","2026-05-30",-2,"2026-05-16","Adults","quantile","0.3",112
"Opt Baseline","2026-05-30",-2,"2026-05-16","Adults","quantile","0.35",116
"Opt Baseline","2026-05-30",-2,"2026-05-16","Adults","quantile","0.4",120
"Opt Baseline","2026-05-30",-2,"2026-05-16","Adults","quantile","0.45",123
"Opt Baseline","2026-05-30",-2,"2026-05-16","Adults","quantile","0.5",125
"Opt Baseline","2026-05-30",-2,"2026-05-16","Adults","quantile","0.55",127
"Opt Baseline","2026-05-30",-2,"2026-05-16","Adults","quantile","0.6",130
"Opt Baseline","2026-05-30",-2,"2026-05-16","Adults","quantile","0.65",134
"Opt Baseline","2026-05-30",-2,"2026-05-16","Adults","quantile","0.7",139
"Opt Baseline","2026-05-30",-2,"2026-05-16","Adults","quantile","0.75",143
"Opt Baseline","2026-05-30",-2,"2026-05-16","Adults","quantile","0.8",147
"Opt Baseline","2026-05-30",-2,"2026-05-16","Adults","quantile","0.85",157
"Opt Baseline","2026-05-30",-2,"2026-05-16","Adults","quantile","0.9",165
"Opt Baseline","2026-05-30",-2,"2026-05-16","Adults","quantile","0.95",179
"Opt Baseline","2026-05-30",-2,"2026-05-16","Adults","quantile","0.975",185
"Opt Baseline","2026-05-30",-2,"2026-05-16","Adults","quantile","0.99",197
"Opt Baseline","2026-05-30",-1,"2026-05-23","Adults","quantile","0.01",55
"Opt Baseline","2026-05-30",-1,"2026-05-23","Adults","quantile","0.025",65
"Opt Baseline","2026-05-30",-1,"2026-05-23","Adults","quantile","0.05",73
"Opt Baseline","2026-05-30",-1,"2026-05-23","Adults","quantile","0.1",84
"Opt Baseline","2026-05-30",-1,"2026-05-23","Adults","quantile","0.15",90
"Opt Baseline","2026-05-30",-1,"2026-05-23","Adults","quantile","0.2",98
"Opt Baseline","2026-05-30",-1,"2026-05-23","Adults","quantile","0.25",103
"Opt Baseline","2026-05-30",-1,"2026-05-23","Adults","quantile","0.3",108
"Opt Baseline","2026-05-30",-1,"2026-05-23","Adults","quantile","0.35",113
"Opt Baseline","2026-05-30",-1,"2026-05-23","Adults","quantile","0.4",117
"Opt Baseline","2026-05-30",-1,"2026-05-23","Adults","quantile","0.45",121
"Opt Baseline","2026-05-30",-1,"2026-05-23","Adults","quantile","0.5",125
"Opt Baseline","2026-05-30",-1,"2026-05-23","Adults","quantile","0.55",130
"Opt Baseline","2026-05-30",-1,"2026-05-23","Adults","quantile","0.6",134
"Opt Baseline","2026-05-30",-1,"2026-05-23","Adults","quantile","0.65",138
"Opt Baseline","2026-05-30",-1,"2026-05-23","Adults","quantile","0.7",143
"Opt Baseline","2026-05-30",-1,"2026-05-23","Adults","quantile","0.75",149
"Opt Baseline","2026-05-30",-1,"2026-05-23","Adults","quantile","0.8",156
"Opt Baseline","2026-05-30",-1,"2026-05-23","Adults","quantile","0.85",165
"Opt Baseline","2026-05-30",-1,"2026-05-23","Adults","quantile","0.9",174
"Opt Baseline","2026-05-30",-1,"2026-05-23","Adults","quantile","0.95",190
"Opt Baseline","2026-05-30",-1,"2026-05-23","Adults","quantile","0.975",200
"Opt Baseline","2026-05-30",-1,"2026-05-23","Adults","quantile","0.99",222
"Opt Baseline","2026-05-30",0,"2026-05-30","Adults","quantile","0.01",47
"Opt Baseline","2026-05-30",0,"2026-05-30","Adults","quantile","0.025",57
"Opt Baseline","2026-05-30",0,"2026-05-30","Adults","quantile","0.05",66
"Opt Baseline","2026-05-30",0,"2026-05-30","Adults","quantile","0.1",77
"Opt Baseline","2026-05-30",0,"2026-05-30","Adults","quantile","0.15",86
"Opt Baseline","2026-05-30",0,"2026-05-30","Adults","quantile","0.2",93
"Opt Baseline","2026-05-30",0,"2026-05-30","Adults","quantile","0.25",99
"Opt Baseline","2026-05-30",0,"2026-05-30","Adults","quantile","0.3",105
"Opt Baseline","2026-05-30",0,"2026-05-30","Adults","quantile","0.35",110
"Opt Baseline","2026-05-30",0,"2026-05-30","Adults","quantile","0.4",115
"Opt Baseline","2026-05-30",0,"2026-05-30","Adults","quantile","0.45",120
"Opt Baseline","2026-05-30",0,"2026-05-30","Adults","quantile","0.5",125
"Opt Baseline","2026-05-30",0,"2026-05-30","Adults","quantile","0.55",130
"Opt Baseline","2026-05-30",0,"2026-05-30","Adults","quantile","0.6",135
"Opt Baseline","2026-05-30",0,"2026-05-30","Adults","quantile","0.65",141
"Opt Baseline","2026-05-30",0,"2026-05-30","Adults","quantile","0.7",147
"Opt Baseline","2026-05-30",0,"2026-05-30","Adults","quantile","0.75",153
"Opt Baseline","2026-05-30",0,"2026-05-30","Adults","quantile","0.8",161
"Opt Baseline","2026-05-30",0,"2026-05-30","Adults","quantile","0.85",170
"Opt Baseline","2026-05-30",0,"2026-05-30","Adults","quantile","0.9",182
"Opt Baseline","2026-05-30",0,"2026-05-30","Adults","quantile","0.95",200
"Opt Baseline","2026-05-30",0,"2026-05-30","Adults","quantile","0.975",217
"Opt Baseline","2026-05-30",0,"2026-05-30","Adults","quantile","0.99",239
"Opt Baseline","2026-05-30",1,"2026-06-06","Adults","quantile","0.01",41
"Opt Baseline","2026-05-30",1,"2026-06-06","Adults","quantile","0.025",51
"Opt Baseline","2026-05-30",1,"2026-06-06","Adults","quantile","0.05",61
"Opt Baseline","2026-05-30",1,"2026-06-06","Adults","quantile","0.1",73
"Opt Baseline","2026-05-30",1,"2026-06-06","Adults","quantile","0.15",82
"Opt Baseline","2026-05-30",1,"2026-06-06","Adults","quantile","0.2",90
"Opt Baseline","2026-05-30",1,"2026-06-06","Adults","quantile","0.25",97
"Opt Baseline","2026-05-30",1,"2026-06-06","Adults","quantile","0.3",103
"Opt Baseline","2026-05-30",1,"2026-06-06","Adults","quantile","0.35",108
"Opt Baseline","2026-05-30",1,"2026-06-06","Adults","quantile","0.4",114
"Opt Baseline","2026-05-30",1,"2026-06-06","Adults","quantile","0.45",119
"Opt Baseline","2026-05-30",1,"2026-06-06","Adults","quantile","0.5",125
"Opt Baseline","2026-05-30",1,"2026-06-06","Adults","quantile","0.55",131
"Opt Baseline","2026-05-30",1,"2026-06-06","Adults","quantile","0.6",136
"Opt Baseline","2026-05-30",1,"2026-06-06","Adults","quantile","0.65",143
"Opt Baseline","2026-05-30",1,"2026-06-06","Adults","quantile","0.7",150
"Opt Baseline","2026-05-30",1,"2026-06-06","Adults","quantile","0.75",157
"Opt Baseline","2026-05-30",1,"2026-06-06","Adults","quantile","0.8",166
"Opt Baseline","2026-05-30",1,"2026-06-06","Adults","quantile","0.85",176
"Opt Baseline","2026-05-30",1,"2026-06-06","Adults","quantile","0.9",189
"Opt Baseline","2026-05-30",1,"2026-06-06","Adults","quantile","0.95",212
"Opt Baseline","2026-05-30",1,"2026-06-06","Adults","quantile","0.975",231
"Opt Baseline","2026-05-30",1,"2026-06-06","Adults","quantile","0.99",254
"Opt Baseline","2026-05-30",2,"2026-06-13","Adults","quantile","0.01",35
"Opt Baseline","2026-05-30",2,"2026-06-13","Adults","quantile","0.025",46
"Opt Baseline","2026-05-30",2,"2026-06-13","Adults","quantile","0.05",56
"Opt Baseline","2026-05-30",2,"2026-06-13","Adults","quantile","0.1",70
"Opt Baseline","2026-05-30",2,"2026-06-13","Adults","quantile","0.15",78
"Opt Baseline","2026-05-30",2,"2026-06-13","Adults","quantile","0.2",87
"Opt Baseline","2026-05-30",2,"2026-06-13","Adults","quantile","0.25",94
"Opt Baseline","2026-05-30",2,"2026-06-13","Adults","quantile","0.3",100
"Opt Baseline","2026-05-30",2,"2026-06-13","Adults","quantile","0.35",107
"Opt Baseline","2026-05-30",2,"2026-06-13","Adults","quantile","0.4",113
"Opt Baseline","2026-05-30",2,"2026-06-13","Adults","quantile","0.45",119
"Opt Baseline","2026-05-30",2,"2026-06-13","Adults","quantile","0.5",125
"Opt Baseline","2026-05-30",2,"2026-06-13","Adults","quantile","0.55",131
"Opt Baseline","2026-05-30",2,"2026-06-13","Adults","quantile","0.6",138
"Opt Baseline","2026-05-30",2,"2026-06-13","Adults","quantile","0.65",145
"Opt Baseline","2026-05-30",2,"2026-06-13","Adults","quantile","0.7",152
"Opt Baseline","2026-05-30",2,"2026-06-13","Adults","quantile","0.75",161
"Opt Baseline","2026-05-30",2,"2026-06-13","Adults","quantile","0.8",170
"Opt Baseline","2026-05-30",2,"2026-06-13","Adults","quantile","0.85",181
"Opt Baseline","2026-05-30",2,"2026-06-13","Adults","quantile","0.9",196
"Opt Baseline","2026-05-30",2,"2026-06-13","Adults","quantile","0.95",220
"Opt Baseline","2026-05-30",2,"2026-06-13","Adults","quantile","0.975",242
"Opt Baseline","2026-05-30",2,"2026-06-13","Adults","quantile","0.99",271
"Opt Baseline","2026-05-30",3,"2026-06-20","Adults","quantile","0.01",32
"Opt Baseline","2026-05-30",3,"2026-06-20","Adults","quantile","0.025",42
"Opt Baseline","2026-05-30",3,"2026-06-20","Adults","quantile","0.05",52
"Opt Baseline","2026-05-30",3,"2026-06-20","Adults","quantile","0.1",66
"Opt Baseline","2026-05-30",3,"2026-06-20","Adults","quantile","0.15",77
"Opt Baseline","2026-05-30",3,"2026-06-20","Adults","quantile","0.2",85
"Opt Baseline","2026-05-30",3,"2026-06-20","Adults","quantile","0.25",92
"Opt Baseline","2026-05-30",3,"2026-06-20","Adults","quantile","0.3",99
"Opt Baseline","2026-05-30",3,"2026-06-20","Adults","quantile","0.35",106
"Opt Baseline","2026-05-30",3,"2026-06-20","Adults","quantile","0.4",112
"Opt Baseline","2026-05-30",3,"2026-06-20","Adults","quantile","0.45",119
"Opt Baseline","2026-05-30",3,"2026-06-20","Adults","quantile","0.5",125
"Opt Baseline","2026-05-30",3,"2026-06-20","Adults","quantile","0.55",132
"Opt Baseline","2026-05-30",3,"2026-06-20","Adults","quantile","0.6",139
"Opt Baseline","2026-05-30",3,"2026-06-20","Adults","quantile","0.65",147
"Opt Baseline","2026-05-30",3,"2026-06-20","Adults","quantile","0.7",156
"Opt Baseline","2026-05-30",3,"2026-06-20","Adults","quantile","0.75",165
"Opt Baseline","2026-05-30",3,"2026-06-20","Adults","quantile","0.8",176
"Opt Baseline","2026-05-30",3,"2026-06-20","Adults","quantile","0.85",188
"Opt Baseline","2026-05-30",3,"2026-06-20","Adults","quantile","0.9",204
"Opt Baseline","2026-05-30",3,"2026-06-20","Adults","quantile","0.95",230
"Opt Baseline","2026-05-30",3,"2026-06-20","Adults","quantile","0.975",253
"Opt Baseline","2026-05-30",3,"2026-06-20","Adults","quantile","0.99",283
"Opt Baseline","2026-05-30",-3,"2026-05-09","Overall","quantile","0.01",170
"Opt Baseline","2026-05-30",-3,"2026-05-09","Overall","quantile","0.025",172
"Opt Baseline","2026-05-30",-3,"2026-05-09","Overall","quantile","0.05",176
"Opt Baseline","2026-05-30",-3,"2026-05-09","Overall","quantile","0.1",179
"Opt Baseline","2026-05-30",-3,"2026-05-09","Overall","quantile","0.15",184
"Opt Baseline","2026-05-30",-3,"2026-05-09","Overall","quantile","0.2",193
"Opt Baseline","2026-05-30",-3,"2026-05-09","Overall","quantile","0.25",197
"Opt Baseline","2026-05-30",-3,"2026-05-09","Overall","quantile","0.3",201
"Opt Baseline","2026-05-30",-3,"2026-05-09","Overall","quantile","0.35",208
"Opt Baseline","2026-05-30",-3,"2026-05-09","Overall","quantile","0.4",220
"Opt Baseline","2026-05-30",-3,"2026-05-09","Overall","quantile","0.45",221
"Opt Baseline","2026-05-30",-3,"2026-05-09","Overall","quantile","0.5",225
"Opt Baseline","2026-05-30",-3,"2026-05-09","Overall","quantile","0.55",229
"Opt Baseline","2026-05-30",-3,"2026-05-09","Overall","quantile","0.6",230
"Opt Baseline","2026-05-30",-3,"2026-05-09","Overall","quantile","0.65",243
"Opt Baseline","2026-05-30",-3,"2026-05-09","Overall","quantile","0.7",251
"Opt Baseline","2026-05-30",-3,"2026-05-09","Overall","quantile","0.75",255
"Opt Baseline","2026-05-30",-3,"2026-05-09","Overall","quantile","0.8",259
"Opt Baseline","2026-05-30",-3,"2026-05-09","Overall","quantile","0.85",270
"Opt Baseline","2026-05-30",-3,"2026-05-09","Overall","quantile","0.9",276
"Opt Baseline","2026-05-30",-3,"2026-05-09","Overall","quantile","0.95",281
"Opt Baseline","2026-05-30",-3,"2026-05-09","Overall","quantile","0.975",285
"Opt Baseline","2026-05-30",-3,"2026-05-09","Overall","quantile","0.99",288
"Opt Baseline","2026-05-30",-2,"2026-05-16","Overall","quantile","0.01",134
"Opt Baseline","2026-05-30",-2,"2026-05-16","Overall","quantile","0.025",142
"Opt Baseline","2026-05-30",-2,"2026-05-16","Overall","quantile","0.05",152
"Opt Baseline","2026-05-30",-2,"2026-05-16","Overall","quantile","0.1",166
"Opt Baseline","2026-05-30",-2,"2026-05-16","Overall","quantile","0.15",175
"Opt Baseline","2026-05-30",-2,"2026-05-16","Overall","quantile","0.2",183
"Opt Baseline","2026-05-30",-2,"2026-05-16","Overall","quantile","0.25",192
"Opt Baseline","2026-05-30",-2,"2026-05-16","Overall","quantile","0.3",199
"Opt Baseline","2026-05-30",-2,"2026-05-16","Overall","quantile","0.35",205
"Opt Baseline","2026-05-30",-2,"2026-05-16","Overall","quantile","0.4",213
"Opt Baseline","2026-05-30",-2,"2026-05-16","Overall","quantile","0.45",220
"Opt Baseline","2026-05-30",-2,"2026-05-16","Overall","quantile","0.5",225
"Opt Baseline","2026-05-30",-2,"2026-05-16","Overall","quantile","0.55",230
"Opt Baseline","2026-05-30",-2,"2026-05-16","Overall","quantile","0.6",237
"Opt Baseline","2026-05-30",-2,"2026-05-16","Overall","quantile","0.65",245
"Opt Baseline","2026-05-30",-2,"2026-05-16","Overall","quantile","0.7",252
"Opt Baseline","2026-05-30",-2,"2026-05-16","Overall","quantile","0.75",259
"Opt Baseline","2026-05-30",-2,"2026-05-16","Overall","quantile","0.8",271
"Opt Baseline","2026-05-30",-2,"2026-05-16","Overall","quantile","0.85",280
"Opt Baseline","2026-05-30",-2,"2026-05-16","Overall","quantile","0.9",293
"Opt Baseline","2026-05-30",-2,"2026-05-16","Overall","quantile","0.95",314
"Opt Baseline","2026-05-30",-2,"2026-05-16","Overall","quantile","0.975",327
"Opt Baseline","2026-05-30",-2,"2026-05-16","Overall","quantile","0.99",338
"Opt Baseline","2026-05-30",-1,"2026-05-23","Overall","quantile","0.01",113
"Opt Baseline","2026-05-30",-1,"2026-05-23","Overall","quantile","0.025",127
"Opt Baseline","2026-05-30",-1,"2026-05-23","Overall","quantile","0.05",138
"Opt Baseline","2026-05-30",-1,"2026-05-23","Overall","quantile","0.1",154
"Opt Baseline","2026-05-30",-1,"2026-05-23","Overall","quantile","0.15",167
"Opt Baseline","2026-05-30",-1,"2026-05-23","Overall","quantile","0.2",176
"Opt Baseline","2026-05-30",-1,"2026-05-23","Overall","quantile","0.25",185
"Opt Baseline","2026-05-30",-1,"2026-05-23","Overall","quantile","0.3",194
"Opt Baseline","2026-05-30",-1,"2026-05-23","Overall","quantile","0.35",201
"Opt Baseline","2026-05-30",-1,"2026-05-23","Overall","quantile","0.4",210
"Opt Baseline","2026-05-30",-1,"2026-05-23","Overall","quantile","0.45",217
"Opt Baseline","2026-05-30",-1,"2026-05-23","Overall","quantile","0.5",225
"Opt Baseline","2026-05-30",-1,"2026-05-23","Overall","quantile","0.55",233
"Opt Baseline","2026-05-30",-1,"2026-05-23","Overall","quantile","0.6",242
"Opt Baseline","2026-05-30",-1,"2026-05-23","Overall","quantile","0.65",250
"Opt Baseline","2026-05-30",-1,"2026-05-23","Overall","quantile","0.7",259
"Opt Baseline","2026-05-30",-1,"2026-05-23","Overall","quantile","0.75",269
"Opt Baseline","2026-05-30",-1,"2026-05-23","Overall","quantile","0.8",280
"Opt Baseline","2026-05-30",-1,"2026-05-23","Overall","quantile","0.85",292
"Opt Baseline","2026-05-30",-1,"2026-05-23","Overall","quantile","0.9",309
"Opt Baseline","2026-05-30",-1,"2026-05-23","Overall","quantile","0.95",333
"Opt Baseline","2026-05-30",-1,"2026-05-23","Overall","quantile","0.975",353
"Opt Baseline","2026-05-30",-1,"2026-05-23","Overall","quantile","0.99",377
"Opt Baseline","2026-05-30",0,"2026-05-30","Overall","quantile","0.01",100
"Opt Baseline","2026-05-30",0,"2026-05-30","Overall","quantile","0.025",113
"Opt Baseline","2026-05-30",0,"2026-05-30","Overall","quantile","0.05",128
"Opt Baseline","2026-05-30",0,"2026-05-30","Overall","quantile","0.1",145
"Opt Baseline","2026-05-30",0,"2026-05-30","Overall","quantile","0.15",159
"Opt Baseline","2026-05-30",0,"2026-05-30","Overall","quantile","0.2",171
"Opt Baseline","2026-05-30",0,"2026-05-30","Overall","quantile","0.25",181
"Opt Baseline","2026-05-30",0,"2026-05-30","Overall","quantile","0.3",190
"Opt Baseline","2026-05-30",0,"2026-05-30","Overall","quantile","0.35",198
"Opt Baseline","2026-05-30",0,"2026-05-30","Overall","quantile","0.4",207
"Opt Baseline","2026-05-30",0,"2026-05-30","Overall","quantile","0.45",216
"Opt Baseline","2026-05-30",0,"2026-05-30","Overall","quantile","0.5",225
"Opt Baseline","2026-05-30",0,"2026-05-30","Overall","quantile","0.55",234
"Opt Baseline","2026-05-30",0,"2026-05-30","Overall","quantile","0.6",243
"Opt Baseline","2026-05-30",0,"2026-05-30","Overall","quantile","0.65",253
"Opt Baseline","2026-05-30",0,"2026-05-30","Overall","quantile","0.7",263
"Opt Baseline","2026-05-30",0,"2026-05-30","Overall","quantile","0.75",276
"Opt Baseline","2026-05-30",0,"2026-05-30","Overall","quantile","0.8",289
"Opt Baseline","2026-05-30",0,"2026-05-30","Overall","quantile","0.85",306
"Opt Baseline","2026-05-30",0,"2026-05-30","Overall","quantile","0.9",324
"Opt Baseline","2026-05-30",0,"2026-05-30","Overall","quantile","0.95",353
"Opt Baseline","2026-05-30",0,"2026-05-30","Overall","quantile","0.975",378
"Opt Baseline","2026-05-30",0,"2026-05-30","Overall","quantile","0.99",404
"Opt Baseline","2026-05-30",1,"2026-06-06","Overall","quantile","0.01",84
"Opt Baseline","2026-05-30",1,"2026-06-06","Overall","quantile","0.025",100
"Opt Baseline","2026-05-30",1,"2026-06-06","Overall","quantile","0.05",116
"Opt Baseline","2026-05-30",1,"2026-06-06","Overall","quantile","0.1",137
"Opt Baseline","2026-05-30",1,"2026-06-06","Overall","quantile","0.15",152
"Opt Baseline","2026-05-30",1,"2026-06-06","Overall","quantile","0.2",164
"Opt Baseline","2026-05-30",1,"2026-06-06","Overall","quantile","0.25",175
"Opt Baseline","2026-05-30",1,"2026-06-06","Overall","quantile","0.3",186
"Opt Baseline","2026-05-30",1,"2026-06-06","Overall","quantile","0.35",196
"Opt Baseline","2026-05-30",1,"2026-06-06","Overall","quantile","0.4",205
"Opt Baseline","2026-05-30",1,"2026-06-06","Overall","quantile","0.45",216
"Opt Baseline","2026-05-30",1,"2026-06-06","Overall","quantile","0.5",225
"Opt Baseline","2026-05-30",1,"2026-06-06","Overall","quantile","0.55",235
"Opt Baseline","2026-05-30",1,"2026-06-06","Overall","quantile","0.6",245
"Opt Baseline","2026-05-30",1,"2026-06-06","Overall","quantile","0.65",257
"Opt Baseline","2026-05-30",1,"2026-06-06","Overall","quantile","0.7",268
"Opt Baseline","2026-05-30",1,"2026-06-06","Overall","quantile","0.75",282
"Opt Baseline","2026-05-30",1,"2026-06-06","Overall","quantile","0.8",296
"Opt Baseline","2026-05-30",1,"2026-06-06","Overall","quantile","0.85",313
"Opt Baseline","2026-05-30",1,"2026-06-06","Overall","quantile","0.9",337
"Opt Baseline","2026-05-30",1,"2026-06-06","Overall","quantile","0.95",368
"Opt Baseline","2026-05-30",1,"2026-06-06","Overall","quantile","0.975",395
"Opt Baseline","2026-05-30",1,"2026-06-06","Overall","quantile","0.99",430
"Opt Baseline","2026-05-30",2,"2026-06-13","Overall","quantile","0.01",76
"Opt Baseline","2026-05-30",2,"2026-06-13","Overall","quantile","0.025",92
"Opt Baseline","2026-05-30",2,"2026-06-13","Overall","quantile","0.05",107
"Opt Baseline","2026-05-30",2,"2026-06-13","Overall","quantile","0.1",130
"Opt Baseline","2026-05-30",2,"2026-06-13","Overall","quantile","0.15",146
"Opt Baseline","2026-05-30",2,"2026-06-13","Overall","quantile","0.2",160
"Opt Baseline","2026-05-30",2,"2026-06-13","Overall","quantile","0.25",171
"Opt Baseline","2026-05-30",2,"2026-06-13","Overall","quantile","0.3",182
"Opt Baseline","2026-05-30",2,"2026-06-13","Overall","quantile","0.35",193
"Opt Baseline","2026-05-30",2,"2026-06-13","Overall","quantile","0.4",205
"Opt Baseline","2026-05-30",2,"2026-06-13","Overall","quantile","0.45",214
"Opt Baseline","2026-05-30",2,"2026-06-13","Overall","quantile","0.5",225
"Opt Baseline","2026-05-30",2,"2026-06-13","Overall","quantile","0.55",235
"Opt Baseline","2026-05-30",2,"2026-06-13","Overall","quantile","0.6",246
"Opt Baseline","2026-05-30",2,"2026-06-13","Overall","quantile","0.65",259
"Opt Baseline","2026-05-30",2,"2026-06-13","Overall","quantile","0.7",271
"Opt Baseline","2026-05-30",2,"2026-06-13","Overall","quantile","0.75",286
"Opt Baseline","2026-05-30",2,"2026-06-13","Overall","quantile","0.8",301
"Opt Baseline","2026-05-30",2,"2026-06-13","Overall","quantile","0.85",321
"Opt Baseline","2026-05-30",2,"2026-06-13","Overall","quantile","0.9",343
"Opt Baseline","2026-05-30",2,"2026-06-13","Overall","quantile","0.95",381
"Opt Baseline","2026-05-30",2,"2026-06-13","Overall","quantile","0.975",413
"Opt Baseline","2026-05-30",2,"2026-06-13","Overall","quantile","0.99",445
"Opt Baseline","2026-05-30",3,"2026-06-20","Overall","quantile","0.01",66
"Opt Baseline","2026-05-30",3,"2026-06-20","Overall","quantile","0.025",82
"Opt Baseline","2026-05-30",3,"2026-06-20","Overall","quantile","0.05",100
"Opt Baseline","2026-05-30",3,"2026-06-20","Overall","quantile","0.1",123
"Opt Baseline","2026-05-30",3,"2026-06-20","Overall","quantile","0.15",140
"Opt Baseline","2026-05-30",3,"2026-06-20","Overall","quantile","0.2",154
"Opt Baseline","2026-05-30",3,"2026-06-20","Overall","quantile","0.25",168
"Opt Baseline","2026-05-30",3,"2026-06-20","Overall","quantile","0.3",180
"Opt Baseline","2026-05-30",3,"2026-06-20","Overall","quantile","0.35",191
"Opt Baseline","2026-05-30",3,"2026-06-20","Overall","quantile","0.4",202
"Opt Baseline","2026-05-30",3,"2026-06-20","Overall","quantile","0.45",213
"Opt Baseline","2026-05-30",3,"2026-06-20","Overall","quantile","0.5",225
"Opt Baseline","2026-05-30",3,"2026-06-20","Overall","quantile","0.55",237
"Opt Baseline","2026-05-30",3,"2026-06-20","Overall","quantile","0.6",249
"Opt Baseline","2026-05-30",3,"2026-06-20","Overall","quantile","0.65",261
"Opt Baseline","2026-05-30",3,"2026-06-20","Overall","quantile","0.7",274
"Opt Baseline","2026-05-30",3,"2026-06-20","Overall","quantile","0.75",290
"Opt Baseline","2026-05-30",3,"2026-06-20","Overall","quantile","0.8",308
"Opt Baseline","2026-05-30",3,"2026-06-20","Overall","quantile","0.85",328
"Opt Baseline","2026-05-30",3,"2026-06-20","Overall","quantile","0.9",354
"Opt Baseline","2026-05-30",3,"2026-06-20","Overall","quantile","0.95",393
"Opt Baseline","2026-05-30",3,"2026-06-20","Overall","quantile","0.975",426
"Opt Baseline","2026-05-30",3,"2026-06-20","Overall","quantile","0.99",468
"Opt Baseline","2026-05-30",-3,"2026-05-09","Pediatrics","quantile","0.01",52
"Opt Baseline","2026-05-30",-3,"2026-05-09","Pediatrics","quantile","0.025",55
"Opt Baseline","2026-05-30",-3,"2026-05-09","Pediatrics","quantile","0.05",59
"Opt Baseline","2026-05-30",-3,"2026-05-09","Pediatrics","quantile","0.1",74
"Opt Baseline","2026-05-30",-3,"2026-05-09","Pediatrics","quantile","0.15",86
"Opt Baseline","2026-05-30",-3,"2026-05-09","Pediatrics","quantile","0.2",87
"Opt Baseline","2026-05-30",-3,"2026-05-09","Pediatrics","quantile","0.25",88
"Opt Baseline","2026-05-30",-3,"2026-05-09","Pediatrics","quantile","0.3",93
"Opt Baseline","2026-05-30",-3,"2026-05-09","Pediatrics","quantile","0.35",97
"Opt Baseline","2026-05-30",-3,"2026-05-09","Pediatrics","quantile","0.4",99
"Opt Baseline","2026-05-30",-3,"2026-05-09","Pediatrics","quantile","0.45",99
"Opt Baseline","2026-05-30",-3,"2026-05-09","Pediatrics","quantile","0.5",100
"Opt Baseline","2026-05-30",-3,"2026-05-09","Pediatrics","quantile","0.55",101
"Opt Baseline","2026-05-30",-3,"2026-05-09","Pediatrics","quantile","0.6",101
"Opt Baseline","2026-05-30",-3,"2026-05-09","Pediatrics","quantile","0.65",103
"Opt Baseline","2026-05-30",-3,"2026-05-09","Pediatrics","quantile","0.7",107
"Opt Baseline","2026-05-30",-3,"2026-05-09","Pediatrics","quantile","0.75",112
"Opt Baseline","2026-05-30",-3,"2026-05-09","Pediatrics","quantile","0.8",114
"Opt Baseline","2026-05-30",-3,"2026-05-09","Pediatrics","quantile","0.85",115
"Opt Baseline","2026-05-30",-3,"2026-05-09","Pediatrics","quantile","0.9",130
"Opt Baseline","2026-05-30",-3,"2026-05-09","Pediatrics","quantile","0.95",151
"Opt Baseline","2026-05-30",-3,"2026-05-09","Pediatrics","quantile","0.975",159
"Opt Baseline","2026-05-30",-3,"2026-05-09","Pediatrics","quantile","0.99",164
"Opt Baseline","2026-05-30",-2,"2026-05-16","Pediatrics","quantile","0.01",36
"Opt Baseline","2026-05-30",-2,"2026-05-16","Pediatrics","quantile","0.025",46
"Opt Baseline","2026-05-30",-2,"2026-05-16","Pediatrics","quantile","0.05",52
"Opt Baseline","2026-05-30",-2,"2026-05-16","Pediatrics","quantile","0.1",62
"Opt Baseline","2026-05-30",-2,"2026-05-16","Pediatrics","quantile","0.15",71
"Opt Baseline","2026-05-30",-2,"2026-05-16","Pediatrics","quantile","0.2",78
"Opt Baseline","2026-05-30",-2,"2026-05-16","Pediatrics","quantile","0.25",85
"Opt Baseline","2026-05-30",-2,"2026-05-16","Pediatrics","quantile","0.3",87
"Opt Baseline","2026-05-30",-2,"2026-05-16","Pediatrics","quantile","0.35",90
"Opt Baseline","2026-05-30",-2,"2026-05-16","Pediatrics","quantile","0.4",95
"Opt Baseline","2026-05-30",-2,"2026-05-16","Pediatrics","quantile","0.45",98
"Opt Baseline","2026-05-30",-2,"2026-05-16","Pediatrics","quantile","0.5",100
"Opt Baseline","2026-05-30",-2,"2026-05-16","Pediatrics","quantile","0.55",102
"Opt Baseline","2026-05-30",-2,"2026-05-16","Pediatrics","quantile","0.6",105
"Opt Baseline","2026-05-30",-2,"2026-05-16","Pediatrics","quantile","0.65",111
"Opt Baseline","2026-05-30",-2,"2026-05-16","Pediatrics","quantile","0.7",114
"Opt Baseline","2026-05-30",-2,"2026-05-16","Pediatrics","quantile","0.75",117
"Opt Baseline","2026-05-30",-2,"2026-05-16","Pediatrics","quantile","0.8",125
"Opt Baseline","2026-05-30",-2,"2026-05-16","Pediatrics","quantile","0.85",135
"Opt Baseline","2026-05-30",-2,"2026-05-16","Pediatrics","quantile","0.9",148
"Opt Baseline","2026-05-30",-2,"2026-05-16","Pediatrics","quantile","0.95",161
"Opt Baseline","2026-05-30",-2,"2026-05-16","Pediatrics","quantile","0.975",173
"Opt Baseline","2026-05-30",-2,"2026-05-16","Pediatrics","quantile","0.99",188
"Opt Baseline","2026-05-30",-1,"2026-05-23","Pediatrics","quantile","0.01",27
"Opt Baseline","2026-05-30",-1,"2026-05-23","Pediatrics","quantile","0.025",37
"Opt Baseline","2026-05-30",-1,"2026-05-23","Pediatrics","quantile","0.05",45
"Opt Baseline","2026-05-30",-1,"2026-05-23","Pediatrics","quantile","0.1",55
"Opt Baseline","2026-05-30",-1,"2026-05-23","Pediatrics","quantile","0.15",64
"Opt Baseline","2026-05-30",-1,"2026-05-23","Pediatrics","quantile","0.2",71
"Opt Baseline","2026-05-30",-1,"2026-05-23","Pediatrics","quantile","0.25",78
"Opt Baseline","2026-05-30",-1,"2026-05-23","Pediatrics","quantile","0.3",84
"Opt Baseline","2026-05-30",-1,"2026-05-23","Pediatrics","quantile","0.35",88
"Opt Baseline","2026-05-30",-1,"2026-05-23","Pediatrics","quantile","0.4",92
"Opt Baseline","2026-05-30",-1,"2026-05-23","Pediatrics","quantile","0.45",97
"Opt Baseline","2026-05-30",-1,"2026-05-23","Pediatrics","quantile","0.5",100
"Opt Baseline","2026-05-30",-1,"2026-05-23","Pediatrics","quantile","0.55",103
"Opt Baseline","2026-05-30",-1,"2026-05-23","Pediatrics","quantile","0.6",109
"Opt Baseline","2026-05-30",-1,"2026-05-23","Pediatrics","quantile","0.65",113
"Opt Baseline","2026-05-30",-1,"2026-05-23","Pediatrics","quantile","0.7",118
"Opt Baseline","2026-05-30",-1,"2026-05-23","Pediatrics","quantile","0.75",126
"Opt Baseline","2026-05-30",-1,"2026-05-23","Pediatrics","quantile","0.8",133
"Opt Baseline","2026-05-30",-1,"2026-05-23","Pediatrics","quantile","0.85",144
"Opt Baseline","2026-05-30",-1,"2026-05-23","Pediatrics","quantile","0.9",156
"Opt Baseline","2026-05-30",-1,"2026-05-23","Pediatrics","quantile","0.95",173
"Opt Baseline","2026-05-30",-1,"2026-05-23","Pediatrics","quantile","0.975",191
"Opt Baseline","2026-05-30",-1,"2026-05-23","Pediatrics","quantile","0.99",219
"Opt Baseline","2026-05-30",0,"2026-05-30","Pediatrics","quantile","0.01",22
"Opt Baseline","2026-05-30",0,"2026-05-30","Pediatrics","quantile","0.025",30
"Opt Baseline","2026-05-30",0,"2026-05-30","Pediatrics","quantile","0.05",39
"Opt Baseline","2026-05-30",0,"2026-05-30","Pediatrics","quantile","0.1",51
"Opt Baseline","2026-05-30",0,"2026-05-30","Pediatrics","quantile","0.15",59
"Opt Baseline","2026-05-30",0,"2026-05-30","Pediatrics","quantile","0.2",66
"Opt Baseline","2026-05-30",0,"2026-05-30","Pediatrics","quantile","0.25",73
"Opt Baseline","2026-05-30",0,"2026-05-30","Pediatrics","quantile","0.3",80
"Opt Baseline","2026-05-30",0,"2026-05-30","Pediatrics","quantile","0.35",86
"Opt Baseline","2026-05-30",0,"2026-05-30","Pediatrics","quantile","0.4",90
"Opt Baseline","2026-05-30",0,"2026-05-30","Pediatrics","quantile","0.45",96
"Opt Baseline","2026-05-30",0,"2026-05-30","Pediatrics","quantile","0.5",100
"Opt Baseline","2026-05-30",0,"2026-05-30","Pediatrics","quantile","0.55",104
"Opt Baseline","2026-05-30",0,"2026-05-30","Pediatrics","quantile","0.6",110
"Opt Baseline","2026-05-30",0,"2026-05-30","Pediatrics","quantile","0.65",116
"Opt Baseline","2026-05-30",0,"2026-05-30","Pediatrics","quantile","0.7",123
"Opt Baseline","2026-05-30",0,"2026-05-30","Pediatrics","quantile","0.75",131
"Opt Baseline","2026-05-30",0,"2026-05-30","Pediatrics","quantile","0.8",140
"Opt Baseline","2026-05-30",0,"2026-05-30","Pediatrics","quantile","0.85",151
"Opt Baseline","2026-05-30",0,"2026-05-30","Pediatrics","quantile","0.9",165
"Opt Baseline","2026-05-30",0,"2026-05-30","Pediatrics","quantile","0.95",186
"Opt Baseline","2026-05-30",0,"2026-05-30","Pediatrics","quantile","0.975",208
"Opt Baseline","2026-05-30",0,"2026-05-30","Pediatrics","quantile","0.99",237
"Opt Baseline","2026-05-30",1,"2026-06-06","Pediatrics","quantile","0.01",16
"Opt Baseline","2026-05-30",1,"2026-06-06","Pediatrics","quantile","0.025",25
"Opt Baseline","2026-05-30",1,"2026-06-06","Pediatrics","quantile","0.05",34
"Opt Baseline","2026-05-30",1,"2026-06-06","Pediatrics","quantile","0.1",46
"Opt Baseline","2026-05-30",1,"2026-06-06","Pediatrics","quantile","0.15",55
"Opt Baseline","2026-05-30",1,"2026-06-06","Pediatrics","quantile","0.2",62
"Opt Baseline","2026-05-30",1,"2026-06-06","Pediatrics","quantile","0.25",69
"Opt Baseline","2026-05-30",1,"2026-06-06","Pediatrics","quantile","0.3",76
"Opt Baseline","2026-05-30",1,"2026-06-06","Pediatrics","quantile","0.35",82
"Opt Baseline","2026-05-30",1,"2026-06-06","Pediatrics","quantile","0.4",88
"Opt Baseline","2026-05-30",1,"2026-06-06","Pediatrics","quantile","0.45",94
"Opt Baseline","2026-05-30",1,"2026-06-06","Pediatrics","quantile","0.5",100
"Opt Baseline","2026-05-30",1,"2026-06-06","Pediatrics","quantile","0.55",106
"Opt Baseline","2026-05-30",1,"2026-06-06","Pediatrics","quantile","0.6",112
"Opt Baseline","2026-05-30",1,"2026-06-06","Pediatrics","quantile","0.65",118
"Opt Baseline","2026-05-30",1,"2026-06-06","Pediatrics","quantile","0.7",126
"Opt Baseline","2026-05-30",1,"2026-06-06","Pediatrics","quantile","0.75",135
"Opt Baseline","2026-05-30",1,"2026-06-06","Pediatrics","quantile","0.8",145
"Opt Baseline","2026-05-30",1,"2026-06-06","Pediatrics","quantile","0.85",157
"Opt Baseline","2026-05-30",1,"2026-06-06","Pediatrics","quantile","0.9",173
"Opt Baseline","2026-05-30",1,"2026-06-06","Pediatrics","quantile","0.95",198
"Opt Baseline","2026-05-30",1,"2026-06-06","Pediatrics","quantile","0.975",225
"Opt Baseline","2026-05-30",1,"2026-06-06","Pediatrics","quantile","0.99",256
"Opt Baseline","2026-05-30",2,"2026-06-13","Pediatrics","quantile","0.01",11
"Opt Baseline","2026-05-30",2,"2026-06-13","Pediatrics","quantile","0.025",21
"Opt Baseline","2026-05-30",2,"2026-06-13","Pediatrics","quantile","0.05",29
"Opt Baseline","2026-05-30",2,"2026-06-13","Pediatrics","quantile","0.1",42
"Opt Baseline","2026-05-30",2,"2026-06-13","Pediatrics","quantile","0.15",51
"Opt Baseline","2026-05-30",2,"2026-06-13","Pediatrics","quantile","0.2",60
"Opt Baseline","2026-05-30",2,"2026-06-13","Pediatrics","quantile","0.25",67
"Opt Baseline","2026-05-30",2,"2026-06-13","Pediatrics","quantile","0.3",74
"Opt Baseline","2026-05-30",2,"2026-06-13","Pediatrics","quantile","0.35",81
"Opt Baseline","2026-05-30",2,"2026-06-13","Pediatrics","quantile","0.4",87
"Opt Baseline","2026-05-30",2,"2026-06-13","Pediatrics","quantile","0.45",93
"Opt Baseline","2026-05-30",2,"2026-06-13","Pediatrics","quantile","0.5",100
"Opt Baseline","2026-05-30",2,"2026-06-13","Pediatrics","quantile","0.55",107
"Opt Baseline","2026-05-30",2,"2026-06-13","Pediatrics","quantile","0.6",114
"Opt Baseline","2026-05-30",2,"2026-06-13","Pediatrics","quantile","0.65",121
"Opt Baseline","2026-05-30",2,"2026-06-13","Pediatrics","quantile","0.7",129
"Opt Baseline","2026-05-30",2,"2026-06-13","Pediatrics","quantile","0.75",140
"Opt Baseline","2026-05-30",2,"2026-06-13","Pediatrics","quantile","0.8",150
"Opt Baseline","2026-05-30",2,"2026-06-13","Pediatrics","quantile","0.85",164
"Opt Baseline","2026-05-30",2,"2026-06-13","Pediatrics","quantile","0.9",182
"Opt Baseline","2026-05-30",2,"2026-06-13","Pediatrics","quantile","0.95",212
"Opt Baseline","2026-05-30",2,"2026-06-13","Pediatrics","quantile","0.975",239
"Opt Baseline","2026-05-30",2,"2026-06-13","Pediatrics","quantile","0.99",275
"Opt Baseline","2026-05-30",3,"2026-06-20","Pediatrics","quantile","0.01",9
"Opt Baseline","2026-05-30",3,"2026-06-20","Pediatrics","quantile","0.025",17
"Opt Baseline","2026-05-30",3,"2026-06-20","Pediatrics","quantile","0.05",25
"Opt Baseline","2026-05-30",3,"2026-06-20","Pediatrics","quantile","0.1",38
"Opt Baseline","2026-05-30",3,"2026-06-20","Pediatrics","quantile","0.15",48
"Opt Baseline","2026-05-30",3,"2026-06-20","Pediatrics","quantile","0.2",57
"Opt Baseline","2026-05-30",3,"2026-06-20","Pediatrics","quantile","0.25",65
"Opt Baseline","2026-05-30",3,"2026-06-20","Pediatrics","quantile","0.3",72
"Opt Baseline","2026-05-30",3,"2026-06-20","Pediatrics","quantile","0.35",79
"Opt Baseline","2026-05-30",3,"2026-06-20","Pediatrics","quantile","0.4",86
"Opt Baseline","2026-05-30",3,"2026-06-20","Pediatrics","quantile","0.45",93
"Opt Baseline","2026-05-30",3,"2026-06-20","Pediatrics","quantile","0.5",100
"Opt Baseline","2026-05-30",3,"2026-06-20","Pediatrics","quantile","0.55",107
"Opt Baseline","2026-05-30",3,"2026-06-20","Pediatrics","quantile","0.6",115
"Opt Baseline","2026-05-30",3,"2026-06-20","Pediatrics","quantile","0.65",123
"Opt Baseline","2026-05-30",3,"2026-06-20","Pediatrics","quantile","0.7",133
"Opt Baseline","2026-05-30",3,"2026-06-20","Pediatrics","quantile","0.75",143
"Opt Baseline","2026-05-30",3,"2026-06-20","Pediatrics","quantile","0.8",155
"Opt Baseline","2026-05-30",3,"2026-06-20","Pediatrics","quantile","0.85",169
"Opt Baseline","2026-05-30",3,"2026-06-20","Pediatrics","quantile","0.9",189
"Opt Baseline","2026-05-30",3,"2026-06-20","Pediatrics","quantile","0.95",223
"Opt Baseline","2026-05-30",3,"2026-06-20","Pediatrics","quantile","0.975",252
"Opt Baseline","2026-05-30",3,"2026-06-20","Pediatrics","quantile","0.99",291
"INFLAenza","2026-05-30",-3,"2026-05-09","Adults","quantile","0.01",91
"INFLAenza","2026-05-30",-3,"2026-05-09","Adults","quantile","0.025",98
"INFLAenza","2026-05-30",-3,"2026-05-09","Adults","quantile","0.05",104
"INFLAenza","2026-05-30",-3,"2026-05-09","Adults","quantile","0.1",113
"INFLAenza","2026-05-30",-3,"2026-05-09","Adults","quantile","0.15",119
"INFLAenza","2026-05-30",-3,"2026-05-09","Adults","quantile","0.2",123
"INFLAenza","2026-05-30",-3,"2026-05-09","Adults","quantile","0.25",128
"INFLAenza","2026-05-30",-3,"2026-05-09","Adults","quantile","0.3",131
"INFLAenza","2026-05-30",-3,"2026-05-09","Adults","quantile","0.35",135
"INFLAenza","2026-05-30",-3,"2026-05-09","Adults","quantile","0.4",138
"INFLAenza","2026-05-30",-3,"2026-05-09","Adults","quantile","0.45",142
"INFLAenza","2026-05-30",-3,"2026-05-09","Adults","quantile","0.5",146
"INFLAenza","2026-05-30",-3,"2026-05-09","Adults","quantile","0.55",149
"INFLAenza","2026-05-30",-3,"2026-05-09","Adults","quantile","0.6",153
"INFLAenza","2026-05-30",-3,"2026-05-09","Adults","quantile","0.65",156
"INFLAenza","2026-05-30",-3,"2026-05-09","Adults","quantile","0.7",161
"INFLAenza","2026-05-30",-3,"2026-05-09","Adults","quantile","0.75",165
"INFLAenza","2026-05-30",-3,"2026-05-09","Adults","quantile","0.8",170
"INFLAenza","2026-05-30",-3,"2026-05-09","Adults","quantile","0.85",176
"INFLAenza","2026-05-30",-3,"2026-05-09","Adults","quantile","0.9",184
"INFLAenza","2026-05-30",-3,"2026-05-09","Adults","quantile","0.95",196
"INFLAenza","2026-05-30",-3,"2026-05-09","Adults","quantile","0.975",207
"INFLAenza","2026-05-30",-3,"2026-05-09","Adults","quantile","0.99",221
"INFLAenza","2026-05-30",-3,"2026-05-09","Overall","quantile","0.01",189
"INFLAenza","2026-05-30",-3,"2026-05-09","Overall","quantile","0.025",199
"INFLAenza","2026-05-30",-3,"2026-05-09","Overall","quantile","0.05",207
"INFLAenza","2026-05-30",-3,"2026-05-09","Overall","quantile","0.1",218
"INFLAenza","2026-05-30",-3,"2026-05-09","Overall","quantile","0.15",225
"INFLAenza","2026-05-30",-3,"2026-05-09","Overall","quantile","0.2",231
"INFLAenza","2026-05-30",-3,"2026-05-09","Overall","quantile","0.25",237
"INFLAenza","2026-05-30",-3,"2026-05-09","Overall","quantile","0.3",242
"INFLAenza","2026-05-30",-3,"2026-05-09","Overall","quantile","0.35",247
"INFLAenza","2026-05-30",-3,"2026-05-09","Overall","quantile","0.4",251
"INFLAenza","2026-05-30",-3,"2026-05-09","Overall","quantile","0.45",256
"INFLAenza","2026-05-30",-3,"2026-05-09","Overall","quantile","0.5",260
"INFLAenza","2026-05-30",-3,"2026-05-09","Overall","quantile","0.55",264
"INFLAenza","2026-05-30",-3,"2026-05-09","Overall","quantile","0.6",268
"INFLAenza","2026-05-30",-3,"2026-05-09","Overall","quantile","0.65",272
"INFLAenza","2026-05-30",-3,"2026-05-09","Overall","quantile","0.7",277
"INFLAenza","2026-05-30",-3,"2026-05-09","Overall","quantile","0.75",282
"INFLAenza","2026-05-30",-3,"2026-05-09","Overall","quantile","0.8",289
"INFLAenza","2026-05-30",-3,"2026-05-09","Overall","quantile","0.85",296
"INFLAenza","2026-05-30",-3,"2026-05-09","Overall","quantile","0.9",306
"INFLAenza","2026-05-30",-3,"2026-05-09","Overall","quantile","0.95",320
"INFLAenza","2026-05-30",-3,"2026-05-09","Overall","quantile","0.975",334
"INFLAenza","2026-05-30",-3,"2026-05-09","Overall","quantile","0.99",352
"INFLAenza","2026-05-30",-3,"2026-05-09","Pediatrics","quantile","0.01",69
"INFLAenza","2026-05-30",-3,"2026-05-09","Pediatrics","quantile","0.025",76
"INFLAenza","2026-05-30",-3,"2026-05-09","Pediatrics","quantile","0.05",80
"INFLAenza","2026-05-30",-3,"2026-05-09","Pediatrics","quantile","0.1",87
"INFLAenza","2026-05-30",-3,"2026-05-09","Pediatrics","quantile","0.15",91
"INFLAenza","2026-05-30",-3,"2026-05-09","Pediatrics","quantile","0.2",95
"INFLAenza","2026-05-30",-3,"2026-05-09","Pediatrics","quantile","0.25",98
"INFLAenza","2026-05-30",-3,"2026-05-09","Pediatrics","quantile","0.3",101
"INFLAenza","2026-05-30",-3,"2026-05-09","Pediatrics","quantile","0.35",104
"INFLAenza","2026-05-30",-3,"2026-05-09","Pediatrics","quantile","0.4",107
"INFLAenza","2026-05-30",-3,"2026-05-09","Pediatrics","quantile","0.45",109
"INFLAenza","2026-05-30",-3,"2026-05-09","Pediatrics","quantile","0.5",112
"INFLAenza","2026-05-30",-3,"2026-05-09","Pediatrics","quantile","0.55",115
"INFLAenza","2026-05-30",-3,"2026-05-09","Pediatrics","quantile","0.6",118
"INFLAenza","2026-05-30",-3,"2026-05-09","Pediatrics","quantile","0.65",121
"INFLAenza","2026-05-30",-3,"2026-05-09","Pediatrics","quantile","0.7",124
"INFLAenza","2026-05-30",-3,"2026-05-09","Pediatrics","quantile","0.75",127
"INFLAenza","2026-05-30",-3,"2026-05-09","Pediatrics","quantile","0.8",132
"INFLAenza","2026-05-30",-3,"2026-05-09","Pediatrics","quantile","0.85",137
"INFLAenza","2026-05-30",-3,"2026-05-09","Pediatrics","quantile","0.9",143
"INFLAenza","2026-05-30",-3,"2026-05-09","Pediatrics","quantile","0.95",152
"INFLAenza","2026-05-30",-3,"2026-05-09","Pediatrics","quantile","0.975",161
"INFLAenza","2026-05-30",-3,"2026-05-09","Pediatrics","quantile","0.99",172
"INFLAenza","2026-05-30",-2,"2026-05-16","Adults","quantile","0.01",91
"INFLAenza","2026-05-30",-2,"2026-05-16","Adults","quantile","0.025",99
"INFLAenza","2026-05-30",-2,"2026-05-16","Adults","quantile","0.05",107
"INFLAenza","2026-05-30",-2,"2026-05-16","Adults","quantile","0.1",117
"INFLAenza","2026-05-30",-2,"2026-05-16","Adults","quantile","0.15",125
"INFLAenza","2026-05-30",-2,"2026-05-16","Adults","quantile","0.2",131
"INFLAenza","2026-05-30",-2,"2026-05-16","Adults","quantile","0.25",136
"INFLAenza","2026-05-30",-2,"2026-05-16","Adults","quantile","0.3",141
"INFLAenza","2026-05-30",-2,"2026-05-16","Adults","quantile","0.35",145
"INFLAenza","2026-05-30",-2,"2026-05-16","Adults","quantile","0.4",150
"INFLAenza","2026-05-30",-2,"2026-05-16","Adults","quantile","0.45",154
"INFLAenza","2026-05-30",-2,"2026-05-16","Adults","quantile","0.5",159
"INFLAenza","2026-05-30",-2,"2026-05-16","Adults","quantile","0.55",164
"INFLAenza","2026-05-30",-2,"2026-05-16","Adults","quantile","0.6",169
"INFLAenza","2026-05-30",-2,"2026-05-16","Adults","quantile","0.65",174
"INFLAenza","2026-05-30",-2,"2026-05-16","Adults","quantile","0.7",179
"INFLAenza","2026-05-30",-2,"2026-05-16","Adults","quantile","0.75",185
"INFLAenza","2026-05-30",-2,"2026-05-16","Adults","quantile","0.8",193
"INFLAenza","2026-05-30",-2,"2026-05-16","Adults","quantile","0.85",202
"INFLAenza","2026-05-30",-2,"2026-05-16","Adults","quantile","0.9",213
"INFLAenza","2026-05-30",-2,"2026-05-16","Adults","quantile","0.95",230
"INFLAenza","2026-05-30",-2,"2026-05-16","Adults","quantile","0.975",243
"INFLAenza","2026-05-30",-2,"2026-05-16","Adults","quantile","0.99",268
"INFLAenza","2026-05-30",-2,"2026-05-16","Overall","quantile","0.01",193
"INFLAenza","2026-05-30",-2,"2026-05-16","Overall","quantile","0.025",204
"INFLAenza","2026-05-30",-2,"2026-05-16","Overall","quantile","0.05",214
"INFLAenza","2026-05-30",-2,"2026-05-16","Overall","quantile","0.1",229
"INFLAenza","2026-05-30",-2,"2026-05-16","Overall","quantile","0.15",238
"INFLAenza","2026-05-30",-2,"2026-05-16","Overall","quantile","0.2",246
"INFLAenza","2026-05-30",-2,"2026-05-16","Overall","quantile","0.25",253
"INFLAenza","2026-05-30",-2,"2026-05-16","Overall","quantile","0.3",260
"INFLAenza","2026-05-30",-2,"2026-05-16","Overall","quantile","0.35",266
"INFLAenza","2026-05-30",-2,"2026-05-16","Overall","quantile","0.4",271
"INFLAenza","2026-05-30",-2,"2026-05-16","Overall","quantile","0.45",277
"INFLAenza","2026-05-30",-2,"2026-05-16","Overall","quantile","0.5",283
"INFLAenza","2026-05-30",-2,"2026-05-16","Overall","quantile","0.55",289
"INFLAenza","2026-05-30",-2,"2026-05-16","Overall","quantile","0.6",295
"INFLAenza","2026-05-30",-2,"2026-05-16","Overall","quantile","0.65",301
"INFLAenza","2026-05-30",-2,"2026-05-16","Overall","quantile","0.7",308
"INFLAenza","2026-05-30",-2,"2026-05-16","Overall","quantile","0.75",316
"INFLAenza","2026-05-30",-2,"2026-05-16","Overall","quantile","0.8",324
"INFLAenza","2026-05-30",-2,"2026-05-16","Overall","quantile","0.85",334
"INFLAenza","2026-05-30",-2,"2026-05-16","Overall","quantile","0.9",346
"INFLAenza","2026-05-30",-2,"2026-05-16","Overall","quantile","0.95",366
"INFLAenza","2026-05-30",-2,"2026-05-16","Overall","quantile","0.975",383
"INFLAenza","2026-05-30",-2,"2026-05-16","Overall","quantile","0.99",409
"INFLAenza","2026-05-30",-2,"2026-05-16","Pediatrics","quantile","0.01",67
"INFLAenza","2026-05-30",-2,"2026-05-16","Pediatrics","quantile","0.025",74
"INFLAenza","2026-05-30",-2,"2026-05-16","Pediatrics","quantile","0.05",80
"INFLAenza","2026-05-30",-2,"2026-05-16","Pediatrics","quantile","0.1",88
"INFLAenza","2026-05-30",-2,"2026-05-16","Pediatrics","quantile","0.15",93
"INFLAenza","2026-05-30",-2,"2026-05-16","Pediatrics","quantile","0.2",98
"INFLAenza","2026-05-30",-2,"2026-05-16","Pediatrics","quantile","0.25",102
"INFLAenza","2026-05-30",-2,"2026-05-16","Pediatrics","quantile","0.3",106
"INFLAenza","2026-05-30",-2,"2026-05-16","Pediatrics","quantile","0.35",109
"INFLAenza","2026-05-30",-2,"2026-05-16","Pediatrics","quantile","0.4",113
"INFLAenza","2026-05-30",-2,"2026-05-16","Pediatrics","quantile","0.45",116
"INFLAenza","2026-05-30",-2,"2026-05-16","Pediatrics","quantile","0.5",120
"INFLAenza","2026-05-30",-2,"2026-05-16","Pediatrics","quantile","0.55",124
"INFLAenza","2026-05-30",-2,"2026-05-16","Pediatrics","quantile","0.6",128
"INFLAenza","2026-05-30",-2,"2026-05-16","Pediatrics","quantile","0.65",132
"INFLAenza","2026-05-30",-2,"2026-05-16","Pediatrics","quantile","0.7",137
"INFLAenza","2026-05-30",-2,"2026-05-16","Pediatrics","quantile","0.75",142
"INFLAenza","2026-05-30",-2,"2026-05-16","Pediatrics","quantile","0.8",147
"INFLAenza","2026-05-30",-2,"2026-05-16","Pediatrics","quantile","0.85",154
"INFLAenza","2026-05-30",-2,"2026-05-16","Pediatrics","quantile","0.9",163
"INFLAenza","2026-05-30",-2,"2026-05-16","Pediatrics","quantile","0.95",177
"INFLAenza","2026-05-30",-2,"2026-05-16","Pediatrics","quantile","0.975",189
"INFLAenza","2026-05-30",-2,"2026-05-16","Pediatrics","quantile","0.99",208
"INFLAenza","2026-05-30",-1,"2026-05-23","Adults","quantile","0.01",89
"INFLAenza","2026-05-30",-1,"2026-05-23","Adults","quantile","0.025",98
"INFLAenza","2026-05-30",-1,"2026-05-23","Adults","quantile","0.05",109
"INFLAenza","2026-05-30",-1,"2026-05-23","Adults","quantile","0.1",120
"INFLAenza","2026-05-30",-1,"2026-05-23","Adults","quantile","0.15",129
"INFLAenza","2026-05-30",-1,"2026-05-23","Adults","quantile","0.2",136
"INFLAenza","2026-05-30",-1,"2026-05-23","Adults","quantile","0.25",142
"INFLAenza","2026-05-30",-1,"2026-05-23","Adults","quantile","0.3",148
"INFLAenza","2026-05-30",-1,"2026-05-23","Adults","quantile","0.35",154
"INFLAenza","2026-05-30",-1,"2026-05-23","Adults","quantile","0.4",159
"INFLAenza","2026-05-30",-1,"2026-05-23","Adults","quantile","0.45",164
"INFLAenza","2026-05-30",-1,"2026-05-23","Adults","quantile","0.5",169
"INFLAenza","2026-05-30",-1,"2026-05-23","Adults","quantile","0.55",175
"INFLAenza","2026-05-30",-1,"2026-05-23","Adults","quantile","0.6",180
"INFLAenza","2026-05-30",-1,"2026-05-23","Adults","quantile","0.65",187
"INFLAenza","2026-05-30",-1,"2026-05-23","Adults","quantile","0.7",194
"INFLAenza","2026-05-30",-1,"2026-05-23","Adults","quantile","0.75",202
"INFLAenza","2026-05-30",-1,"2026-05-23","Adults","quantile","0.8",211
"INFLAenza","2026-05-30",-1,"2026-05-23","Adults","quantile","0.85",221
"INFLAenza","2026-05-30",-1,"2026-05-23","Adults","quantile","0.9",236
"INFLAenza","2026-05-30",-1,"2026-05-23","Adults","quantile","0.95",260
"INFLAenza","2026-05-30",-1,"2026-05-23","Adults","quantile","0.975",281
"INFLAenza","2026-05-30",-1,"2026-05-23","Adults","quantile","0.99",312
"INFLAenza","2026-05-30",-1,"2026-05-23","Overall","quantile","0.01",192
"INFLAenza","2026-05-30",-1,"2026-05-23","Overall","quantile","0.025",206
"INFLAenza","2026-05-30",-1,"2026-05-23","Overall","quantile","0.05",221
"INFLAenza","2026-05-30",-1,"2026-05-23","Overall","quantile","0.1",239
"INFLAenza","2026-05-30",-1,"2026-05-23","Overall","quantile","0.15",250
"INFLAenza","2026-05-30",-1,"2026-05-23","Overall","quantile","0.2",259
"INFLAenza","2026-05-30",-1,"2026-05-23","Overall","quantile","0.25",267
"INFLAenza","2026-05-30",-1,"2026-05-23","Overall","quantile","0.3",274
"INFLAenza","2026-05-30",-1,"2026-05-23","Overall","quantile","0.35",280
"INFLAenza","2026-05-30",-1,"2026-05-23","Overall","quantile","0.4",288
"INFLAenza","2026-05-30",-1,"2026-05-23","Overall","quantile","0.45",294
"INFLAenza","2026-05-30",-1,"2026-05-23","Overall","quantile","0.5",301
"INFLAenza","2026-05-30",-1,"2026-05-23","Overall","quantile","0.55",308
"INFLAenza","2026-05-30",-1,"2026-05-23","Overall","quantile","0.6",316
"INFLAenza","2026-05-30",-1,"2026-05-23","Overall","quantile","0.65",324
"INFLAenza","2026-05-30",-1,"2026-05-23","Overall","quantile","0.7",332
"INFLAenza","2026-05-30",-1,"2026-05-23","Overall","quantile","0.75",340
"INFLAenza","2026-05-30",-1,"2026-05-23","Overall","quantile","0.8",350
"INFLAenza","2026-05-30",-1,"2026-05-23","Overall","quantile","0.85",363
"INFLAenza","2026-05-30",-1,"2026-05-23","Overall","quantile","0.9",382
"INFLAenza","2026-05-30",-1,"2026-05-23","Overall","quantile","0.95",405
"INFLAenza","2026-05-30",-1,"2026-05-23","Overall","quantile","0.975",428
"INFLAenza","2026-05-30",-1,"2026-05-23","Overall","quantile","0.99",461
"INFLAenza","2026-05-30",-1,"2026-05-23","Pediatrics","quantile","0.01",65
"INFLAenza","2026-05-30",-1,"2026-05-23","Pediatrics","quantile","0.025",73
"INFLAenza","2026-05-30",-1,"2026-05-23","Pediatrics","quantile","0.05",80
"INFLAenza","2026-05-30",-1,"2026-05-23","Pediatrics","quantile","0.1",88
"INFLAenza","2026-05-30",-1,"2026-05-23","Pediatrics","quantile","0.15",95
"INFLAenza","2026-05-30",-1,"2026-05-23","Pediatrics","quantile","0.2",101
"INFLAenza","2026-05-30",-1,"2026-05-23","Pediatrics","quantile","0.25",106
"INFLAenza","2026-05-30",-1,"2026-05-23","Pediatrics","quantile","0.3",111
"INFLAenza","2026-05-30",-1,"2026-05-23","Pediatrics","quantile","0.35",115
"INFLAenza","2026-05-30",-1,"2026-05-23","Pediatrics","quantile","0.4",119
"INFLAenza","2026-05-30",-1,"2026-05-23","Pediatrics","quantile","0.45",123
"INFLAenza","2026-05-30",-1,"2026-05-23","Pediatrics","quantile","0.5",128
"INFLAenza","2026-05-30",-1,"2026-05-23","Pediatrics","quantile","0.55",132
"INFLAenza","2026-05-30",-1,"2026-05-23","Pediatrics","quantile","0.6",136
"INFLAenza","2026-05-30",-1,"2026-05-23","Pediatrics","quantile","0.65",141
"INFLAenza","2026-05-30",-1,"2026-05-23","Pediatrics","quantile","0.7",147
"INFLAenza","2026-05-30",-1,"2026-05-23","Pediatrics","quantile","0.75",152
"INFLAenza","2026-05-30",-1,"2026-05-23","Pediatrics","quantile","0.8",159
"INFLAenza","2026-05-30",-1,"2026-05-23","Pediatrics","quantile","0.85",167
"INFLAenza","2026-05-30",-1,"2026-05-23","Pediatrics","quantile","0.9",177
"INFLAenza","2026-05-30",-1,"2026-05-23","Pediatrics","quantile","0.95",196
"INFLAenza","2026-05-30",-1,"2026-05-23","Pediatrics","quantile","0.975",215
"INFLAenza","2026-05-30",-1,"2026-05-23","Pediatrics","quantile","0.99",234
"INFLAenza","2026-05-30",0,"2026-05-30","Adults","quantile","0.01",86
"INFLAenza","2026-05-30",0,"2026-05-30","Adults","quantile","0.025",96
"INFLAenza","2026-05-30",0,"2026-05-30","Adults","quantile","0.05",109
"INFLAenza","2026-05-30",0,"2026-05-30","Adults","quantile","0.1",121
"INFLAenza","2026-05-30",0,"2026-05-30","Adults","quantile","0.15",130
"INFLAenza","2026-05-30",0,"2026-05-30","Adults","quantile","0.2",138
"INFLAenza","2026-05-30",0,"2026-05-30","Adults","quantile","0.25",144
"INFLAenza","2026-05-30",0,"2026-05-30","Adults","quantile","0.3",151
"INFLAenza","2026-05-30",0,"2026-05-30","Adults","quantile","0.35",157
"INFLAenza","2026-05-30",0,"2026-05-30","Adults","quantile","0.4",163
"INFLAenza","2026-05-30",0,"2026-05-30","Adults","quantile","0.45",169
"INFLAenza","2026-05-30",0,"2026-05-30","Adults","quantile","0.5",176
"INFLAenza","2026-05-30",0,"2026-05-30","Adults","quantile","0.55",182
"INFLAenza","2026-05-30",0,"2026-05-30","Adults","quantile","0.6",188
"INFLAenza","2026-05-30",0,"2026-05-30","Adults","quantile","0.65",196
"INFLAenza","2026-05-30",0,"2026-05-30","Adults","quantile","0.7",203
"INFLAenza","2026-05-30",0,"2026-05-30","Adults","quantile","0.75",212
"INFLAenza","2026-05-30",0,"2026-05-30","Adults","quantile","0.8",223
"INFLAenza","2026-05-30",0,"2026-05-30","Adults","quantile","0.85",235
"INFLAenza","2026-05-30",0,"2026-05-30","Adults","quantile","0.9",251
"INFLAenza","2026-05-30",0,"2026-05-30","Adults","quantile","0.95",278
"INFLAenza","2026-05-30",0,"2026-05-30","Adults","quantile","0.975",306
"INFLAenza","2026-05-30",0,"2026-05-30","Adults","quantile","0.99",344
"INFLAenza","2026-05-30",0,"2026-05-30","Overall","quantile","0.01",193
"INFLAenza","2026-05-30",0,"2026-05-30","Overall","quantile","0.025",208
"INFLAenza","2026-05-30",0,"2026-05-30","Overall","quantile","0.05",223
"INFLAenza","2026-05-30",0,"2026-05-30","Overall","quantile","0.1",240
"INFLAenza","2026-05-30",0,"2026-05-30","Overall","quantile","0.15",253
"INFLAenza","2026-05-30",0,"2026-05-30","Overall","quantile","0.2",263
"INFLAenza","2026-05-30",0,"2026-05-30","Overall","quantile","0.25",271
"INFLAenza","2026-05-30",0,"2026-05-30","Overall","quantile","0.3",279
"INFLAenza","2026-05-30",0,"2026-05-30","Overall","quantile","0.35",287
"INFLAenza","2026-05-30",0,"2026-05-30","Overall","quantile","0.4",296
"INFLAenza","2026-05-30",0,"2026-05-30","Overall","quantile","0.45",303
"INFLAenza","2026-05-30",0,"2026-05-30","Overall","quantile","0.5",311
"INFLAenza","2026-05-30",0,"2026-05-30","Overall","quantile","0.55",319
"INFLAenza","2026-05-30",0,"2026-05-30","Overall","quantile","0.6",327
"INFLAenza","2026-05-30",0,"2026-05-30","Overall","quantile","0.65",336
"INFLAenza","2026-05-30",0,"2026-05-30","Overall","quantile","0.7",345
"INFLAenza","2026-05-30",0,"2026-05-30","Overall","quantile","0.75",354
"INFLAenza","2026-05-30",0,"2026-05-30","Overall","quantile","0.8",367
"INFLAenza","2026-05-30",0,"2026-05-30","Overall","quantile","0.85",383
"INFLAenza","2026-05-30",0,"2026-05-30","Overall","quantile","0.9",402
"INFLAenza","2026-05-30",0,"2026-05-30","Overall","quantile","0.95",437
"INFLAenza","2026-05-30",0,"2026-05-30","Overall","quantile","0.975",469
"INFLAenza","2026-05-30",0,"2026-05-30","Overall","quantile","0.99",498
"INFLAenza","2026-05-30",0,"2026-05-30","Pediatrics","quantile","0.01",64
"INFLAenza","2026-05-30",0,"2026-05-30","Pediatrics","quantile","0.025",71
"INFLAenza","2026-05-30",0,"2026-05-30","Pediatrics","quantile","0.05",80
"INFLAenza","2026-05-30",0,"2026-05-30","Pediatrics","quantile","0.1",88
"INFLAenza","2026-05-30",0,"2026-05-30","Pediatrics","quantile","0.15",95
"INFLAenza","2026-05-30",0,"2026-05-30","Pediatrics","quantile","0.2",101
"INFLAenza","2026-05-30",0,"2026-05-30","Pediatrics","quantile","0.25",106
"INFLAenza","2026-05-30",0,"2026-05-30","Pediatrics","quantile","0.3",111
"INFLAenza","2026-05-30",0,"2026-05-30","Pediatrics","quantile","0.35",116
"INFLAenza","2026-05-30",0,"2026-05-30","Pediatrics","quantile","0.4",120
"INFLAenza","2026-05-30",0,"2026-05-30","Pediatrics","quantile","0.45",125
"INFLAenza","2026-05-30",0,"2026-05-30","Pediatrics","quantile","0.5",129
"INFLAenza","2026-05-30",0,"2026-05-30","Pediatrics","quantile","0.55",134
"INFLAenza","2026-05-30",0,"2026-05-30","Pediatrics","quantile","0.6",140
"INFLAenza","2026-05-30",0,"2026-05-30","Pediatrics","quantile","0.65",146
"INFLAenza","2026-05-30",0,"2026-05-30","Pediatrics","quantile","0.7",152
"INFLAenza","2026-05-30",0,"2026-05-30","Pediatrics","quantile","0.75",159
"INFLAenza","2026-05-30",0,"2026-05-30","Pediatrics","quantile","0.8",167
"INFLAenza","2026-05-30",0,"2026-05-30","Pediatrics","quantile","0.85",176
"INFLAenza","2026-05-30",0,"2026-05-30","Pediatrics","quantile","0.9",189
"INFLAenza","2026-05-30",0,"2026-05-30","Pediatrics","quantile","0.95",211
"INFLAenza","2026-05-30",0,"2026-05-30","Pediatrics","quantile","0.975",228
"INFLAenza","2026-05-30",0,"2026-05-30","Pediatrics","quantile","0.99",256
"INFLAenza","2026-05-30",1,"2026-06-06","Adults","quantile","0.01",85
"INFLAenza","2026-05-30",1,"2026-06-06","Adults","quantile","0.025",96
"INFLAenza","2026-05-30",1,"2026-06-06","Adults","quantile","0.05",107
"INFLAenza","2026-05-30",1,"2026-06-06","Adults","quantile","0.1",120
"INFLAenza","2026-05-30",1,"2026-06-06","Adults","quantile","0.15",130
"INFLAenza","2026-05-30",1,"2026-06-06","Adults","quantile","0.2",139
"INFLAenza","2026-05-30",1,"2026-06-06","Adults","quantile","0.25",146
"INFLAenza","2026-05-30",1,"2026-06-06","Adults","quantile","0.3",153
"INFLAenza","2026-05-30",1,"2026-06-06","Adults","quantile","0.35",160
"INFLAenza","2026-05-30",1,"2026-06-06","Adults","quantile","0.4",166
"INFLAenza","2026-05-30",1,"2026-06-06","Adults","quantile","0.45",172
"INFLAenza","2026-05-30",1,"2026-06-06","Adults","quantile","0.5",178
"INFLAenza","2026-05-30",1,"2026-06-06","Adults","quantile","0.55",185
"INFLAenza","2026-05-30",1,"2026-06-06","Adults","quantile","0.6",193
"INFLAenza","2026-05-30",1,"2026-06-06","Adults","quantile","0.65",201
"INFLAenza","2026-05-30",1,"2026-06-06","Adults","quantile","0.7",209
"INFLAenza","2026-05-30",1,"2026-06-06","Adults","quantile","0.75",219
"INFLAenza","2026-05-30",1,"2026-06-06","Adults","quantile","0.8",230
"INFLAenza","2026-05-30",1,"2026-06-06","Adults","quantile","0.85",243
"INFLAenza","2026-05-30",1,"2026-06-06","Adults","quantile","0.9",261
"INFLAenza","2026-05-30",1,"2026-06-06","Adults","quantile","0.95",290
"INFLAenza","2026-05-30",1,"2026-06-06","Adults","quantile","0.975",322
"INFLAenza","2026-05-30",1,"2026-06-06","Adults","quantile","0.99",363
"INFLAenza","2026-05-30",1,"2026-06-06","Overall","quantile","0.01",191
"INFLAenza","2026-05-30",1,"2026-06-06","Overall","quantile","0.025",206
"INFLAenza","2026-05-30",1,"2026-06-06","Overall","quantile","0.05",222
"INFLAenza","2026-05-30",1,"2026-06-06","Overall","quantile","0.1",239
"INFLAenza","2026-05-30",1,"2026-06-06","Overall","quantile","0.15",252
"INFLAenza","2026-05-30",1,"2026-06-06","Overall","quantile","0.2",263
"INFLAenza","2026-05-30",1,"2026-06-06","Overall","quantile","0.25",274
"INFLAenza","2026-05-30",1,"2026-06-06","Overall","quantile","0.3",283
"INFLAenza","2026-05-30",1,"2026-06-06","Overall","quantile","0.35",292
"INFLAenza","2026-05-30",1,"2026-06-06","Overall","quantile","0.4",300
"INFLAenza","2026-05-30",1,"2026-06-06","Overall","quantile","0.45",308
"INFLAenza","2026-05-30",1,"2026-06-06","Overall","quantile","0.5",317
"INFLAenza","2026-05-30",1,"2026-06-06","Overall","quantile","0.55",325
"INFLAenza","2026-05-30",1,"2026-06-06","Overall","quantile","0.6",333
"INFLAenza","2026-05-30",1,"2026-06-06","Overall","quantile","0.65",343
"INFLAenza","2026-05-30",1,"2026-06-06","Overall","quantile","0.7",352
"INFLAenza","2026-05-30",1,"2026-06-06","Overall","quantile","0.75",364
"INFLAenza","2026-05-30",1,"2026-06-06","Overall","quantile","0.8",378
"INFLAenza","2026-05-30",1,"2026-06-06","Overall","quantile","0.85",394
"INFLAenza","2026-05-30",1,"2026-06-06","Overall","quantile","0.9",415
"INFLAenza","2026-05-30",1,"2026-06-06","Overall","quantile","0.95",450
"INFLAenza","2026-05-30",1,"2026-06-06","Overall","quantile","0.975",479
"INFLAenza","2026-05-30",1,"2026-06-06","Overall","quantile","0.99",523
"INFLAenza","2026-05-30",1,"2026-06-06","Pediatrics","quantile","0.01",61
"INFLAenza","2026-05-30",1,"2026-06-06","Pediatrics","quantile","0.025",68
"INFLAenza","2026-05-30",1,"2026-06-06","Pediatrics","quantile","0.05",76
"INFLAenza","2026-05-30",1,"2026-06-06","Pediatrics","quantile","0.1",87
"INFLAenza","2026-05-30",1,"2026-06-06","Pediatrics","quantile","0.15",94
"INFLAenza","2026-05-30",1,"2026-06-06","Pediatrics","quantile","0.2",100
"INFLAenza","2026-05-30",1,"2026-06-06","Pediatrics","quantile","0.25",105
"INFLAenza","2026-05-30",1,"2026-06-06","Pediatrics","quantile","0.3",110
"INFLAenza","2026-05-30",1,"2026-06-06","Pediatrics","quantile","0.35",115
"INFLAenza","2026-05-30",1,"2026-06-06","Pediatrics","quantile","0.4",120
"INFLAenza","2026-05-30",1,"2026-06-06","Pediatrics","quantile","0.45",125
"INFLAenza","2026-05-30",1,"2026-06-06","Pediatrics","quantile","0.5",130
"INFLAenza","2026-05-30",1,"2026-06-06","Pediatrics","quantile","0.55",135
"INFLAenza","2026-05-30",1,"2026-06-06","Pediatrics","quantile","0.6",141
"INFLAenza","2026-05-30",1,"2026-06-06","Pediatrics","quantile","0.65",147
"INFLAenza","2026-05-30",1,"2026-06-06","Pediatrics","quantile","0.7",154
"INFLAenza","2026-05-30",1,"2026-06-06","Pediatrics","quantile","0.75",162
"INFLAenza","2026-05-30",1,"2026-06-06","Pediatrics","quantile","0.8",171
"INFLAenza","2026-05-30",1,"2026-06-06","Pediatrics","quantile","0.85",181
"INFLAenza","2026-05-30",1,"2026-06-06","Pediatrics","quantile","0.9",195
"INFLAenza","2026-05-30",1,"2026-06-06","Pediatrics","quantile","0.95",219
"INFLAenza","2026-05-30",1,"2026-06-06","Pediatrics","quantile","0.975",241
"INFLAenza","2026-05-30",1,"2026-06-06","Pediatrics","quantile","0.99",268
"INFLAenza","2026-05-30",2,"2026-06-13","Adults","quantile","0.01",82
"INFLAenza","2026-05-30",2,"2026-06-13","Adults","quantile","0.025",94
"INFLAenza","2026-05-30",2,"2026-06-13","Adults","quantile","0.05",104
"INFLAenza","2026-05-30",2,"2026-06-13","Adults","quantile","0.1",118
"INFLAenza","2026-05-30",2,"2026-06-13","Adults","quantile","0.15",128
"INFLAenza","2026-05-30",2,"2026-06-13","Adults","quantile","0.2",136
"INFLAenza","2026-05-30",2,"2026-06-13","Adults","quantile","0.25",144
"INFLAenza","2026-05-30",2,"2026-06-13","Adults","quantile","0.3",151
"INFLAenza","2026-05-30",2,"2026-06-13","Adults","quantile","0.35",158
"INFLAenza","2026-05-30",2,"2026-06-13","Adults","quantile","0.4",165
"INFLAenza","2026-05-30",2,"2026-06-13","Adults","quantile","0.45",172
"INFLAenza","2026-05-30",2,"2026-06-13","Adults","quantile","0.5",179
"INFLAenza","2026-05-30",2,"2026-06-13","Adults","quantile","0.55",187
"INFLAenza","2026-05-30",2,"2026-06-13","Adults","quantile","0.6",193
"INFLAenza","2026-05-30",2,"2026-06-13","Adults","quantile","0.65",202
"INFLAenza","2026-05-30",2,"2026-06-13","Adults","quantile","0.7",211
"INFLAenza","2026-05-30",2,"2026-06-13","Adults","quantile","0.75",222
"INFLAenza","2026-05-30",2,"2026-06-13","Adults","quantile","0.8",233
"INFLAenza","2026-05-30",2,"2026-06-13","Adults","quantile","0.85",248
"INFLAenza","2026-05-30",2,"2026-06-13","Adults","quantile","0.9",269
"INFLAenza","2026-05-30",2,"2026-06-13","Adults","quantile","0.95",303
"INFLAenza","2026-05-30",2,"2026-06-13","Adults","quantile","0.975",335
"INFLAenza","2026-05-30",2,"2026-06-13","Adults","quantile","0.99",371
"INFLAenza","2026-05-30",2,"2026-06-13","Overall","quantile","0.01",187
"INFLAenza","2026-05-30",2,"2026-06-13","Overall","quantile","0.025",204
"INFLAenza","2026-05-30",2,"2026-06-13","Overall","quantile","0.05",219
"INFLAenza","2026-05-30",2,"2026-06-13","Overall","quantile","0.1",237
"INFLAenza","2026-05-30",2,"2026-06-13","Overall","quantile","0.15",250
"INFLAenza","2026-05-30",2,"2026-06-13","Overall","quantile","0.2",261
"INFLAenza","2026-05-30",2,"2026-06-13","Overall","quantile","0.25",270
"INFLAenza","2026-05-30",2,"2026-06-13","Overall","quantile","0.3",280
"INFLAenza","2026-05-30",2,"2026-06-13","Overall","quantile","0.35",290
"INFLAenza","2026-05-30",2,"2026-06-13","Overall","quantile","0.4",300
"INFLAenza","2026-05-30",2,"2026-06-13","Overall","quantile","0.45",308
"INFLAenza","2026-05-30",2,"2026-06-13","Overall","quantile","0.5",317
"INFLAenza","2026-05-30",2,"2026-06-13","Overall","quantile","0.55",326
"INFLAenza","2026-05-30",2,"2026-06-13","Overall","quantile","0.6",335
"INFLAenza","2026-05-30",2,"2026-06-13","Overall","quantile","0.65",345
"INFLAenza","2026-05-30",2,"2026-06-13","Overall","quantile","0.7",356
"INFLAenza","2026-05-30",2,"2026-06-13","Overall","quantile","0.75",368
"INFLAenza","2026-05-30",2,"2026-06-13","Overall","quantile","0.8",382
"INFLAenza","2026-05-30",2,"2026-06-13","Overall","quantile","0.85",398
"INFLAenza","2026-05-30",2,"2026-06-13","Overall","quantile","0.9",419
"INFLAenza","2026-05-30",2,"2026-06-13","Overall","quantile","0.95",456
"INFLAenza","2026-05-30",2,"2026-06-13","Overall","quantile","0.975",489
"INFLAenza","2026-05-30",2,"2026-06-13","Overall","quantile","0.99",527
"INFLAenza","2026-05-30",2,"2026-06-13","Pediatrics","quantile","0.01",59
"INFLAenza","2026-05-30",2,"2026-06-13","Pediatrics","quantile","0.025",67
"INFLAenza","2026-05-30",2,"2026-06-13","Pediatrics","quantile","0.05",74
"INFLAenza","2026-05-30",2,"2026-06-13","Pediatrics","quantile","0.1",84
"INFLAenza","2026-05-30",2,"2026-06-13","Pediatrics","quantile","0.15",91
"INFLAenza","2026-05-30",2,"2026-06-13","Pediatrics","quantile","0.2",97
"INFLAenza","2026-05-30",2,"2026-06-13","Pediatrics","quantile","0.25",103
"INFLAenza","2026-05-30",2,"2026-06-13","Pediatrics","quantile","0.3",108
"INFLAenza","2026-05-30",2,"2026-06-13","Pediatrics","quantile","0.35",114
"INFLAenza","2026-05-30",2,"2026-06-13","Pediatrics","quantile","0.4",119
"INFLAenza","2026-05-30",2,"2026-06-13","Pediatrics","quantile","0.45",124
"INFLAenza","2026-05-30",2,"2026-06-13","Pediatrics","quantile","0.5",130
"INFLAenza","2026-05-30",2,"2026-06-13","Pediatrics","quantile","0.55",135
"INFLAenza","2026-05-30",2,"2026-06-13","Pediatrics","quantile","0.6",141
"INFLAenza","2026-05-30",2,"2026-06-13","Pediatrics","quantile","0.65",147
"INFLAenza","2026-05-30",2,"2026-06-13","Pediatrics","quantile","0.7",154
"INFLAenza","2026-05-30",2,"2026-06-13","Pediatrics","quantile","0.75",162
"INFLAenza","2026-05-30",2,"2026-06-13","Pediatrics","quantile","0.8",172
"INFLAenza","2026-05-30",2,"2026-06-13","Pediatrics","quantile","0.85",182
"INFLAenza","2026-05-30",2,"2026-06-13","Pediatrics","quantile","0.9",197
"INFLAenza","2026-05-30",2,"2026-06-13","Pediatrics","quantile","0.95",219
"INFLAenza","2026-05-30",2,"2026-06-13","Pediatrics","quantile","0.975",243
"INFLAenza","2026-05-30",2,"2026-06-13","Pediatrics","quantile","0.99",274
"INFLAenza","2026-05-30",3,"2026-06-20","Adults","quantile","0.01",78
"INFLAenza","2026-05-30",3,"2026-06-20","Adults","quantile","0.025",89
"INFLAenza","2026-05-30",3,"2026-06-20","Adults","quantile","0.05",98
"INFLAenza","2026-05-30",3,"2026-06-20","Adults","quantile","0.1",111
"INFLAenza","2026-05-30",3,"2026-06-20","Adults","quantile","0.15",122
"INFLAenza","2026-05-30",3,"2026-06-20","Adults","quantile","0.2",130
"INFLAenza","2026-05-30",3,"2026-06-20","Adults","quantile","0.25",139
"INFLAenza","2026-05-30",3,"2026-06-20","Adults","quantile","0.3",147
"INFLAenza","2026-05-30",3,"2026-06-20","Adults","quantile","0.35",153
"INFLAenza","2026-05-30",3,"2026-06-20","Adults","quantile","0.4",159
"INFLAenza","2026-05-30",3,"2026-06-20","Adults","quantile","0.45",167
"INFLAenza","2026-05-30",3,"2026-06-20","Adults","quantile","0.5",173
"INFLAenza","2026-05-30",3,"2026-06-20","Adults","quantile","0.55",181
"INFLAenza","2026-05-30",3,"2026-06-20","Adults","quantile","0.6",189
"INFLAenza","2026-05-30",3,"2026-06-20","Adults","quantile","0.65",196
"INFLAenza","2026-05-30",3,"2026-06-20","Adults","quantile","0.7",206
"INFLAenza","2026-05-30",3,"2026-06-20","Adults","quantile","0.75",216
"INFLAenza","2026-05-30",3,"2026-06-20","Adults","quantile","0.8",229
"INFLAenza","2026-05-30",3,"2026-06-20","Adults","quantile","0.85",246
"INFLAenza","2026-05-30",3,"2026-06-20","Adults","quantile","0.9",266
"INFLAenza","2026-05-30",3,"2026-06-20","Adults","quantile","0.95",303
"INFLAenza","2026-05-30",3,"2026-06-20","Adults","quantile","0.975",333
"INFLAenza","2026-05-30",3,"2026-06-20","Adults","quantile","0.99",374
"INFLAenza","2026-05-30",3,"2026-06-20","Overall","quantile","0.01",178
"INFLAenza","2026-05-30",3,"2026-06-20","Overall","quantile","0.025",192
"INFLAenza","2026-05-30",3,"2026-06-20","Overall","quantile","0.05",205
"INFLAenza","2026-05-30",3,"2026-06-20","Overall","quantile","0.1",224
"INFLAenza","2026-05-30",3,"2026-06-20","Overall","quantile","0.15",239
"INFLAenza","2026-05-30",3,"2026-06-20","Overall","quantile","0.2",250
"INFLAenza","2026-05-30",3,"2026-06-20","Overall","quantile","0.25",261
"INFLAenza","2026-05-30",3,"2026-06-20","Overall","quantile","0.3",270
"INFLAenza","2026-05-30",3,"2026-06-20","Overall","quantile","0.35",280
"INFLAenza","2026-05-30",3,"2026-06-20","Overall","quantile","0.4",289
"INFLAenza","2026-05-30",3,"2026-06-20","Overall","quantile","0.45",297
"INFLAenza","2026-05-30",3,"2026-06-20","Overall","quantile","0.5",306
"INFLAenza","2026-05-30",3,"2026-06-20","Overall","quantile","0.55",314
"INFLAenza","2026-05-30",3,"2026-06-20","Overall","quantile","0.6",324
"INFLAenza","2026-05-30",3,"2026-06-20","Overall","quantile","0.65",334
"INFLAenza","2026-05-30",3,"2026-06-20","Overall","quantile","0.7",344
"INFLAenza","2026-05-30",3,"2026-06-20","Overall","quantile","0.75",358
"INFLAenza","2026-05-30",3,"2026-06-20","Overall","quantile","0.8",372
"INFLAenza","2026-05-30",3,"2026-06-20","Overall","quantile","0.85",391
"INFLAenza","2026-05-30",3,"2026-06-20","Overall","quantile","0.9",413
"INFLAenza","2026-05-30",3,"2026-06-20","Overall","quantile","0.95",456
"INFLAenza","2026-05-30",3,"2026-06-20","Overall","quantile","0.975",483
"INFLAenza","2026-05-30",3,"2026-06-20","Overall","quantile","0.99",529
"INFLAenza","2026-05-30",3,"2026-06-20","Pediatrics","quantile","0.01",53
"INFLAenza","2026-05-30",3,"2026-06-20","Pediatrics","quantile","0.025",62
"INFLAenza","2026-05-30",3,"2026-06-20","Pediatrics","quantile","0.05",70
"INFLAenza","2026-05-30",3,"2026-06-20","Pediatrics","quantile","0.1",79
"INFLAenza","2026-05-30",3,"2026-06-20","Pediatrics","quantile","0.15",86
"INFLAenza","2026-05-30",3,"2026-06-20","Pediatrics","quantile","0.2",92
"INFLAenza","2026-05-30",3,"2026-06-20","Pediatrics","quantile","0.25",98
"INFLAenza","2026-05-30",3,"2026-06-20","Pediatrics","quantile","0.3",103
"INFLAenza","2026-05-30",3,"2026-06-20","Pediatrics","quantile","0.35",108
"INFLAenza","2026-05-30",3,"2026-06-20","Pediatrics","quantile","0.4",113
"INFLAenza","2026-05-30",3,"2026-06-20","Pediatrics","quantile","0.45",118
"INFLAenza","2026-05-30",3,"2026-06-20","Pediatrics","quantile","0.5",124
"INFLAenza","2026-05-30",3,"2026-06-20","Pediatrics","quantile","0.55",129
"INFLAenza","2026-05-30",3,"2026-06-20","Pediatrics","quantile","0.6",135
"INFLAenza","2026-05-30",3,"2026-06-20","Pediatrics","quantile","0.65",142
"INFLAenza","2026-05-30",3,"2026-06-20","Pediatrics","quantile","0.7",149
"INFLAenza","2026-05-30",3,"2026-06-20","Pediatrics","quantile","0.75",156
"INFLAenza","2026-05-30",3,"2026-06-20","Pediatrics","quantile","0.8",164
"INFLAenza","2026-05-30",3,"2026-06-20","Pediatrics","quantile","0.85",177
"INFLAenza","2026-05-30",3,"2026-06-20","Pediatrics","quantile","0.9",191
"INFLAenza","2026-05-30",3,"2026-06-20","Pediatrics","quantile","0.95",219
"INFLAenza","2026-05-30",3,"2026-06-20","Pediatrics","quantile","0.975",242
"INFLAenza","2026-05-30",3,"2026-06-20","Pediatrics","quantile","0.99",277
"Copycat","2026-05-30",-3,"2026-05-09","Adults","quantile","0.01",100
"Copycat","2026-05-30",-3,"2026-05-09","Adults","quantile","0.025",105
"Copycat","2026-05-30",-3,"2026-05-09","Adults","quantile","0.05",110
"Copycat","2026-05-30",-3,"2026-05-09","Adults","quantile","0.1",115
"Copycat","2026-05-30",-3,"2026-05-09","Adults","quantile","0.15",119
"Copycat","2026-05-30",-3,"2026-05-09","Adults","quantile","0.2",122
"Copycat","2026-05-30",-3,"2026-05-09","Adults","quantile","0.25",124
"Copycat","2026-05-30",-3,"2026-05-09","Adults","quantile","0.3",126
"Copycat","2026-05-30",-3,"2026-05-09","Adults","quantile","0.35",129
"Copycat","2026-05-30",-3,"2026-05-09","Adults","quantile","0.4",131
"Copycat","2026-05-30",-3,"2026-05-09","Adults","quantile","0.45",133
"Copycat","2026-05-30",-3,"2026-05-09","Adults","quantile","0.5",134
"Copycat","2026-05-30",-3,"2026-05-09","Adults","quantile","0.55",137
"Copycat","2026-05-30",-3,"2026-05-09","Adults","quantile","0.6",138
"Copycat","2026-05-30",-3,"2026-05-09","Adults","quantile","0.65",141
"Copycat","2026-05-30",-3,"2026-05-09","Adults","quantile","0.7",143
"Copycat","2026-05-30",-3,"2026-05-09","Adults","quantile","0.75",146
"Copycat","2026-05-30",-3,"2026-05-09","Adults","quantile","0.8",149
"Copycat","2026-05-30",-3,"2026-05-09","Adults","quantile","0.85",153
"Copycat","2026-05-30",-3,"2026-05-09","Adults","quantile","0.9",157
"Copycat","2026-05-30",-3,"2026-05-09","Adults","quantile","0.95",165
"Copycat","2026-05-30",-3,"2026-05-09","Adults","quantile","0.975",170
"Copycat","2026-05-30",-3,"2026-05-09","Adults","quantile","0.99",178
"Copycat","2026-05-30",-2,"2026-05-16","Adults","quantile","0.01",99
"Copycat","2026-05-30",-2,"2026-05-16","Adults","quantile","0.025",105
"Copycat","2026-05-30",-2,"2026-05-16","Adults","quantile","0.05",111
"Copycat","2026-05-30",-2,"2026-05-16","Adults","quantile","0.1",117
"Copycat","2026-05-30",-2,"2026-05-16","Adults","quantile","0.15",123
"Copycat","2026-05-30",-2,"2026-05-16","Adults","quantile","0.2",128
"Copycat","2026-05-30",-2,"2026-05-16","Adults","quantile","0.25",131
"Copycat","2026-05-30",-2,"2026-05-16","Adults","quantile","0.3",134
"Copycat","2026-05-30",-2,"2026-05-16","Adults","quantile","0.35",136
"Copycat","2026-05-30",-2,"2026-05-16","Adults","quantile","0.4",140
"Copycat","2026-05-30",-2,"2026-05-16","Adults","quantile","0.45",142
"Copycat","2026-05-30",-2,"2026-05-16","Adults","quantile","0.5",145
"Copycat","2026-05-30",-2,"2026-05-16","Adults","quantile","0.55",148
"Copycat","2026-05-30",-2,"2026-05-16","Adults","quantile","0.6",151
"Copycat","2026-05-30",-2,"2026-05-16","Adults","quantile","0.65",155
"Copycat","2026-05-30",-2,"2026-05-16","Adults","quantile","0.7",157
"Copycat","2026-05-30",-2,"2026-05-16","Adults","quantile","0.75",161
"Copycat","2026-05-30",-2,"2026-05-16","Adults","quantile","0.8",165
"Copycat","2026-05-30",-2,"2026-05-16","Adults","quantile","0.85",171
"Copycat","2026-05-30",-2,"2026-05-16","Adults","quantile","0.9",177
"Copycat","2026-05-30",-2,"2026-05-16","Adults","quantile","0.95",191
"Copycat","2026-05-30",-2,"2026-05-16","Adults","quantile","0.975",201
"Copycat","2026-05-30",-2,"2026-05-16","Adults","quantile","0.99",214
"Copycat","2026-05-30",-1,"2026-05-23","Adults","quantile","0.01",93
"Copycat","2026-05-30",-1,"2026-05-23","Adults","quantile","0.025",101
"Copycat","2026-05-30",-1,"2026-05-23","Adults","quantile","0.05",109
"Copycat","2026-05-30",-1,"2026-05-23","Adults","quantile","0.1",119
"Copycat","2026-05-30",-1,"2026-05-23","Adults","quantile","0.15",125
"Copycat","2026-05-30",-1,"2026-05-23","Adults","quantile","0.2",130
"Copycat","2026-05-30",-1,"2026-05-23","Adults","quantile","0.25",134
"Copycat","2026-05-30",-1,"2026-05-23","Adults","quantile","0.3",139
"Copycat","2026-05-30",-1,"2026-05-23","Adults","quantile","0.35",143
"Copycat","2026-05-30",-1,"2026-05-23","Adults","quantile","0.4",146
"Copycat","2026-05-30",-1,"2026-05-23","Adults","quantile","0.45",149
"Copycat","2026-05-30",-1,"2026-05-23","Adults","quantile","0.5",152
"Copycat","2026-05-30",-1,"2026-05-23","Adults","quantile","0.55",158
"Copycat","2026-05-30",-1,"2026-05-23","Adults","quantile","0.6",161
"Copycat","2026-05-30",-1,"2026-05-23","Adults","quantile","0.65",167
"Copycat","2026-05-30",-1,"2026-05-23","Adults","quantile","0.7",172
"Copycat","2026-05-30",-1,"2026-05-23","Adults","quantile","0.75",177
"Copycat","2026-05-30",-1,"2026-05-23","Adults","quantile","0.8",184
"Copycat","2026-05-30",-1,"2026-05-23","Adults","quantile","0.85",191
"Copycat","2026-05-30",-1,"2026-05-23","Adults","quantile","0.9",203
"Copycat","2026-05-30",-1,"2026-05-23","Adults","quantile","0.95",216
"Copycat","2026-05-30",-1,"2026-05-23","Adults","quantile","0.975",233
"Copycat","2026-05-30",-1,"2026-05-23","Adults","quantile","0.99",249
"Copycat","2026-05-30",0,"2026-05-30","Adults","quantile","0.01",93
"Copycat","2026-05-30",0,"2026-05-30","Adults","quantile","0.025",100
"Copycat","2026-05-30",0,"2026-05-30","Adults","quantile","0.05",107
"Copycat","2026-05-30",0,"2026-05-30","Adults","quantile","0.1",117
"Copycat","2026-05-30",0,"2026-05-30","Adults","quantile","0.15",124
"Copycat","2026-05-30",0,"2026-05-30","Adults","quantile","0.2",129
"Copycat","2026-05-30",0,"2026-05-30","Adults","quantile","0.25",134
"Copycat","2026-05-30",0,"2026-05-30","Adults","quantile","0.3",139
"Copycat","2026-05-30",0,"2026-05-30","Adults","quantile","0.35",143
"Copycat","2026-05-30",0,"2026-05-30","Adults","quantile","0.4",148
"Copycat","2026-05-30",0,"2026-05-30","Adults","quantile","0.45",152
"Copycat","2026-05-30",0,"2026-05-30","Adults","quantile","0.5",157
"Copycat","2026-05-30",0,"2026-05-30","Adults","quantile","0.55",161
"Copycat","2026-05-30",0,"2026-05-30","Adults","quantile","0.6",167
"Copycat","2026-05-30",0,"2026-05-30","Adults","quantile","0.65",172
"Copycat","2026-05-30",0,"2026-05-30","Adults","quantile","0.7",179
"Copycat","2026-05-30",0,"2026-05-30","Adults","quantile","0.75",186
"Copycat","2026-05-30",0,"2026-05-30","Adults","quantile","0.8",194
"Copycat","2026-05-30",0,"2026-05-30","Adults","quantile","0.85",205
"Copycat","2026-05-30",0,"2026-05-30","Adults","quantile","0.9",219
"Copycat","2026-05-30",0,"2026-05-30","Adults","quantile","0.95",240
"Copycat","2026-05-30",0,"2026-05-30","Adults","quantile","0.975",256
"Copycat","2026-05-30",0,"2026-05-30","Adults","quantile","0.99",293
"Copycat","2026-05-30",1,"2026-06-06","Adults","quantile","0.01",82
"Copycat","2026-05-30",1,"2026-06-06","Adults","quantile","0.025",94
"Copycat","2026-05-30",1,"2026-06-06","Adults","quantile","0.05",100
"Copycat","2026-05-30",1,"2026-06-06","Adults","quantile","0.1",111
"Copycat","2026-05-30",1,"2026-06-06","Adults","quantile","0.15",119
"Copycat","2026-05-30",1,"2026-06-06","Adults","quantile","0.2",125
"Copycat","2026-05-30",1,"2026-06-06","Adults","quantile","0.25",131
"Copycat","2026-05-30",1,"2026-06-06","Adults","quantile","0.3",137
"Copycat","2026-05-30",1,"2026-06-06","Adults","quantile","0.35",141
"Copycat","2026-05-30",1,"2026-06-06","Adults","quantile","0.4",148
"Copycat","2026-05-30",1,"2026-06-06","Adults","quantile","0.45",153
"Copycat","2026-05-30",1,"2026-06-06","Adults","quantile","0.5",159
"Copycat","2026-05-30",1,"2026-06-06","Adults","quantile","0.55",165
"Copycat","2026-05-30",1,"2026-06-06","Adults","quantile","0.6",170
"Copycat","2026-05-30",1,"2026-06-06","Adults","quantile","0.65",177
"Copycat","2026-05-30",1,"2026-06-06","Adults","quantile","0.7",184
"Copycat","2026-05-30",1,"2026-06-06","Adults","quantile","0.75",191
"Copycat","2026-05-30",1,"2026-06-06","Adults","quantile","0.8",200
"Copycat","2026-05-30",1,"2026-06-06","Adults","quantile","0.85",212
"Copycat","2026-05-30",1,"2026-06-06","Adults","quantile","0.9",229
"Copycat","2026-05-30",1,"2026-06-06","Adults","quantile","0.95",260
"Copycat","2026-05-30",1,"2026-06-06","Adults","quantile","0.975",285
"Copycat","2026-05-30",1,"2026-06-06","Adults","quantile","0.99",319
"Copycat","2026-05-30",2,"2026-06-13","Adults","quantile","0.01",81
"Copycat","2026-05-30",2,"2026-06-13","Adults","quantile","0.025",89
"Copycat","2026-05-30",2,"2026-06-13","Adults","quantile","0.05",95
"Copycat","2026-05-30",2,"2026-06-13","Adults","quantile","0.1",106
"Copycat","2026-05-30",2,"2026-06-13","Adults","quantile","0.15",114
"Copycat","2026-05-30",2,"2026-06-13","Adults","quantile","0.2",120
"Copycat","2026-05-30",2,"2026-06-13","Adults","quantile","0.25",126
"Copycat","2026-05-30",2,"2026-06-13","Adults","quantile","0.3",132
"Copycat","2026-05-30",2,"2026-06-13","Adults","quantile","0.35",138
"Copycat","2026-05-30",2,"2026-06-13","Adults","quantile","0.4",143
"Copycat","2026-05-30",2,"2026-06-13","Adults","quantile","0.45",148
"Copycat","2026-05-30",2,"2026-06-13","Adults","quantile","0.5",156
"Copycat","2026-05-30",2,"2026-06-13","Adults","quantile","0.55",162
"Copycat","2026-05-30",2,"2026-06-13","Adults","quantile","0.6",169
"Copycat","2026-05-30",2,"2026-06-13","Adults","quantile","0.65",177
"Copycat","2026-05-30",2,"2026-06-13","Adults","quantile","0.7",184
"Copycat","2026-05-30",2,"2026-06-13","Adults","quantile","0.75",195
"Copycat","2026-05-30",2,"2026-06-13","Adults","quantile","0.8",204
"Copycat","2026-05-30",2,"2026-06-13","Adults","quantile","0.85",219
"Copycat","2026-05-30",2,"2026-06-13","Adults","quantile","0.9",236
"Copycat","2026-05-30",2,"2026-06-13","Adults","quantile","0.95",274
"Copycat","2026-05-30",2,"2026-06-13","Adults","quantile","0.975",307
"Copycat","2026-05-30",2,"2026-06-13","Adults","quantile","0.99",350
"Copycat","2026-05-30",3,"2026-06-20","Adults","quantile","0.01",71
"Copycat","2026-05-30",3,"2026-06-20","Adults","quantile","0.025",80
"Copycat","2026-05-30",3,"2026-06-20","Adults","quantile","0.05",90
"Copycat","2026-05-30",3,"2026-06-20","Adults","quantile","0.1",99
"Copycat","2026-05-30",3,"2026-06-20","Adults","quantile","0.15",107
"Copycat","2026-05-30",3,"2026-06-20","Adults","quantile","0.2",114
"Copycat","2026-05-30",3,"2026-06-20","Adults","quantile","0.25",120
"Copycat","2026-05-30",3,"2026-06-20","Adults","quantile","0.3",127
"Copycat","2026-05-30",3,"2026-06-20","Adults","quantile","0.35",133
"Copycat","2026-05-30",3,"2026-06-20","Adults","quantile","0.4",138
"Copycat","2026-05-30",3,"2026-06-20","Adults","quantile","0.45",145
"Copycat","2026-05-30",3,"2026-06-20","Adults","quantile","0.5",152
"Copycat","2026-05-30",3,"2026-06-20","Adults","quantile","0.55",159
"Copycat","2026-05-30",3,"2026-06-20","Adults","quantile","0.6",167
"Copycat","2026-05-30",3,"2026-06-20","Adults","quantile","0.65",175
"Copycat","2026-05-30",3,"2026-06-20","Adults","quantile","0.7",183
"Copycat","2026-05-30",3,"2026-06-20","Adults","quantile","0.75",193
"Copycat","2026-05-30",3,"2026-06-20","Adults","quantile","0.8",204
"Copycat","2026-05-30",3,"2026-06-20","Adults","quantile","0.85",216
"Copycat","2026-05-30",3,"2026-06-20","Adults","quantile","0.9",237
"Copycat","2026-05-30",3,"2026-06-20","Adults","quantile","0.95",272
"Copycat","2026-05-30",3,"2026-06-20","Adults","quantile","0.975",299
"Copycat","2026-05-30",3,"2026-06-20","Adults","quantile","0.99",355
"Copycat","2026-05-30",-3,"2026-05-09","Overall","quantile","0.01",182
"Copycat","2026-05-30",-3,"2026-05-09","Overall","quantile","0.025",194
"Copycat","2026-05-30",-3,"2026-05-09","Overall","quantile","0.05",204
"Copycat","2026-05-30",-3,"2026-05-09","Overall","quantile","0.1",213
"Copycat","2026-05-30",-3,"2026-05-09","Overall","quantile","0.15",218
"Copycat","2026-05-30",-3,"2026-05-09","Overall","quantile","0.2",223
"Copycat","2026-05-30",-3,"2026-05-09","Overall","quantile","0.25",228
"Copycat","2026-05-30",-3,"2026-05-09","Overall","quantile","0.3",231
"Copycat","2026-05-30",-3,"2026-05-09","Overall","quantile","0.35",233
"Copycat","2026-05-30",-3,"2026-05-09","Overall","quantile","0.4",237
"Copycat","2026-05-30",-3,"2026-05-09","Overall","quantile","0.45",240
"Copycat","2026-05-30",-3,"2026-05-09","Overall","quantile","0.5",244
"Copycat","2026-05-30",-3,"2026-05-09","Overall","quantile","0.55",247
"Copycat","2026-05-30",-3,"2026-05-09","Overall","quantile","0.6",251
"Copycat","2026-05-30",-3,"2026-05-09","Overall","quantile","0.65",254
"Copycat","2026-05-30",-3,"2026-05-09","Overall","quantile","0.7",258
"Copycat","2026-05-30",-3,"2026-05-09","Overall","quantile","0.75",263
"Copycat","2026-05-30",-3,"2026-05-09","Overall","quantile","0.8",268
"Copycat","2026-05-30",-3,"2026-05-09","Overall","quantile","0.85",273
"Copycat","2026-05-30",-3,"2026-05-09","Overall","quantile","0.9",281
"Copycat","2026-05-30",-3,"2026-05-09","Overall","quantile","0.95",294
"Copycat","2026-05-30",-3,"2026-05-09","Overall","quantile","0.975",300
"Copycat","2026-05-30",-3,"2026-05-09","Overall","quantile","0.99",312
"Copycat","2026-05-30",-2,"2026-05-16","Overall","quantile","0.01",182
"Copycat","2026-05-30",-2,"2026-05-16","Overall","quantile","0.025",195
"Copycat","2026-05-30",-2,"2026-05-16","Overall","quantile","0.05",204
"Copycat","2026-05-30",-2,"2026-05-16","Overall","quantile","0.1",217
"Copycat","2026-05-30",-2,"2026-05-16","Overall","quantile","0.15",224
"Copycat","2026-05-30",-2,"2026-05-16","Overall","quantile","0.2",229
"Copycat","2026-05-30",-2,"2026-05-16","Overall","quantile","0.25",238
"Copycat","2026-05-30",-2,"2026-05-16","Overall","quantile","0.3",243
"Copycat","2026-05-30",-2,"2026-05-16","Overall","quantile","0.35",249
"Copycat","2026-05-30",-2,"2026-05-16","Overall","quantile","0.4",254
"Copycat","2026-05-30",-2,"2026-05-16","Overall","quantile","0.45",259
"Copycat","2026-05-30",-2,"2026-05-16","Overall","quantile","0.5",263
"Copycat","2026-05-30",-2,"2026-05-16","Overall","quantile","0.55",268
"Copycat","2026-05-30",-2,"2026-05-16","Overall","quantile","0.6",273
"Copycat","2026-05-30",-2,"2026-05-16","Overall","quantile","0.65",278
"Copycat","2026-05-30",-2,"2026-05-16","Overall","quantile","0.7",284
"Copycat","2026-05-30",-2,"2026-05-16","Overall","quantile","0.75",291
"Copycat","2026-05-30",-2,"2026-05-16","Overall","quantile","0.8",296
"Copycat","2026-05-30",-2,"2026-05-16","Overall","quantile","0.85",305
"Copycat","2026-05-30",-2,"2026-05-16","Overall","quantile","0.9",317
"Copycat","2026-05-30",-2,"2026-05-16","Overall","quantile","0.95",341
"Copycat","2026-05-30",-2,"2026-05-16","Overall","quantile","0.975",360
"Copycat","2026-05-30",-2,"2026-05-16","Overall","quantile","0.99",394
"Copycat","2026-05-30",-1,"2026-05-23","Overall","quantile","0.01",165
"Copycat","2026-05-30",-1,"2026-05-23","Overall","quantile","0.025",188
"Copycat","2026-05-30",-1,"2026-05-23","Overall","quantile","0.05",201
"Copycat","2026-05-30",-1,"2026-05-23","Overall","quantile","0.1",216
"Copycat","2026-05-30",-1,"2026-05-23","Overall","quantile","0.15",226
"Copycat","2026-05-30",-1,"2026-05-23","Overall","quantile","0.2",235
"Copycat","2026-05-30",-1,"2026-05-23","Overall","quantile","0.25",243
"Copycat","2026-05-30",-1,"2026-05-23","Overall","quantile","0.3",248
"Copycat","2026-05-30",-1,"2026-05-23","Overall","quantile","0.35",256
"Copycat","2026-05-30",-1,"2026-05-23","Overall","quantile","0.4",261
"Copycat","2026-05-30",-1,"2026-05-23","Overall","quantile","0.45",267
"Copycat","2026-05-30",-1,"2026-05-23","Overall","quantile","0.5",275
"Copycat","2026-05-30",-1,"2026-05-23","Overall","quantile","0.55",282
"Copycat","2026-05-30",-1,"2026-05-23","Overall","quantile","0.6",287
"Copycat","2026-05-30",-1,"2026-05-23","Overall","quantile","0.65",297
"Copycat","2026-05-30",-1,"2026-05-23","Overall","quantile","0.7",303
"Copycat","2026-05-30",-1,"2026-05-23","Overall","quantile","0.75",312
"Copycat","2026-05-30",-1,"2026-05-23","Overall","quantile","0.8",323
"Copycat","2026-05-30",-1,"2026-05-23","Overall","quantile","0.85",335
"Copycat","2026-05-30",-1,"2026-05-23","Overall","quantile","0.9",355
"Copycat","2026-05-30",-1,"2026-05-23","Overall","quantile","0.95",387
"Copycat","2026-05-30",-1,"2026-05-23","Overall","quantile","0.975",415
"Copycat","2026-05-30",-1,"2026-05-23","Overall","quantile","0.99",446
"Copycat","2026-05-30",0,"2026-05-30","Overall","quantile","0.01",157
"Copycat","2026-05-30",0,"2026-05-30","Overall","quantile","0.025",177
"Copycat","2026-05-30",0,"2026-05-30","Overall","quantile","0.05",195
"Copycat","2026-05-30",0,"2026-05-30","Overall","quantile","0.1",218
"Copycat","2026-05-30",0,"2026-05-30","Overall","quantile","0.15",232
"Copycat","2026-05-30",0,"2026-05-30","Overall","quantile","0.2",239
"Copycat","2026-05-30",0,"2026-05-30","Overall","quantile","0.25",247
"Copycat","2026-05-30",0,"2026-05-30","Overall","quantile","0.3",256
"Copycat","2026-05-30",0,"2026-05-30","Overall","quantile","0.35",262
"Copycat","2026-05-30",0,"2026-05-30","Overall","quantile","0.4",268
"Copycat","2026-05-30",0,"2026-05-30","Overall","quantile","0.45",275
"Copycat","2026-05-30",0,"2026-05-30","Overall","quantile","0.5",284
"Copycat","2026-05-30",0,"2026-05-30","Overall","quantile","0.55",291
"Copycat","2026-05-30",0,"2026-05-30","Overall","quantile","0.6",298
"Copycat","2026-05-30",0,"2026-05-30","Overall","quantile","0.65",310
"Copycat","2026-05-30",0,"2026-05-30","Overall","quantile","0.7",320
"Copycat","2026-05-30",0,"2026-05-30","Overall","quantile","0.75",332
"Copycat","2026-05-30",0,"2026-05-30","Overall","quantile","0.8",347
"Copycat","2026-05-30",0,"2026-05-30","Overall","quantile","0.85",363
"Copycat","2026-05-30",0,"2026-05-30","Overall","quantile","0.9",386
"Copycat","2026-05-30",0,"2026-05-30","Overall","quantile","0.95",425
"Copycat","2026-05-30",0,"2026-05-30","Overall","quantile","0.975",467
"Copycat","2026-05-30",0,"2026-05-30","Overall","quantile","0.99",497
"Copycat","2026-05-30",1,"2026-06-06","Overall","quantile","0.01",133
"Copycat","2026-05-30",1,"2026-06-06","Overall","quantile","0.025",169
"Copycat","2026-05-30",1,"2026-06-06","Overall","quantile","0.05",188
"Copycat","2026-05-30",1,"2026-06-06","Overall","quantile","0.1",209
"Copycat","2026-05-30",1,"2026-06-06","Overall","quantile","0.15",222
"Copycat","2026-05-30",1,"2026-06-06","Overall","quantile","0.2",233
"Copycat","2026-05-30",1,"2026-06-06","Overall","quantile","0.25",239
"Copycat","2026-05-30",1,"2026-06-06","Overall","quantile","0.3",249
"Copycat","2026-05-30",1,"2026-06-06","Overall","quantile","0.35",257
"Copycat","2026-05-30",1,"2026-06-06","Overall","quantile","0.4",266
"Copycat","2026-05-30",1,"2026-06-06","Overall","quantile","0.45",276
"Copycat","2026-05-30",1,"2026-06-06","Overall","quantile","0.5",286
"Copycat","2026-05-30",1,"2026-06-06","Overall","quantile","0.55",296
"Copycat","2026-05-30",1,"2026-06-06","Overall","quantile","0.6",306
"Copycat","2026-05-30",1,"2026-06-06","Overall","quantile","0.65",316
"Copycat","2026-05-30",1,"2026-06-06","Overall","quantile","0.7",329
"Copycat","2026-05-30",1,"2026-06-06","Overall","quantile","0.75",345
"Copycat","2026-05-30",1,"2026-06-06","Overall","quantile","0.8",362
"Copycat","2026-05-30",1,"2026-06-06","Overall","quantile","0.85",381
"Copycat","2026-05-30",1,"2026-06-06","Overall","quantile","0.9",408
"Copycat","2026-05-30",1,"2026-06-06","Overall","quantile","0.95",462
"Copycat","2026-05-30",1,"2026-06-06","Overall","quantile","0.975",514
"Copycat","2026-05-30",1,"2026-06-06","Overall","quantile","0.99",552
"Copycat","2026-05-30",2,"2026-06-13","Overall","quantile","0.01",137
"Copycat","2026-05-30",2,"2026-06-13","Overall","quantile","0.025",152
"Copycat","2026-05-30",2,"2026-06-13","Overall","quantile","0.05",173
"Copycat","2026-05-30",2,"2026-06-13","Overall","quantile","0.1",201
"Copycat","2026-05-30",2,"2026-06-13","Overall","quantile","0.15",212
"Copycat","2026-05-30",2,"2026-06-13","Overall","quantile","0.2",223
"Copycat","2026-05-30",2,"2026-06-13","Overall","quantile","0.25",233
"Copycat","2026-05-30",2,"2026-06-13","Overall","quantile","0.3",244
"Copycat","2026-05-30",2,"2026-06-13","Overall","quantile","0.35",252
"Copycat","2026-05-30",2,"2026-06-13","Overall","quantile","0.4",259
"Copycat","2026-05-30",2,"2026-06-13","Overall","quantile","0.45",272
"Copycat","2026-05-30",2,"2026-06-13","Overall","quantile","0.5",283
"Copycat","2026-05-30",2,"2026-06-13","Overall","quantile","0.55",293
"Copycat","2026-05-30",2,"2026-06-13","Overall","quantile","0.6",302
"Copycat","2026-05-30",2,"2026-06-13","Overall","quantile","0.65",313
"Copycat","2026-05-30",2,"2026-06-13","Overall","quantile","0.7",329
"Copycat","2026-05-30",2,"2026-06-13","Overall","quantile","0.75",344
"Copycat","2026-05-30",2,"2026-06-13","Overall","quantile","0.8",365
"Copycat","2026-05-30",2,"2026-06-13","Overall","quantile","0.85",384
"Copycat","2026-05-30",2,"2026-06-13","Overall","quantile","0.9",421
"Copycat","2026-05-30",2,"2026-06-13","Overall","quantile","0.95",474
"Copycat","2026-05-30",2,"2026-06-13","Overall","quantile","0.975",537
"Copycat","2026-05-30",2,"2026-06-13","Overall","quantile","0.99",575
"Copycat","2026-05-30",3,"2026-06-20","Overall","quantile","0.01",116
"Copycat","2026-05-30",3,"2026-06-20","Overall","quantile","0.025",145
"Copycat","2026-05-30",3,"2026-06-20","Overall","quantile","0.05",164
"Copycat","2026-05-30",3,"2026-06-20","Overall","quantile","0.1",185
"Copycat","2026-05-30",3,"2026-06-20","Overall","quantile","0.15",198
"Copycat","2026-05-30",3,"2026-06-20","Overall","quantile","0.2",207
"Copycat","2026-05-30",3,"2026-06-20","Overall","quantile","0.25",216
"Copycat","2026-05-30",3,"2026-06-20","Overall","quantile","0.3",228
"Copycat","2026-05-30",3,"2026-06-20","Overall","quantile","0.35",237
"Copycat","2026-05-30",3,"2026-06-20","Overall","quantile","0.4",248
"Copycat","2026-05-30",3,"2026-06-20","Overall","quantile","0.45",258
"Copycat","2026-05-30",3,"2026-06-20","Overall","quantile","0.5",268
"Copycat","2026-05-30",3,"2026-06-20","Overall","quantile","0.55",282
"Copycat","2026-05-30",3,"2026-06-20","Overall","quantile","0.6",296
"Copycat","2026-05-30",3,"2026-06-20","Overall","quantile","0.65",310
"Copycat","2026-05-30",3,"2026-06-20","Overall","quantile","0.7",322
"Copycat","2026-05-30",3,"2026-06-20","Overall","quantile","0.75",337
"Copycat","2026-05-30",3,"2026-06-20","Overall","quantile","0.8",359
"Copycat","2026-05-30",3,"2026-06-20","Overall","quantile","0.85",382
"Copycat","2026-05-30",3,"2026-06-20","Overall","quantile","0.9",424
"Copycat","2026-05-30",3,"2026-06-20","Overall","quantile","0.95",476
"Copycat","2026-05-30",3,"2026-06-20","Overall","quantile","0.975",526
"Copycat","2026-05-30",3,"2026-06-20","Overall","quantile","0.99",586
"Copycat","2026-05-30",-3,"2026-05-09","Pediatrics","quantile","0.01",78
"Copycat","2026-05-30",-3,"2026-05-09","Pediatrics","quantile","0.025",83
"Copycat","2026-05-30",-3,"2026-05-09","Pediatrics","quantile","0.05",87
"Copycat","2026-05-30",-3,"2026-05-09","Pediatrics","quantile","0.1",91
"Copycat","2026-05-30",-3,"2026-05-09","Pediatrics","quantile","0.15",94
"Copycat","2026-05-30",-3,"2026-05-09","Pediatrics","quantile","0.2",96
"Copycat","2026-05-30",-3,"2026-05-09","Pediatrics","quantile","0.25",99
"Copycat","2026-05-30",-3,"2026-05-09","Pediatrics","quantile","0.3",101
"Copycat","2026-05-30",-3,"2026-05-09","Pediatrics","quantile","0.35",103
"Copycat","2026-05-30",-3,"2026-05-09","Pediatrics","quantile","0.4",105
"Copycat","2026-05-30",-3,"2026-05-09","Pediatrics","quantile","0.45",106
"Copycat","2026-05-30",-3,"2026-05-09","Pediatrics","quantile","0.5",108
"Copycat","2026-05-30",-3,"2026-05-09","Pediatrics","quantile","0.55",110
"Copycat","2026-05-30",-3,"2026-05-09","Pediatrics","quantile","0.6",112
"Copycat","2026-05-30",-3,"2026-05-09","Pediatrics","quantile","0.65",113
"Copycat","2026-05-30",-3,"2026-05-09","Pediatrics","quantile","0.7",115
"Copycat","2026-05-30",-3,"2026-05-09","Pediatrics","quantile","0.75",117
"Copycat","2026-05-30",-3,"2026-05-09","Pediatrics","quantile","0.8",120
"Copycat","2026-05-30",-3,"2026-05-09","Pediatrics","quantile","0.85",123
"Copycat","2026-05-30",-3,"2026-05-09","Pediatrics","quantile","0.9",126
"Copycat","2026-05-30",-3,"2026-05-09","Pediatrics","quantile","0.95",133
"Copycat","2026-05-30",-3,"2026-05-09","Pediatrics","quantile","0.975",140
"Copycat","2026-05-30",-3,"2026-05-09","Pediatrics","quantile","0.99",144
"Copycat","2026-05-30",-2,"2026-05-16","Pediatrics","quantile","0.01",77
"Copycat","2026-05-30",-2,"2026-05-16","Pediatrics","quantile","0.025",81
"Copycat","2026-05-30",-2,"2026-05-16","Pediatrics","quantile","0.05",87
"Copycat","2026-05-30",-2,"2026-05-16","Pediatrics","quantile","0.1",93
"Copycat","2026-05-30",-2,"2026-05-16","Pediatrics","quantile","0.15",98
"Copycat","2026-05-30",-2,"2026-05-16","Pediatrics","quantile","0.2",100
"Copycat","2026-05-30",-2,"2026-05-16","Pediatrics","quantile","0.25",103
"Copycat","2026-05-30",-2,"2026-05-16","Pediatrics","quantile","0.3",106
"Copycat","2026-05-30",-2,"2026-05-16","Pediatrics","quantile","0.35",109
"Copycat","2026-05-30",-2,"2026-05-16","Pediatrics","quantile","0.4",111
"Copycat","2026-05-30",-2,"2026-05-16","Pediatrics","quantile","0.45",114
"Copycat","2026-05-30",-2,"2026-05-16","Pediatrics","quantile","0.5",116
"Copycat","2026-05-30",-2,"2026-05-16","Pediatrics","quantile","0.55",119
"Copycat","2026-05-30",-2,"2026-05-16","Pediatrics","quantile","0.6",121
"Copycat","2026-05-30",-2,"2026-05-16","Pediatrics","quantile","0.65",124
"Copycat","2026-05-30",-2,"2026-05-16","Pediatrics","quantile","0.7",126
"Copycat","2026-05-30",-2,"2026-05-16","Pediatrics","quantile","0.75",129
"Copycat","2026-05-30",-2,"2026-05-16","Pediatrics","quantile","0.8",133
"Copycat","2026-05-30",-2,"2026-05-16","Pediatrics","quantile","0.85",137
"Copycat","2026-05-30",-2,"2026-05-16","Pediatrics","quantile","0.9",143
"Copycat","2026-05-30",-2,"2026-05-16","Pediatrics","quantile","0.95",153
"Copycat","2026-05-30",-2,"2026-05-16","Pediatrics","quantile","0.975",158
"Copycat","2026-05-30",-2,"2026-05-16","Pediatrics","quantile","0.99",167
"Copycat","2026-05-30",-1,"2026-05-23","Pediatrics","quantile","0.01",72
"Copycat","2026-05-30",-1,"2026-05-23","Pediatrics","quantile","0.025",80
"Copycat","2026-05-30",-1,"2026-05-23","Pediatrics","quantile","0.05",85
"Copycat","2026-05-30",-1,"2026-05-23","Pediatrics","quantile","0.1",93
"Copycat","2026-05-30",-1,"2026-05-23","Pediatrics","quantile","0.15",98
"Copycat","2026-05-30",-1,"2026-05-23","Pediatrics","quantile","0.2",102
"Copycat","2026-05-30",-1,"2026-05-23","Pediatrics","quantile","0.25",105
"Copycat","2026-05-30",-1,"2026-05-23","Pediatrics","quantile","0.3",109
"Copycat","2026-05-30",-1,"2026-05-23","Pediatrics","quantile","0.35",113
"Copycat","2026-05-30",-1,"2026-05-23","Pediatrics","quantile","0.4",116
"Copycat","2026-05-30",-1,"2026-05-23","Pediatrics","quantile","0.45",119
"Copycat","2026-05-30",-1,"2026-05-23","Pediatrics","quantile","0.5",121
"Copycat","2026-05-30",-1,"2026-05-23","Pediatrics","quantile","0.55",124
"Copycat","2026-05-30",-1,"2026-05-23","Pediatrics","quantile","0.6",128
"Copycat","2026-05-30",-1,"2026-05-23","Pediatrics","quantile","0.65",132
"Copycat","2026-05-30",-1,"2026-05-23","Pediatrics","quantile","0.7",136
"Copycat","2026-05-30",-1,"2026-05-23","Pediatrics","quantile","0.75",140
"Copycat","2026-05-30",-1,"2026-05-23","Pediatrics","quantile","0.8",145
"Copycat","2026-05-30",-1,"2026-05-23","Pediatrics","quantile","0.85",150
"Copycat","2026-05-30",-1,"2026-05-23","Pediatrics","quantile","0.9",157
"Copycat","2026-05-30",-1,"2026-05-23","Pediatrics","quantile","0.95",172
"Copycat","2026-05-30",-1,"2026-05-23","Pediatrics","quantile","0.975",186
"Copycat","2026-05-30",-1,"2026-05-23","Pediatrics","quantile","0.99",201
"Copycat","2026-05-30",0,"2026-05-30","Pediatrics","quantile","0.01",69
"Copycat","2026-05-30",0,"2026-05-30","Pediatrics","quantile","0.025",77
"Copycat","2026-05-30",0,"2026-05-30","Pediatrics","quantile","0.05",84
"Copycat","2026-05-30",0,"2026-05-30","Pediatrics","quantile","0.1",91
"Copycat","2026-05-30",0,"2026-05-30","Pediatrics","quantile","0.15",96
"Copycat","2026-05-30",0,"2026-05-30","Pediatrics","quantile","0.2",102
"Copycat","2026-05-30",0,"2026-05-30","Pediatrics","quantile","0.25",107
"Copycat","2026-05-30",0,"2026-05-30","Pediatrics","quantile","0.3",111
"Copycat","2026-05-30",0,"2026-05-30","Pediatrics","quantile","0.35",115
"Copycat","2026-05-30",0,"2026-05-30","Pediatrics","quantile","0.4",118
"Copycat","2026-05-30",0,"2026-05-30","Pediatrics","quantile","0.45",122
"Copycat","2026-05-30",0,"2026-05-30","Pediatrics","quantile","0.5",125
"Copycat","2026-05-30",0,"2026-05-30","Pediatrics","quantile","0.55",129
"Copycat","2026-05-30",0,"2026-05-30","Pediatrics","quantile","0.6",133
"Copycat","2026-05-30",0,"2026-05-30","Pediatrics","quantile","0.65",139
"Copycat","2026-05-30",0,"2026-05-30","Pediatrics","quantile","0.7",142
"Copycat","2026-05-30",0,"2026-05-30","Pediatrics","quantile","0.75",147
"Copycat","2026-05-30",0,"2026-05-30","Pediatrics","quantile","0.8",152
"Copycat","2026-05-30",0,"2026-05-30","Pediatrics","quantile","0.85",160
"Copycat","2026-05-30",0,"2026-05-30","Pediatrics","quantile","0.9",168
"Copycat","2026-05-30",0,"2026-05-30","Pediatrics","quantile","0.95",187
"Copycat","2026-05-30",0,"2026-05-30","Pediatrics","quantile","0.975",203
"Copycat","2026-05-30",0,"2026-05-30","Pediatrics","quantile","0.99",225
"Copycat","2026-05-30",1,"2026-06-06","Pediatrics","quantile","0.01",64
"Copycat","2026-05-30",1,"2026-06-06","Pediatrics","quantile","0.025",71
"Copycat","2026-05-30",1,"2026-06-06","Pediatrics","quantile","0.05",78
"Copycat","2026-05-30",1,"2026-06-06","Pediatrics","quantile","0.1",89
"Copycat","2026-05-30",1,"2026-06-06","Pediatrics","quantile","0.15",95
"Copycat","2026-05-30",1,"2026-06-06","Pediatrics","quantile","0.2",99
"Copycat","2026-05-30",1,"2026-06-06","Pediatrics","quantile","0.25",104
"Copycat","2026-05-30",1,"2026-06-06","Pediatrics","quantile","0.3",109
"Copycat","2026-05-30",1,"2026-06-06","Pediatrics","quantile","0.35",113
"Copycat","2026-05-30",1,"2026-06-06","Pediatrics","quantile","0.4",118
"Copycat","2026-05-30",1,"2026-06-06","Pediatrics","quantile","0.45",122
"Copycat","2026-05-30",1,"2026-06-06","Pediatrics","quantile","0.5",126
"Copycat","2026-05-30",1,"2026-06-06","Pediatrics","quantile","0.55",131
"Copycat","2026-05-30",1,"2026-06-06","Pediatrics","quantile","0.6",136
"Copycat","2026-05-30",1,"2026-06-06","Pediatrics","quantile","0.65",140
"Copycat","2026-05-30",1,"2026-06-06","Pediatrics","quantile","0.7",147
"Copycat","2026-05-30",1,"2026-06-06","Pediatrics","quantile","0.75",152
"Copycat","2026-05-30",1,"2026-06-06","Pediatrics","quantile","0.8",159
"Copycat","2026-05-30",1,"2026-06-06","Pediatrics","quantile","0.85",170
"Copycat","2026-05-30",1,"2026-06-06","Pediatrics","quantile","0.9",185
"Copycat","2026-05-30",1,"2026-06-06","Pediatrics","quantile","0.95",199
"Copycat","2026-05-30",1,"2026-06-06","Pediatrics","quantile","0.975",217
"Copycat","2026-05-30",1,"2026-06-06","Pediatrics","quantile","0.99",259
"Copycat","2026-05-30",2,"2026-06-13","Pediatrics","quantile","0.01",60
"Copycat","2026-05-30",2,"2026-06-13","Pediatrics","quantile","0.025",68
"Copycat","2026-05-30",2,"2026-06-13","Pediatrics","quantile","0.05",74
"Copycat","2026-05-30",2,"2026-06-13","Pediatrics","quantile","0.1",82
"Copycat","2026-05-30",2,"2026-06-13","Pediatrics","quantile","0.15",90
"Copycat","2026-05-30",2,"2026-06-13","Pediatrics","quantile","0.2",96
"Copycat","2026-05-30",2,"2026-06-13","Pediatrics","quantile","0.25",102
"Copycat","2026-05-30",2,"2026-06-13","Pediatrics","quantile","0.3",107
"Copycat","2026-05-30",2,"2026-06-13","Pediatrics","quantile","0.35",110
"Copycat","2026-05-30",2,"2026-06-13","Pediatrics","quantile","0.4",116
"Copycat","2026-05-30",2,"2026-06-13","Pediatrics","quantile","0.45",121
"Copycat","2026-05-30",2,"2026-06-13","Pediatrics","quantile","0.5",125
"Copycat","2026-05-30",2,"2026-06-13","Pediatrics","quantile","0.55",130
"Copycat","2026-05-30",2,"2026-06-13","Pediatrics","quantile","0.6",135
"Copycat","2026-05-30",2,"2026-06-13","Pediatrics","quantile","0.65",139
"Copycat","2026-05-30",2,"2026-06-13","Pediatrics","quantile","0.7",145
"Copycat","2026-05-30",2,"2026-06-13","Pediatrics","quantile","0.75",153
"Copycat","2026-05-30",2,"2026-06-13","Pediatrics","quantile","0.8",161
"Copycat","2026-05-30",2,"2026-06-13","Pediatrics","quantile","0.85",172
"Copycat","2026-05-30",2,"2026-06-13","Pediatrics","quantile","0.9",187
"Copycat","2026-05-30",2,"2026-06-13","Pediatrics","quantile","0.95",214
"Copycat","2026-05-30",2,"2026-06-13","Pediatrics","quantile","0.975",238
"Copycat","2026-05-30",2,"2026-06-13","Pediatrics","quantile","0.99",277
"Copycat","2026-05-30",3,"2026-06-20","Pediatrics","quantile","0.01",56
"Copycat","2026-05-30",3,"2026-06-20","Pediatrics","quantile","0.025",62
"Copycat","2026-05-30",3,"2026-06-20","Pediatrics","quantile","0.05",70
"Copycat","2026-05-30",3,"2026-06-20","Pediatrics","quantile","0.1",79
"Copycat","2026-05-30",3,"2026-06-20","Pediatrics","quantile","0.15",87
"Copycat","2026-05-30",3,"2026-06-20","Pediatrics","quantile","0.2",93
"Copycat","2026-05-30",3,"2026-06-20","Pediatrics","quantile","0.25",98
"Copycat","2026-05-30",3,"2026-06-20","Pediatrics","quantile","0.3",103
"Copycat","2026-05-30",3,"2026-06-20","Pediatrics","quantile","0.35",107
"Copycat","2026-05-30",3,"2026-06-20","Pediatrics","quantile","0.4",113
"Copycat","2026-05-30",3,"2026-06-20","Pediatrics","quantile","0.45",118
"Copycat","2026-05-30",3,"2026-06-20","Pediatrics","quantile","0.5",122
"Copycat","2026-05-30",3,"2026-06-20","Pediatrics","quantile","0.55",128
"Copycat","2026-05-30",3,"2026-06-20","Pediatrics","quantile","0.6",133
"Copycat","2026-05-30",3,"2026-06-20","Pediatrics","quantile","0.65",138
"Copycat","2026-05-30",3,"2026-06-20","Pediatrics","quantile","0.7",144
"Copycat","2026-05-30",3,"2026-06-20","Pediatrics","quantile","0.75",152
"Copycat","2026-05-30",3,"2026-06-20","Pediatrics","quantile","0.8",159
"Copycat","2026-05-30",3,"2026-06-20","Pediatrics","quantile","0.85",173
"Copycat","2026-05-30",3,"2026-06-20","Pediatrics","quantile","0.9",187
"Copycat","2026-05-30",3,"2026-06-20","Pediatrics","quantile","0.95",214
"Copycat","2026-05-30",3,"2026-06-20","Pediatrics","quantile","0.975",241
"Copycat","2026-05-30",3,"2026-06-20","Pediatrics","quantile","0.99",276
"CalCopycat","2026-05-30",-3,"2026-05-09","Adults","quantile","0.01",98
"CalCopycat","2026-05-30",-3,"2026-05-09","Adults","quantile","0.025",100
"CalCopycat","2026-05-30",-3,"2026-05-09","Adults","quantile","0.05",102
"CalCopycat","2026-05-30",-3,"2026-05-09","Adults","quantile","0.1",105
"CalCopycat","2026-05-30",-3,"2026-05-09","Adults","quantile","0.15",109
"CalCopycat","2026-05-30",-3,"2026-05-09","Adults","quantile","0.2",111
"CalCopycat","2026-05-30",-3,"2026-05-09","Adults","quantile","0.25",114
"CalCopycat","2026-05-30",-3,"2026-05-09","Adults","quantile","0.3",116
"CalCopycat","2026-05-30",-3,"2026-05-09","Adults","quantile","0.35",118
"CalCopycat","2026-05-30",-3,"2026-05-09","Adults","quantile","0.4",120
"CalCopycat","2026-05-30",-3,"2026-05-09","Adults","quantile","0.45",122
"CalCopycat","2026-05-30",-3,"2026-05-09","Adults","quantile","0.5",124
"CalCopycat","2026-05-30",-3,"2026-05-09","Adults","quantile","0.55",126
"CalCopycat","2026-05-30",-3,"2026-05-09","Adults","quantile","0.6",128
"CalCopycat","2026-05-30",-3,"2026-05-09","Adults","quantile","0.65",131
"CalCopycat","2026-05-30",-3,"2026-05-09","Adults","quantile","0.7",134
"CalCopycat","2026-05-30",-3,"2026-05-09","Adults","quantile","0.75",139
"CalCopycat","2026-05-30",-3,"2026-05-09","Adults","quantile","0.8",144
"CalCopycat","2026-05-30",-3,"2026-05-09","Adults","quantile","0.85",152
"CalCopycat","2026-05-30",-3,"2026-05-09","Adults","quantile","0.9",161
"CalCopycat","2026-05-30",-3,"2026-05-09","Adults","quantile","0.95",174
"CalCopycat","2026-05-30",-3,"2026-05-09","Adults","quantile","0.975",185
"CalCopycat","2026-05-30",-3,"2026-05-09","Adults","quantile","0.99",198
"CalCopycat","2026-05-30",-2,"2026-05-16","Adults","quantile","0.01",82
"CalCopycat","2026-05-30",-2,"2026-05-16","Adults","quantile","0.025",89
"CalCopycat","2026-05-30",-2,"2026-05-16","Adults","quantile","0.05",94
"CalCopycat","2026-05-30",-2,"2026-05-16","Adults","quantile","0.1",99
"CalCopycat","2026-05-30",-2,"2026-05-16","Adults","quantile","0.15",103
"CalCopycat","2026-05-30",-2,"2026-05-16","Adults","quantile","0.2",107
"CalCopycat","2026-05-30",-2,"2026-05-16","Adults","quantile","0.25",110
"CalCopycat","2026-05-30",-2,"2026-05-16","Adults","quantile","0.3",113
"CalCopycat","2026-05-30",-2,"2026-05-16","Adults","quantile","0.35",116
"CalCopycat","2026-05-30",-2,"2026-05-16","Adults","quantile","0.4",120
"CalCopycat","2026-05-30",-2,"2026-05-16","Adults","quantile","0.45",123
"CalCopycat","2026-05-30",-2,"2026-05-16","Adults","quantile","0.5",127
"CalCopycat","2026-05-30",-2,"2026-05-16","Adults","quantile","0.55",131
"CalCopycat","2026-05-30",-2,"2026-05-16","Adults","quantile","0.6",135
"CalCopycat","2026-05-30",-2,"2026-05-16","Adults","quantile","0.65",139
"CalCopycat","2026-05-30",-2,"2026-05-16","Adults","quantile","0.7",144
"CalCopycat","2026-05-30",-2,"2026-05-16","Adults","quantile","0.75",150
"CalCopycat","2026-05-30",-2,"2026-05-16","Adults","quantile","0.8",157
"CalCopycat","2026-05-30",-2,"2026-05-16","Adults","quantile","0.85",168
"CalCopycat","2026-05-30",-2,"2026-05-16","Adults","quantile","0.9",180
"CalCopycat","2026-05-30",-2,"2026-05-16","Adults","quantile","0.95",196
"CalCopycat","2026-05-30",-2,"2026-05-16","Adults","quantile","0.975",215
"CalCopycat","2026-05-30",-2,"2026-05-16","Adults","quantile","0.99",236
"CalCopycat","2026-05-30",-1,"2026-05-23","Adults","quantile","0.01",78
"CalCopycat","2026-05-30",-1,"2026-05-23","Adults","quantile","0.025",83
"CalCopycat","2026-05-30",-1,"2026-05-23","Adults","quantile","0.05",89
"CalCopycat","2026-05-30",-1,"2026-05-23","Adults","quantile","0.1",96
"CalCopycat","2026-05-30",-1,"2026-05-23","Adults","quantile","0.15",101
"CalCopycat","2026-05-30",-1,"2026-05-23","Adults","quantile","0.2",105
"CalCopycat","2026-05-30",-1,"2026-05-23","Adults","quantile","0.25",110
"CalCopycat","2026-05-30",-1,"2026-05-23","Adults","quantile","0.3",114
"CalCopycat","2026-05-30",-1,"2026-05-23","Adults","quantile","0.35",118
"CalCopycat","2026-05-30",-1,"2026-05-23","Adults","quantile","0.4",120
"CalCopycat","2026-05-30",-1,"2026-05-23","Adults","quantile","0.45",123
"CalCopycat","2026-05-30",-1,"2026-05-23","Adults","quantile","0.5",127
"CalCopycat","2026-05-30",-1,"2026-05-23","Adults","quantile","0.55",132
"CalCopycat","2026-05-30",-1,"2026-05-23","Adults","quantile","0.6",137
"CalCopycat","2026-05-30",-1,"2026-05-23","Adults","quantile","0.65",143
"CalCopycat","2026-05-30",-1,"2026-05-23","Adults","quantile","0.7",150
"CalCopycat","2026-05-30",-1,"2026-05-23","Adults","quantile","0.75",156
"CalCopycat","2026-05-30",-1,"2026-05-23","Adults","quantile","0.8",164
"CalCopycat","2026-05-30",-1,"2026-05-23","Adults","quantile","0.85",176
"CalCopycat","2026-05-30",-1,"2026-05-23","Adults","quantile","0.9",190
"CalCopycat","2026-05-30",-1,"2026-05-23","Adults","quantile","0.95",215
"CalCopycat","2026-05-30",-1,"2026-05-23","Adults","quantile","0.975",240
"CalCopycat","2026-05-30",-1,"2026-05-23","Adults","quantile","0.99",275
"CalCopycat","2026-05-30",0,"2026-05-30","Adults","quantile","0.01",65
"CalCopycat","2026-05-30",0,"2026-05-30","Adults","quantile","0.025",71
"CalCopycat","2026-05-30",0,"2026-05-30","Adults","quantile","0.05",78
"CalCopycat","2026-05-30",0,"2026-05-30","Adults","quantile","0.1",90
"CalCopycat","2026-05-30",0,"2026-05-30","Adults","quantile","0.15",99
"CalCopycat","2026-05-30",0,"2026-05-30","Adults","quantile","0.2",105
"CalCopycat","2026-05-30",0,"2026-05-30","Adults","quantile","0.25",109
"CalCopycat","2026-05-30",0,"2026-05-30","Adults","quantile","0.3",115
"CalCopycat","2026-05-30",0,"2026-05-30","Adults","quantile","0.35",118
"CalCopycat","2026-05-30",0,"2026-05-30","Adults","quantile","0.4",124
"CalCopycat","2026-05-30",0,"2026-05-30","Adults","quantile","0.45",128
"CalCopycat","2026-05-30",0,"2026-05-30","Adults","quantile","0.5",133
"CalCopycat","2026-05-30",0,"2026-05-30","Adults","quantile","0.55",137
"CalCopycat","2026-05-30",0,"2026-05-30","Adults","quantile","0.6",143
"CalCopycat","2026-05-30",0,"2026-05-30","Adults","quantile","0.65",148
"CalCopycat","2026-05-30",0,"2026-05-30","Adults","quantile","0.7",155
"CalCopycat","2026-05-30",0,"2026-05-30","Adults","quantile","0.75",162
"CalCopycat","2026-05-30",0,"2026-05-30","Adults","quantile","0.8",171
"CalCopycat","2026-05-30",0,"2026-05-30","Adults","quantile","0.85",186
"CalCopycat","2026-05-30",0,"2026-05-30","Adults","quantile","0.9",205
"CalCopycat","2026-05-30",0,"2026-05-30","Adults","quantile","0.95",230
"CalCopycat","2026-05-30",0,"2026-05-30","Adults","quantile","0.975",259
"CalCopycat","2026-05-30",0,"2026-05-30","Adults","quantile","0.99",316
"CalCopycat","2026-05-30",1,"2026-06-06","Adults","quantile","0.01",55
"CalCopycat","2026-05-30",1,"2026-06-06","Adults","quantile","0.025",67
"CalCopycat","2026-05-30",1,"2026-06-06","Adults","quantile","0.05",75
"CalCopycat","2026-05-30",1,"2026-06-06","Adults","quantile","0.1",85
"CalCopycat","2026-05-30",1,"2026-06-06","Adults","quantile","0.15",93
"CalCopycat","2026-05-30",1,"2026-06-06","Adults","quantile","0.2",99
"CalCopycat","2026-05-30",1,"2026-06-06","Adults","quantile","0.25",105
"CalCopycat","2026-05-30",1,"2026-06-06","Adults","quantile","0.3",111
"CalCopycat","2026-05-30",1,"2026-06-06","Adults","quantile","0.35",116
"CalCopycat","2026-05-30",1,"2026-06-06","Adults","quantile","0.4",122
"CalCopycat","2026-05-30",1,"2026-06-06","Adults","quantile","0.45",127
"CalCopycat","2026-05-30",1,"2026-06-06","Adults","quantile","0.5",133
"CalCopycat","2026-05-30",1,"2026-06-06","Adults","quantile","0.55",140
"CalCopycat","2026-05-30",1,"2026-06-06","Adults","quantile","0.6",147
"CalCopycat","2026-05-30",1,"2026-06-06","Adults","quantile","0.65",154
"CalCopycat","2026-05-30",1,"2026-06-06","Adults","quantile","0.7",162
"CalCopycat","2026-05-30",1,"2026-06-06","Adults","quantile","0.75",171
"CalCopycat","2026-05-30",1,"2026-06-06","Adults","quantile","0.8",183
"CalCopycat","2026-05-30",1,"2026-06-06","Adults","quantile","0.85",198
"CalCopycat","2026-05-30",1,"2026-06-06","Adults","quantile","0.9",216
"CalCopycat","2026-05-30",1,"2026-06-06","Adults","quantile","0.95",247
"CalCopycat","2026-05-30",1,"2026-06-06","Adults","quantile","0.975",271
"CalCopycat","2026-05-30",1,"2026-06-06","Adults","quantile","0.99",332
"CalCopycat","2026-05-30",2,"2026-06-13","Adults","quantile","0.01",55
"CalCopycat","2026-05-30",2,"2026-06-13","Adults","quantile","0.025",63
"CalCopycat","2026-05-30",2,"2026-06-13","Adults","quantile","0.05",72
"CalCopycat","2026-05-30",2,"2026-06-13","Adults","quantile","0.1",82
"CalCopycat","2026-05-30",2,"2026-06-13","Adults","quantile","0.15",89
"CalCopycat","2026-05-30",2,"2026-06-13","Adults","quantile","0.2",97
"CalCopycat","2026-05-30",2,"2026-06-13","Adults","quantile","0.25",103
"CalCopycat","2026-05-30",2,"2026-06-13","Adults","quantile","0.3",109
"CalCopycat","2026-05-30",2,"2026-06-13","Adults","quantile","0.35",116
"CalCopycat","2026-05-30",2,"2026-06-13","Adults","quantile","0.4",121
"CalCopycat","2026-05-30",2,"2026-06-13","Adults","quantile","0.45",129
"CalCopycat","2026-05-30",2,"2026-06-13","Adults","quantile","0.5",135
"CalCopycat","2026-05-30",2,"2026-06-13","Adults","quantile","0.55",142
"CalCopycat","2026-05-30",2,"2026-06-13","Adults","quantile","0.6",150
"CalCopycat","2026-05-30",2,"2026-06-13","Adults","quantile","0.65",157
"CalCopycat","2026-05-30",2,"2026-06-13","Adults","quantile","0.7",169
"CalCopycat","2026-05-30",2,"2026-06-13","Adults","quantile","0.75",178
"CalCopycat","2026-05-30",2,"2026-06-13","Adults","quantile","0.8",190
"CalCopycat","2026-05-30",2,"2026-06-13","Adults","quantile","0.85",208
"CalCopycat","2026-05-30",2,"2026-06-13","Adults","quantile","0.9",227
"CalCopycat","2026-05-30",2,"2026-06-13","Adults","quantile","0.95",266
"CalCopycat","2026-05-30",2,"2026-06-13","Adults","quantile","0.975",298
"CalCopycat","2026-05-30",2,"2026-06-13","Adults","quantile","0.99",345
"CalCopycat","2026-05-30",3,"2026-06-20","Adults","quantile","0.01",51
"CalCopycat","2026-05-30",3,"2026-06-20","Adults","quantile","0.025",62
"CalCopycat","2026-05-30",3,"2026-06-20","Adults","quantile","0.05",70
"CalCopycat","2026-05-30",3,"2026-06-20","Adults","quantile","0.1",82
"CalCopycat","2026-05-30",3,"2026-06-20","Adults","quantile","0.15",90
"CalCopycat","2026-05-30",3,"2026-06-20","Adults","quantile","0.2",97
"CalCopycat","2026-05-30",3,"2026-06-20","Adults","quantile","0.25",103
"CalCopycat","2026-05-30",3,"2026-06-20","Adults","quantile","0.3",110
"CalCopycat","2026-05-30",3,"2026-06-20","Adults","quantile","0.35",114
"CalCopycat","2026-05-30",3,"2026-06-20","Adults","quantile","0.4",121
"CalCopycat","2026-05-30",3,"2026-06-20","Adults","quantile","0.45",127
"CalCopycat","2026-05-30",3,"2026-06-20","Adults","quantile","0.5",135
"CalCopycat","2026-05-30",3,"2026-06-20","Adults","quantile","0.55",145
"CalCopycat","2026-05-30",3,"2026-06-20","Adults","quantile","0.6",151
"CalCopycat","2026-05-30",3,"2026-06-20","Adults","quantile","0.65",161
"CalCopycat","2026-05-30",3,"2026-06-20","Adults","quantile","0.7",171
"CalCopycat","2026-05-30",3,"2026-06-20","Adults","quantile","0.75",183
"CalCopycat","2026-05-30",3,"2026-06-20","Adults","quantile","0.8",193
"CalCopycat","2026-05-30",3,"2026-06-20","Adults","quantile","0.85",210
"CalCopycat","2026-05-30",3,"2026-06-20","Adults","quantile","0.9",236
"CalCopycat","2026-05-30",3,"2026-06-20","Adults","quantile","0.95",276
"CalCopycat","2026-05-30",3,"2026-06-20","Adults","quantile","0.975",308
"CalCopycat","2026-05-30",3,"2026-06-20","Adults","quantile","0.99",367
"CalCopycat","2026-05-30",-3,"2026-05-09","Overall","quantile","0.01",174
"CalCopycat","2026-05-30",-3,"2026-05-09","Overall","quantile","0.025",180
"CalCopycat","2026-05-30",-3,"2026-05-09","Overall","quantile","0.05",184
"CalCopycat","2026-05-30",-3,"2026-05-09","Overall","quantile","0.1",192
"CalCopycat","2026-05-30",-3,"2026-05-09","Overall","quantile","0.15",199
"CalCopycat","2026-05-30",-3,"2026-05-09","Overall","quantile","0.2",204
"CalCopycat","2026-05-30",-3,"2026-05-09","Overall","quantile","0.25",208
"CalCopycat","2026-05-30",-3,"2026-05-09","Overall","quantile","0.3",211
"CalCopycat","2026-05-30",-3,"2026-05-09","Overall","quantile","0.35",215
"CalCopycat","2026-05-30",-3,"2026-05-09","Overall","quantile","0.4",219
"CalCopycat","2026-05-30",-3,"2026-05-09","Overall","quantile","0.45",223
"CalCopycat","2026-05-30",-3,"2026-05-09","Overall","quantile","0.5",226
"CalCopycat","2026-05-30",-3,"2026-05-09","Overall","quantile","0.55",230
"CalCopycat","2026-05-30",-3,"2026-05-09","Overall","quantile","0.6",234
"CalCopycat","2026-05-30",-3,"2026-05-09","Overall","quantile","0.65",238
"CalCopycat","2026-05-30",-3,"2026-05-09","Overall","quantile","0.7",243
"CalCopycat","2026-05-30",-3,"2026-05-09","Overall","quantile","0.75",250
"CalCopycat","2026-05-30",-3,"2026-05-09","Overall","quantile","0.8",257
"CalCopycat","2026-05-30",-3,"2026-05-09","Overall","quantile","0.85",268
"CalCopycat","2026-05-30",-3,"2026-05-09","Overall","quantile","0.9",283
"CalCopycat","2026-05-30",-3,"2026-05-09","Overall","quantile","0.95",304
"CalCopycat","2026-05-30",-3,"2026-05-09","Overall","quantile","0.975",321
"CalCopycat","2026-05-30",-3,"2026-05-09","Overall","quantile","0.99",334
"CalCopycat","2026-05-30",-2,"2026-05-16","Overall","quantile","0.01",164
"CalCopycat","2026-05-30",-2,"2026-05-16","Overall","quantile","0.025",169
"CalCopycat","2026-05-30",-2,"2026-05-16","Overall","quantile","0.05",176
"CalCopycat","2026-05-30",-2,"2026-05-16","Overall","quantile","0.1",186
"CalCopycat","2026-05-30",-2,"2026-05-16","Overall","quantile","0.15",192
"CalCopycat","2026-05-30",-2,"2026-05-16","Overall","quantile","0.2",198
"CalCopycat","2026-05-30",-2,"2026-05-16","Overall","quantile","0.25",204
"CalCopycat","2026-05-30",-2,"2026-05-16","Overall","quantile","0.3",209
"CalCopycat","2026-05-30",-2,"2026-05-16","Overall","quantile","0.35",215
"CalCopycat","2026-05-30",-2,"2026-05-16","Overall","quantile","0.4",219
"CalCopycat","2026-05-30",-2,"2026-05-16","Overall","quantile","0.45",225
"CalCopycat","2026-05-30",-2,"2026-05-16","Overall","quantile","0.5",230
"CalCopycat","2026-05-30",-2,"2026-05-16","Overall","quantile","0.55",237
"CalCopycat","2026-05-30",-2,"2026-05-16","Overall","quantile","0.6",243
"CalCopycat","2026-05-30",-2,"2026-05-16","Overall","quantile","0.65",249
"CalCopycat","2026-05-30",-2,"2026-05-16","Overall","quantile","0.7",258
"CalCopycat","2026-05-30",-2,"2026-05-16","Overall","quantile","0.75",265
"CalCopycat","2026-05-30",-2,"2026-05-16","Overall","quantile","0.8",277
"CalCopycat","2026-05-30",-2,"2026-05-16","Overall","quantile","0.85",290
"CalCopycat","2026-05-30",-2,"2026-05-16","Overall","quantile","0.9",312
"CalCopycat","2026-05-30",-2,"2026-05-16","Overall","quantile","0.95",336
"CalCopycat","2026-05-30",-2,"2026-05-16","Overall","quantile","0.975",357
"CalCopycat","2026-05-30",-2,"2026-05-16","Overall","quantile","0.99",383
"CalCopycat","2026-05-30",-1,"2026-05-23","Overall","quantile","0.01",153
"CalCopycat","2026-05-30",-1,"2026-05-23","Overall","quantile","0.025",163
"CalCopycat","2026-05-30",-1,"2026-05-23","Overall","quantile","0.05",170
"CalCopycat","2026-05-30",-1,"2026-05-23","Overall","quantile","0.1",180
"CalCopycat","2026-05-30",-1,"2026-05-23","Overall","quantile","0.15",190
"CalCopycat","2026-05-30",-1,"2026-05-23","Overall","quantile","0.2",197
"CalCopycat","2026-05-30",-1,"2026-05-23","Overall","quantile","0.25",202
"CalCopycat","2026-05-30",-1,"2026-05-23","Overall","quantile","0.3",210
"CalCopycat","2026-05-30",-1,"2026-05-23","Overall","quantile","0.35",215
"CalCopycat","2026-05-30",-1,"2026-05-23","Overall","quantile","0.4",222
"CalCopycat","2026-05-30",-1,"2026-05-23","Overall","quantile","0.45",228
"CalCopycat","2026-05-30",-1,"2026-05-23","Overall","quantile","0.5",235
"CalCopycat","2026-05-30",-1,"2026-05-23","Overall","quantile","0.55",242
"CalCopycat","2026-05-30",-1,"2026-05-23","Overall","quantile","0.6",250
"CalCopycat","2026-05-30",-1,"2026-05-23","Overall","quantile","0.65",258
"CalCopycat","2026-05-30",-1,"2026-05-23","Overall","quantile","0.7",267
"CalCopycat","2026-05-30",-1,"2026-05-23","Overall","quantile","0.75",278
"CalCopycat","2026-05-30",-1,"2026-05-23","Overall","quantile","0.8",289
"CalCopycat","2026-05-30",-1,"2026-05-23","Overall","quantile","0.85",305
"CalCopycat","2026-05-30",-1,"2026-05-23","Overall","quantile","0.9",325
"CalCopycat","2026-05-30",-1,"2026-05-23","Overall","quantile","0.95",354
"CalCopycat","2026-05-30",-1,"2026-05-23","Overall","quantile","0.975",377
"CalCopycat","2026-05-30",-1,"2026-05-23","Overall","quantile","0.99",433
"CalCopycat","2026-05-30",0,"2026-05-30","Overall","quantile","0.01",138
"CalCopycat","2026-05-30",0,"2026-05-30","Overall","quantile","0.025",152
"CalCopycat","2026-05-30",0,"2026-05-30","Overall","quantile","0.05",164
"CalCopycat","2026-05-30",0,"2026-05-30","Overall","quantile","0.1",177
"CalCopycat","2026-05-30",0,"2026-05-30","Overall","quantile","0.15",186
"CalCopycat","2026-05-30",0,"2026-05-30","Overall","quantile","0.2",197
"CalCopycat","2026-05-30",0,"2026-05-30","Overall","quantile","0.25",203
"CalCopycat","2026-05-30",0,"2026-05-30","Overall","quantile","0.3",210
"CalCopycat","2026-05-30",0,"2026-05-30","Overall","quantile","0.35",215
"CalCopycat","2026-05-30",0,"2026-05-30","Overall","quantile","0.4",223
"CalCopycat","2026-05-30",0,"2026-05-30","Overall","quantile","0.45",230
"CalCopycat","2026-05-30",0,"2026-05-30","Overall","quantile","0.5",238
"CalCopycat","2026-05-30",0,"2026-05-30","Overall","quantile","0.55",247
"CalCopycat","2026-05-30",0,"2026-05-30","Overall","quantile","0.6",255
"CalCopycat","2026-05-30",0,"2026-05-30","Overall","quantile","0.65",266
"CalCopycat","2026-05-30",0,"2026-05-30","Overall","quantile","0.7",277
"CalCopycat","2026-05-30",0,"2026-05-30","Overall","quantile","0.75",291
"CalCopycat","2026-05-30",0,"2026-05-30","Overall","quantile","0.8",304
"CalCopycat","2026-05-30",0,"2026-05-30","Overall","quantile","0.85",322
"CalCopycat","2026-05-30",0,"2026-05-30","Overall","quantile","0.9",341
"CalCopycat","2026-05-30",0,"2026-05-30","Overall","quantile","0.95",372
"CalCopycat","2026-05-30",0,"2026-05-30","Overall","quantile","0.975",414
"CalCopycat","2026-05-30",0,"2026-05-30","Overall","quantile","0.99",458
"CalCopycat","2026-05-30",1,"2026-06-06","Overall","quantile","0.01",130
"CalCopycat","2026-05-30",1,"2026-06-06","Overall","quantile","0.025",141
"CalCopycat","2026-05-30",1,"2026-06-06","Overall","quantile","0.05",154
"CalCopycat","2026-05-30",1,"2026-06-06","Overall","quantile","0.1",170
"CalCopycat","2026-05-30",1,"2026-06-06","Overall","quantile","0.15",184
"CalCopycat","2026-05-30",1,"2026-06-06","Overall","quantile","0.2",193
"CalCopycat","2026-05-30",1,"2026-06-06","Overall","quantile","0.25",201
"CalCopycat","2026-05-30",1,"2026-06-06","Overall","quantile","0.3",212
"CalCopycat","2026-05-30",1,"2026-06-06","Overall","quantile","0.35",219
"CalCopycat","2026-05-30",1,"2026-06-06","Overall","quantile","0.4",228
"CalCopycat","2026-05-30",1,"2026-06-06","Overall","quantile","0.45",235
"CalCopycat","2026-05-30",1,"2026-06-06","Overall","quantile","0.5",244
"CalCopycat","2026-05-30",1,"2026-06-06","Overall","quantile","0.55",251
"CalCopycat","2026-05-30",1,"2026-06-06","Overall","quantile","0.6",262
"CalCopycat","2026-05-30",1,"2026-06-06","Overall","quantile","0.65",273
"CalCopycat","2026-05-30",1,"2026-06-06","Overall","quantile","0.7",285
"CalCopycat","2026-05-30",1,"2026-06-06","Overall","quantile","0.75",298
"CalCopycat","2026-05-30",1,"2026-06-06","Overall","quantile","0.8",313
"CalCopycat","2026-05-30",1,"2026-06-06","Overall","quantile","0.85",331
"CalCopycat","2026-05-30",1,"2026-06-06","Overall","quantile","0.9",354
"CalCopycat","2026-05-30",1,"2026-06-06","Overall","quantile","0.95",392
"CalCopycat","2026-05-30",1,"2026-06-06","Overall","quantile","0.975",433
"CalCopycat","2026-05-30",1,"2026-06-06","Overall","quantile","0.99",498
"CalCopycat","2026-05-30",2,"2026-06-13","Overall","quantile","0.01",120
"CalCopycat","2026-05-30",2,"2026-06-13","Overall","quantile","0.025",138
"CalCopycat","2026-05-30",2,"2026-06-13","Overall","quantile","0.05",151
"CalCopycat","2026-05-30",2,"2026-06-13","Overall","quantile","0.1",167
"CalCopycat","2026-05-30",2,"2026-06-13","Overall","quantile","0.15",182
"CalCopycat","2026-05-30",2,"2026-06-13","Overall","quantile","0.2",191
"CalCopycat","2026-05-30",2,"2026-06-13","Overall","quantile","0.25",201
"CalCopycat","2026-05-30",2,"2026-06-13","Overall","quantile","0.3",211
"CalCopycat","2026-05-30",2,"2026-06-13","Overall","quantile","0.35",221
"CalCopycat","2026-05-30",2,"2026-06-13","Overall","quantile","0.4",229
"CalCopycat","2026-05-30",2,"2026-06-13","Overall","quantile","0.45",237
"CalCopycat","2026-05-30",2,"2026-06-13","Overall","quantile","0.5",246
"CalCopycat","2026-05-30",2,"2026-06-13","Overall","quantile","0.55",257
"CalCopycat","2026-05-30",2,"2026-06-13","Overall","quantile","0.6",267
"CalCopycat","2026-05-30",2,"2026-06-13","Overall","quantile","0.65",280
"CalCopycat","2026-05-30",2,"2026-06-13","Overall","quantile","0.7",296
"CalCopycat","2026-05-30",2,"2026-06-13","Overall","quantile","0.75",310
"CalCopycat","2026-05-30",2,"2026-06-13","Overall","quantile","0.8",326
"CalCopycat","2026-05-30",2,"2026-06-13","Overall","quantile","0.85",346
"CalCopycat","2026-05-30",2,"2026-06-13","Overall","quantile","0.9",368
"CalCopycat","2026-05-30",2,"2026-06-13","Overall","quantile","0.95",421
"CalCopycat","2026-05-30",2,"2026-06-13","Overall","quantile","0.975",448
"CalCopycat","2026-05-30",2,"2026-06-13","Overall","quantile","0.99",499
"CalCopycat","2026-05-30",3,"2026-06-20","Overall","quantile","0.01",115
"CalCopycat","2026-05-30",3,"2026-06-20","Overall","quantile","0.025",128
"CalCopycat","2026-05-30",3,"2026-06-20","Overall","quantile","0.05",144
"CalCopycat","2026-05-30",3,"2026-06-20","Overall","quantile","0.1",164
"CalCopycat","2026-05-30",3,"2026-06-20","Overall","quantile","0.15",176
"CalCopycat","2026-05-30",3,"2026-06-20","Overall","quantile","0.2",187
"CalCopycat","2026-05-30",3,"2026-06-20","Overall","quantile","0.25",199
"CalCopycat","2026-05-30",3,"2026-06-20","Overall","quantile","0.3",210
"CalCopycat","2026-05-30",3,"2026-06-20","Overall","quantile","0.35",222
"CalCopycat","2026-05-30",3,"2026-06-20","Overall","quantile","0.4",231
"CalCopycat","2026-05-30",3,"2026-06-20","Overall","quantile","0.45",239
"CalCopycat","2026-05-30",3,"2026-06-20","Overall","quantile","0.5",249
"CalCopycat","2026-05-30",3,"2026-06-20","Overall","quantile","0.55",257
"CalCopycat","2026-05-30",3,"2026-06-20","Overall","quantile","0.6",272
"CalCopycat","2026-05-30",3,"2026-06-20","Overall","quantile","0.65",286
"CalCopycat","2026-05-30",3,"2026-06-20","Overall","quantile","0.7",299
"CalCopycat","2026-05-30",3,"2026-06-20","Overall","quantile","0.75",318
"CalCopycat","2026-05-30",3,"2026-06-20","Overall","quantile","0.8",336
"CalCopycat","2026-05-30",3,"2026-06-20","Overall","quantile","0.85",355
"CalCopycat","2026-05-30",3,"2026-06-20","Overall","quantile","0.9",389
"CalCopycat","2026-05-30",3,"2026-06-20","Overall","quantile","0.95",439
"CalCopycat","2026-05-30",3,"2026-06-20","Overall","quantile","0.975",491
"CalCopycat","2026-05-30",3,"2026-06-20","Overall","quantile","0.99",535
"CalCopycat","2026-05-30",-3,"2026-05-09","Pediatrics","quantile","0.01",77
"CalCopycat","2026-05-30",-3,"2026-05-09","Pediatrics","quantile","0.025",79
"CalCopycat","2026-05-30",-3,"2026-05-09","Pediatrics","quantile","0.05",82
"CalCopycat","2026-05-30",-3,"2026-05-09","Pediatrics","quantile","0.1",84
"CalCopycat","2026-05-30",-3,"2026-05-09","Pediatrics","quantile","0.15",87
"CalCopycat","2026-05-30",-3,"2026-05-09","Pediatrics","quantile","0.2",89
"CalCopycat","2026-05-30",-3,"2026-05-09","Pediatrics","quantile","0.25",91
"CalCopycat","2026-05-30",-3,"2026-05-09","Pediatrics","quantile","0.3",93
"CalCopycat","2026-05-30",-3,"2026-05-09","Pediatrics","quantile","0.35",95
"CalCopycat","2026-05-30",-3,"2026-05-09","Pediatrics","quantile","0.4",97
"CalCopycat","2026-05-30",-3,"2026-05-09","Pediatrics","quantile","0.45",99
"CalCopycat","2026-05-30",-3,"2026-05-09","Pediatrics","quantile","0.5",101
"CalCopycat","2026-05-30",-3,"2026-05-09","Pediatrics","quantile","0.55",103
"CalCopycat","2026-05-30",-3,"2026-05-09","Pediatrics","quantile","0.6",105
"CalCopycat","2026-05-30",-3,"2026-05-09","Pediatrics","quantile","0.65",107
"CalCopycat","2026-05-30",-3,"2026-05-09","Pediatrics","quantile","0.7",109
"CalCopycat","2026-05-30",-3,"2026-05-09","Pediatrics","quantile","0.75",113
"CalCopycat","2026-05-30",-3,"2026-05-09","Pediatrics","quantile","0.8",115
"CalCopycat","2026-05-30",-3,"2026-05-09","Pediatrics","quantile","0.85",119
"CalCopycat","2026-05-30",-3,"2026-05-09","Pediatrics","quantile","0.9",124
"CalCopycat","2026-05-30",-3,"2026-05-09","Pediatrics","quantile","0.95",130
"CalCopycat","2026-05-30",-3,"2026-05-09","Pediatrics","quantile","0.975",138
"CalCopycat","2026-05-30",-3,"2026-05-09","Pediatrics","quantile","0.99",144
"CalCopycat","2026-05-30",-2,"2026-05-16","Pediatrics","quantile","0.01",66
"CalCopycat","2026-05-30",-2,"2026-05-16","Pediatrics","quantile","0.025",70
"CalCopycat","2026-05-30",-2,"2026-05-16","Pediatrics","quantile","0.05",73
"CalCopycat","2026-05-30",-2,"2026-05-16","Pediatrics","quantile","0.1",78
"CalCopycat","2026-05-30",-2,"2026-05-16","Pediatrics","quantile","0.15",83
"CalCopycat","2026-05-30",-2,"2026-05-16","Pediatrics","quantile","0.2",87
"CalCopycat","2026-05-30",-2,"2026-05-16","Pediatrics","quantile","0.25",89
"CalCopycat","2026-05-30",-2,"2026-05-16","Pediatrics","quantile","0.3",92
"CalCopycat","2026-05-30",-2,"2026-05-16","Pediatrics","quantile","0.35",95
"CalCopycat","2026-05-30",-2,"2026-05-16","Pediatrics","quantile","0.4",97
"CalCopycat","2026-05-30",-2,"2026-05-16","Pediatrics","quantile","0.45",100
"CalCopycat","2026-05-30",-2,"2026-05-16","Pediatrics","quantile","0.5",103
"CalCopycat","2026-05-30",-2,"2026-05-16","Pediatrics","quantile","0.55",106
"CalCopycat","2026-05-30",-2,"2026-05-16","Pediatrics","quantile","0.6",109
"CalCopycat","2026-05-30",-2,"2026-05-16","Pediatrics","quantile","0.65",112
"CalCopycat","2026-05-30",-2,"2026-05-16","Pediatrics","quantile","0.7",116
"CalCopycat","2026-05-30",-2,"2026-05-16","Pediatrics","quantile","0.75",120
"CalCopycat","2026-05-30",-2,"2026-05-16","Pediatrics","quantile","0.8",124
"CalCopycat","2026-05-30",-2,"2026-05-16","Pediatrics","quantile","0.85",130
"CalCopycat","2026-05-30",-2,"2026-05-16","Pediatrics","quantile","0.9",137
"CalCopycat","2026-05-30",-2,"2026-05-16","Pediatrics","quantile","0.95",153
"CalCopycat","2026-05-30",-2,"2026-05-16","Pediatrics","quantile","0.975",163
"CalCopycat","2026-05-30",-2,"2026-05-16","Pediatrics","quantile","0.99",173
"CalCopycat","2026-05-30",-1,"2026-05-23","Pediatrics","quantile","0.01",59
"CalCopycat","2026-05-30",-1,"2026-05-23","Pediatrics","quantile","0.025",63
"CalCopycat","2026-05-30",-1,"2026-05-23","Pediatrics","quantile","0.05",67
"CalCopycat","2026-05-30",-1,"2026-05-23","Pediatrics","quantile","0.1",75
"CalCopycat","2026-05-30",-1,"2026-05-23","Pediatrics","quantile","0.15",79
"CalCopycat","2026-05-30",-1,"2026-05-23","Pediatrics","quantile","0.2",84
"CalCopycat","2026-05-30",-1,"2026-05-23","Pediatrics","quantile","0.25",87
"CalCopycat","2026-05-30",-1,"2026-05-23","Pediatrics","quantile","0.3",91
"CalCopycat","2026-05-30",-1,"2026-05-23","Pediatrics","quantile","0.35",95
"CalCopycat","2026-05-30",-1,"2026-05-23","Pediatrics","quantile","0.4",98
"CalCopycat","2026-05-30",-1,"2026-05-23","Pediatrics","quantile","0.45",102
"CalCopycat","2026-05-30",-1,"2026-05-23","Pediatrics","quantile","0.5",105
"CalCopycat","2026-05-30",-1,"2026-05-23","Pediatrics","quantile","0.55",109
"CalCopycat","2026-05-30",-1,"2026-05-23","Pediatrics","quantile","0.6",113
"CalCopycat","2026-05-30",-1,"2026-05-23","Pediatrics","quantile","0.65",116
"CalCopycat","2026-05-30",-1,"2026-05-23","Pediatrics","quantile","0.7",122
"CalCopycat","2026-05-30",-1,"2026-05-23","Pediatrics","quantile","0.75",128
"CalCopycat","2026-05-30",-1,"2026-05-23","Pediatrics","quantile","0.8",134
"CalCopycat","2026-05-30",-1,"2026-05-23","Pediatrics","quantile","0.85",143
"CalCopycat","2026-05-30",-1,"2026-05-23","Pediatrics","quantile","0.9",152
"CalCopycat","2026-05-30",-1,"2026-05-23","Pediatrics","quantile","0.95",170
"CalCopycat","2026-05-30",-1,"2026-05-23","Pediatrics","quantile","0.975",187
"CalCopycat","2026-05-30",-1,"2026-05-23","Pediatrics","quantile","0.99",201
"CalCopycat","2026-05-30",0,"2026-05-30","Pediatrics","quantile","0.01",55
"CalCopycat","2026-05-30",0,"2026-05-30","Pediatrics","quantile","0.025",58
"CalCopycat","2026-05-30",0,"2026-05-30","Pediatrics","quantile","0.05",64
"CalCopycat","2026-05-30",0,"2026-05-30","Pediatrics","quantile","0.1",72
"CalCopycat","2026-05-30",0,"2026-05-30","Pediatrics","quantile","0.15",77
"CalCopycat","2026-05-30",0,"2026-05-30","Pediatrics","quantile","0.2",82
"CalCopycat","2026-05-30",0,"2026-05-30","Pediatrics","quantile","0.25",87
"CalCopycat","2026-05-30",0,"2026-05-30","Pediatrics","quantile","0.3",91
"CalCopycat","2026-05-30",0,"2026-05-30","Pediatrics","quantile","0.35",95
"CalCopycat","2026-05-30",0,"2026-05-30","Pediatrics","quantile","0.4",99
"CalCopycat","2026-05-30",0,"2026-05-30","Pediatrics","quantile","0.45",102
"CalCopycat","2026-05-30",0,"2026-05-30","Pediatrics","quantile","0.5",106
"CalCopycat","2026-05-30",0,"2026-05-30","Pediatrics","quantile","0.55",110
"CalCopycat","2026-05-30",0,"2026-05-30","Pediatrics","quantile","0.6",114
"CalCopycat","2026-05-30",0,"2026-05-30","Pediatrics","quantile","0.65",121
"CalCopycat","2026-05-30",0,"2026-05-30","Pediatrics","quantile","0.7",127
"CalCopycat","2026-05-30",0,"2026-05-30","Pediatrics","quantile","0.75",133
"CalCopycat","2026-05-30",0,"2026-05-30","Pediatrics","quantile","0.8",140
"CalCopycat","2026-05-30",0,"2026-05-30","Pediatrics","quantile","0.85",150
"CalCopycat","2026-05-30",0,"2026-05-30","Pediatrics","quantile","0.9",161
"CalCopycat","2026-05-30",0,"2026-05-30","Pediatrics","quantile","0.95",179
"CalCopycat","2026-05-30",0,"2026-05-30","Pediatrics","quantile","0.975",198
"CalCopycat","2026-05-30",0,"2026-05-30","Pediatrics","quantile","0.99",215
"CalCopycat","2026-05-30",1,"2026-06-06","Pediatrics","quantile","0.01",49
"CalCopycat","2026-05-30",1,"2026-06-06","Pediatrics","quantile","0.025",54
"CalCopycat","2026-05-30",1,"2026-06-06","Pediatrics","quantile","0.05",61
"CalCopycat","2026-05-30",1,"2026-06-06","Pediatrics","quantile","0.1",67
"CalCopycat","2026-05-30",1,"2026-06-06","Pediatrics","quantile","0.15",74
"CalCopycat","2026-05-30",1,"2026-06-06","Pediatrics","quantile","0.2",79
"CalCopycat","2026-05-30",1,"2026-06-06","Pediatrics","quantile","0.25",85
"CalCopycat","2026-05-30",1,"2026-06-06","Pediatrics","quantile","0.3",89
"CalCopycat","2026-05-30",1,"2026-06-06","Pediatrics","quantile","0.35",93
"CalCopycat","2026-05-30",1,"2026-06-06","Pediatrics","quantile","0.4",97
"CalCopycat","2026-05-30",1,"2026-06-06","Pediatrics","quantile","0.45",103
"CalCopycat","2026-05-30",1,"2026-06-06","Pediatrics","quantile","0.5",108
"CalCopycat","2026-05-30",1,"2026-06-06","Pediatrics","quantile","0.55",114
"CalCopycat","2026-05-30",1,"2026-06-06","Pediatrics","quantile","0.6",118
"CalCopycat","2026-05-30",1,"2026-06-06","Pediatrics","quantile","0.65",123
"CalCopycat","2026-05-30",1,"2026-06-06","Pediatrics","quantile","0.7",129
"CalCopycat","2026-05-30",1,"2026-06-06","Pediatrics","quantile","0.75",137
"CalCopycat","2026-05-30",1,"2026-06-06","Pediatrics","quantile","0.8",147
"CalCopycat","2026-05-30",1,"2026-06-06","Pediatrics","quantile","0.85",156
"CalCopycat","2026-05-30",1,"2026-06-06","Pediatrics","quantile","0.9",173
"CalCopycat","2026-05-30",1,"2026-06-06","Pediatrics","quantile","0.95",192
"CalCopycat","2026-05-30",1,"2026-06-06","Pediatrics","quantile","0.975",219
"CalCopycat","2026-05-30",1,"2026-06-06","Pediatrics","quantile","0.99",244
"CalCopycat","2026-05-30",2,"2026-06-13","Pediatrics","quantile","0.01",49
"CalCopycat","2026-05-30",2,"2026-06-13","Pediatrics","quantile","0.025",54
"CalCopycat","2026-05-30",2,"2026-06-13","Pediatrics","quantile","0.05",59
"CalCopycat","2026-05-30",2,"2026-06-13","Pediatrics","quantile","0.1",66
"CalCopycat","2026-05-30",2,"2026-06-13","Pediatrics","quantile","0.15",72
"CalCopycat","2026-05-30",2,"2026-06-13","Pediatrics","quantile","0.2",78
"CalCopycat","2026-05-30",2,"2026-06-13","Pediatrics","quantile","0.25",83
"CalCopycat","2026-05-30",2,"2026-06-13","Pediatrics","quantile","0.3",89
"CalCopycat","2026-05-30",2,"2026-06-13","Pediatrics","quantile","0.35",93
"CalCopycat","2026-05-30",2,"2026-06-13","Pediatrics","quantile","0.4",99
"CalCopycat","2026-05-30",2,"2026-06-13","Pediatrics","quantile","0.45",104
"CalCopycat","2026-05-30",2,"2026-06-13","Pediatrics","quantile","0.5",108
"CalCopycat","2026-05-30",2,"2026-06-13","Pediatrics","quantile","0.55",114
"CalCopycat","2026-05-30",2,"2026-06-13","Pediatrics","quantile","0.6",119
"CalCopycat","2026-05-30",2,"2026-06-13","Pediatrics","quantile","0.65",125
"CalCopycat","2026-05-30",2,"2026-06-13","Pediatrics","quantile","0.7",132
"CalCopycat","2026-05-30",2,"2026-06-13","Pediatrics","quantile","0.75",141
"CalCopycat","2026-05-30",2,"2026-06-13","Pediatrics","quantile","0.8",151
"CalCopycat","2026-05-30",2,"2026-06-13","Pediatrics","quantile","0.85",163
"CalCopycat","2026-05-30",2,"2026-06-13","Pediatrics","quantile","0.9",176
"CalCopycat","2026-05-30",2,"2026-06-13","Pediatrics","quantile","0.95",210
"CalCopycat","2026-05-30",2,"2026-06-13","Pediatrics","quantile","0.975",232
"CalCopycat","2026-05-30",2,"2026-06-13","Pediatrics","quantile","0.99",269
"CalCopycat","2026-05-30",3,"2026-06-20","Pediatrics","quantile","0.01",44
"CalCopycat","2026-05-30",3,"2026-06-20","Pediatrics","quantile","0.025",52
"CalCopycat","2026-05-30",3,"2026-06-20","Pediatrics","quantile","0.05",56
"CalCopycat","2026-05-30",3,"2026-06-20","Pediatrics","quantile","0.1",65
"CalCopycat","2026-05-30",3,"2026-06-20","Pediatrics","quantile","0.15",71
"CalCopycat","2026-05-30",3,"2026-06-20","Pediatrics","quantile","0.2",76
"CalCopycat","2026-05-30",3,"2026-06-20","Pediatrics","quantile","0.25",81
"CalCopycat","2026-05-30",3,"2026-06-20","Pediatrics","quantile","0.3",87
"CalCopycat","2026-05-30",3,"2026-06-20","Pediatrics","quantile","0.35",93
"CalCopycat","2026-05-30",3,"2026-06-20","Pediatrics","quantile","0.4",98
"CalCopycat","2026-05-30",3,"2026-06-20","Pediatrics","quantile","0.45",104
"CalCopycat","2026-05-30",3,"2026-06-20","Pediatrics","quantile","0.5",109
"CalCopycat","2026-05-30",3,"2026-06-20","Pediatrics","quantile","0.55",115
"CalCopycat","2026-05-30",3,"2026-06-20","Pediatrics","quantile","0.6",121
"CalCopycat","2026-05-30",3,"2026-06-20","Pediatrics","quantile","0.65",126
"CalCopycat","2026-05-30",3,"2026-06-20","Pediatrics","quantile","0.7",134
"CalCopycat","2026-05-30",3,"2026-06-20","Pediatrics","quantile","0.75",145
"CalCopycat","2026-05-30",3,"2026-06-20","Pediatrics","quantile","0.8",156
"CalCopycat","2026-05-30",3,"2026-06-20","Pediatrics","quantile","0.85",169
"CalCopycat","2026-05-30",3,"2026-06-20","Pediatrics","quantile","0.9",186
"CalCopycat","2026-05-30",3,"2026-06-20","Pediatrics","quantile","0.95",215
"CalCopycat","2026-05-30",3,"2026-06-20","Pediatrics","quantile","0.975",255
"CalCopycat","2026-05-30",3,"2026-06-20","Pediatrics","quantile","0.99",294
"newGBQR","2026-05-30",-3,"2026-05-09","Adults","quantile","0.01",75
"newGBQR","2026-05-30",-3,"2026-05-09","Adults","quantile","0.025",86
"newGBQR","2026-05-30",-3,"2026-05-09","Adults","quantile","0.05",97
"newGBQR","2026-05-30",-3,"2026-05-09","Adults","quantile","0.1",116
"newGBQR","2026-05-30",-3,"2026-05-09","Adults","quantile","0.15",122
"newGBQR","2026-05-30",-3,"2026-05-09","Adults","quantile","0.2",127
"newGBQR","2026-05-30",-3,"2026-05-09","Adults","quantile","0.25",130
"newGBQR","2026-05-30",-3,"2026-05-09","Adults","quantile","0.3",132
"newGBQR","2026-05-30",-3,"2026-05-09","Adults","quantile","0.35",133
"newGBQR","2026-05-30",-3,"2026-05-09","Adults","quantile","0.4",134
"newGBQR","2026-05-30",-3,"2026-05-09","Adults","quantile","0.45",137
"newGBQR","2026-05-30",-3,"2026-05-09","Adults","quantile","0.5",140
"newGBQR","2026-05-30",-3,"2026-05-09","Adults","quantile","0.55",142
"newGBQR","2026-05-30",-3,"2026-05-09","Adults","quantile","0.6",144
"newGBQR","2026-05-30",-3,"2026-05-09","Adults","quantile","0.65",146
"newGBQR","2026-05-30",-3,"2026-05-09","Adults","quantile","0.7",147
"newGBQR","2026-05-30",-3,"2026-05-09","Adults","quantile","0.75",149
"newGBQR","2026-05-30",-3,"2026-05-09","Adults","quantile","0.8",156
"newGBQR","2026-05-30",-3,"2026-05-09","Adults","quantile","0.85",161
"newGBQR","2026-05-30",-3,"2026-05-09","Adults","quantile","0.9",169
"newGBQR","2026-05-30",-3,"2026-05-09","Adults","quantile","0.95",191
"newGBQR","2026-05-30",-3,"2026-05-09","Adults","quantile","0.975",215
"newGBQR","2026-05-30",-3,"2026-05-09","Adults","quantile","0.99",235
"newGBQR","2026-05-30",-2,"2026-05-16","Adults","quantile","0.01",74
"newGBQR","2026-05-30",-2,"2026-05-16","Adults","quantile","0.025",86
"newGBQR","2026-05-30",-2,"2026-05-16","Adults","quantile","0.05",96
"newGBQR","2026-05-30",-2,"2026-05-16","Adults","quantile","0.1",116
"newGBQR","2026-05-30",-2,"2026-05-16","Adults","quantile","0.15",124
"newGBQR","2026-05-30",-2,"2026-05-16","Adults","quantile","0.2",129
"newGBQR","2026-05-30",-2,"2026-05-16","Adults","quantile","0.25",132
"newGBQR","2026-05-30",-2,"2026-05-16","Adults","quantile","0.3",134
"newGBQR","2026-05-30",-2,"2026-05-16","Adults","quantile","0.35",137
"newGBQR","2026-05-30",-2,"2026-05-16","Adults","quantile","0.4",137
"newGBQR","2026-05-30",-2,"2026-05-16","Adults","quantile","0.45",138
"newGBQR","2026-05-30",-2,"2026-05-16","Adults","quantile","0.5",141
"newGBQR","2026-05-30",-2,"2026-05-16","Adults","quantile","0.55",142
"newGBQR","2026-05-30",-2,"2026-05-16","Adults","quantile","0.6",145
"newGBQR","2026-05-30",-2,"2026-05-16","Adults","quantile","0.65",146
"newGBQR","2026-05-30",-2,"2026-05-16","Adults","quantile","0.7",148
"newGBQR","2026-05-30",-2,"2026-05-16","Adults","quantile","0.75",150
"newGBQR","2026-05-30",-2,"2026-05-16","Adults","quantile","0.8",158
"newGBQR","2026-05-30",-2,"2026-05-16","Adults","quantile","0.85",164
"newGBQR","2026-05-30",-2,"2026-05-16","Adults","quantile","0.9",170
"newGBQR","2026-05-30",-2,"2026-05-16","Adults","quantile","0.95",193
"newGBQR","2026-05-30",-2,"2026-05-16","Adults","quantile","0.975",215
"newGBQR","2026-05-30",-2,"2026-05-16","Adults","quantile","0.99",235
"newGBQR","2026-05-30",-1,"2026-05-23","Adults","quantile","0.01",74
"newGBQR","2026-05-30",-1,"2026-05-23","Adults","quantile","0.025",85
"newGBQR","2026-05-30",-1,"2026-05-23","Adults","quantile","0.05",96
"newGBQR","2026-05-30",-1,"2026-05-23","Adults","quantile","0.1",116
"newGBQR","2026-05-30",-1,"2026-05-23","Adults","quantile","0.15",126
"newGBQR","2026-05-30",-1,"2026-05-23","Adults","quantile","0.2",130
"newGBQR","2026-05-30",-1,"2026-05-23","Adults","quantile","0.25",134
"newGBQR","2026-05-30",-1,"2026-05-23","Adults","quantile","0.3",137
"newGBQR","2026-05-30",-1,"2026-05-23","Adults","quantile","0.35",142
"newGBQR","2026-05-30",-1,"2026-05-23","Adults","quantile","0.4",143
"newGBQR","2026-05-30",-1,"2026-05-23","Adults","quantile","0.45",145
"newGBQR","2026-05-30",-1,"2026-05-23","Adults","quantile","0.5",148
"newGBQR","2026-05-30",-1,"2026-05-23","Adults","quantile","0.55",149
"newGBQR","2026-05-30",-1,"2026-05-23","Adults","quantile","0.6",150
"newGBQR","2026-05-30",-1,"2026-05-23","Adults","quantile","0.65",152
"newGBQR","2026-05-30",-1,"2026-05-23","Adults","quantile","0.7",155
"newGBQR","2026-05-30",-1,"2026-05-23","Adults","quantile","0.75",157
"newGBQR","2026-05-30",-1,"2026-05-23","Adults","quantile","0.8",165
"newGBQR","2026-05-30",-1,"2026-05-23","Adults","quantile","0.85",171
"newGBQR","2026-05-30",-1,"2026-05-23","Adults","quantile","0.9",177
"newGBQR","2026-05-30",-1,"2026-05-23","Adults","quantile","0.95",197
"newGBQR","2026-05-30",-1,"2026-05-23","Adults","quantile","0.975",215
"newGBQR","2026-05-30",-1,"2026-05-23","Adults","quantile","0.99",235
"newGBQR","2026-05-30",0,"2026-05-30","Adults","quantile","0.01",74
"newGBQR","2026-05-30",0,"2026-05-30","Adults","quantile","0.025",85
"newGBQR","2026-05-30",0,"2026-05-30","Adults","quantile","0.05",95
"newGBQR","2026-05-30",0,"2026-05-30","Adults","quantile","0.1",116
"newGBQR","2026-05-30",0,"2026-05-30","Adults","quantile","0.15",125
"newGBQR","2026-05-30",0,"2026-05-30","Adults","quantile","0.2",132
"newGBQR","2026-05-30",0,"2026-05-30","Adults","quantile","0.25",135
"newGBQR","2026-05-30",0,"2026-05-30","Adults","quantile","0.3",138
"newGBQR","2026-05-30",0,"2026-05-30","Adults","quantile","0.35",141
"newGBQR","2026-05-30",0,"2026-05-30","Adults","quantile","0.4",144
"newGBQR","2026-05-30",0,"2026-05-30","Adults","quantile","0.45",146
"newGBQR","2026-05-30",0,"2026-05-30","Adults","quantile","0.5",151
"newGBQR","2026-05-30",0,"2026-05-30","Adults","quantile","0.55",152
"newGBQR","2026-05-30",0,"2026-05-30","Adults","quantile","0.6",152
"newGBQR","2026-05-30",0,"2026-05-30","Adults","quantile","0.65",156
"newGBQR","2026-05-30",0,"2026-05-30","Adults","quantile","0.7",158
"newGBQR","2026-05-30",0,"2026-05-30","Adults","quantile","0.75",161
"newGBQR","2026-05-30",0,"2026-05-30","Adults","quantile","0.8",175
"newGBQR","2026-05-30",0,"2026-05-30","Adults","quantile","0.85",179
"newGBQR","2026-05-30",0,"2026-05-30","Adults","quantile","0.9",183
"newGBQR","2026-05-30",0,"2026-05-30","Adults","quantile","0.95",202
"newGBQR","2026-05-30",0,"2026-05-30","Adults","quantile","0.975",218
"newGBQR","2026-05-30",0,"2026-05-30","Adults","quantile","0.99",235
"newGBQR","2026-05-30",1,"2026-06-06","Adults","quantile","0.01",74
"newGBQR","2026-05-30",1,"2026-06-06","Adults","quantile","0.025",85
"newGBQR","2026-05-30",1,"2026-06-06","Adults","quantile","0.05",95
"newGBQR","2026-05-30",1,"2026-06-06","Adults","quantile","0.1",116
"newGBQR","2026-05-30",1,"2026-06-06","Adults","quantile","0.15",125
"newGBQR","2026-05-30",1,"2026-06-06","Adults","quantile","0.2",133
"newGBQR","2026-05-30",1,"2026-06-06","Adults","quantile","0.25",136
"newGBQR","2026-05-30",1,"2026-06-06","Adults","quantile","0.3",138
"newGBQR","2026-05-30",1,"2026-06-06","Adults","quantile","0.35",142
"newGBQR","2026-05-30",1,"2026-06-06","Adults","quantile","0.4",145
"newGBQR","2026-05-30",1,"2026-06-06","Adults","quantile","0.45",147
"newGBQR","2026-05-30",1,"2026-06-06","Adults","quantile","0.5",151
"newGBQR","2026-05-30",1,"2026-06-06","Adults","quantile","0.55",153
"newGBQR","2026-05-30",1,"2026-06-06","Adults","quantile","0.6",153
"newGBQR","2026-05-30",1,"2026-06-06","Adults","quantile","0.65",157
"newGBQR","2026-05-30",1,"2026-06-06","Adults","quantile","0.7",161
"newGBQR","2026-05-30",1,"2026-06-06","Adults","quantile","0.75",164
"newGBQR","2026-05-30",1,"2026-06-06","Adults","quantile","0.8",177
"newGBQR","2026-05-30",1,"2026-06-06","Adults","quantile","0.85",182
"newGBQR","2026-05-30",1,"2026-06-06","Adults","quantile","0.9",186
"newGBQR","2026-05-30",1,"2026-06-06","Adults","quantile","0.95",205
"newGBQR","2026-05-30",1,"2026-06-06","Adults","quantile","0.975",220
"newGBQR","2026-05-30",1,"2026-06-06","Adults","quantile","0.99",234
"newGBQR","2026-05-30",2,"2026-06-13","Adults","quantile","0.01",74
"newGBQR","2026-05-30",2,"2026-06-13","Adults","quantile","0.025",85
"newGBQR","2026-05-30",2,"2026-06-13","Adults","quantile","0.05",95
"newGBQR","2026-05-30",2,"2026-06-13","Adults","quantile","0.1",116
"newGBQR","2026-05-30",2,"2026-06-13","Adults","quantile","0.15",124
"newGBQR","2026-05-30",2,"2026-06-13","Adults","quantile","0.2",133
"newGBQR","2026-05-30",2,"2026-06-13","Adults","quantile","0.25",136
"newGBQR","2026-05-30",2,"2026-06-13","Adults","quantile","0.3",138
"newGBQR","2026-05-30",2,"2026-06-13","Adults","quantile","0.35",143
"newGBQR","2026-05-30",2,"2026-06-13","Adults","quantile","0.4",145
"newGBQR","2026-05-30",2,"2026-06-13","Adults","quantile","0.45",147
"newGBQR","2026-05-30",2,"2026-06-13","Adults","quantile","0.5",152
"newGBQR","2026-05-30",2,"2026-06-13","Adults","quantile","0.55",154
"newGBQR","2026-05-30",2,"2026-06-13","Adults","quantile","0.6",154
"newGBQR","2026-05-30",2,"2026-06-13","Adults","quantile","0.65",158
"newGBQR","2026-05-30",2,"2026-06-13","Adults","quantile","0.7",163
"newGBQR","2026-05-30",2,"2026-06-13","Adults","quantile","0.75",168
"newGBQR","2026-05-30",2,"2026-06-13","Adults","quantile","0.8",180
"newGBQR","2026-05-30",2,"2026-06-13","Adults","quantile","0.85",185
"newGBQR","2026-05-30",2,"2026-06-13","Adults","quantile","0.9",190
"newGBQR","2026-05-30",2,"2026-06-13","Adults","quantile","0.95",211
"newGBQR","2026-05-30",2,"2026-06-13","Adults","quantile","0.975",225
"newGBQR","2026-05-30",2,"2026-06-13","Adults","quantile","0.99",232
"newGBQR","2026-05-30",3,"2026-06-20","Adults","quantile","0.01",74
"newGBQR","2026-05-30",3,"2026-06-20","Adults","quantile","0.025",85
"newGBQR","2026-05-30",3,"2026-06-20","Adults","quantile","0.05",95
"newGBQR","2026-05-30",3,"2026-06-20","Adults","quantile","0.1",115
"newGBQR","2026-05-30",3,"2026-06-20","Adults","quantile","0.15",124
"newGBQR","2026-05-30",3,"2026-06-20","Adults","quantile","0.2",133
"newGBQR","2026-05-30",3,"2026-06-20","Adults","quantile","0.25",136
"newGBQR","2026-05-30",3,"2026-06-20","Adults","quantile","0.3",139
"newGBQR","2026-05-30",3,"2026-06-20","Adults","quantile","0.35",143
"newGBQR","2026-05-30",3,"2026-06-20","Adults","quantile","0.4",145
"newGBQR","2026-05-30",3,"2026-06-20","Adults","quantile","0.45",148
"newGBQR","2026-05-30",3,"2026-06-20","Adults","quantile","0.5",153
"newGBQR","2026-05-30",3,"2026-06-20","Adults","quantile","0.55",154
"newGBQR","2026-05-30",3,"2026-06-20","Adults","quantile","0.6",155
"newGBQR","2026-05-30",3,"2026-06-20","Adults","quantile","0.65",159
"newGBQR","2026-05-30",3,"2026-06-20","Adults","quantile","0.7",164
"newGBQR","2026-05-30",3,"2026-06-20","Adults","quantile","0.75",169
"newGBQR","2026-05-30",3,"2026-06-20","Adults","quantile","0.8",183
"newGBQR","2026-05-30",3,"2026-06-20","Adults","quantile","0.85",187
"newGBQR","2026-05-30",3,"2026-06-20","Adults","quantile","0.9",194
"newGBQR","2026-05-30",3,"2026-06-20","Adults","quantile","0.95",212
"newGBQR","2026-05-30",3,"2026-06-20","Adults","quantile","0.975",229
"newGBQR","2026-05-30",3,"2026-06-20","Adults","quantile","0.99",233
"newGBQR","2026-05-30",-3,"2026-05-09","Overall","quantile","0.01",146
"newGBQR","2026-05-30",-3,"2026-05-09","Overall","quantile","0.025",164
"newGBQR","2026-05-30",-3,"2026-05-09","Overall","quantile","0.05",180
"newGBQR","2026-05-30",-3,"2026-05-09","Overall","quantile","0.1",210
"newGBQR","2026-05-30",-3,"2026-05-09","Overall","quantile","0.15",222
"newGBQR","2026-05-30",-3,"2026-05-09","Overall","quantile","0.2",230
"newGBQR","2026-05-30",-3,"2026-05-09","Overall","quantile","0.25",235
"newGBQR","2026-05-30",-3,"2026-05-09","Overall","quantile","0.3",237
"newGBQR","2026-05-30",-3,"2026-05-09","Overall","quantile","0.35",242
"newGBQR","2026-05-30",-3,"2026-05-09","Overall","quantile","0.4",244
"newGBQR","2026-05-30",-3,"2026-05-09","Overall","quantile","0.45",248
"newGBQR","2026-05-30",-3,"2026-05-09","Overall","quantile","0.5",254
"newGBQR","2026-05-30",-3,"2026-05-09","Overall","quantile","0.55",258
"newGBQR","2026-05-30",-3,"2026-05-09","Overall","quantile","0.6",260
"newGBQR","2026-05-30",-3,"2026-05-09","Overall","quantile","0.65",262
"newGBQR","2026-05-30",-3,"2026-05-09","Overall","quantile","0.7",266
"newGBQR","2026-05-30",-3,"2026-05-09","Overall","quantile","0.75",269
"newGBQR","2026-05-30",-3,"2026-05-09","Overall","quantile","0.8",275
"newGBQR","2026-05-30",-3,"2026-05-09","Overall","quantile","0.85",282
"newGBQR","2026-05-30",-3,"2026-05-09","Overall","quantile","0.9",294
"newGBQR","2026-05-30",-3,"2026-05-09","Overall","quantile","0.95",329
"newGBQR","2026-05-30",-3,"2026-05-09","Overall","quantile","0.975",365
"newGBQR","2026-05-30",-3,"2026-05-09","Overall","quantile","0.99",397
"newGBQR","2026-05-30",-2,"2026-05-16","Overall","quantile","0.01",146
"newGBQR","2026-05-30",-2,"2026-05-16","Overall","quantile","0.025",163
"newGBQR","2026-05-30",-2,"2026-05-16","Overall","quantile","0.05",179
"newGBQR","2026-05-30",-2,"2026-05-16","Overall","quantile","0.1",210
"newGBQR","2026-05-30",-2,"2026-05-16","Overall","quantile","0.15",224
"newGBQR","2026-05-30",-2,"2026-05-16","Overall","quantile","0.2",232
"newGBQR","2026-05-30",-2,"2026-05-16","Overall","quantile","0.25",237
"newGBQR","2026-05-30",-2,"2026-05-16","Overall","quantile","0.3",241
"newGBQR","2026-05-30",-2,"2026-05-16","Overall","quantile","0.35",244
"newGBQR","2026-05-30",-2,"2026-05-16","Overall","quantile","0.4",248
"newGBQR","2026-05-30",-2,"2026-05-16","Overall","quantile","0.45",250
"newGBQR","2026-05-30",-2,"2026-05-16","Overall","quantile","0.5",255
"newGBQR","2026-05-30",-2,"2026-05-16","Overall","quantile","0.55",259
"newGBQR","2026-05-30",-2,"2026-05-16","Overall","quantile","0.6",260
"newGBQR","2026-05-30",-2,"2026-05-16","Overall","quantile","0.65",263
"newGBQR","2026-05-30",-2,"2026-05-16","Overall","quantile","0.7",269
"newGBQR","2026-05-30",-2,"2026-05-16","Overall","quantile","0.75",273
"newGBQR","2026-05-30",-2,"2026-05-16","Overall","quantile","0.8",280
"newGBQR","2026-05-30",-2,"2026-05-16","Overall","quantile","0.85",288
"newGBQR","2026-05-30",-2,"2026-05-16","Overall","quantile","0.9",296
"newGBQR","2026-05-30",-2,"2026-05-16","Overall","quantile","0.95",331
"newGBQR","2026-05-30",-2,"2026-05-16","Overall","quantile","0.975",365
"newGBQR","2026-05-30",-2,"2026-05-16","Overall","quantile","0.99",397
"newGBQR","2026-05-30",-1,"2026-05-23","Overall","quantile","0.01",146
"newGBQR","2026-05-30",-1,"2026-05-23","Overall","quantile","0.025",163
"newGBQR","2026-05-30",-1,"2026-05-23","Overall","quantile","0.05",176
"newGBQR","2026-05-30",-1,"2026-05-23","Overall","quantile","0.1",210
"newGBQR","2026-05-30",-1,"2026-05-23","Overall","quantile","0.15",227
"newGBQR","2026-05-30",-1,"2026-05-23","Overall","quantile","0.2",237
"newGBQR","2026-05-30",-1,"2026-05-23","Overall","quantile","0.25",242
"newGBQR","2026-05-30",-1,"2026-05-23","Overall","quantile","0.3",247
"newGBQR","2026-05-30",-1,"2026-05-23","Overall","quantile","0.35",254
"newGBQR","2026-05-30",-1,"2026-05-23","Overall","quantile","0.4",257
"newGBQR","2026-05-30",-1,"2026-05-23","Overall","quantile","0.45",261
"newGBQR","2026-05-30",-1,"2026-05-23","Overall","quantile","0.5",268
"newGBQR","2026-05-30",-1,"2026-05-23","Overall","quantile","0.55",271
"newGBQR","2026-05-30",-1,"2026-05-23","Overall","quantile","0.6",271
"newGBQR","2026-05-30",-1,"2026-05-23","Overall","quantile","0.65",276
"newGBQR","2026-05-30",-1,"2026-05-23","Overall","quantile","0.7",286
"newGBQR","2026-05-30",-1,"2026-05-23","Overall","quantile","0.75",293
"newGBQR","2026-05-30",-1,"2026-05-23","Overall","quantile","0.8",299
"newGBQR","2026-05-30",-1,"2026-05-23","Overall","quantile","0.85",301
"newGBQR","2026-05-30",-1,"2026-05-23","Overall","quantile","0.9",307
"newGBQR","2026-05-30",-1,"2026-05-23","Overall","quantile","0.95",340
"newGBQR","2026-05-30",-1,"2026-05-23","Overall","quantile","0.975",366
"newGBQR","2026-05-30",-1,"2026-05-23","Overall","quantile","0.99",397
"newGBQR","2026-05-30",0,"2026-05-30","Overall","quantile","0.01",146
"newGBQR","2026-05-30",0,"2026-05-30","Overall","quantile","0.025",163
"newGBQR","2026-05-30",0,"2026-05-30","Overall","quantile","0.05",176
"newGBQR","2026-05-30",0,"2026-05-30","Overall","quantile","0.1",210
"newGBQR","2026-05-30",0,"2026-05-30","Overall","quantile","0.15",228
"newGBQR","2026-05-30",0,"2026-05-30","Overall","quantile","0.2",240
"newGBQR","2026-05-30",0,"2026-05-30","Overall","quantile","0.25",243
"newGBQR","2026-05-30",0,"2026-05-30","Overall","quantile","0.3",250
"newGBQR","2026-05-30",0,"2026-05-30","Overall","quantile","0.35",255
"newGBQR","2026-05-30",0,"2026-05-30","Overall","quantile","0.4",259
"newGBQR","2026-05-30",0,"2026-05-30","Overall","quantile","0.45",264
"newGBQR","2026-05-30",0,"2026-05-30","Overall","quantile","0.5",270
"newGBQR","2026-05-30",0,"2026-05-30","Overall","quantile","0.55",274
"newGBQR","2026-05-30",0,"2026-05-30","Overall","quantile","0.6",279
"newGBQR","2026-05-30",0,"2026-05-30","Overall","quantile","0.65",280
"newGBQR","2026-05-30",0,"2026-05-30","Overall","quantile","0.7",292
"newGBQR","2026-05-30",0,"2026-05-30","Overall","quantile","0.75",299
"newGBQR","2026-05-30",0,"2026-05-30","Overall","quantile","0.8",313
"newGBQR","2026-05-30",0,"2026-05-30","Overall","quantile","0.85",319
"newGBQR","2026-05-30",0,"2026-05-30","Overall","quantile","0.9",322
"newGBQR","2026-05-30",0,"2026-05-30","Overall","quantile","0.95",350
"newGBQR","2026-05-30",0,"2026-05-30","Overall","quantile","0.975",370
"newGBQR","2026-05-30",0,"2026-05-30","Overall","quantile","0.99",397
"newGBQR","2026-05-30",1,"2026-06-06","Overall","quantile","0.01",145
"newGBQR","2026-05-30",1,"2026-06-06","Overall","quantile","0.025",162
"newGBQR","2026-05-30",1,"2026-06-06","Overall","quantile","0.05",176
"newGBQR","2026-05-30",1,"2026-06-06","Overall","quantile","0.1",210
"newGBQR","2026-05-30",1,"2026-06-06","Overall","quantile","0.15",227
"newGBQR","2026-05-30",1,"2026-06-06","Overall","quantile","0.2",240
"newGBQR","2026-05-30",1,"2026-06-06","Overall","quantile","0.25",244
"newGBQR","2026-05-30",1,"2026-06-06","Overall","quantile","0.3",251
"newGBQR","2026-05-30",1,"2026-06-06","Overall","quantile","0.35",256
"newGBQR","2026-05-30",1,"2026-06-06","Overall","quantile","0.4",260
"newGBQR","2026-05-30",1,"2026-06-06","Overall","quantile","0.45",266
"newGBQR","2026-05-30",1,"2026-06-06","Overall","quantile","0.5",272
"newGBQR","2026-05-30",1,"2026-06-06","Overall","quantile","0.55",276
"newGBQR","2026-05-30",1,"2026-06-06","Overall","quantile","0.6",279
"newGBQR","2026-05-30",1,"2026-06-06","Overall","quantile","0.65",285
"newGBQR","2026-05-30",1,"2026-06-06","Overall","quantile","0.7",299
"newGBQR","2026-05-30",1,"2026-06-06","Overall","quantile","0.75",304
"newGBQR","2026-05-30",1,"2026-06-06","Overall","quantile","0.8",315
"newGBQR","2026-05-30",1,"2026-06-06","Overall","quantile","0.85",326
"newGBQR","2026-05-30",1,"2026-06-06","Overall","quantile","0.9",333
"newGBQR","2026-05-30",1,"2026-06-06","Overall","quantile","0.95",353
"newGBQR","2026-05-30",1,"2026-06-06","Overall","quantile","0.975",373
"newGBQR","2026-05-30",1,"2026-06-06","Overall","quantile","0.99",395
"newGBQR","2026-05-30",2,"2026-06-13","Overall","quantile","0.01",145
"newGBQR","2026-05-30",2,"2026-06-13","Overall","quantile","0.025",162
"newGBQR","2026-05-30",2,"2026-06-13","Overall","quantile","0.05",176
"newGBQR","2026-05-30",2,"2026-06-13","Overall","quantile","0.1",210
"newGBQR","2026-05-30",2,"2026-06-13","Overall","quantile","0.15",227
"newGBQR","2026-05-30",2,"2026-06-13","Overall","quantile","0.2",240
"newGBQR","2026-05-30",2,"2026-06-13","Overall","quantile","0.25",243
"newGBQR","2026-05-30",2,"2026-06-13","Overall","quantile","0.3",251
"newGBQR","2026-05-30",2,"2026-06-13","Overall","quantile","0.35",258
"newGBQR","2026-05-30",2,"2026-06-13","Overall","quantile","0.4",260
"newGBQR","2026-05-30",2,"2026-06-13","Overall","quantile","0.45",266
"newGBQR","2026-05-30",2,"2026-06-13","Overall","quantile","0.5",274
"newGBQR","2026-05-30",2,"2026-06-13","Overall","quantile","0.55",278
"newGBQR","2026-05-30",2,"2026-06-13","Overall","quantile","0.6",282
"newGBQR","2026-05-30",2,"2026-06-13","Overall","quantile","0.65",290
"newGBQR","2026-05-30",2,"2026-06-13","Overall","quantile","0.7",303
"newGBQR","2026-05-30",2,"2026-06-13","Overall","quantile","0.75",309
"newGBQR","2026-05-30",2,"2026-06-13","Overall","quantile","0.8",327
"newGBQR","2026-05-30",2,"2026-06-13","Overall","quantile","0.85",333
"newGBQR","2026-05-30",2,"2026-06-13","Overall","quantile","0.9",338
"newGBQR","2026-05-30",2,"2026-06-13","Overall","quantile","0.95",359
"newGBQR","2026-05-30",2,"2026-06-13","Overall","quantile","0.975",380
"newGBQR","2026-05-30",2,"2026-06-13","Overall","quantile","0.99",395
"newGBQR","2026-05-30",3,"2026-06-20","Overall","quantile","0.01",145
"newGBQR","2026-05-30",3,"2026-06-20","Overall","quantile","0.025",162
"newGBQR","2026-05-30",3,"2026-06-20","Overall","quantile","0.05",176
"newGBQR","2026-05-30",3,"2026-06-20","Overall","quantile","0.1",209
"newGBQR","2026-05-30",3,"2026-06-20","Overall","quantile","0.15",226
"newGBQR","2026-05-30",3,"2026-06-20","Overall","quantile","0.2",239
"newGBQR","2026-05-30",3,"2026-06-20","Overall","quantile","0.25",243
"newGBQR","2026-05-30",3,"2026-06-20","Overall","quantile","0.3",250
"newGBQR","2026-05-30",3,"2026-06-20","Overall","quantile","0.35",257
"newGBQR","2026-05-30",3,"2026-06-20","Overall","quantile","0.4",260
"newGBQR","2026-05-30",3,"2026-06-20","Overall","quantile","0.45",266
"newGBQR","2026-05-30",3,"2026-06-20","Overall","quantile","0.5",275
"newGBQR","2026-05-30",3,"2026-06-20","Overall","quantile","0.55",278
"newGBQR","2026-05-30",3,"2026-06-20","Overall","quantile","0.6",284
"newGBQR","2026-05-30",3,"2026-06-20","Overall","quantile","0.65",294
"newGBQR","2026-05-30",3,"2026-06-20","Overall","quantile","0.7",303
"newGBQR","2026-05-30",3,"2026-06-20","Overall","quantile","0.75",312
"newGBQR","2026-05-30",3,"2026-06-20","Overall","quantile","0.8",327
"newGBQR","2026-05-30",3,"2026-06-20","Overall","quantile","0.85",335
"newGBQR","2026-05-30",3,"2026-06-20","Overall","quantile","0.9",342
"newGBQR","2026-05-30",3,"2026-06-20","Overall","quantile","0.95",363
"newGBQR","2026-05-30",3,"2026-06-20","Overall","quantile","0.975",383
"newGBQR","2026-05-30",3,"2026-06-20","Overall","quantile","0.99",395
"newGBQR","2026-05-30",-3,"2026-05-09","Pediatrics","quantile","0.01",53
"newGBQR","2026-05-30",-3,"2026-05-09","Pediatrics","quantile","0.025",62
"newGBQR","2026-05-30",-3,"2026-05-09","Pediatrics","quantile","0.05",73
"newGBQR","2026-05-30",-3,"2026-05-09","Pediatrics","quantile","0.1",90
"newGBQR","2026-05-30",-3,"2026-05-09","Pediatrics","quantile","0.15",96
"newGBQR","2026-05-30",-3,"2026-05-09","Pediatrics","quantile","0.2",101
"newGBQR","2026-05-30",-3,"2026-05-09","Pediatrics","quantile","0.25",105
"newGBQR","2026-05-30",-3,"2026-05-09","Pediatrics","quantile","0.3",107
"newGBQR","2026-05-30",-3,"2026-05-09","Pediatrics","quantile","0.35",109
"newGBQR","2026-05-30",-3,"2026-05-09","Pediatrics","quantile","0.4",112
"newGBQR","2026-05-30",-3,"2026-05-09","Pediatrics","quantile","0.45",116
"newGBQR","2026-05-30",-3,"2026-05-09","Pediatrics","quantile","0.5",118
"newGBQR","2026-05-30",-3,"2026-05-09","Pediatrics","quantile","0.55",123
"newGBQR","2026-05-30",-3,"2026-05-09","Pediatrics","quantile","0.6",124
"newGBQR","2026-05-30",-3,"2026-05-09","Pediatrics","quantile","0.65",126
"newGBQR","2026-05-30",-3,"2026-05-09","Pediatrics","quantile","0.7",130
"newGBQR","2026-05-30",-3,"2026-05-09","Pediatrics","quantile","0.75",131
"newGBQR","2026-05-30",-3,"2026-05-09","Pediatrics","quantile","0.8",135
"newGBQR","2026-05-30",-3,"2026-05-09","Pediatrics","quantile","0.85",135
"newGBQR","2026-05-30",-3,"2026-05-09","Pediatrics","quantile","0.9",145
"newGBQR","2026-05-30",-3,"2026-05-09","Pediatrics","quantile","0.95",168
"newGBQR","2026-05-30",-3,"2026-05-09","Pediatrics","quantile","0.975",185
"newGBQR","2026-05-30",-3,"2026-05-09","Pediatrics","quantile","0.99",197
"newGBQR","2026-05-30",-2,"2026-05-16","Pediatrics","quantile","0.01",53
"newGBQR","2026-05-30",-2,"2026-05-16","Pediatrics","quantile","0.025",62
"newGBQR","2026-05-30",-2,"2026-05-16","Pediatrics","quantile","0.05",73
"newGBQR","2026-05-30",-2,"2026-05-16","Pediatrics","quantile","0.1",90
"newGBQR","2026-05-30",-2,"2026-05-16","Pediatrics","quantile","0.15",98
"newGBQR","2026-05-30",-2,"2026-05-16","Pediatrics","quantile","0.2",103
"newGBQR","2026-05-30",-2,"2026-05-16","Pediatrics","quantile","0.25",107
"newGBQR","2026-05-30",-2,"2026-05-16","Pediatrics","quantile","0.3",109
"newGBQR","2026-05-30",-2,"2026-05-16","Pediatrics","quantile","0.35",111
"newGBQR","2026-05-30",-2,"2026-05-16","Pediatrics","quantile","0.4",115
"newGBQR","2026-05-30",-2,"2026-05-16","Pediatrics","quantile","0.45",118
"newGBQR","2026-05-30",-2,"2026-05-16","Pediatrics","quantile","0.5",120
"newGBQR","2026-05-30",-2,"2026-05-16","Pediatrics","quantile","0.55",125
"newGBQR","2026-05-30",-2,"2026-05-16","Pediatrics","quantile","0.6",125
"newGBQR","2026-05-30",-2,"2026-05-16","Pediatrics","quantile","0.65",128
"newGBQR","2026-05-30",-2,"2026-05-16","Pediatrics","quantile","0.7",133
"newGBQR","2026-05-30",-2,"2026-05-16","Pediatrics","quantile","0.75",133
"newGBQR","2026-05-30",-2,"2026-05-16","Pediatrics","quantile","0.8",138
"newGBQR","2026-05-30",-2,"2026-05-16","Pediatrics","quantile","0.85",138
"newGBQR","2026-05-30",-2,"2026-05-16","Pediatrics","quantile","0.9",147
"newGBQR","2026-05-30",-2,"2026-05-16","Pediatrics","quantile","0.95",170
"newGBQR","2026-05-30",-2,"2026-05-16","Pediatrics","quantile","0.975",185
"newGBQR","2026-05-30",-2,"2026-05-16","Pediatrics","quantile","0.99",197
"newGBQR","2026-05-30",-1,"2026-05-23","Pediatrics","quantile","0.01",52
"newGBQR","2026-05-30",-1,"2026-05-23","Pediatrics","quantile","0.025",62
"newGBQR","2026-05-30",-1,"2026-05-23","Pediatrics","quantile","0.05",71
"newGBQR","2026-05-30",-1,"2026-05-23","Pediatrics","quantile","0.1",90
"newGBQR","2026-05-30",-1,"2026-05-23","Pediatrics","quantile","0.15",98
"newGBQR","2026-05-30",-1,"2026-05-23","Pediatrics","quantile","0.2",105
"newGBQR","2026-05-30",-1,"2026-05-23","Pediatrics","quantile","0.25",109
"newGBQR","2026-05-30",-1,"2026-05-23","Pediatrics","quantile","0.3",113
"newGBQR","2026-05-30",-1,"2026-05-23","Pediatrics","quantile","0.35",117
"newGBQR","2026-05-30",-1,"2026-05-23","Pediatrics","quantile","0.4",120
"newGBQR","2026-05-30",-1,"2026-05-23","Pediatrics","quantile","0.45",124
"newGBQR","2026-05-30",-1,"2026-05-23","Pediatrics","quantile","0.5",126
"newGBQR","2026-05-30",-1,"2026-05-23","Pediatrics","quantile","0.55",130
"newGBQR","2026-05-30",-1,"2026-05-23","Pediatrics","quantile","0.6",131
"newGBQR","2026-05-30",-1,"2026-05-23","Pediatrics","quantile","0.65",136
"newGBQR","2026-05-30",-1,"2026-05-23","Pediatrics","quantile","0.7",144
"newGBQR","2026-05-30",-1,"2026-05-23","Pediatrics","quantile","0.75",145
"newGBQR","2026-05-30",-1,"2026-05-23","Pediatrics","quantile","0.8",146
"newGBQR","2026-05-30",-1,"2026-05-23","Pediatrics","quantile","0.85",150
"newGBQR","2026-05-30",-1,"2026-05-23","Pediatrics","quantile","0.9",154
"newGBQR","2026-05-30",-1,"2026-05-23","Pediatrics","quantile","0.95",177
"newGBQR","2026-05-30",-1,"2026-05-23","Pediatrics","quantile","0.975",191
"newGBQR","2026-05-30",-1,"2026-05-23","Pediatrics","quantile","0.99",197
"newGBQR","2026-05-30",0,"2026-05-30","Pediatrics","quantile","0.01",52
"newGBQR","2026-05-30",0,"2026-05-30","Pediatrics","quantile","0.025",62
"newGBQR","2026-05-30",0,"2026-05-30","Pediatrics","quantile","0.05",71
"newGBQR","2026-05-30",0,"2026-05-30","Pediatrics","quantile","0.1",90
"newGBQR","2026-05-30",0,"2026-05-30","Pediatrics","quantile","0.15",97
"newGBQR","2026-05-30",0,"2026-05-30","Pediatrics","quantile","0.2",106
"newGBQR","2026-05-30",0,"2026-05-30","Pediatrics","quantile","0.25",110
"newGBQR","2026-05-30",0,"2026-05-30","Pediatrics","quantile","0.3",114
"newGBQR","2026-05-30",0,"2026-05-30","Pediatrics","quantile","0.35",119
"newGBQR","2026-05-30",0,"2026-05-30","Pediatrics","quantile","0.4",121
"newGBQR","2026-05-30",0,"2026-05-30","Pediatrics","quantile","0.45",125
"newGBQR","2026-05-30",0,"2026-05-30","Pediatrics","quantile","0.5",128
"newGBQR","2026-05-30",0,"2026-05-30","Pediatrics","quantile","0.55",132
"newGBQR","2026-05-30",0,"2026-05-30","Pediatrics","quantile","0.6",135
"newGBQR","2026-05-30",0,"2026-05-30","Pediatrics","quantile","0.65",139
"newGBQR","2026-05-30",0,"2026-05-30","Pediatrics","quantile","0.7",146
"newGBQR","2026-05-30",0,"2026-05-30","Pediatrics","quantile","0.75",149
"newGBQR","2026-05-30",0,"2026-05-30","Pediatrics","quantile","0.8",154
"newGBQR","2026-05-30",0,"2026-05-30","Pediatrics","quantile","0.85",156
"newGBQR","2026-05-30",0,"2026-05-30","Pediatrics","quantile","0.9",160
"newGBQR","2026-05-30",0,"2026-05-30","Pediatrics","quantile","0.95",184
"newGBQR","2026-05-30",0,"2026-05-30","Pediatrics","quantile","0.975",196
"newGBQR","2026-05-30",0,"2026-05-30","Pediatrics","quantile","0.99",201
"newGBQR","2026-05-30",1,"2026-06-06","Pediatrics","quantile","0.01",52
"newGBQR","2026-05-30",1,"2026-06-06","Pediatrics","quantile","0.025",62
"newGBQR","2026-05-30",1,"2026-06-06","Pediatrics","quantile","0.05",71
"newGBQR","2026-05-30",1,"2026-06-06","Pediatrics","quantile","0.1",90
"newGBQR","2026-05-30",1,"2026-06-06","Pediatrics","quantile","0.15",97
"newGBQR","2026-05-30",1,"2026-06-06","Pediatrics","quantile","0.2",106
"newGBQR","2026-05-30",1,"2026-06-06","Pediatrics","quantile","0.25",110
"newGBQR","2026-05-30",1,"2026-06-06","Pediatrics","quantile","0.3",115
"newGBQR","2026-05-30",1,"2026-06-06","Pediatrics","quantile","0.35",119
"newGBQR","2026-05-30",1,"2026-06-06","Pediatrics","quantile","0.4",122
"newGBQR","2026-05-30",1,"2026-06-06","Pediatrics","quantile","0.45",127
"newGBQR","2026-05-30",1,"2026-06-06","Pediatrics","quantile","0.5",129
"newGBQR","2026-05-30",1,"2026-06-06","Pediatrics","quantile","0.55",133
"newGBQR","2026-05-30",1,"2026-06-06","Pediatrics","quantile","0.6",135
"newGBQR","2026-05-30",1,"2026-06-06","Pediatrics","quantile","0.65",141
"newGBQR","2026-05-30",1,"2026-06-06","Pediatrics","quantile","0.7",147
"newGBQR","2026-05-30",1,"2026-06-06","Pediatrics","quantile","0.75",149
"newGBQR","2026-05-30",1,"2026-06-06","Pediatrics","quantile","0.8",157
"newGBQR","2026-05-30",1,"2026-06-06","Pediatrics","quantile","0.85",158
"newGBQR","2026-05-30",1,"2026-06-06","Pediatrics","quantile","0.9",161
"newGBQR","2026-05-30",1,"2026-06-06","Pediatrics","quantile","0.95",188
"newGBQR","2026-05-30",1,"2026-06-06","Pediatrics","quantile","0.975",199
"newGBQR","2026-05-30",1,"2026-06-06","Pediatrics","quantile","0.99",200
"newGBQR","2026-05-30",2,"2026-06-13","Pediatrics","quantile","0.01",52
"newGBQR","2026-05-30",2,"2026-06-13","Pediatrics","quantile","0.025",61
"newGBQR","2026-05-30",2,"2026-06-13","Pediatrics","quantile","0.05",70
"newGBQR","2026-05-30",2,"2026-06-13","Pediatrics","quantile","0.1",89
"newGBQR","2026-05-30",2,"2026-06-13","Pediatrics","quantile","0.15",97
"newGBQR","2026-05-30",2,"2026-06-13","Pediatrics","quantile","0.2",106
"newGBQR","2026-05-30",2,"2026-06-13","Pediatrics","quantile","0.25",110
"newGBQR","2026-05-30",2,"2026-06-13","Pediatrics","quantile","0.3",114
"newGBQR","2026-05-30",2,"2026-06-13","Pediatrics","quantile","0.35",119
"newGBQR","2026-05-30",2,"2026-06-13","Pediatrics","quantile","0.4",123
"newGBQR","2026-05-30",2,"2026-06-13","Pediatrics","quantile","0.45",127
"newGBQR","2026-05-30",2,"2026-06-13","Pediatrics","quantile","0.5",131
"newGBQR","2026-05-30",2,"2026-06-13","Pediatrics","quantile","0.55",133
"newGBQR","2026-05-30",2,"2026-06-13","Pediatrics","quantile","0.6",137
"newGBQR","2026-05-30",2,"2026-06-13","Pediatrics","quantile","0.65",143
"newGBQR","2026-05-30",2,"2026-06-13","Pediatrics","quantile","0.7",149
"newGBQR","2026-05-30",2,"2026-06-13","Pediatrics","quantile","0.75",151
"newGBQR","2026-05-30",2,"2026-06-13","Pediatrics","quantile","0.8",163
"newGBQR","2026-05-30",2,"2026-06-13","Pediatrics","quantile","0.85",163
"newGBQR","2026-05-30",2,"2026-06-13","Pediatrics","quantile","0.9",165
"newGBQR","2026-05-30",2,"2026-06-13","Pediatrics","quantile","0.95",193
"newGBQR","2026-05-30",2,"2026-06-13","Pediatrics","quantile","0.975",198
"newGBQR","2026-05-30",2,"2026-06-13","Pediatrics","quantile","0.99",200
"newGBQR","2026-05-30",3,"2026-06-20","Pediatrics","quantile","0.01",52
"newGBQR","2026-05-30",3,"2026-06-20","Pediatrics","quantile","0.025",61
"newGBQR","2026-05-30",3,"2026-06-20","Pediatrics","quantile","0.05",70
"newGBQR","2026-05-30",3,"2026-06-20","Pediatrics","quantile","0.1",89
"newGBQR","2026-05-30",3,"2026-06-20","Pediatrics","quantile","0.15",97
"newGBQR","2026-05-30",3,"2026-06-20","Pediatrics","quantile","0.2",106
"newGBQR","2026-05-30",3,"2026-06-20","Pediatrics","quantile","0.25",110
"newGBQR","2026-05-30",3,"2026-06-20","Pediatrics","quantile","0.3",114
"newGBQR","2026-05-30",3,"2026-06-20","Pediatrics","quantile","0.35",118
"newGBQR","2026-05-30",3,"2026-06-20","Pediatrics","quantile","0.4",123
"newGBQR","2026-05-30",3,"2026-06-20","Pediatrics","quantile","0.45",127
"newGBQR","2026-05-30",3,"2026-06-20","Pediatrics","quantile","0.5",131
"newGBQR","2026-05-30",3,"2026-06-20","Pediatrics","quantile","0.55",133
"newGBQR","2026-05-30",3,"2026-06-20","Pediatrics","quantile","0.6",137
"newGBQR","2026-05-30",3,"2026-06-20","Pediatrics","quantile","0.65",145
"newGBQR","2026-05-30",3,"2026-06-20","Pediatrics","quantile","0.7",150
"newGBQR","2026-05-30",3,"2026-06-20","Pediatrics","quantile","0.75",152
"newGBQR","2026-05-30",3,"2026-06-20","Pediatrics","quantile","0.8",164
"newGBQR","2026-05-30",3,"2026-06-20","Pediatrics","quantile","0.85",164
"newGBQR","2026-05-30",3,"2026-06-20","Pediatrics","quantile","0.9",166
"newGBQR","2026-05-30",3,"2026-06-20","Pediatrics","quantile","0.95",194
"newGBQR","2026-05-30",3,"2026-06-20","Pediatrics","quantile","0.975",197
"newGBQR","2026-05-30",3,"2026-06-20","Pediatrics","quantile","0.99",199
"Ensemble","2026-05-30",-3,"2026-05-09","Adults","quantile","0.01",91
"Ensemble","2026-05-30",-3,"2026-05-09","Adults","quantile","0.025",98
"Ensemble","2026-05-30",-3,"2026-05-09","Adults","quantile","0.05",104
"Ensemble","2026-05-30",-3,"2026-05-09","Adults","quantile","0.1",115
"Ensemble","2026-05-30",-3,"2026-05-09","Adults","quantile","0.15",119
"Ensemble","2026-05-30",-3,"2026-05-09","Adults","quantile","0.2",123
"Ensemble","2026-05-30",-3,"2026-05-09","Adults","quantile","0.25",128
"Ensemble","2026-05-30",-3,"2026-05-09","Adults","quantile","0.3",131
"Ensemble","2026-05-30",-3,"2026-05-09","Adults","quantile","0.35",133
"Ensemble","2026-05-30",-3,"2026-05-09","Adults","quantile","0.4",134
"Ensemble","2026-05-30",-3,"2026-05-09","Adults","quantile","0.45",137
"Ensemble","2026-05-30",-3,"2026-05-09","Adults","quantile","0.5",140
"Ensemble","2026-05-30",-3,"2026-05-09","Adults","quantile","0.55",142
"Ensemble","2026-05-30",-3,"2026-05-09","Adults","quantile","0.6",144
"Ensemble","2026-05-30",-3,"2026-05-09","Adults","quantile","0.65",146
"Ensemble","2026-05-30",-3,"2026-05-09","Adults","quantile","0.7",147
"Ensemble","2026-05-30",-3,"2026-05-09","Adults","quantile","0.75",149
"Ensemble","2026-05-30",-3,"2026-05-09","Adults","quantile","0.8",156
"Ensemble","2026-05-30",-3,"2026-05-09","Adults","quantile","0.85",161
"Ensemble","2026-05-30",-3,"2026-05-09","Adults","quantile","0.9",169
"Ensemble","2026-05-30",-3,"2026-05-09","Adults","quantile","0.95",191
"Ensemble","2026-05-30",-3,"2026-05-09","Adults","quantile","0.975",207
"Ensemble","2026-05-30",-3,"2026-05-09","Adults","quantile","0.99",221
"Ensemble","2026-05-30",-3,"2026-05-09","Overall","quantile","0.01",182
"Ensemble","2026-05-30",-3,"2026-05-09","Overall","quantile","0.025",194
"Ensemble","2026-05-30",-3,"2026-05-09","Overall","quantile","0.05",204
"Ensemble","2026-05-30",-3,"2026-05-09","Overall","quantile","0.1",213
"Ensemble","2026-05-30",-3,"2026-05-09","Overall","quantile","0.15",222
"Ensemble","2026-05-30",-3,"2026-05-09","Overall","quantile","0.2",230
"Ensemble","2026-05-30",-3,"2026-05-09","Overall","quantile","0.25",235
"Ensemble","2026-05-30",-3,"2026-05-09","Overall","quantile","0.3",237
"Ensemble","2026-05-30",-3,"2026-05-09","Overall","quantile","0.35",242
"Ensemble","2026-05-30",-3,"2026-05-09","Overall","quantile","0.4",244
"Ensemble","2026-05-30",-3,"2026-05-09","Overall","quantile","0.45",248
"Ensemble","2026-05-30",-3,"2026-05-09","Overall","quantile","0.5",254
"Ensemble","2026-05-30",-3,"2026-05-09","Overall","quantile","0.55",258
"Ensemble","2026-05-30",-3,"2026-05-09","Overall","quantile","0.6",260
"Ensemble","2026-05-30",-3,"2026-05-09","Overall","quantile","0.65",262
"Ensemble","2026-05-30",-3,"2026-05-09","Overall","quantile","0.7",266
"Ensemble","2026-05-30",-3,"2026-05-09","Overall","quantile","0.75",269
"Ensemble","2026-05-30",-3,"2026-05-09","Overall","quantile","0.8",275
"Ensemble","2026-05-30",-3,"2026-05-09","Overall","quantile","0.85",282
"Ensemble","2026-05-30",-3,"2026-05-09","Overall","quantile","0.9",294
"Ensemble","2026-05-30",-3,"2026-05-09","Overall","quantile","0.95",320
"Ensemble","2026-05-30",-3,"2026-05-09","Overall","quantile","0.975",334
"Ensemble","2026-05-30",-3,"2026-05-09","Overall","quantile","0.99",352
"Ensemble","2026-05-30",-3,"2026-05-09","Pediatrics","quantile","0.01",69
"Ensemble","2026-05-30",-3,"2026-05-09","Pediatrics","quantile","0.025",76
"Ensemble","2026-05-30",-3,"2026-05-09","Pediatrics","quantile","0.05",80
"Ensemble","2026-05-30",-3,"2026-05-09","Pediatrics","quantile","0.1",90
"Ensemble","2026-05-30",-3,"2026-05-09","Pediatrics","quantile","0.15",94
"Ensemble","2026-05-30",-3,"2026-05-09","Pediatrics","quantile","0.2",96
"Ensemble","2026-05-30",-3,"2026-05-09","Pediatrics","quantile","0.25",99
"Ensemble","2026-05-30",-3,"2026-05-09","Pediatrics","quantile","0.3",101
"Ensemble","2026-05-30",-3,"2026-05-09","Pediatrics","quantile","0.35",104
"Ensemble","2026-05-30",-3,"2026-05-09","Pediatrics","quantile","0.4",107
"Ensemble","2026-05-30",-3,"2026-05-09","Pediatrics","quantile","0.45",109
"Ensemble","2026-05-30",-3,"2026-05-09","Pediatrics","quantile","0.5",112
"Ensemble","2026-05-30",-3,"2026-05-09","Pediatrics","quantile","0.55",115
"Ensemble","2026-05-30",-3,"2026-05-09","Pediatrics","quantile","0.6",118
"Ensemble","2026-05-30",-3,"2026-05-09","Pediatrics","quantile","0.65",121
"Ensemble","2026-05-30",-3,"2026-05-09","Pediatrics","quantile","0.7",124
"Ensemble","2026-05-30",-3,"2026-05-09","Pediatrics","quantile","0.75",127
"Ensemble","2026-05-30",-3,"2026-05-09","Pediatrics","quantile","0.8",132
"Ensemble","2026-05-30",-3,"2026-05-09","Pediatrics","quantile","0.85",135
"Ensemble","2026-05-30",-3,"2026-05-09","Pediatrics","quantile","0.9",143
"Ensemble","2026-05-30",-3,"2026-05-09","Pediatrics","quantile","0.95",152
"Ensemble","2026-05-30",-3,"2026-05-09","Pediatrics","quantile","0.975",161
"Ensemble","2026-05-30",-3,"2026-05-09","Pediatrics","quantile","0.99",172
"Ensemble","2026-05-30",-2,"2026-05-16","Adults","quantile","0.01",91
"Ensemble","2026-05-30",-2,"2026-05-16","Adults","quantile","0.025",99
"Ensemble","2026-05-30",-2,"2026-05-16","Adults","quantile","0.05",107
"Ensemble","2026-05-30",-2,"2026-05-16","Adults","quantile","0.1",117
"Ensemble","2026-05-30",-2,"2026-05-16","Adults","quantile","0.15",124
"Ensemble","2026-05-30",-2,"2026-05-16","Adults","quantile","0.2",129
"Ensemble","2026-05-30",-2,"2026-05-16","Adults","quantile","0.25",132
"Ensemble","2026-05-30",-2,"2026-05-16","Adults","quantile","0.3",134
"Ensemble","2026-05-30",-2,"2026-05-16","Adults","quantile","0.35",137
"Ensemble","2026-05-30",-2,"2026-05-16","Adults","quantile","0.4",140
"Ensemble","2026-05-30",-2,"2026-05-16","Adults","quantile","0.45",142
"Ensemble","2026-05-30",-2,"2026-05-16","Adults","quantile","0.5",145
"Ensemble","2026-05-30",-2,"2026-05-16","Adults","quantile","0.55",148
"Ensemble","2026-05-30",-2,"2026-05-16","Adults","quantile","0.6",151
"Ensemble","2026-05-30",-2,"2026-05-16","Adults","quantile","0.65",155
"Ensemble","2026-05-30",-2,"2026-05-16","Adults","quantile","0.7",157
"Ensemble","2026-05-30",-2,"2026-05-16","Adults","quantile","0.75",161
"Ensemble","2026-05-30",-2,"2026-05-16","Adults","quantile","0.8",165
"Ensemble","2026-05-30",-2,"2026-05-16","Adults","quantile","0.85",171
"Ensemble","2026-05-30",-2,"2026-05-16","Adults","quantile","0.9",177
"Ensemble","2026-05-30",-2,"2026-05-16","Adults","quantile","0.95",193
"Ensemble","2026-05-30",-2,"2026-05-16","Adults","quantile","0.975",215
"Ensemble","2026-05-30",-2,"2026-05-16","Adults","quantile","0.99",235
"Ensemble","2026-05-30",-2,"2026-05-16","Overall","quantile","0.01",182
"Ensemble","2026-05-30",-2,"2026-05-16","Overall","quantile","0.025",195
"Ensemble","2026-05-30",-2,"2026-05-16","Overall","quantile","0.05",204
"Ensemble","2026-05-30",-2,"2026-05-16","Overall","quantile","0.1",217
"Ensemble","2026-05-30",-2,"2026-05-16","Overall","quantile","0.15",224
"Ensemble","2026-05-30",-2,"2026-05-16","Overall","quantile","0.2",232
"Ensemble","2026-05-30",-2,"2026-05-16","Overall","quantile","0.25",238
"Ensemble","2026-05-30",-2,"2026-05-16","Overall","quantile","0.3",243
"Ensemble","2026-05-30",-2,"2026-05-16","Overall","quantile","0.35",249
"Ensemble","2026-05-30",-2,"2026-05-16","Overall","quantile","0.4",254
"Ensemble","2026-05-30",-2,"2026-05-16","Overall","quantile","0.45",259
"Ensemble","2026-05-30",-2,"2026-05-16","Overall","quantile","0.5",263
"Ensemble","2026-05-30",-2,"2026-05-16","Overall","quantile","0.55",268
"Ensemble","2026-05-30",-2,"2026-05-16","Overall","quantile","0.6",273
"Ensemble","2026-05-30",-2,"2026-05-16","Overall","quantile","0.65",278
"Ensemble","2026-05-30",-2,"2026-05-16","Overall","quantile","0.7",284
"Ensemble","2026-05-30",-2,"2026-05-16","Overall","quantile","0.75",291
"Ensemble","2026-05-30",-2,"2026-05-16","Overall","quantile","0.8",296
"Ensemble","2026-05-30",-2,"2026-05-16","Overall","quantile","0.85",305
"Ensemble","2026-05-30",-2,"2026-05-16","Overall","quantile","0.9",317
"Ensemble","2026-05-30",-2,"2026-05-16","Overall","quantile","0.95",341
"Ensemble","2026-05-30",-2,"2026-05-16","Overall","quantile","0.975",365
"Ensemble","2026-05-30",-2,"2026-05-16","Overall","quantile","0.99",397
"Ensemble","2026-05-30",-2,"2026-05-16","Pediatrics","quantile","0.01",67
"Ensemble","2026-05-30",-2,"2026-05-16","Pediatrics","quantile","0.025",74
"Ensemble","2026-05-30",-2,"2026-05-16","Pediatrics","quantile","0.05",80
"Ensemble","2026-05-30",-2,"2026-05-16","Pediatrics","quantile","0.1",90
"Ensemble","2026-05-30",-2,"2026-05-16","Pediatrics","quantile","0.15",98
"Ensemble","2026-05-30",-2,"2026-05-16","Pediatrics","quantile","0.2",100
"Ensemble","2026-05-30",-2,"2026-05-16","Pediatrics","quantile","0.25",103
"Ensemble","2026-05-30",-2,"2026-05-16","Pediatrics","quantile","0.3",106
"Ensemble","2026-05-30",-2,"2026-05-16","Pediatrics","quantile","0.35",109
"Ensemble","2026-05-30",-2,"2026-05-16","Pediatrics","quantile","0.4",113
"Ensemble","2026-05-30",-2,"2026-05-16","Pediatrics","quantile","0.45",116
"Ensemble","2026-05-30",-2,"2026-05-16","Pediatrics","quantile","0.5",120
"Ensemble","2026-05-30",-2,"2026-05-16","Pediatrics","quantile","0.55",124
"Ensemble","2026-05-30",-2,"2026-05-16","Pediatrics","quantile","0.6",125
"Ensemble","2026-05-30",-2,"2026-05-16","Pediatrics","quantile","0.65",128
"Ensemble","2026-05-30",-2,"2026-05-16","Pediatrics","quantile","0.7",133
"Ensemble","2026-05-30",-2,"2026-05-16","Pediatrics","quantile","0.75",133
"Ensemble","2026-05-30",-2,"2026-05-16","Pediatrics","quantile","0.8",138
"Ensemble","2026-05-30",-2,"2026-05-16","Pediatrics","quantile","0.85",138
"Ensemble","2026-05-30",-2,"2026-05-16","Pediatrics","quantile","0.9",147
"Ensemble","2026-05-30",-2,"2026-05-16","Pediatrics","quantile","0.95",170
"Ensemble","2026-05-30",-2,"2026-05-16","Pediatrics","quantile","0.975",185
"Ensemble","2026-05-30",-2,"2026-05-16","Pediatrics","quantile","0.99",197
"Ensemble","2026-05-30",-1,"2026-05-23","Adults","quantile","0.01",89
"Ensemble","2026-05-30",-1,"2026-05-23","Adults","quantile","0.025",98
"Ensemble","2026-05-30",-1,"2026-05-23","Adults","quantile","0.05",109
"Ensemble","2026-05-30",-1,"2026-05-23","Adults","quantile","0.1",119
"Ensemble","2026-05-30",-1,"2026-05-23","Adults","quantile","0.15",126
"Ensemble","2026-05-30",-1,"2026-05-23","Adults","quantile","0.2",130
"Ensemble","2026-05-30",-1,"2026-05-23","Adults","quantile","0.25",134
"Ensemble","2026-05-30",-1,"2026-05-23","Adults","quantile","0.3",139
"Ensemble","2026-05-30",-1,"2026-05-23","Adults","quantile","0.35",143
"Ensemble","2026-05-30",-1,"2026-05-23","Adults","quantile","0.4",146
"Ensemble","2026-05-30",-1,"2026-05-23","Adults","quantile","0.45",149
"Ensemble","2026-05-30",-1,"2026-05-23","Adults","quantile","0.5",152
"Ensemble","2026-05-30",-1,"2026-05-23","Adults","quantile","0.55",158
"Ensemble","2026-05-30",-1,"2026-05-23","Adults","quantile","0.6",161
"Ensemble","2026-05-30",-1,"2026-05-23","Adults","quantile","0.65",167
"Ensemble","2026-05-30",-1,"2026-05-23","Adults","quantile","0.7",172
"Ensemble","2026-05-30",-1,"2026-05-23","Adults","quantile","0.75",177
"Ensemble","2026-05-30",-1,"2026-05-23","Adults","quantile","0.8",184
"Ensemble","2026-05-30",-1,"2026-05-23","Adults","quantile","0.85",191
"Ensemble","2026-05-30",-1,"2026-05-23","Adults","quantile","0.9",203
"Ensemble","2026-05-30",-1,"2026-05-23","Adults","quantile","0.95",216
"Ensemble","2026-05-30",-1,"2026-05-23","Adults","quantile","0.975",233
"Ensemble","2026-05-30",-1,"2026-05-23","Adults","quantile","0.99",249
"Ensemble","2026-05-30",-1,"2026-05-23","Overall","quantile","0.01",165
"Ensemble","2026-05-30",-1,"2026-05-23","Overall","quantile","0.025",188
"Ensemble","2026-05-30",-1,"2026-05-23","Overall","quantile","0.05",201
"Ensemble","2026-05-30",-1,"2026-05-23","Overall","quantile","0.1",216
"Ensemble","2026-05-30",-1,"2026-05-23","Overall","quantile","0.15",227
"Ensemble","2026-05-30",-1,"2026-05-23","Overall","quantile","0.2",237
"Ensemble","2026-05-30",-1,"2026-05-23","Overall","quantile","0.25",243
"Ensemble","2026-05-30",-1,"2026-05-23","Overall","quantile","0.3",248
"Ensemble","2026-05-30",-1,"2026-05-23","Overall","quantile","0.35",256
"Ensemble","2026-05-30",-1,"2026-05-23","Overall","quantile","0.4",261
"Ensemble","2026-05-30",-1,"2026-05-23","Overall","quantile","0.45",267
"Ensemble","2026-05-30",-1,"2026-05-23","Overall","quantile","0.5",275
"Ensemble","2026-05-30",-1,"2026-05-23","Overall","quantile","0.55",282
"Ensemble","2026-05-30",-1,"2026-05-23","Overall","quantile","0.6",287
"Ensemble","2026-05-30",-1,"2026-05-23","Overall","quantile","0.65",297
"Ensemble","2026-05-30",-1,"2026-05-23","Overall","quantile","0.7",303
"Ensemble","2026-05-30",-1,"2026-05-23","Overall","quantile","0.75",312
"Ensemble","2026-05-30",-1,"2026-05-23","Overall","quantile","0.8",323
"Ensemble","2026-05-30",-1,"2026-05-23","Overall","quantile","0.85",335
"Ensemble","2026-05-30",-1,"2026-05-23","Overall","quantile","0.9",355
"Ensemble","2026-05-30",-1,"2026-05-23","Overall","quantile","0.95",387
"Ensemble","2026-05-30",-1,"2026-05-23","Overall","quantile","0.975",415
"Ensemble","2026-05-30",-1,"2026-05-23","Overall","quantile","0.99",446
"Ensemble","2026-05-30",-1,"2026-05-23","Pediatrics","quantile","0.01",65
"Ensemble","2026-05-30",-1,"2026-05-23","Pediatrics","quantile","0.025",73
"Ensemble","2026-05-30",-1,"2026-05-23","Pediatrics","quantile","0.05",80
"Ensemble","2026-05-30",-1,"2026-05-23","Pediatrics","quantile","0.1",90
"Ensemble","2026-05-30",-1,"2026-05-23","Pediatrics","quantile","0.15",98
"Ensemble","2026-05-30",-1,"2026-05-23","Pediatrics","quantile","0.2",102
"Ensemble","2026-05-30",-1,"2026-05-23","Pediatrics","quantile","0.25",106
"Ensemble","2026-05-30",-1,"2026-05-23","Pediatrics","quantile","0.3",111
"Ensemble","2026-05-30",-1,"2026-05-23","Pediatrics","quantile","0.35",115
"Ensemble","2026-05-30",-1,"2026-05-23","Pediatrics","quantile","0.4",119
"Ensemble","2026-05-30",-1,"2026-05-23","Pediatrics","quantile","0.45",123
"Ensemble","2026-05-30",-1,"2026-05-23","Pediatrics","quantile","0.5",126
"Ensemble","2026-05-30",-1,"2026-05-23","Pediatrics","quantile","0.55",130
"Ensemble","2026-05-30",-1,"2026-05-23","Pediatrics","quantile","0.6",131
"Ensemble","2026-05-30",-1,"2026-05-23","Pediatrics","quantile","0.65",136
"Ensemble","2026-05-30",-1,"2026-05-23","Pediatrics","quantile","0.7",144
"Ensemble","2026-05-30",-1,"2026-05-23","Pediatrics","quantile","0.75",145
"Ensemble","2026-05-30",-1,"2026-05-23","Pediatrics","quantile","0.8",146
"Ensemble","2026-05-30",-1,"2026-05-23","Pediatrics","quantile","0.85",150
"Ensemble","2026-05-30",-1,"2026-05-23","Pediatrics","quantile","0.9",157
"Ensemble","2026-05-30",-1,"2026-05-23","Pediatrics","quantile","0.95",177
"Ensemble","2026-05-30",-1,"2026-05-23","Pediatrics","quantile","0.975",191
"Ensemble","2026-05-30",-1,"2026-05-23","Pediatrics","quantile","0.99",201
"Ensemble","2026-05-30",0,"2026-05-30","Adults","quantile","0.01",86
"Ensemble","2026-05-30",0,"2026-05-30","Adults","quantile","0.025",96
"Ensemble","2026-05-30",0,"2026-05-30","Adults","quantile","0.05",107
"Ensemble","2026-05-30",0,"2026-05-30","Adults","quantile","0.1",117
"Ensemble","2026-05-30",0,"2026-05-30","Adults","quantile","0.15",125
"Ensemble","2026-05-30",0,"2026-05-30","Adults","quantile","0.2",132
"Ensemble","2026-05-30",0,"2026-05-30","Adults","quantile","0.25",135
"Ensemble","2026-05-30",0,"2026-05-30","Adults","quantile","0.3",139
"Ensemble","2026-05-30",0,"2026-05-30","Adults","quantile","0.35",143
"Ensemble","2026-05-30",0,"2026-05-30","Adults","quantile","0.4",148
"Ensemble","2026-05-30",0,"2026-05-30","Adults","quantile","0.45",152
"Ensemble","2026-05-30",0,"2026-05-30","Adults","quantile","0.5",157
"Ensemble","2026-05-30",0,"2026-05-30","Adults","quantile","0.55",161
"Ensemble","2026-05-30",0,"2026-05-30","Adults","quantile","0.6",167
"Ensemble","2026-05-30",0,"2026-05-30","Adults","quantile","0.65",172
"Ensemble","2026-05-30",0,"2026-05-30","Adults","quantile","0.7",179
"Ensemble","2026-05-30",0,"2026-05-30","Adults","quantile","0.75",186
"Ensemble","2026-05-30",0,"2026-05-30","Adults","quantile","0.8",194
"Ensemble","2026-05-30",0,"2026-05-30","Adults","quantile","0.85",205
"Ensemble","2026-05-30",0,"2026-05-30","Adults","quantile","0.9",219
"Ensemble","2026-05-30",0,"2026-05-30","Adults","quantile","0.95",240
"Ensemble","2026-05-30",0,"2026-05-30","Adults","quantile","0.975",256
"Ensemble","2026-05-30",0,"2026-05-30","Adults","quantile","0.99",293
"Ensemble","2026-05-30",0,"2026-05-30","Overall","quantile","0.01",157
"Ensemble","2026-05-30",0,"2026-05-30","Overall","quantile","0.025",177
"Ensemble","2026-05-30",0,"2026-05-30","Overall","quantile","0.05",195
"Ensemble","2026-05-30",0,"2026-05-30","Overall","quantile","0.1",218
"Ensemble","2026-05-30",0,"2026-05-30","Overall","quantile","0.15",232
"Ensemble","2026-05-30",0,"2026-05-30","Overall","quantile","0.2",240
"Ensemble","2026-05-30",0,"2026-05-30","Overall","quantile","0.25",247
"Ensemble","2026-05-30",0,"2026-05-30","Overall","quantile","0.3",256
"Ensemble","2026-05-30",0,"2026-05-30","Overall","quantile","0.35",262
"Ensemble","2026-05-30",0,"2026-05-30","Overall","quantile","0.4",268
"Ensemble","2026-05-30",0,"2026-05-30","Overall","quantile","0.45",275
"Ensemble","2026-05-30",0,"2026-05-30","Overall","quantile","0.5",284
"Ensemble","2026-05-30",0,"2026-05-30","Overall","quantile","0.55",291
"Ensemble","2026-05-30",0,"2026-05-30","Overall","quantile","0.6",298
"Ensemble","2026-05-30",0,"2026-05-30","Overall","quantile","0.65",310
"Ensemble","2026-05-30",0,"2026-05-30","Overall","quantile","0.7",320
"Ensemble","2026-05-30",0,"2026-05-30","Overall","quantile","0.75",332
"Ensemble","2026-05-30",0,"2026-05-30","Overall","quantile","0.8",347
"Ensemble","2026-05-30",0,"2026-05-30","Overall","quantile","0.85",363
"Ensemble","2026-05-30",0,"2026-05-30","Overall","quantile","0.9",386
"Ensemble","2026-05-30",0,"2026-05-30","Overall","quantile","0.95",425
"Ensemble","2026-05-30",0,"2026-05-30","Overall","quantile","0.975",467
"Ensemble","2026-05-30",0,"2026-05-30","Overall","quantile","0.99",497
"Ensemble","2026-05-30",0,"2026-05-30","Pediatrics","quantile","0.01",64
"Ensemble","2026-05-30",0,"2026-05-30","Pediatrics","quantile","0.025",71
"Ensemble","2026-05-30",0,"2026-05-30","Pediatrics","quantile","0.05",80
"Ensemble","2026-05-30",0,"2026-05-30","Pediatrics","quantile","0.1",90
"Ensemble","2026-05-30",0,"2026-05-30","Pediatrics","quantile","0.15",96
"Ensemble","2026-05-30",0,"2026-05-30","Pediatrics","quantile","0.2",102
"Ensemble","2026-05-30",0,"2026-05-30","Pediatrics","quantile","0.25",107
"Ensemble","2026-05-30",0,"2026-05-30","Pediatrics","quantile","0.3",111
"Ensemble","2026-05-30",0,"2026-05-30","Pediatrics","quantile","0.35",116
"Ensemble","2026-05-30",0,"2026-05-30","Pediatrics","quantile","0.4",120
"Ensemble","2026-05-30",0,"2026-05-30","Pediatrics","quantile","0.45",125
"Ensemble","2026-05-30",0,"2026-05-30","Pediatrics","quantile","0.5",128
"Ensemble","2026-05-30",0,"2026-05-30","Pediatrics","quantile","0.55",132
"Ensemble","2026-05-30",0,"2026-05-30","Pediatrics","quantile","0.6",135
"Ensemble","2026-05-30",0,"2026-05-30","Pediatrics","quantile","0.65",139
"Ensemble","2026-05-30",0,"2026-05-30","Pediatrics","quantile","0.7",146
"Ensemble","2026-05-30",0,"2026-05-30","Pediatrics","quantile","0.75",149
"Ensemble","2026-05-30",0,"2026-05-30","Pediatrics","quantile","0.8",154
"Ensemble","2026-05-30",0,"2026-05-30","Pediatrics","quantile","0.85",160
"Ensemble","2026-05-30",0,"2026-05-30","Pediatrics","quantile","0.9",168
"Ensemble","2026-05-30",0,"2026-05-30","Pediatrics","quantile","0.95",187
"Ensemble","2026-05-30",0,"2026-05-30","Pediatrics","quantile","0.975",203
"Ensemble","2026-05-30",0,"2026-05-30","Pediatrics","quantile","0.99",225
"Ensemble","2026-05-30",1,"2026-06-06","Adults","quantile","0.01",82
"Ensemble","2026-05-30",1,"2026-06-06","Adults","quantile","0.025",94
"Ensemble","2026-05-30",1,"2026-06-06","Adults","quantile","0.05",100
"Ensemble","2026-05-30",1,"2026-06-06","Adults","quantile","0.1",116
"Ensemble","2026-05-30",1,"2026-06-06","Adults","quantile","0.15",125
"Ensemble","2026-05-30",1,"2026-06-06","Adults","quantile","0.2",133
"Ensemble","2026-05-30",1,"2026-06-06","Adults","quantile","0.25",136
"Ensemble","2026-05-30",1,"2026-06-06","Adults","quantile","0.3",138
"Ensemble","2026-05-30",1,"2026-06-06","Adults","quantile","0.35",142
"Ensemble","2026-05-30",1,"2026-06-06","Adults","quantile","0.4",148
"Ensemble","2026-05-30",1,"2026-06-06","Adults","quantile","0.45",153
"Ensemble","2026-05-30",1,"2026-06-06","Adults","quantile","0.5",159
"Ensemble","2026-05-30",1,"2026-06-06","Adults","quantile","0.55",165
"Ensemble","2026-05-30",1,"2026-06-06","Adults","quantile","0.6",170
"Ensemble","2026-05-30",1,"2026-06-06","Adults","quantile","0.65",177
"Ensemble","2026-05-30",1,"2026-06-06","Adults","quantile","0.7",184
"Ensemble","2026-05-30",1,"2026-06-06","Adults","quantile","0.75",191
"Ensemble","2026-05-30",1,"2026-06-06","Adults","quantile","0.8",200
"Ensemble","2026-05-30",1,"2026-06-06","Adults","quantile","0.85",212
"Ensemble","2026-05-30",1,"2026-06-06","Adults","quantile","0.9",229
"Ensemble","2026-05-30",1,"2026-06-06","Adults","quantile","0.95",260
"Ensemble","2026-05-30",1,"2026-06-06","Adults","quantile","0.975",285
"Ensemble","2026-05-30",1,"2026-06-06","Adults","quantile","0.99",319
"Ensemble","2026-05-30",1,"2026-06-06","Overall","quantile","0.01",145
"Ensemble","2026-05-30",1,"2026-06-06","Overall","quantile","0.025",169
"Ensemble","2026-05-30",1,"2026-06-06","Overall","quantile","0.05",188
"Ensemble","2026-05-30",1,"2026-06-06","Overall","quantile","0.1",210
"Ensemble","2026-05-30",1,"2026-06-06","Overall","quantile","0.15",227
"Ensemble","2026-05-30",1,"2026-06-06","Overall","quantile","0.2",240
"Ensemble","2026-05-30",1,"2026-06-06","Overall","quantile","0.25",244
"Ensemble","2026-05-30",1,"2026-06-06","Overall","quantile","0.3",251
"Ensemble","2026-05-30",1,"2026-06-06","Overall","quantile","0.35",257
"Ensemble","2026-05-30",1,"2026-06-06","Overall","quantile","0.4",266
"Ensemble","2026-05-30",1,"2026-06-06","Overall","quantile","0.45",276
"Ensemble","2026-05-30",1,"2026-06-06","Overall","quantile","0.5",286
"Ensemble","2026-05-30",1,"2026-06-06","Overall","quantile","0.55",296
"Ensemble","2026-05-30",1,"2026-06-06","Overall","quantile","0.6",306
"Ensemble","2026-05-30",1,"2026-06-06","Overall","quantile","0.65",316
"Ensemble","2026-05-30",1,"2026-06-06","Overall","quantile","0.7",329
"Ensemble","2026-05-30",1,"2026-06-06","Overall","quantile","0.75",345
"Ensemble","2026-05-30",1,"2026-06-06","Overall","quantile","0.8",362
"Ensemble","2026-05-30",1,"2026-06-06","Overall","quantile","0.85",381
"Ensemble","2026-05-30",1,"2026-06-06","Overall","quantile","0.9",408
"Ensemble","2026-05-30",1,"2026-06-06","Overall","quantile","0.95",450
"Ensemble","2026-05-30",1,"2026-06-06","Overall","quantile","0.975",479
"Ensemble","2026-05-30",1,"2026-06-06","Overall","quantile","0.99",523
"Ensemble","2026-05-30",1,"2026-06-06","Pediatrics","quantile","0.01",61
"Ensemble","2026-05-30",1,"2026-06-06","Pediatrics","quantile","0.025",68
"Ensemble","2026-05-30",1,"2026-06-06","Pediatrics","quantile","0.05",76
"Ensemble","2026-05-30",1,"2026-06-06","Pediatrics","quantile","0.1",89
"Ensemble","2026-05-30",1,"2026-06-06","Pediatrics","quantile","0.15",95
"Ensemble","2026-05-30",1,"2026-06-06","Pediatrics","quantile","0.2",100
"Ensemble","2026-05-30",1,"2026-06-06","Pediatrics","quantile","0.25",105
"Ensemble","2026-05-30",1,"2026-06-06","Pediatrics","quantile","0.3",110
"Ensemble","2026-05-30",1,"2026-06-06","Pediatrics","quantile","0.35",115
"Ensemble","2026-05-30",1,"2026-06-06","Pediatrics","quantile","0.4",120
"Ensemble","2026-05-30",1,"2026-06-06","Pediatrics","quantile","0.45",125
"Ensemble","2026-05-30",1,"2026-06-06","Pediatrics","quantile","0.5",129
"Ensemble","2026-05-30",1,"2026-06-06","Pediatrics","quantile","0.55",133
"Ensemble","2026-05-30",1,"2026-06-06","Pediatrics","quantile","0.6",136
"Ensemble","2026-05-30",1,"2026-06-06","Pediatrics","quantile","0.65",141
"Ensemble","2026-05-30",1,"2026-06-06","Pediatrics","quantile","0.7",147
"Ensemble","2026-05-30",1,"2026-06-06","Pediatrics","quantile","0.75",152
"Ensemble","2026-05-30",1,"2026-06-06","Pediatrics","quantile","0.8",159
"Ensemble","2026-05-30",1,"2026-06-06","Pediatrics","quantile","0.85",170
"Ensemble","2026-05-30",1,"2026-06-06","Pediatrics","quantile","0.9",185
"Ensemble","2026-05-30",1,"2026-06-06","Pediatrics","quantile","0.95",199
"Ensemble","2026-05-30",1,"2026-06-06","Pediatrics","quantile","0.975",217
"Ensemble","2026-05-30",1,"2026-06-06","Pediatrics","quantile","0.99",259
"Ensemble","2026-05-30",2,"2026-06-13","Adults","quantile","0.01",81
"Ensemble","2026-05-30",2,"2026-06-13","Adults","quantile","0.025",89
"Ensemble","2026-05-30",2,"2026-06-13","Adults","quantile","0.05",95
"Ensemble","2026-05-30",2,"2026-06-13","Adults","quantile","0.1",116
"Ensemble","2026-05-30",2,"2026-06-13","Adults","quantile","0.15",124
"Ensemble","2026-05-30",2,"2026-06-13","Adults","quantile","0.2",133
"Ensemble","2026-05-30",2,"2026-06-13","Adults","quantile","0.25",136
"Ensemble","2026-05-30",2,"2026-06-13","Adults","quantile","0.3",138
"Ensemble","2026-05-30",2,"2026-06-13","Adults","quantile","0.35",143
"Ensemble","2026-05-30",2,"2026-06-13","Adults","quantile","0.4",145
"Ensemble","2026-05-30",2,"2026-06-13","Adults","quantile","0.45",148
"Ensemble","2026-05-30",2,"2026-06-13","Adults","quantile","0.5",156
"Ensemble","2026-05-30",2,"2026-06-13","Adults","quantile","0.55",162
"Ensemble","2026-05-30",2,"2026-06-13","Adults","quantile","0.6",169
"Ensemble","2026-05-30",2,"2026-06-13","Adults","quantile","0.65",177
"Ensemble","2026-05-30",2,"2026-06-13","Adults","quantile","0.7",184
"Ensemble","2026-05-30",2,"2026-06-13","Adults","quantile","0.75",195
"Ensemble","2026-05-30",2,"2026-06-13","Adults","quantile","0.8",204
"Ensemble","2026-05-30",2,"2026-06-13","Adults","quantile","0.85",219
"Ensemble","2026-05-30",2,"2026-06-13","Adults","quantile","0.9",236
"Ensemble","2026-05-30",2,"2026-06-13","Adults","quantile","0.95",274
"Ensemble","2026-05-30",2,"2026-06-13","Adults","quantile","0.975",307
"Ensemble","2026-05-30",2,"2026-06-13","Adults","quantile","0.99",350
"Ensemble","2026-05-30",2,"2026-06-13","Overall","quantile","0.01",145
"Ensemble","2026-05-30",2,"2026-06-13","Overall","quantile","0.025",162
"Ensemble","2026-05-30",2,"2026-06-13","Overall","quantile","0.05",176
"Ensemble","2026-05-30",2,"2026-06-13","Overall","quantile","0.1",210
"Ensemble","2026-05-30",2,"2026-06-13","Overall","quantile","0.15",227
"Ensemble","2026-05-30",2,"2026-06-13","Overall","quantile","0.2",240
"Ensemble","2026-05-30",2,"2026-06-13","Overall","quantile","0.25",243
"Ensemble","2026-05-30",2,"2026-06-13","Overall","quantile","0.3",251
"Ensemble","2026-05-30",2,"2026-06-13","Overall","quantile","0.35",258
"Ensemble","2026-05-30",2,"2026-06-13","Overall","quantile","0.4",260
"Ensemble","2026-05-30",2,"2026-06-13","Overall","quantile","0.45",272
"Ensemble","2026-05-30",2,"2026-06-13","Overall","quantile","0.5",283
"Ensemble","2026-05-30",2,"2026-06-13","Overall","quantile","0.55",293
"Ensemble","2026-05-30",2,"2026-06-13","Overall","quantile","0.6",302
"Ensemble","2026-05-30",2,"2026-06-13","Overall","quantile","0.65",313
"Ensemble","2026-05-30",2,"2026-06-13","Overall","quantile","0.7",329
"Ensemble","2026-05-30",2,"2026-06-13","Overall","quantile","0.75",344
"Ensemble","2026-05-30",2,"2026-06-13","Overall","quantile","0.8",365
"Ensemble","2026-05-30",2,"2026-06-13","Overall","quantile","0.85",384
"Ensemble","2026-05-30",2,"2026-06-13","Overall","quantile","0.9",419
"Ensemble","2026-05-30",2,"2026-06-13","Overall","quantile","0.95",456
"Ensemble","2026-05-30",2,"2026-06-13","Overall","quantile","0.975",489
"Ensemble","2026-05-30",2,"2026-06-13","Overall","quantile","0.99",527
"Ensemble","2026-05-30",2,"2026-06-13","Pediatrics","quantile","0.01",59
"Ensemble","2026-05-30",2,"2026-06-13","Pediatrics","quantile","0.025",67
"Ensemble","2026-05-30",2,"2026-06-13","Pediatrics","quantile","0.05",74
"Ensemble","2026-05-30",2,"2026-06-13","Pediatrics","quantile","0.1",84
"Ensemble","2026-05-30",2,"2026-06-13","Pediatrics","quantile","0.15",91
"Ensemble","2026-05-30",2,"2026-06-13","Pediatrics","quantile","0.2",97
"Ensemble","2026-05-30",2,"2026-06-13","Pediatrics","quantile","0.25",103
"Ensemble","2026-05-30",2,"2026-06-13","Pediatrics","quantile","0.3",108
"Ensemble","2026-05-30",2,"2026-06-13","Pediatrics","quantile","0.35",114
"Ensemble","2026-05-30",2,"2026-06-13","Pediatrics","quantile","0.4",119
"Ensemble","2026-05-30",2,"2026-06-13","Pediatrics","quantile","0.45",124
"Ensemble","2026-05-30",2,"2026-06-13","Pediatrics","quantile","0.5",130
"Ensemble","2026-05-30",2,"2026-06-13","Pediatrics","quantile","0.55",133
"Ensemble","2026-05-30",2,"2026-06-13","Pediatrics","quantile","0.6",137
"Ensemble","2026-05-30",2,"2026-06-13","Pediatrics","quantile","0.65",143
"Ensemble","2026-05-30",2,"2026-06-13","Pediatrics","quantile","0.7",149
"Ensemble","2026-05-30",2,"2026-06-13","Pediatrics","quantile","0.75",153
"Ensemble","2026-05-30",2,"2026-06-13","Pediatrics","quantile","0.8",163
"Ensemble","2026-05-30",2,"2026-06-13","Pediatrics","quantile","0.85",172
"Ensemble","2026-05-30",2,"2026-06-13","Pediatrics","quantile","0.9",187
"Ensemble","2026-05-30",2,"2026-06-13","Pediatrics","quantile","0.95",214
"Ensemble","2026-05-30",2,"2026-06-13","Pediatrics","quantile","0.975",238
"Ensemble","2026-05-30",2,"2026-06-13","Pediatrics","quantile","0.99",274
"Ensemble","2026-05-30",3,"2026-06-20","Adults","quantile","0.01",74
"Ensemble","2026-05-30",3,"2026-06-20","Adults","quantile","0.025",85
"Ensemble","2026-05-30",3,"2026-06-20","Adults","quantile","0.05",95
"Ensemble","2026-05-30",3,"2026-06-20","Adults","quantile","0.1",111
"Ensemble","2026-05-30",3,"2026-06-20","Adults","quantile","0.15",122
"Ensemble","2026-05-30",3,"2026-06-20","Adults","quantile","0.2",130
"Ensemble","2026-05-30",3,"2026-06-20","Adults","quantile","0.25",136
"Ensemble","2026-05-30",3,"2026-06-20","Adults","quantile","0.3",139
"Ensemble","2026-05-30",3,"2026-06-20","Adults","quantile","0.35",143
"Ensemble","2026-05-30",3,"2026-06-20","Adults","quantile","0.4",145
"Ensemble","2026-05-30",3,"2026-06-20","Adults","quantile","0.45",148
"Ensemble","2026-05-30",3,"2026-06-20","Adults","quantile","0.5",153
"Ensemble","2026-05-30",3,"2026-06-20","Adults","quantile","0.55",159
"Ensemble","2026-05-30",3,"2026-06-20","Adults","quantile","0.6",167
"Ensemble","2026-05-30",3,"2026-06-20","Adults","quantile","0.65",175
"Ensemble","2026-05-30",3,"2026-06-20","Adults","quantile","0.7",183
"Ensemble","2026-05-30",3,"2026-06-20","Adults","quantile","0.75",193
"Ensemble","2026-05-30",3,"2026-06-20","Adults","quantile","0.8",204
"Ensemble","2026-05-30",3,"2026-06-20","Adults","quantile","0.85",216
"Ensemble","2026-05-30",3,"2026-06-20","Adults","quantile","0.9",237
"Ensemble","2026-05-30",3,"2026-06-20","Adults","quantile","0.95",272
"Ensemble","2026-05-30",3,"2026-06-20","Adults","quantile","0.975",299
"Ensemble","2026-05-30",3,"2026-06-20","Adults","quantile","0.99",355
"Ensemble","2026-05-30",3,"2026-06-20","Overall","quantile","0.01",145
"Ensemble","2026-05-30",3,"2026-06-20","Overall","quantile","0.025",162
"Ensemble","2026-05-30",3,"2026-06-20","Overall","quantile","0.05",176
"Ensemble","2026-05-30",3,"2026-06-20","Overall","quantile","0.1",209
"Ensemble","2026-05-30",3,"2026-06-20","Overall","quantile","0.15",226
"Ensemble","2026-05-30",3,"2026-06-20","Overall","quantile","0.2",239
"Ensemble","2026-05-30",3,"2026-06-20","Overall","quantile","0.25",243
"Ensemble","2026-05-30",3,"2026-06-20","Overall","quantile","0.3",250
"Ensemble","2026-05-30",3,"2026-06-20","Overall","quantile","0.35",257
"Ensemble","2026-05-30",3,"2026-06-20","Overall","quantile","0.4",260
"Ensemble","2026-05-30",3,"2026-06-20","Overall","quantile","0.45",266
"Ensemble","2026-05-30",3,"2026-06-20","Overall","quantile","0.5",275
"Ensemble","2026-05-30",3,"2026-06-20","Overall","quantile","0.55",282
"Ensemble","2026-05-30",3,"2026-06-20","Overall","quantile","0.6",296
"Ensemble","2026-05-30",3,"2026-06-20","Overall","quantile","0.65",310
"Ensemble","2026-05-30",3,"2026-06-20","Overall","quantile","0.7",322
"Ensemble","2026-05-30",3,"2026-06-20","Overall","quantile","0.75",337
"Ensemble","2026-05-30",3,"2026-06-20","Overall","quantile","0.8",359
"Ensemble","2026-05-30",3,"2026-06-20","Overall","quantile","0.85",382
"Ensemble","2026-05-30",3,"2026-06-20","Overall","quantile","0.9",413
"Ensemble","2026-05-30",3,"2026-06-20","Overall","quantile","0.95",456
"Ensemble","2026-05-30",3,"2026-06-20","Overall","quantile","0.975",483
"Ensemble","2026-05-30",3,"2026-06-20","Overall","quantile","0.99",529
"Ensemble","2026-05-30",3,"2026-06-20","Pediatrics","quantile","0.01",53
"Ensemble","2026-05-30",3,"2026-06-20","Pediatrics","quantile","0.025",62
"Ensemble","2026-05-30",3,"2026-06-20","Pediatrics","quantile","0.05",70
"Ensemble","2026-05-30",3,"2026-06-20","Pediatrics","quantile","0.1",79
"Ensemble","2026-05-30",3,"2026-06-20","Pediatrics","quantile","0.15",87
"Ensemble","2026-05-30",3,"2026-06-20","Pediatrics","quantile","0.2",93
"Ensemble","2026-05-30",3,"2026-06-20","Pediatrics","quantile","0.25",98
"Ensemble","2026-05-30",3,"2026-06-20","Pediatrics","quantile","0.3",103
"Ensemble","2026-05-30",3,"2026-06-20","Pediatrics","quantile","0.35",108
"Ensemble","2026-05-30",3,"2026-06-20","Pediatrics","quantile","0.4",113
"Ensemble","2026-05-30",3,"2026-06-20","Pediatrics","quantile","0.45",118
"Ensemble","2026-05-30",3,"2026-06-20","Pediatrics","quantile","0.5",124
"Ensemble","2026-05-30",3,"2026-06-20","Pediatrics","quantile","0.55",129
"Ensemble","2026-05-30",3,"2026-06-20","Pediatrics","quantile","0.6",135
"Ensemble","2026-05-30",3,"2026-06-20","Pediatrics","quantile","0.65",142
"Ensemble","2026-05-30",3,"2026-06-20","Pediatrics","quantile","0.7",149
"Ensemble","2026-05-30",3,"2026-06-20","Pediatrics","quantile","0.75",152
"Ensemble","2026-05-30",3,"2026-06-20","Pediatrics","quantile","0.8",164
"Ensemble","2026-05-30",3,"2026-06-20","Pediatrics","quantile","0.85",173
"Ensemble","2026-05-30",3,"2026-06-20","Pediatrics","quantile","0.9",187
"Ensemble","2026-05-30",3,"2026-06-20","Pediatrics","quantile","0.95",214
"Ensemble","2026-05-30",3,"2026-06-20","Pediatrics","quantile","0.975",241
"Ensemble","2026-05-30",3,"2026-06-20","Pediatrics","quantile","0.99",276
